question_number,question_type,question,child_rank,similarity,distance,child_id,parent_id,article_id,title,url,chunk_text
1,positive,Angelman sendromunun belirtileri nelerdir?,1,0.8152275085449219,0.18477249145507812,doc_0001_parent_001_child_003,doc_0001_parent_001,doc_0001,Angelman Sendromu,https://www.memorial.com.tr/hastaliklar/angelman-sendromu-nedir-belirtileri-nelerdir,"kromozomun üzerinde yer alan Angelman sendromundan sorumlu bölgeyi içeren kromozomal anomali/ yeniden düzenlemeler, imprinting defektlerinde ve UBE3A nokta mutasyonu olması durumunda ailede tekrarlama ihtimali %50’ye kadar yükselmektedir. Angelman sendromunun belirtileri nelerdir? Angelman sendromunda nöro gelişimsel özellikler, genellikle yaşamın ilk yılında görülen ciddi gelişimsel gecikmeleriyle ortaya çıkmaktadır. Çoğu hastanın gelişimi 24-30 ay arasında plato özelliği gösterir ve ilerlemez. Angelman sendrom tanılı çocukların dil becerisi gelişimi, çoğu hastada herhangi bir konuşma olmaması ve az sayıda hastada ise tek kelimelik kelime dağarcığına sahip olmasıyla karakterizedir. Nörogelişimsel tüm beceriler gecikmiş olsa da, sosyalleşmelerinde değişkenlik vardır. Angelman sendrom tanılı çocuklar karakteristik olarak mutlu tavırlarına rağmen, kısa dikkat süresi, hiperaktivite, saldırganlık, öfke nöbetleri ve davranışsal uyumsuzluk dahil olmak üzere birçok davranış tanımlanmıştır. Ayrıca bu çocukların büyük kısmında erken dönemde denge bozuklukları görülmektedir. Angelman sendromunda görülmesi beklenen klinik bulguları görülme sıklığına göre şu şekilde sıralamak mümkündür; - Epilepsi nöbetleri - Uyku bozuklukları - Davranış bozuklukları - Motor gelişim geriliği - Beslenme bozuklukları"
1,positive,Angelman sendromunun belirtileri nelerdir?,2,0.7516264915466309,0.24837350845336914,doc_0001_parent_001_child_001,doc_0001_parent_001,doc_0001,Angelman Sendromu,https://www.memorial.com.tr/hastaliklar/angelman-sendromu-nedir-belirtileri-nelerdir,"Genetik geçişli bir hastalık olan Angelman sendromu (AS) genellikle 12 bin ile 20 bin doğumda bir görülen nörolojik bir rahatsızlıktır. Bebekliğin ilk aylarında kendisini belli etmeyen Angelman sendromu, ilk 6-12 aylık dönemdeki gelişim geriliği ile fark edilebilmektedir. Ancak aile fertlerinde Angelman sendromu hikayesi pozitif olan ebeveynlerin yeni doğan bebeğine yapılan testlerle bu rahatsızlık erken bebeklik dönemde teşhis edilebiliyor. Aile bireylerine göre daha açık tenli, sarışın ve renkli gözlü olabilen Angelman sendromlu çocuklarda gelişim geriliği, konuşma bozuklukları ya da konuşma yokluğu, öğrenme güçlüğü, epilepsi ve denge sorunları gibi belirtiler görülebiliyor. Henüz herhangi bir tedavi yöntemi olmayan Angelman sendromunda hastalara genellikle semptomatik ve destekleyici tedaviler uygulanıyor. Aile hikayesi olan anne baba adaylarına çocuk sahibi olmadan önce yapılan testler ile Angelman sendromu riskleri belirlenebiliyor. Risk taşıyan anne baba adayları genetik seçimli tüp bebek tedavisi ile Angelman sendromu hastalığı olmayan çocuk sahibi olabiliyor. Memorial Şişli Hastanesi Genetik Hastalıklar Değerlendirme Merkezi’nden Doç. Dr. Mehmet Buğrahan Düz, Angelman sendromunun nedenleri, tedavi yöntemleri, önleme yöntemleri ve sık sorulan sorular hakkında bilgi verdi."
1,positive,Angelman sendromunun belirtileri nelerdir?,3,0.7506510615348816,0.2493489384651184,doc_0001_parent_001_child_004,doc_0001_parent_001,doc_0001,Angelman Sendromu,https://www.memorial.com.tr/hastaliklar/angelman-sendromu-nedir-belirtileri-nelerdir,"- Motor gelişim geriliği - Beslenme bozuklukları - Mikrosefali (baş çevresi ölçüsünün yaş ve cinsiyete göre ortalamanın altında olması) - Tipik yüz görünümü - Şaşılık - Skolyoz Angelman sendromu nasıl teşhis edilir? Angelman sendromu bebeklerdeki bulgular doğum öncesi ve doğum sırasında normaldir. Angelman sendromunun tanısı, ebeveynlerin ailesindeki ayrıntılı hastalık öyküsüne, kapsamlı bir klinik değerlendirmeye ve karakteristik bulguların tanımlanmasına dayalı olarak konulabilmektedir. Vakaların yaklaşık %80'i, DNA metilasyonu gibi kan testleri yoluyla doğrulanabilmektedir. Bu yöntemlerle delesyon (silinme) ve uniparental dizomi (tek ebeveynden kalıtım) tespit edilebilmektedir. DNA metilasyon analizi, FISH veya mikroarray analizi, Angelman sendromu ile ilişkili bölgenin delesyonunu (tüm vakaların %80'ini oluşturur) tespit edebilmektedir. Yukarıdaki çalışmalarla tespit edilemeyen olgularda ise UBE3A geni dizi analizi yapılarak %11 oranında mutasyon saptanabilmektedir. Tüm bu yöntemlerle Angelman sendromunun tanısı %90 gibi yüksek oranda tespit edilmektedir. Angelman sendromunun tedavisi nedir? Angelman sendromunun bilinen güncel bir tedavisi yani genetik terapi veya direkt hastalığa yönelik herhangi bir ilaç tedavisi bulunmamaktadır."
1,positive,Angelman sendromunun belirtileri nelerdir?,4,0.7401530146598816,0.2598469853401184,doc_0001_parent_001_child_002,doc_0001_parent_001,doc_0001,Angelman Sendromu,https://www.memorial.com.tr/hastaliklar/angelman-sendromu-nedir-belirtileri-nelerdir,"Mehmet Buğrahan Düz, Angelman sendromunun nedenleri, tedavi yöntemleri, önleme yöntemleri ve sık sorulan sorular hakkında bilgi verdi. Angelman sendromu (AS) nedir? Angelman sendromu (AS), gelişim geriliği, entelektüel yetersizlik, konuşma bozukluğu/yokluğu ve/veya denge sorunları ( ataksi ) ile ortaya çıkan nörolojik bir hastalıktır. Hastalığı taşıyan çocuklar genellikle aile bireylerinden daha açık tenli, sarışın ve renkli gözlü olmaktadır. Etkilenen çocukların çoğunda tekrarlayan nöbetler ( epilepsi ) ve küçük bir kafa boyutu (mikrosefali) olmaktadır. Angelman sendromu bebek ilk doğduğu zaman anlaşılan bir hastalık değildir. Angelman sendromu rahatsızlığı olan bebekteki gecikmiş gelişim 6-12 aylıkken fark edilmektedir. Angelman sendromunun diğer yaygın belirti ve semptomları genellikle erken çocukluk döneminde ortaya çıkmaktadır. Angelman sendromu riskleri nelerdir? Angelman sendromu genellikle ailesel olarak gözlenmemektedir. Ancak bazı durumlarda istisnalar olabilmektedir. Özellikle 15. kromozomun üzerinde yer alan Angelman sendromundan sorumlu bölgeyi içeren kromozomal anomali/ yeniden düzenlemeler, imprinting defektlerinde ve UBE3A nokta mutasyonu olması durumunda ailede tekrarlama ihtimali %50’ye kadar yükselmektedir."
1,positive,Angelman sendromunun belirtileri nelerdir?,5,0.6963809728622437,0.30361902713775635,doc_0001_parent_002_child_001,doc_0001_parent_002,doc_0001,Angelman Sendromu,https://www.memorial.com.tr/hastaliklar/angelman-sendromu-nedir-belirtileri-nelerdir,"Angelman sendromu genetik bir hastalık mıdır? Angelman sendromu genetik geçişli bir hastalıktır. Angelman sendromdan sorumlu UBE3A geni 15q11-q13 bölgesinde yer alır. Angelman sendromu daha çok anneden mi babadan mı kaynaklanır? Olguların büyük kısmında anneden ya da babadan aktarılması beklenmemektedir. Angelman sendromu sadece doğuştan gelen bir hastalık mıdır, yoksa sonradan oluşur mu? Angelman sendromunun klinik bulguları yenidoğan döneminde hemen ortaya çıkmasa da genetik olarak doğuştan gelen bir hastalık olduğu bilinmektedir. Bu nedenle hastalığın sonradan ortaya çıkmadığı görülmektedir. Angelman sendromu taşıyıcı kadın ya da erkek anne baba olabilir mi? Angelman sendromunda nadir durumlarda taşıyıcılık söz konusu olabilir. Bu durumda erkek ya da kadın için taşıyıcı olma riski eşittir. Angelman sendromu nasıl önlenir? Angelman sendromunun olgulardaki tekrarlama riski %1’in altındadır. Daha önce genetik anomali bildirilmiş aileler prenatal tanı seçenekleri ile test yaptırabilirler. Ailesel olma ihtimali daha yüksek olan durumlarda (içeren kromozomal anomali/yeniden düzenlemeler, imprinting defektlerinde ve UBE3A nokta mutasyonu) preimplantasyon genetik tanı- moleküler (PGT-M) ile genetik seçilimli tüp bebek tedavisi ile Angelman sendromu önlenebilir."
1,positive,Angelman sendromunun belirtileri nelerdir?,6,0.6480911374092102,0.3519088625907898,doc_0001_parent_001_child_005,doc_0001_parent_001,doc_0001,Angelman Sendromu,https://www.memorial.com.tr/hastaliklar/angelman-sendromu-nedir-belirtileri-nelerdir,Angelman sendromunun tedavisi nedir? Angelman sendromunun bilinen güncel bir tedavisi yani genetik terapi veya direkt hastalığa yönelik herhangi bir ilaç tedavisi bulunmamaktadır. Angelman sendromu hastalarına semptomatik ve destekleyici bazı tedaviler uygulanmaktadır. Günümüzdeki tıbbi ve teknolojik alandaki yenilikler kapsamında Angelman sendromuyla ilgili birkaç yeni klinik tedavi yöntemi hakkındaki çalışmalar devam etmektedir. SIK SORULAN SORULAR Angelman sendromu ölümcül bir hastalık mıdır? Angelman sendromlu bir hastanın da normale yakın bir yaşam beklentisi olabilir. Ancak Angelman sendromlu hastaların yaşamları boyunca mutlaka destek almaları gerekmektedir.
1,positive,Angelman sendromunun belirtileri nelerdir?,7,0.645910918712616,0.35408908128738403,doc_0001_parent_002_child_002,doc_0001_parent_002,doc_0001,Angelman Sendromu,https://www.memorial.com.tr/hastaliklar/angelman-sendromu-nedir-belirtileri-nelerdir,"Ailesel olma ihtimali daha yüksek olan durumlarda (içeren kromozomal anomali/yeniden düzenlemeler, imprinting defektlerinde ve UBE3A nokta mutasyonu) preimplantasyon genetik tanı- moleküler (PGT-M) ile genetik seçilimli tüp bebek tedavisi ile Angelman sendromu önlenebilir. Angelman sendromu ülkemizde sık görülür mü? Angelman sendromu 12 bin ile 20 doğumdan birisinde görülen bir hastalıktır. Ülkemizde Angelman sendromu ile ilgili veri sayısına ilişkin yeterli bilgi bulunmamaktadır."
1,positive,Angelman sendromunun belirtileri nelerdir?,8,0.5434607863426208,0.45653921365737915,doc_0089_parent_001_child_002,doc_0089_parent_001,doc_0089,Tükenmişlik Sendromu Nedir? Tükenmişlik Belirtileri ve Tedavisi,https://www.memorial.com.tr/saglik-rehberi/tukenmislik-sendromu-nedir-belirtileri-ve-tedavisi,"Psikolojik olarak bu çöküş tükenmişlik sendromuna yol açar. Tükenmişlik Sendromu Belirtileri Nelerdir? Tükenmişlik sendromunun gözle görülür en yaygın belirtileri arasında kişinin bitkin hissetmesi, günlük hayattaki işlerini yapamayacak hale gelmesi, duyarsızlaşması, gergin hissetmesi, uykularının bozulması ve zamanla grip gibi hastalıklara karşı savunmasız kalması yer alır. Tükenmişlik sendromu belirtileri, içinde bulunan durumun hangi aşamada olduğuna göre değişiklik gösterebilir. En önemli ve gözle görülür tükenmişlik sendromu belirtileri şöyledir: - Enerjinin tükenmesi - Kişinin işine karşı soğuması, işi hakkında şüphe duyması - İşe yönelik etkinliğin ve isteğin azalması - Kişinin bitkin hissetmesi - Günlük işlerinin yapamayacak duruma gelinmesi - Motivasyonda azalma - Duyarsızlık - Gerginlik, agresiflik veya içine kapanıklık - Olumsuz düşüncelerin artması ve karamsarlık - Umutsuzluk - Kendini değersiz hissetme - Uykuların bozulması - Grip gibi hastalıklara karşı savunmasız kalınması Tükenme duygusu ve bitkinlik Bu duygu vücuda hem yorgunluk hem de fiziksel olarak yansıyabilir. Sahip olunan enerji zamanla tükenerek azalmaktadır. Duyarsızlaşma Bu duyguyla birlikte uyuşma hissi oluşmaktadır."
1,positive,Angelman sendromunun belirtileri nelerdir?,9,0.5367950797080994,0.46320492029190063,doc_0130_parent_001_child_004,doc_0130_parent_001,doc_0130,Sheehan Sendromu Nedir? Brown Sequard Sendromu Belirtileri ve Tedavisi,https://www.memorial.com.tr/saglik-rehberi/sheehan-sendromu,"Buradaki tümörler veya bezde meydana gelen küçülme gibi sorunlar belirlenir. Sheean sendromu çoğunlukla hipofiz yetmezliği ile bağlantılı olduğu için hormonel dengesizliği iyileştirmek için erken tanı büyük önem taşır. Sheehan Sendromu Belirtileri Nelerdir? Sheehan sendromu belirtileri doğumdan hemen sonra başlayabileceği gibi belirtilerin baş göstermesi aylar bazen yıllar alabilir. Belirtilerin ortaya çıkması daha çok hipofiz bezinde meydana gelen hasara bağlıdır. Hipofiz bezi ciddi şekilde hasar aldıysa belirtiler hemen kendini gösterebilir. Hasarın az olduğu durumlarda ise semptomlar yıllar içinde ortaya çıkabilir. Sendromun belirtileri ise şu şekilde sıralanabilir: - Anne sütü üretiminin azalması veya olmaması sebebiyle emzirmede meydana gelen zorluk ve yetersizlik - Adet düzeninin bozulması veya adet görememe - Kan şekeri seviyelerinde meydana gelen düzensizlik - Kilo alımı veya kilo kaybı - Soğuğa karşı aşırı duyarlılık - Zihinsel fonksiyonlarım yavaşlaması, odak problemleri - Kasık ve koltuk altı tüylerinde seyrelme - Kronik yorgunluk ve halsizlik."
1,positive,Angelman sendromunun belirtileri nelerdir?,10,0.5306993722915649,0.46930062770843506,doc_0237_parent_001_child_004,doc_0237_parent_001,doc_0237,Triple X (Trizomi X) Sendromu Nedir? Belirtileri ve Nedenleri Nelerdir?,https://www.memorial.com.tr/saglik-rehberi/triple-x-sendromu,"Özellikle ergenlik döneminde psikolojik destek ihtiyacı doğabilir. Triple X Sendromu Belirtileri Nelerdir? Triple X sendromu belirtileri yaşa göre değişkenlik gösterir ve erken dönemde fark edilmesi önemlidir. Sendroma bağlı olarak kişide aşağıdaki belirtiler kendini gösterebilir: Motor becerilerde gecikme İlk adımların atılmasında gecikme, koordinasyon eksiklikleri ve ince motor becerilerde zorluklar görülebilir. Dil becerilerinde gelişim farklılıkları Konuşmanın geç başlaması, sınırlı kelime hazinesi ve dil kullanımında zorluklar yaşanabilir. Öğrenme güçlüğü ve dikkat dağınıklığı Okuma ve yazmada güçlükler, derslere konsantre olamama ve dikkat dağınıklığı sık görülür. Zeka geriliği görülme ihtimali Çoğu bireyin zeka seviyesi normaldir. Ancak yaklaşık %10–15’lik bir kesimde hafif zeka geriliği gözlenebilir. Triple X Sendromu Tanısı Nasıl Konur? Süper Dişi Sendromu olarak da bilinen Triple X Sendromu, genellikle kromozomal bir anomali olup tanısı belirli genetik testlerle konur. Bu sendromun tanılanmasında hem doğum öncesi hem de doğum sonrası çeşitli yöntemler kullanılır."
2,positive,Bradikardi nedir ve belirtileri nelerdir?,1,0.744892418384552,0.255107581615448,doc_0087_parent_001_child_002,doc_0087_parent_001,doc_0087,Bradikardi (yavaş kalp hızı) nedir?,https://www.memorial.com.tr/hastaliklar/bradikardi-yavas-kalp-hizi-nedir,"Bradikardi belirtileri şöyle sıralanmaktadır: - Yorgunluk veya halsizlik - Baş dönmesi veya göz kararması - Bilinç bulanıklığı, konfüzyon - Bayılma (veya bayılacak gibi olma ) atakları - Nefes darlığı - Egzersiz kapasitesinde azalma, egzersizle çabuk yorulma - Kalp durması Bradikardi neden olur? Risk faktörleri nelerdir? Bradikardiye neden olabilecek sorunlar şöyle sıralanmaktadır: - Kalbin doğal kalp pili olarak adlandırılan sinoatriyal (SA) düğüm denilen bölgesi ile ilgili sorunlar, - Elektriksel uyarıların düzgün bir şekilde ilerlemesine izin vermeyen kalbin iletim yollarındaki sorunlar - Hipotiroidizm (tiroid hormonunun az olması) gibi metabolik problemler - Yapısal kalp hastalığı veya kalp krizine bağlı - Yan etki olarak bradikardiye neden olabilen bazı kalp ilaçları - Yaşlanmaya bağlı ileti yollarının hasarlanması - Bazı doğumsal kalp rahatsızlıkları - Kalp kası iltihabı (miyokardit) - Bazen kalp ameliyatları sonrası oluşabilecek komplikasyonlar - Potasyum veya kalsiyum gibi kandaki elektrolitlerin dengesizliği - Uyku sırasında tekrarlayan solunum durmaları (obstrüktif uyku apne sendromu)"
2,positive,Bradikardi nedir ve belirtileri nelerdir?,2,0.7378509640693665,0.26214903593063354,doc_0087_parent_001_child_001,doc_0087_parent_001,doc_0087,Bradikardi (yavaş kalp hızı) nedir?,https://www.memorial.com.tr/hastaliklar/bradikardi-yavas-kalp-hizi-nedir,"Düşük kalp hızı olarak da bilinen bradikardi günümüzde pek çok insanda görülüyor. Sık bayılma, kalp yetmezliği, ani kalp durması gibi ciddi problemlere neden olabilen bradikardi konusunda mutlaka bir uzmana danışılması gerekiyor. Memorial Bahçelievler Hastanesi Kardiyoloji Bölümü’nden Uz. Dr. Gülsüm Bingöl, bradikardi ve tedavi yöntemleri hakkında bilgi verdi. - Bradikardi nedir? - Bradikardi belirtileri nelerdir? - Bradikardi neden olur? Risk faktörleri nelerdir? - Bradikardi tanısı nasıl konulur? - Bradikardi tedavisi nasıldır? - Bradikardi Hakkında Sık Sorulan Sorular Bradikardi nedir? Bradikardi, düşük (yavaş) kalp atış hızı anlamına gelmektedir. Hareketsiz halde oturan bir yetişkinin normal kalp atış hızı dakikada 60-100 seviyelerinde olması gerekmektedir. Bradikardi varlığında nabız 60’ın altındadır. Bradikardi bazı insanlarda herhangi bir soruna ya da şikayete neden olmamaktadır. Bazen de ciddi sonuçları olabilir. Düşük nabız, kalpte bulunan elektrik sistemlerindeki bir sorundan kaynaklanıyor olabileceği için bir uzmana danışılması önem taşımaktadır. Bradikardi belirtileri nelerdir? Çok yavaş bir kalp hızı beyne yetersiz kan gitmesine neden olabilir ve genellikle belirtiler buna bağlı oluşur. Bradikardi belirtileri şöyle sıralanmaktadır: - Yorgunluk veya halsizlik"
2,positive,Bradikardi nedir ve belirtileri nelerdir?,3,0.6990614533424377,0.30093854665756226,doc_0087_parent_001_child_003,doc_0087_parent_001,doc_0087,Bradikardi (yavaş kalp hızı) nedir?,https://www.memorial.com.tr/hastaliklar/bradikardi-yavas-kalp-hizi-nedir,"- Potasyum veya kalsiyum gibi kandaki elektrolitlerin dengesizliği - Uyku sırasında tekrarlayan solunum durmaları (obstrüktif uyku apne sendromu) - Romatizmal ateş veya lupus gibi enflamatuar hastalıklar - Sakinleştirici ilaçlar, kalp ritmi bozuklukları ilaçları, yüksek tansiyon ilaçları ve psikiyatrik tedavide kullanılan belirli ilaçlar Bradikardi tanısı nasıl konulur? Bradikardi kalp hızının yavaş olması durumudur. Dinlenme halindeki yetişkin kalbi genellikle dakikada 60 ila 100 kez atar. Kalp hızının dakikada 60’tan düşük olmasına bradikardi denir. Kalp hızının nabız sayımı, kalbin dinlenmesi, elektronik tansiyon aletleri, puls-oksimetre ya da elektrokardiyografi gibi yöntemlerle nabız düşüklüğü saptanabilir. Kalp hızının düşük olduğu ancak normal olan bazı istisnai durumlar vardır. Örneğin; derin uyku sırasında kalp hızı dakikada 60‘ın altına düşebilir veya fiziksel olarak aktif yetişkinlerde (ve sporcular) genellikle daha yavaş kalp hızına sahiptir. Bradikardi tedavisi nasıldır? Sınırda veya ara sıra olan bradikardi tedavi gerektirmeyebilir. Daha ciddi veya uzun süreli bradikardi de altta yatan bir neden varsa öncelikle o durum ortadan kaldırılır."
2,positive,Bradikardi nedir ve belirtileri nelerdir?,4,0.6595499515533447,0.3404500484466553,doc_0087_parent_001_child_004,doc_0087_parent_001,doc_0087,Bradikardi (yavaş kalp hızı) nedir?,https://www.memorial.com.tr/hastaliklar/bradikardi-yavas-kalp-hizi-nedir,"Daha ciddi veya uzun süreli bradikardi de altta yatan bir neden varsa öncelikle o durum ortadan kaldırılır. Örneğin, direk nabız düşürücü bir ilaç kullanılıyorsa ya da yan etkileri yavaş kalp hızına neden bir ilaç alımı varsa öncelikle ilaç dozu ayarlanır veya kesilebilir. Kalp hızını azaltan ilaçların doktorun belirttiği şekilde alınması, ilaç dozu artırılırken nabız takibi yapılması, birden fazla nabız düşürücü etkisi olan ilacın bir arada kullanılırken dikkatli olunması bradikardiyi önlemede önemlidir. Yine düzenli check-up yapılması ve nabız düşüklüğünü düşündüren durumlarda kardiyoloğa başvurulması olumsuz olayların önlenmesinde son derece önemlidir. İlaca veya geçici başka bir duruma bağlı olmayan şikayet yaratan ya da çok düşük kalp hızının olduğu durumlarda kalp pili gerekebilir. Kalp pili kalbin ritmini düzenleyerek kalp hızını olması gerektiği gibi hızlandırır. Bradikardi Hakkında Sık Sorulan Sorular Bradikardi ölüme yol açar mı? Bradikardinin olası ve en ciddi komplikasyonları arasında sık bayılma, kalbin yeterince kan pompalayamaması ( kalp yetmezliği ) ya da ani kalp durması veya ani ölüm yer alır. Bununla birlikte göğüs ağrısı (angina pektoris), düşük tansiyon (hipotansiyon) ya da yüksek tansiyon (hipertansiyon) da komplikasyonları arasında yer alır."
2,positive,Bradikardi nedir ve belirtileri nelerdir?,5,0.6407830715179443,0.35921692848205566,doc_0087_parent_002_child_001,doc_0087_parent_002,doc_0087,Bradikardi (yavaş kalp hızı) nedir?,https://www.memorial.com.tr/hastaliklar/bradikardi-yavas-kalp-hizi-nedir,"Nabız 50'nin altına düşerse ne olur? Bradikardi kalp hızının 60 altında olmasıdır ancak şikâyetler genelde kalp hızı 50'nin altında iken ortaya çıkar. Bu hız 40'ın altına düşerse ya da 60’ın altında iken belirtilere yola açıyorsa tehlikelidir ve müdahale etmek gerekir. Sporcularda, uykuda, düzenli egzersiz yapanlarda istirahatte hiç şikâyet olmadan bu değerin altında nabızlar görülebilir. Bradikardi müdahale sınırı nedir? Bradikardinin tedavisinin esasını altta yatan nedenin tedavisi oluşturur. Altta yatan tiroid bezinin az çalışması, uyku apnesi, elektrolit bozukluğu gibi durumlar varsa önce bunların tedavisi yapılır; ilaçlara bağlı bradikardi söz konusuysa ilaçların dozlarının değiştirilmesi gerekir. Eğer tehlikeli boyutta bir yavaşlama söz konusuysa kalp pili takmak gerekebilir. Genellikle dakikada 40'in altındaki ya da 60 altı da olsa şikâyete yol açan kalp hızı düşüklüklerine müdahale gerekir. Bunun yanında kalp hızı dışında elektrokardiyografide ritmin şekli ileti yollarındaki sorunun ciddiyetini belirlemede ve müdahale kararında etkilidir. Gençlerde bradikardi neden olur? Yavaş bir kalp hızı her zaman bir sorun olduğu anlamına gelmez. Örneğin, dinlenme sırasında dakikada 40 ila 60 arasında bir kalp hızı uyku sırasında ve bazı insanlarda, özellikle sağlıklı genç yetişkinlerde ve eğitimli sporcularda oldukça yaygındır."
2,positive,Bradikardi nedir ve belirtileri nelerdir?,6,0.5775218605995178,0.4224781394004822,doc_0087_parent_002_child_002,doc_0087_parent_002,doc_0087,Bradikardi (yavaş kalp hızı) nedir?,https://www.memorial.com.tr/hastaliklar/bradikardi-yavas-kalp-hizi-nedir,"Örneğin, dinlenme sırasında dakikada 40 ila 60 arasında bir kalp hızı uyku sırasında ve bazı insanlarda, özellikle sağlıklı genç yetişkinlerde ve eğitimli sporcularda oldukça yaygındır. Çocuk ve ergenlerde en sık neden sinüs bradikardisidir. Yani uyarının kaynağı olan sinüs düğümü düşük hızda elektrik akımı çıkarır. Sinüs bradikardisi çoğunlukla normal fizyolojik bir yanıttır. Ancak genç de olsa bradikardiyi düşündüren şikâyetler varsa, yapısal kalp hastalığı ya da ilaç kullanım öyküsü varsa nabız sayısı fizyolojik kabul edilen değerlerin de altındaysa ileri inceleme gerekir."
2,positive,Bradikardi nedir ve belirtileri nelerdir?,7,0.5185142755508423,0.4814857244491577,doc_0317_parent_001_child_001,doc_0317_parent_001,doc_0317,Budd-Chiari Sendromu Nedir? Belirtileri Nelerdir?,https://www.memorial.com.tr/hastaliklar/budd-chiari-sendromu,"Budd-Chiari sendromu, karaciğeri boşaltan toplardamarlarda oluşan tıkanıklık ve kan pıhtısıyla ortaya çıkan bir hastalıktır. Çoğunlukla yetişkinlerde görülen Budd-Chiari sendromu, karın ağrısı, sarılık, karaciğerde büyüme ve beyinde hasar oluşumu gibi belirtilerle kendini gösterir. Karaciğer biyopsisi ve bazı testlerle teşhisi koyulan Budd-Chiari bazı durumlarda siroz, dalak büyümesi ve portal hipertansiyon gibi rahatsızlıklara neden olabilir. - Budd-Chiari Sendromu Nedir? - Budd-Chiari Sendromu Belirtileri - Budd-Chiari Sendromu Neden Olur? - Budd-Chiari Sendromu Tanısı Nasıl Konur? - Budd-Chiari Sendromunun Tedavi Yöntemleri - Budd-Chiari Sendromu ile Yaşam - Budd-Chiari Sendromu Hakkında Sık Sorulan Sorular Budd-Chiari Sendromu Nedir? Budd-Chiari sendromu, karaciğerden kan taşıyan hepatik damarların kan pıhtıları nedeniyle daralması ve/veya tıkanmasıyla oluşan ve nadir görülen bir hastalıktır. Karaciğer hastalıkları grubunda yer alan Budd-Chiari sendromu, karaciğerden kan taşıyan hepatik venlerin tıkanması veya daralması sonucuyla meydana gelir ve tıbbi olarak neden bu olarak kabul edilir."
2,positive,Bradikardi nedir ve belirtileri nelerdir?,8,0.517664909362793,0.48233509063720703,doc_0382_parent_001_child_001,doc_0382_parent_001,doc_0382,Kardiyojenik Şok Nedir? Kardiyojenik Şok Tedavisi,https://www.memorial.com.tr/saglik-rehberi/kardiyojenik-sok,"Kardiyojenik şok, kalbin yeterli miktarda kan pompalayamadığı durumlarda doku ve organlar kanla beslenemediğinde aniden ortaya çıkan, yaşamı etkileyen bir durumdur. Kardiyojenik şokun en önemli nedenlerinden biri de kalp krizidir. Bu durumda hücrelere oksijen gitmediği için organ yetmezliği gibi ölümcül sonuçlar ortaya çıkabilir. Kardiyojenik şok nadir olarak görülen hastalıklar arasında yer alarak çoğunlukla tedavi edilmesi gerekir. Bu da genellikle cerrahi müdahale içeren tedavilerdir. Kardiyojenik Şok Nedir? Kardiyojenik şok, kalp yeterli miktarda kan pompalayamadığında hücrelerin oksijensiz kalarak organları tükettiği durumdur. Aniden ortaya çıkan kardiyojenik şok, kalp krizi, viral enfeksiyon, anormal kalp ritmi, akciğerlerde bir atardamarı tıkayan bir kan pıhtısı ya da önceden var olan konjestif kalp yetmezliğinin ilerlemesi nedeniyle gerçekleşebilir. Hemen müdahale edilmedi durumda ölümcü olabilmektedir. Kardiyojenik Şok Belirtileri Nelerdir? Kardiyojenik şok belirtileri, göğüs bölgesinde ağrı, şişlik, baskı ve yanma gibi belirtilerle ortaya çıkarak kişinin yaşamını tehdit edebilir. Göğüs bölgesinde meydana gelen ağrı mide ekşimesi gibi hissedilebilir. Kardiyojenik şok belirtileri şöyle sıralanabilir: - Karın bölgesi, boğaz ve çenede ağrı, - Göğüste sıkışma - Nefes almada güçlük"
2,positive,Bradikardi nedir ve belirtileri nelerdir?,9,0.4948797821998596,0.5051202178001404,doc_0317_parent_001_child_002,doc_0317_parent_001,doc_0317,Budd-Chiari Sendromu Nedir? Belirtileri Nelerdir?,https://www.memorial.com.tr/hastaliklar/budd-chiari-sendromu,"Karaciğer hastalıkları grubunda yer alan Budd-Chiari sendromu, karaciğerden kan taşıyan hepatik venlerin tıkanması veya daralması sonucuyla meydana gelir ve tıbbi olarak neden bu olarak kabul edilir. Semptomlara göre farklı şekillerde sınıflandırılan Budd-Chiari; akut, subakut ve kronik formlarda görülebilir. Akut formda semptomlar ani gelişir ve karaciğer fonksiyonu hızla azalır. Subakut ve kronik Budd-Chiari sendromunda semptomlar daha yavaş ilerler ve karaciğer fonksiyon bozukluğu daha hafif belirtilerle ortaya çıkar. Budd-Chiari hastalığından farklı olan pfaba sendromu , çocuklarda görülen bir hastalıktır. Ateş ataklarına, lenf düğümlerine ve boğaz şişmesine neden olan bu hastalık kan basıncında aşırı yükselmeye neden olabilir. Her iki sendrom da vücutta damar sistemlerine hasar verebilir. Budd-Chiari Sendromu Belirtileri Budd-Chiari sendromu, karaciğeri etkileyen bir rahatsızlık olup karaciğer büyümesi, karın ağrısı, karında şişlik, yorgunluk ve kilo kaybı gibi belirtilerle ortaya çıkar. Budd-Chiari ayrıca çeşitli komplikasyonlara da sebep olur. Belirtiler sendromun akut, subakut ve kronik türlerine göre farklı sürelerde gözlemlenir."
2,positive,Bradikardi nedir ve belirtileri nelerdir?,10,0.48277318477630615,0.5172268152236938,doc_0036_parent_004_child_001,doc_0036_parent_004,doc_0036,"Tiroid Nedir? Tiroid Belirtileri, Nedenleri ve Tedavisi",https://www.memorial.com.tr/hastaliklar/tiroid-nedir,"Bu durum da tiroid yüksekliğinde olduğu gibi bazı belirtiler yaşanmasına sebebiyet verebilir. Tüm vücutta yorgunluk, uyuşukluk ve üşüme hissi ile birlikte tiroid düşüklüğü durumunda, - Cilt kuruluğu - Yüksek kolesterol - Eklem ve kas ağrısı - Saç dökülmesi - Tükenmişlik - Soğuğa karşı duyarlılık - Düzensiz rahim kanaması ve doğurganlık sorunları - Kalp atış hızında azalma (bradikardi) - Depresyon - Kabızlık - Ses boğukluğu - Kas ağrıları ve güçsüzlük - İşitme sorunları - Kilo alınması - Hafıza problemi belirtileri ortaya çıkar. Tiroid Krizi Nedir? Tiroid fırtınası ve tirotoksik olarak da adlandırılan tiroid krizi, tiroid bezinin kısa süre içerisinde çok fazla tiroid hormonu salgılamasıdır. Tiroid Krizi Belirtileri Nelerdir? Hızlı kalp atışı, ateş ve bayılma gibi semptomlar meydana getiren tiroid krizinin belirtileri şunlardır: - 38 derece ve üstü ateş - Kalbin göğüsten fırlayacakmış gibi atmaya başlaması (dakikada 140 atımı aşması-taşikardi) - Terleme - İshal ve kusma - Karın ağrısı - Sinirlilik - Bilinç kaybı (bayılma) - Uyku bozukluğu"
3,positive,Böbrek yetmezliğinin belirtileri nelerdir?,1,0.7757869958877563,0.22421300411224365,doc_0070_parent_002_child_002,doc_0070_parent_002,doc_0070,Böbrek Yetmezliği Nedir? Böbrek Yetmezliği Belirtileri Nelerdir?,https://www.memorial.com.tr/saglik-rehberi/sicak-havada-az-su-icmek-bobrekleri-yoruyor,"- Bazı kanser türleri veya kemoterapi ilaçları - Gereksiz ilaç kullanımı Böbrek Yetmezliği Belirtileri Nelerdir? Böbrek yetmezliği çok fazla veya çok az idrara çıkma, idrar miktarında azalma, bulantı ve kusma, iştah kaybı, ayaklarda ve ayak bileklerinde ödem, halsizlik, cilte kuruma, kaşıntı, nefes darlığı, uyku sorunları ve koma gibi belirtilere neden olur. Böbrek yetmezliği belirtileri genel olarak şunlardır: - İdrar miktarında azalma - Ödem (özellikle ayaklarda) - Aşırı yorgun hissetme - Mide bulantısı ve kusma - İştahsızlık - Kilo kaybı - İdrar görünümünde köpüklü olma gibi değişikler - Kas krampları - Ciltte kuruluk ve kaşıntı - Konsantrasyon bozukluğu - Erkeklerde ereksiyon sorunları - Uyku sorunları - Göz çevresinde şişlik - Baş ağrısı - Göğüs ağrısı ve nefes darlığı - Kan basıncında yükselme Böbrek Yetmezliği Hangi Sorunlara Yol Açar? Böbrek yetmezliği kalp damar hastalıklarından akciğer sorunlarına kadar birçok rahatsızlığına yol açabilmektedir. - Gut: Kronik böbrek yetmezliği yaşayan kişilerde en sık görülen rahatsızlıkların başında Gut hastalığı gelmektedir. Ürik asit böbrekten süzüldüğü için iki hastalık birbiriyle alakalıdır."
3,positive,Böbrek yetmezliğinin belirtileri nelerdir?,2,0.7549059391021729,0.24509406089782715,doc_0070_parent_001_child_002,doc_0070_parent_001,doc_0070,Böbrek Yetmezliği Nedir? Böbrek Yetmezliği Belirtileri Nelerdir?,https://www.memorial.com.tr/saglik-rehberi/sicak-havada-az-su-icmek-bobrekleri-yoruyor,"Böbrek yetmezliğinde böbrekler, kandaki atık maddeleri filtreleyemez. Bir anda gelişmeyen böbrek yetmezliği kademeli olarak ilerler. Altta yatan neden bağlı olarak gün geçtikçe ilerleyen böbreklerin fonksiyon kaybı sonunda böbrekleri tamamen çalışamaz hale getirebilir. Böbrek yetmezliği idrarda azalma, bacak, ayak bilekleri ve ayaklarda ödeme bağlı şişme, nefes darlığı, yorgunluk, mide bulantısı ve kusma yanı sıra bilinçte bulanıklık gibi belirtilere neden olur. Böbrek Yetmezliğinin Evreleri Nelerdir? Kronik böbrek yetmezliği böbreklerde oluşan fonksiyon bozukluğunun derecesine göre 5 aşamada ele alınır. Böbrek yetmezliğinin ilk evrelerinde böbrekler kısmen de olsa süzme görevini yerine getirebilir. İlerleyen aşamalarda fonksiyon bozukluğu artarak tamamen çalışamaz duruma gelebilir. Böbrek yetmezliği aşamalara ayrılırken GFR yani Glomerüler Filtrasyon Hızı testinin sonuçları da göz önüne alınır. Aşama 1 Evre 1 böbrek yetmezliğinde hafif böbrek hasarı vardır ve genellikle böbrek yetmezliğiyle ilgili belirti yoktur. İdrarda protein kaçağı görülebilir. GFR oranı 90’dan fazla olabilir. Aşama 2 Evre 2 böbrek yetmezliğinde hafif böbrek hasarı vardır ve genellikle böbrek yetmezliğinin belirtileri gözükmemektedir."
3,positive,Böbrek yetmezliğinin belirtileri nelerdir?,3,0.7399148941040039,0.2600851058959961,doc_0070_parent_001_child_001,doc_0070_parent_001,doc_0070,Böbrek Yetmezliği Nedir? Böbrek Yetmezliği Belirtileri Nelerdir?,https://www.memorial.com.tr/saglik-rehberi/sicak-havada-az-su-icmek-bobrekleri-yoruyor,"Böbrek yetmezliği, böbreklerin görevlerini yerine getiremeyecek düzeyde fonksiyonel kaybıdır. Böbrek yetmezliğinde, böbrekler kandaki atıkları ve sıvıyı olması gerektiği şekilde uzaklaştıramaz veya süzemez. Böbrekler normalde vücut sıvısı, kan basıncı ve kan kimyasını filtreler, toksinleri vücuttan uzaklaştırır. Böbreklerin en önemli görevlerinden biri de vücudun toksinleri atmasına yardımcı olmaktır. Böbrekler ayrıca kanı filtreler ve fazla suyu ve atık ürünleri günün 24 saati vücuttan temizler. Fazla vücut sıvısı ve atık ürünler, idrar yoluyla atılır. Böbrek yetmezliğinde ise bu fonksiyonları ortadan kalkar. Böbrek fonksiyonlarının doğru çalışamadığı böbrek yetmezliğinde daha sık idrara çıkma, idrar miktarında azalma, bulantı ve kusma, iştah kaybı, el, ayak ve yüzde sıvı birikimine bağlı ödem, kas krampları, aşırı yorgunluk, ciltte kuruma, kaşıntı, nefes darlığı, uyku sorunları ve koma gibi belirtiler görülür. Böbrek Yetmezliği Nedir? Böbrek yetmezliği, böbreklerdeki fonksiyon kaybı sonucu, böbreklerin kandaki atık maddeleri filtreme, sıvıyı atma gibi temel işlevlerini yerine getiremediği böbrek hastalığıdır. Böbrek yetmezliğinde böbrekler, kandaki atık maddeleri filtreleyemez."
3,positive,Böbrek yetmezliğinin belirtileri nelerdir?,4,0.7034865617752075,0.2965134382247925,doc_0070_parent_002_child_004,doc_0070_parent_002,doc_0070,Böbrek Yetmezliği Nedir? Böbrek Yetmezliği Belirtileri Nelerdir?,https://www.memorial.com.tr/saglik-rehberi/sicak-havada-az-su-icmek-bobrekleri-yoruyor,"Her iki durumda sağlıksız kemiklere ve kolay kemik kırılmalarına neden olabilir. Hassas kemikler: - Anemi: (Kansızlık) Böbrekler vücudun kırmızı kan hücreleri yapmasına yardımcı olur. Yetersiz çalışan böbrekler kırmızı kan hücresi eksikliğine zemin hazırlayabilir. Anemi: (Kansızlık) - Erkeklerde ereksiyon sorunları, azalan cinsel dürtü veya kadınlarda doğurganlığın azalması görülebilir. - Hamilelik sırasında anne ve anne karnındaki bebek için risk taşıyan gebelik komplikasyonları yaşanabilir. - Böbreklerde geri dönüşümsüz hasar yani son dönem böbrek hastalığı ve buna bağlı olarak diyaliz veya böbrek nakli gibi sonuçlar yaşanabilir. Böbrek Yetmezliği Nasıl Teşhis Edilir? Böbrek yetmezliğinin teşhisinde ilk adım nefroloji doktorunun muayenesidir. Nefroloji doktoru böbrek yetmezliğine neden olabilecek hipertansiyon veya diyabet gibi hastalıklar, böbrek yetmezliğine neden olabilecek ilaçlar veya idrar alışkanlığındaki değişikliklerin sorgulamasını yaptıktan sonra böbrek yetmezliğinin teşhisini koyabilmek için ek tetkikler isteyebilir. - Kan testleri: Tam kan sayımı kronik böbrek yetmezliğinin teşhisinde önemli ipuçları verebilir."
3,positive,Böbrek yetmezliğinin belirtileri nelerdir?,5,0.6872785091400146,0.31272149085998535,doc_0012_parent_001_child_004,doc_0012_parent_001,doc_0012,Böbrekte Kist Nedir? Böbrek Kisti Belirtileri Nelerdir?,https://www.memorial.com.tr/saglik-rehberi/bobrekte-kist,"- Tübüloz skleroz kompleksi Böbrek Kisti Belirtileri Nelerdir? Böbrek kistleri, basit ve iyi huylu olduğu müddetçe belirti göstermez ancak gösterdiği zaman yaygın olarak görülen böbrek kisti belirtileri arasında böbrek ağrısı, sık idrara çıkma, idrarda yanma, kanlı veya koyu renkli idrar, kistlerin enfekte olduğu durumlarda da ateş yer alır. Böbrek kisti bazı vakalarda şu belirtilerle ortaya çıkabilir: - Sırt, yan ve üst karında ağrı (böbrek ağrısı) - Sık idrara çıkma - İdrarda yanma - Kanlı veya koyu renkli idrar - Enfekte olan böbrek kistlerinde ateş Bunların dışında böbrek kistinin nerede bulunduğuna bağlı olarak böbreğin çalışma performansı etkilenebilir ancak genellikle böbrek kistleri iyi huylu olduğu için böbrek sağlığına olumsuz bir etkisi olmaz. Ayrıca böbrek kisti böbreğin kandan ekstra sıvıyı filtrelemesini engelliyorsa bu durum yüksek tansiyona da yol açabilir. Böbrekte Kist Nasıl Teşhis Edilir? Böbrekte kist tanısı için öncelikle kişiye fiziksel muayene yapılır ve kist oluşumunun göstergesi olabilecek belirtiler hakkında bilgi alınır. Bununla birlikte kişinin sağlık geçmişi ve ailedeki hastalık öyküleri de tanı için önemli kriterlerdendir. Fiziki muayeneden sonra görüntüleme aşamasına geçilirse doktor tarafından bazı testlerin yaptırılması istenebilir."
3,positive,Böbrek yetmezliğinin belirtileri nelerdir?,6,0.6841259002685547,0.3158740997314453,doc_0070_parent_003_child_001,doc_0070_parent_003,doc_0070,Böbrek Yetmezliği Nedir? Böbrek Yetmezliği Belirtileri Nelerdir?,https://www.memorial.com.tr/saglik-rehberi/sicak-havada-az-su-icmek-bobrekleri-yoruyor,Böbreklerin süzme kapasitesinin belirli bir oranın altına düşmesi böbrek fonksiyonlarındaki sorunu belirleyebilir. Kan testleri: - İdrar testi: İdrardaki kan veya protein varlığı böbrek fonksiyonlarında sorun olduğunu belirleyebilir. İdrar testi: - İdrar hacminin ölçümü: İdrar çıkışının belirlenmesi böbrek yetmezliğini teşhis etmeye yardımcı olan en basit testlerden biridir. İdrar hacminin ölçümü: - Görüntüleme yöntemleri: Böbreklerin ve idrar yollarının yapısını ve boyutunu değerlendirmek için ultrason veya farklı görüntüleme yöntemleri kullanılabilir. Görüntüleme yöntemleri: - Biyopsi: Böbrek biyopsisi genellikle ciltten uzun ve ince bir iğne ile girilerek lokal anestezi altında yapılır. Biyopsi: Böbrek Yetmezliğinin Tedavisi Nasıldır? Böbreklerde oluşan hasarlar genellikle kalıcıdır. Böbreklerde oluşan hasar düzeltilmese bile yetmezliğe neden olan altta yatan rahatsızlık kontrol altına alarak böbrek yetmezliği durdurmak veya yavaşlatmak mümkün olabilir. Böbrek yetmezliğine neden olan rahatsızlığa göre tedavi planı değişebilmektedir. Böbrek yetmezliği sırasında yaşanan komplikasyonlara yönelik tedaviler planlanabilir. - Tansiyon kontrolü: Böbrek yetmezliği yaşayan hastaların genellikle kontrol altına alınmada zorlanan yüksek tansiyon sorunları bulunur. Nefroloji doktoru böbrek fonksiyonlarını korumak için yüksek tansiyona yönelik ilaç tedavisi uygulayabilir.
3,positive,Böbrek yetmezliğinin belirtileri nelerdir?,7,0.6818152666091919,0.3181847333908081,doc_0333_parent_002_child_002,doc_0333_parent_002,doc_0333,"Böbrek Kanseri Nedir? Belirtileri, Nedenleri ve Tedavisi",https://www.memorial.com.tr/hastaliklar/bobrek-kanseri-nedir,"Böbrek kanseri erken evrelerinde genellikle belirti vermez. Böbrek kanseri semptom verecek kadar ilerlediğinde, pembe, kırmızı veya kola renginde olabilen kanlı idrar, sırt ve bel bölgesinde geçmeyen ağrı, iştahsızlık, yorgunluk, karın ağrısı, ateş ve terleme gibi belirtiler ortaya çıkar. Böbrek kanseri belirtileri şunlardır: - İdrarda kan (hematüri) - Sırt ve bel bölgesinde geçmeyen ağrı - Yanlarda bel bölgesinde şişlik ve kitle varlığı - Yüksek ateş ve aşırı terleme - Halsizlik ve yorgunluk - İştah kaybı - Kilo kaybı - Anemi Yüksek tansiyon veya kandaki normalden düşük kırmızı hücre sayısı (RBC düşüklüğü) (anemi) de bir böbrek tümörüne işaret edebilir. Bu semptomlar daha seyrek görülür. Öte yandan tümör kemik, akciğer gibi organlara sıçrama göstermiş ise bu yayılıma bağlı olarak öksürük, kanlı balgam , kemik ağrılarına bağlı semptomlar da görülebilir. Böbrek Kanseri Nasıl Teşhis Edilir? Böbrek kanseri genellikle asemptomatik olduğundan yani belirti vermeyebildiği için, tümör çoğunlukla hasta başka bir nedenle tıbbi teste girdiğinde saptanır."
3,positive,Böbrek yetmezliğinin belirtileri nelerdir?,8,0.6627008318901062,0.3372991681098938,doc_0070_parent_002_child_003,doc_0070_parent_002,doc_0070,Böbrek Yetmezliği Nedir? Böbrek Yetmezliği Belirtileri Nelerdir?,https://www.memorial.com.tr/saglik-rehberi/sicak-havada-az-su-icmek-bobrekleri-yoruyor,"Ürik asit böbrekten süzüldüğü için iki hastalık birbiriyle alakalıdır. Gut: - Vücutta sıvı birikmesi: Böbreklerin sağlıklı çalışmaması vücutta elektrolitlerle birlikte aşırı sıvı birikimine yol açabilir. Vücutta aşırı sıvı birikmesi, kalp ve akciğerlerle ilgili sorunlara, hipertansiyona, kol ve bacaklarda şişkinliklere yol açabilir. Vücutta sıvı birikmesi: - Potasyum artışı (hiperkalemi): Böbrek yetmezliği kandaki potasyum seviyesinde ani artışlara yani hiperkalemi rahatsızlığına nedene olabilir. Ani potasyum artışı kalbin çalışmasıyla ilgili ciddi sorunlara yol açabilir. Potasyum artışı (hiperkalemi): - Kalp hastalıkları: böbrek yetmezliğine neden olabildiği gibi tam tersi böbrek yetmezliği de kalp hastalıklarına zemin hazırlayabilmektedir. Diyaliz tedavisi alanların en sık ölüm nedeninin kalp hastalıkları olduğu bilinmektedir. Kalp hastalıkları: - Hassas kemikler: Böbreklerin bir görevi de D vitamini ve kalsiyum tutmasıdır. Böbrekler gerektiği gibi çalışmadığında vücutta aşırı potasyum birikmesi yaşanır. Bu da kemiklerden kalsiyum çekilmesine neden olabilir. Çalışmayan böbrekler aynı zamanda D vitamininin kullanımında sorunlara yol açabilir. Her iki durumda sağlıksız kemiklere ve kolay kemik kırılmalarına neden olabilir."
3,positive,Böbrek yetmezliğinin belirtileri nelerdir?,9,0.6622879505157471,0.33771204948425293,doc_0070_parent_002_child_001,doc_0070_parent_002,doc_0070,Böbrek Yetmezliği Nedir? Böbrek Yetmezliği Belirtileri Nelerdir?,https://www.memorial.com.tr/saglik-rehberi/sicak-havada-az-su-icmek-bobrekleri-yoruyor,"Zamanla genişleyen ve ciddi böbrek hasarına ve hatta böbrek yetmezliğine neden olabilecek böbrek kistlerinin oluşumu ile ortaya çıkar. Böbrekleri etkileyen kalıtsal diğer hastalıklar Polikistik böbrek hastalığı, Fabry Hastalığı , Alport Sendromu , primer hiperoksalüri ve sistinüridir. - Prostat gibi İdrar yollarını tıkayan rahatsızlıklar: İyi huylu prostat veya prostat kanseri, mesane kanseri, böbrek taşları, böbrek kanseri , enfeksiyonlar, idrar yollarındaki kan pıhtısı gibi idrar yollarını tıkayan nedenler böbrek yetmezliğine yol açabilmektedir. - Böbreğe kan akışını engelleyen nedenler: Kalp krizi veya kalp hastalıkları, karaciğer yetmezliği, ağır yanık veya alerjik reaksiyon gibi böbreklere kan akışının durduran veya azaltan sorunlar böbrek yetmezliğine zemin hazırlayabilmektedir. - Ağır metallerden toksinlere aşırı maruziyet - Uyuşturucu ve alkol - Kan damarlarının iltihabı yani vaskülit. - Organında iltihaplanmaya neden olabilen otoimmün bir rahatsızlık olan lupus hastalığı. - Bazı kanser türleri veya kemoterapi ilaçları - Gereksiz ilaç kullanımı"
3,positive,Böbrek yetmezliğinin belirtileri nelerdir?,10,0.650199294090271,0.349800705909729,doc_0070_parent_001_child_004,doc_0070_parent_001,doc_0070,Böbrek Yetmezliği Nedir? Böbrek Yetmezliği Belirtileri Nelerdir?,https://www.memorial.com.tr/saglik-rehberi/sicak-havada-az-su-icmek-bobrekleri-yoruyor,"Evre 5 böbrek yetmezliği olan hasta hayatta kalabilmek için diyaliz veya böbrek nakli olmalıdır. Böbrek Yetmezliği Neden Olur? Kronik böbrek yetmezliğinin nedenleri değişebilmektedir. Kronik böbrek yetmezliği önlenebilir nedenlere bağlı olduğu gibi farklı hastalıklar kaynaklı olarak da ortaya çıkabilmektedir. - Diyabet: Kronik böbrek yetmezliğinin en sık nedeni halk arasında şeker hastalığı olarak bilinen diyabettir. Yüksek kan şekeri seviyesi böbreklerdeki küçük filtrelere zarar vererek böbrek yetmezliğini tetikleyebilmektedir. - Hipertansiyon: Halk arasında yüksek tansiyon olarak bilinen hipertansiyon, kalp- damar hastalıkları ve inmenin sebebi olarak bilinse de böbrekleri de etkileyebilmektedir. Yüksek tansiyon zamanla, böbreklerdeki küçük kan damarlarını zorlayabilir ve böbreklerin düzgün çalışmasını durdurabilir. Yüksek tansiyon böbrek yetmezliğine neden olabildiği gibi tam tersi böbrek yetmezliği de yüksek tansiyona yol açabilmektedir. - Glomerülonefrit : Böbreklerin glomeruli adı verilen küçük filtreleme birimleri bulunmaktadır. Filtreleme üniteleri glomerulinin iltihaplanması böbrek yetmezliğine neden olabilmektedir. - İnterstisyel nefrit: Böbrek kanallarının ve çevresindeki yapının iltihaplanması kronik böbrek yetmezliğine neden olabilir. - Polikistik böbrek hastalığı: en sık görülen kalıtsal böbrek hastalığıdır."
4,positive,Migrene ne iyi gelir?,1,0.6044837236404419,0.3955162763595581,doc_0435_parent_001_child_002,doc_0435_parent_001,doc_0435,Migrene Ne İyi Gelir? Migren Nasıl Geçer?,https://www.memorial.com.tr/saglik-rehberi/migrene-ne-iyi-gelir,"Migrene iyi gelen yöntemler şunlardır: - Sessiz ve ışıksız bir ortamda dinlenmek - Baş, alın, şakak veya enseye soğuk ya da sıcak kompres uygulamak - Nane ve lavanta yağını koklamak - Baş bölgesine ve şakaklara masaj yapmak - Nefes egzersizleri ile stresi yönetmek - Migrene neden olan tetikleyicilerden kaçınmak - Gün içinde düzenli su içmek - Düzenli bir uykuya sahip olmak - Kafein tüketmek - Ihlamur, papatya, rezene veya zencefil gibi rahatlatıcı bitki çayları içmek - Doktor onaylı ibuprofen, naproksen, aspirin veya migren ağrısını kesen ilaçlar kullanmak - Magnezyum, koenzim q10, b2 vitamini ve d vitamini gibi takviyeleri almak Migren Ağrısını Geçirmek için Kullanabilecek Öneriler - Sakin Ve Işıksız Bir Ortam - Uyku Kalitenizi Artırın - Tükettiğiniz Besinlere Dikkat Edin - Düzenli Egzersiz Yapın - Stres Yönetimi Yapın - Migren Günlüğü Tutun - Ihlamur, Papatya, Rezene, Zencefil Çayları Tüketin - Nane Ve Lavanta Yağı Koklayın - Kafeinsiz Kahve İçin - Bitter Çikolata Yiyin - Böğürtlen, Ahududu , Çilek Ve Yaban Mersini, Karpuz Ve Muz Tüketin - Brokoli Ve Ispanaktan Yararlanın"
4,positive,Migrene ne iyi gelir?,2,0.5611860752105713,0.4388139247894287,doc_0435_parent_001_child_001,doc_0435_parent_001,doc_0435,Migrene Ne İyi Gelir? Migren Nasıl Geçer?,https://www.memorial.com.tr/saglik-rehberi/migrene-ne-iyi-gelir,"Migren, baş ağrısı şeklinde görülen ve nörolojik bir durumdur. Ses, ışık, ağır kokular, az ya da çok uyumak, stres ve bazı yiyeceklerin tüketimi ile tetiklenen migren semptomları çoğu zaman yönetilebilmekte ve uygulanacak yöntemlerle rahatlama sağlanabilmektedir. Migren ataklarında, kafa derisine masaj yapmak, soğuk kompres uygulamak, düzenli uyku alışkanlığı edinmek, karanlık ve sessiz bir odada dinlenmek, esansiyel yağlar koklamak, stresi yönetmek, az kafein almak ve zencefil çayı içmek migrenin etkilerini hafifletebilmektedir. Daha şiddetli ağrılarda doktorun reçete edeceği ilaçlarda rahatlama sağlamaktadır. - Migrene Ne İyi Gelir? - Migren Ağrısını Geçirmek için Kullanabilecek Öneriler - Migrene Ne İyi Gelir ile İlgili Sık Sorulan Sorular Migrene Ne İyi Gelir? Migren atağı tuttuğunda, sessiz ve karanlık bir odada dinlenmek, uyumak, soğuk ya da sıcak kompres uygulamak, lavanta gibi uçucu yağlardan yararlanmak, stres yönetimi yapmak, ıhlamur, papatya ya da zencefil çayı içmek migrene iyi gelir. Migreni tetikleyen faktörlerden uzak durulmalı, doktorun reçete edeceği migren ilaçları kullanılmalıdır. Migrene iyi gelen yöntemler şunlardır: - Sessiz ve ışıksız bir ortamda dinlenmek"
4,positive,Migrene ne iyi gelir?,3,0.4860035181045532,0.5139964818954468,doc_0435_parent_002_child_003,doc_0435_parent_002,doc_0435,Migrene Ne İyi Gelir? Migren Nasıl Geçer?,https://www.memorial.com.tr/saglik-rehberi/migrene-ne-iyi-gelir,"İçerisinde bol miktarda su bulunan karpuz, migren ağrılarına karşı tüketilebilir . Brokoli ve ıspanağı beslenmenize ekleyin Östrojen seviyelerindeki değişiklik ya da bozukluk migren ağrılarına neden olabilir. Brokoli bu seviyenin dengelenmesine destek olarak migrene karşı tüketilebilir. Migreni olan kişilerin beyindeki magnezyum düzeyleri düşük olduğundan birçok kişi magnezyum takviyesi olarak ağrıya karşı önlem alabilir. Ispanak içerisindeki magnezyum sayesinde migren ağrılarına karşı kullanılır. Migrene Ne İyi Gelir ile İlgili Sık Sorulan Sorular Migren ağrısı nasıl geçer? Migren atağı yaşandığında ışık ve sesten uzaklaşmak, başa ve boyuna sıcak veya soğuk kompres uygulamak, masaj yapmak, kafein migreni tetiklemiyorsa kafein almak, doktor onaylı parasetamol, aspirin veya ibuprofen gibi ilaçlar migren ağrılarını hafifletmeye yardımcı olur. Hamilelikte migrene ne iyi gelir? Hamilelik sürecinde olan anne adayları migren ataklarına karşı bol sıvı tüketebilir, açık havada hafif tempolu yürüyüşler yapabilir. Bunun yanında karın bölgesini sıcak tutmak ve ışıksız bir odada dinlenmek de hamilelikte migrene iyi gelen yöntemler arasında yer alır. Strese bağlı migrene ne iyi gelir? Stresin neden olduğu migrene karşı sakin kalmak önemlidir. Stres yönetimi yaparak migren ağrısına karşı önlem alınabilir."
4,positive,Migrene ne iyi gelir?,4,0.4335212707519531,0.5664787292480469,doc_0435_parent_002_child_004,doc_0435_parent_002,doc_0435,Migrene Ne İyi Gelir? Migren Nasıl Geçer?,https://www.memorial.com.tr/saglik-rehberi/migrene-ne-iyi-gelir,"Stres yönetimi yaparak migren ağrısına karşı önlem alınabilir. Migren mide bulantısına ne iyi gelir? Migren ağrısının neden olduğu mide bulantısına karşı zencefil tüketilebilir. Kusma ve bulantısı gibi durumların giderilmesini ve migren ağrısının hafiflemesini sağlar. Kafa derisine masaj yapmak migrene iyi gelir mi? Kafa derisine masaj yapmak kan dolaşımını teşvik eder, kaslara yapılan baskı gerginliği ve stresi azaltarak migren ağrısını hafifletebilir."
4,positive,Migrene ne iyi gelir?,5,0.4251548647880554,0.5748451352119446,doc_0435_parent_001_child_004,doc_0435_parent_001,doc_0435,Migrene Ne İyi Gelir? Migren Nasıl Geçer?,https://www.memorial.com.tr/saglik-rehberi/migrene-ne-iyi-gelir,"- Dikkat dağıtıcı sesleri durdurun. - Uyumak için çabalamayın. Uykunuz gelene kadar kitap okuyun. Migren ataklarını tetikleyen yiyecek ve içeceklerden uzak durun Gün içerisinde tüketilen besinler migren ataklarına neden olabilir. Bu yüzden bu uyarılara dikkat edin: - Her gün aynı saatte yemek yemeye özen gösterin - Öğünleri atlamayın - Yediğiniz besinleri not alın. Migreni takip etmek ve tetikleyici besinleri bulmanıza yardımcı olacaktır. - Migrene neden olan peynir, çikolata, kafein ve alkol gibi yiyecek ve içeceklerden uzak durun. Nefes egzersizi, yoga ve meditasyon gibi egzersizler yapın - Hareket etmek ya da spor yapmak beyinde ağrıya neden olan sinyalleri bloke etmeye yarayan kimyasallar salgılar. Bu kimyasallar migrenin kötüleşmesine sebep olan depresyon ver kaygının azalmasına da yardımcı olmaktadır. - Kilolu olmak ya da obezite baş ağrısını riskini artırabilir. Diyet ve egzersiz ile birlikte migren ağrısı yönetilebilir olmaktadır. - Yüzmek, yürüyüş yapmak ya da bisiklete binmek migren ağrısına iyi gelen yöntemler arasında yer alır. Hızlı aktiviteler migren ataklarına neden olabilir. Bu egzersizleri yaparken yavaş yapmayı ihmal etmeyin. Stresi yönetin Gün içerisinde yaşanan stres migren ataklarına neden olarak ağrıyı şiddetlendirebilir. Bu yüzden stres yönetimi yapmak migren ağrısı açısından büyük önem taşır."
4,positive,Migrene ne iyi gelir?,6,0.4207460880279541,0.5792539119720459,doc_0435_parent_002_child_001,doc_0435_parent_002,doc_0435,Migrene Ne İyi Gelir? Migren Nasıl Geçer?,https://www.memorial.com.tr/saglik-rehberi/migrene-ne-iyi-gelir,"Migreni kontrol altına almak için şu yöntemlerden yararlanabilirsiniz: - Her gün yapacaklarınızı belirleyin ve böylelikle zaman yönetimi yapın - Bunalmış ya da sıkılmış hissediyorsanız ara verin - Pozitif düşünceye odaklanın - Her gün 15-20 dakika boyunca sevdiğiniz bir şeyi yapın - Derin nefes alarak her gün 10 dakika olmak üzere nefesinize odaklanın Düzenli su için Vücudun susuz kalması baş ağrısına neden olan yaygın sebeplerden biridir ve migren için genellikle tetikleyicidir. Günde en az sekiz bardak su içmeye dikkat edilmelidir. Migren günlüğü tutun Bazı durumlar ya da besinler migrenin tetiklenmesine neden olarak hayat kalitenizi düşürür. Migren ataklarına neden olan durumlar kişiden kişiye farklılık gösterebilir: Gün içerisinde ne yaptığınızı ne yediğinizin notunu tutarak bunlara yönelik planlama oluşturabilirsiniz. Sizde migreni tetikleyebilecek durumlardan kaçınarak bu rahatsızlığın önüne geçmek mümkün olabilir. Stres yönetimi ile birlikte bu durumu uyguladığınızda migrenle baş etmenin yollarını bulmuş olursunuz. Ihlamur, papatya, rezene veya zencefil çayları için Zencefil , ıhlamur, papatya ve rezene çayı kasların rahatlamasını sağlayarak migren ataklarına iyi gelen bitkisel çaylar arasında yer alır. Nane ve lavanta gibi uçucu yağları kullanın Nane ve lavanta yağı sinüs basıncını önleyerek ağrının azalmasında etkili olur."
4,positive,Migrene ne iyi gelir?,7,0.3974020481109619,0.6025979518890381,doc_0236_parent_001_child_002,doc_0236_parent_001,doc_0236,Baş Ağrınız Çocuğunuza Geçebilir,https://www.memorial.com.tr/saglik-rehberi/bas-agriniz-cocugunuza-gecebilir,"Ergenlikten öncesi erkek çocuklarında, ergenlik sonrası ise kız çocuklarında daha çok görülmektedir. Yaş büyüdükçe bu oran daha da artar. Örneğin; erişkinlerde migren tipi baş ağrıları erkeklere oranla kadınlarda 3 kat daha fazla izlenmektedir. Belirtiler yaşa göre değişir Çok küçük çocuklarda kusma ile birlikte, huzursuzluk ve uyuklama gibi davranış değişiklikleri en sık görülen belirtilerdir. Yaş büyüdükçe çoğu kez yaygın, bazen zonklayıcı tek taraflı baş ağrıları ortaya çıkar. Ağrıya; bulantı, kusma ve ışıktan, sesten aşırı rahatsız olma şikayetleri eşlik eder. Çocukluk çağı migrenin % 80’i aurasız, %20’si de auralı migrendir. Auralı migrende baş ağrısından yaklaşık 10-30 dakika önce bulanık görme, yanıp sönen ışıklar, konuşma bozukluğu, hareket güçsüzlüğü gibi motor bulguların yanında vücutta iğnelenme gibi duyusal hisler oluşabilir. Yaşam şekli değişimi migreni tetikler Migrenli çocukların birçoğunda baş ağrısını tetikleyen çevresel faktörler tanımlanmıştır. Bunlar; açlık, stres, uykusuzluk, uyku ritminin bozulması, kafeinli içecekler, seyahat, hava sıcaklıklarının değişimi, hastalık, bazı ilaçların alımı olarak sıralanabilir. Yaşam ritminin bir şekilde değişmesi tetikleyici olabilmektedir."
4,positive,Migrene ne iyi gelir?,8,0.39361274242401123,0.6063872575759888,doc_0435_parent_002_child_002,doc_0435_parent_002,doc_0435,Migrene Ne İyi Gelir? Migren Nasıl Geçer?,https://www.memorial.com.tr/saglik-rehberi/migrene-ne-iyi-gelir,"Nane ve lavanta gibi uçucu yağları kullanın Nane ve lavanta yağı sinüs basıncını önleyerek ağrının azalmasında etkili olur. Sıcak suya koyduğunuz nane yağını soluduğunuzda ise migrenin tetiklenmesine neden olan sinüslerin açılarak rahatlamasını sağlar. Hafif kafein alın Migrene karşı dozunda tüketilen hafif kafeinli kahveler ağrının hafiflemesinde etkili olur. Çoğu zaman kafein yoksunluğu migreni tetikletebildiği için düzenli ve aynı miktarda kafein tüketmeye çalışmak migreni önleyebilir. Bazı kişilerde ise kafein tetikleyici olabildiği için, tutulan migren günlüğünde kafein tetikleyici olarak not alındı ise bu kişiler kafein tüketmekten kaçınmalıdır. Bitter çikolata yiyin Magnezyum kaynağı olan bitter çikolata tüketmek migren ağrısının yarattığı baş ağrısına iyi gelerek hafiflemesine yardımcı olur. Böğürtlen, ahududu, çilek, yaban mersini, karpuz ve muz tüketin Antioksidan açısından yüksek olan böğürtlen, ahududu, çilek ve yaban mersini gibi meyveler tüketmek sinüs basıncını azaltarak migreni önler. Yüzde 74’ü su olan ve magnezyum içeren muz, baş ağrısını hafifleterek migrene iyi gelir . İçerisinde bol miktarda su bulunan karpuz, migren ağrılarına karşı tüketilebilir ."
4,positive,Migrene ne iyi gelir?,9,0.3763396143913269,0.6236603856086731,doc_0435_parent_001_child_003,doc_0435_parent_001,doc_0435,Migrene Ne İyi Gelir? Migren Nasıl Geçer?,https://www.memorial.com.tr/saglik-rehberi/migrene-ne-iyi-gelir,"- Böğürtlen, Ahududu , Çilek Ve Yaban Mersini, Karpuz Ve Muz Tüketin - Brokoli Ve Ispanaktan Yararlanın Sakin ve ışıksız bir ortamda istirahat edin - Migren ağrısını hafifletmek için ilk belirti verdiği sırada yaptığınız şeye ara vererek her şeyden uzaklaşın. - Bulunduğunuz ortamdaki ışıkları söndürün. Işık ve ses migreni kötüleştirebilir. - Karanlık ve sessiz bir odada vücudunuzu rahatlatın. - Boynunuza ya da başınızı sıcak, soğuk kompres uygulayın. Sıcak ya da soğuk kompres uyuşturma etkisi yaratarak gergin kasların gevşemesini sağlar. Soğuk veya sıcak kompres uygulayın Migren ataklarında şakak ve boyun bölgesine soğuk ya da sıcak kompres uygulamak damarların daralması ya da gevşemesine yardımcı olarak migren ağrısını hafifletmeye ve geçirmeye yardım edebilir. Her iki komprestede 15 dakikadan fazla tutmamaya dikkat edilmelidir. Uyku düzenine sahip olun Migren ağrısı uykuya dalmanızı engelleyerek uykusuz kalmanıza ve kötü bir gece geçirmenize neden olabilir. Bu yüzden; - Her gün aynı saatte uyanın ve uyuyun. - Kaslarınızı sakinleştirmek için uyumadan önce sakin müzik dinleyin. - Uyumadan önce tükettiğiniz besinlere dikkat edin. - Yatak odanızdaki dikkat dağıtıcı unsurları azaltın. - Dikkat dağıtıcı sesleri durdurun."
4,positive,Migrene ne iyi gelir?,10,0.36987483501434326,0.6301251649856567,doc_0236_parent_001_child_001,doc_0236_parent_001,doc_0236,Baş Ağrınız Çocuğunuza Geçebilir,https://www.memorial.com.tr/saglik-rehberi/bas-agriniz-cocugunuza-gecebilir,"Çocukluk çağında görülen kronik ve tekrarlayıcı baş ağrılarının en sık nedeni migrendir. Migren tipi baş ağrıları ayda 2-4 kez ataklar şeklinde görülür ve 2-48 saat sürer. Erişkinlerde izlenen yarım baş ağrısının aksine çocuklarda genelde yaygın bir baş ağrısı şikayeti vardır. Çocukluk dönemi migrenlerinin nedeni genetiktir. - Migren ailesel özellik taşır - Ataklar yaşla birlikte artar - Belirtiler yaşa göre değişir - Yaşam şekli değişimi migreni tetikler - İlaç tedavisi ile kontrol altına alınabilir Memorial Diyarbakır Hastanesi Çocuk Nörolojisi Bölümü Uzmanları, çocuklarda migren hastalığı hakkında bilgi verdi. Migren ailesel özellik taşır Migren hastası çocukların yaklaşık %70'inin ailelerinde de (anne, baba, kardeş vs…) migren hastalığı görülmektedir. Bu da hastalığın herediter yani ailesel olduğunu gösterir. Yakın zamana kadar migrenin beyinde bulunan damarların bir şekilde büzülüp genişlemesi sonucu olduğu düşünülse de son zamanlarda ağrıların, beyinde dolaşan bazı kimyasal maddelerin (seratonin gibi) değişiklikleri sonucu beynin fonksiyonun bozulmasına bağlı olduğu bilinmektedir. Ataklar yaşla birlikte artar Çocuklarda migren sıklığı yaşla birlikte artış göstermektedir. Çocukluk çağında migrenin sıklığı ortalama %3-10 dolaylarındadır. Ergenlikten öncesi erkek çocuklarında, ergenlik sonrası ise kız çocuklarında daha çok görülmektedir."
5,positive,Hamileliğin ilk haftasında mide bulantısı olur mu?,1,0.7996656894683838,0.2003343105316162,doc_0033_parent_001_child_001,doc_0033_parent_001,doc_0033,Gebelik Dönemindeki Şikâyetleri Önlemek İçin Pratik Öneriler,https://www.memorial.com.tr/saglik-rehberi/gebelik-donemindeki-sikayetleri-onlemek-icin-pratik-oneriler,"Hamileliğin ilk ayları çoğu kadın için mide sorunlarıyla dolu günlerin de başlangıcıdır. İlk dönemdeki mide bulantıları ve sonrasında yaşanan yanma şikayetleri bazı kadınların bu dönemini kabusa çevirebilmektedir. Memorial Hastanesi Gastroenteroloji Bölümü Uzmanları, gebelik döneminde yaşanan mide sorunları ve dikkat edilmesi gerekenler hakkında bilgi verdi. - Hamilelikte mide sorunları neden olur? - Duygusallık Mide Sorunlarını Artırır - Sağlığı Tehdit Edecek Boyutlara Ulaşabilir - Balayı Dönemi - Hamilelik Döneminde Mide Sorunlarını Daha Az Yaşamak İçin; Hamilelikte mide sorunları neden olur? Gebelik , hem hormonel değişimlere bağlı olarak, hem de özellikle son aylarda bebeğin artan kütlesinin baskısıyla sindirim sistemi sorunlarının ortaya çıkmasına neden olabilmektedir. Gebeliğin ilk ayları anne adayı için yeni bir dönemin başlangıcıdır. Gebelik hormonlarının etkisi ile bulantı, midede dolgunluk-yanma, bazı gıdalardan tiksinme, karında şişkinlik ve gaz hissi sık yaşanan şikayetlerdir. Bu şikayetler bazen günlük hayatı etkileyecek ve yaşam kalitesini bozacak düzeylerde olabilir. Duygusallık Mide Sorunlarını Artırır Bayanların büyük kısmı bu dönemde daha duygusal, daha hassas olurlar ve sıkıntılar karşısında daha kolay umutsuzluğa kapılabilirler."
5,positive,Hamileliğin ilk haftasında mide bulantısı olur mu?,2,0.7644065022468567,0.2355934977531433,doc_0065_parent_005_child_002,doc_0065_parent_005,doc_0065,Hamilelik Belirtileri Nelerdir? Gebelikte İlk Belirtiler,https://www.memorial.com.tr/saglik-rehberi/gebelere-yaz-tatili-onerileri,"Hamilelikte mide bulantısı ne zaman başlar? Bazı anne adaylarında mide bulantısı zamanı değişkenlik gösterebildiği gibi genel olarak hamilelikte mide bulantısı hormonal değişimlere bağlı olarak hamileliğin 6 ila 10. haftaları arasında yani trimester döneminde görülmeye başlar. Hamilelik baş ağrısına ve baş dönmesine neden olur mu? Baş ağrısı hamileliğin erken dönemlerinde görülen belirtilerdendir. Vücuttaki hormonal değişiklikler ve artan kan hacmi baş ağrısı ve baş dönmesinin nedenidir. Hamilelikte burun tıkanıklığı yaşanır mı? Bazı anne adaylarında hormon seviyelerindeki ve kandaki artışa bağlı olarak hamileliğin erken döneminde burun tıkanıklığı görünür. Burun mukozalarında ki kuruma burunda kanamayada neden olabilir. Hamilelikte karşılaşılan tuhaf belirtiler nelerdir? Hamilelikte anne adaylarının karşılaşılabileceği tuhaf hamilelik belirtileri şöyledir: - Gıda dışı maddeleri yeme ihtiyacı - Kabızlık - Baş ağrısı - Bağışıklığın düşmesi - Mide yanması - Saçların daha hızlı uzaması - Koku alma duyusunda artış - Nefes darlığı - Burun kanaması - Akne oluşumu Hamileliğin ilk haftasında karın ve kasık ağrısı olur mu? Gebeliğin ilk haftalarında kasık ağrısı , karın ağrısı olması normaldir. Gebeliğin oluşmasıyla birlikte vücutta bir takım değişikliklerin olması doğaldır."
5,positive,Hamileliğin ilk haftasında mide bulantısı olur mu?,3,0.740171492099762,0.25982850790023804,doc_0065_parent_004_child_001,doc_0065_parent_004,doc_0065,Hamilelik Belirtileri Nelerdir? Gebelikte İlk Belirtiler,https://www.memorial.com.tr/saglik-rehberi/gebelere-yaz-tatili-onerileri,"Protein açısından zengin, lifli besinlerden oluşan, taze meyve ile sebzeden oluşan beslenme en iyisi olabilir. Hamilelik belirtileri ilk ne zaman görülmeye başlar? Adet gecikmesi, yorgunluk, mide bulantısı ve göğüslerde hassasiyet gibi erken hamilelik belirtileri yumurtanın döllenmesinden bir hafta sonra başlar. Hamilelikte vajinal akıntı nasıl olur? Hamilelikte normalden daha fazla vajinal akıntı yaşanır. Genellikle berrak veya beyaz görünür ve ağır bir kokusu yoktur . Östrojen ve progesteron hormonlarının daha yüksek düzeyde olması bu vajinal akıntıda ki artışın nedenidir. Hamileliğin ilk haftası kanama yaşanır mı? Hamileliğin ilk haftasında çok net belirtiler görülmeyebilir ancak bazı anne adaylarında pembe veya kahverengi renkte adet kanamasından farklı olarak hafif implantasyon kanamaları yaşanabilir. Hamileliğin ilk haftası bulantı veya kusma yaşanır mı? ‘Sabah bulantısı’ olarak ifade edilen mide bulantısı hamileliğin ilk haftasında birçok anne adayında görülebilen bir hamilelik belirtisidir. Sabah bulantısına kusma da eşlik ettiğinde kişi hamilelik ihtimalini değerlendirmeye başlayabilir ve kesin sonuç için hamilelik testine başvurmalıdır."
5,positive,Hamileliğin ilk haftasında mide bulantısı olur mu?,4,0.7295325994491577,0.2704674005508423,doc_0065_parent_002_child_001,doc_0065_parent_002,doc_0065,Hamilelik Belirtileri Nelerdir? Gebelikte İlk Belirtiler,https://www.memorial.com.tr/saglik-rehberi/gebelere-yaz-tatili-onerileri,"Memelerde şişkinlik, hassasiyet ve meme uçlarında koyulaşma Hamileliğin erken döneminde başlayan hormonal değişiklikler göğüsleri daha hassas, şiş, dolgun ve ağrılı hale getirir. Meme ucu çevresi ve meme ucu koyulaşır, meme üzerindeki damarlar belirginleşir. Vücut bu hormonal değişikliklere uyum sağlamaya başladığı için yaşanan hassasiyet bir süre sonra azalacaktır. Vajinal akıntıda artış Hamilelikte vajina duvarının genişlemesi beyaz ve şeffaf bir akıntı yaşanmasına sebebiyet verir. Hamilelik süreci ilerledikçe, bu akıntı genellikle daha belirgin hale gelir ve hamileliğinizin sonunda en yoğun halini alır. Kasık ve bel bölgesi krampları Vücut bebeğe kendini hazırlarken, rahimin büyümesi alt karın bölgesinde hafif çekme gibi adet sancısına benzeyen kramplar yaşanmasına neden olur. Bu hafif kramp şeklinde ki ağrılar, bel, karın ve pelvis bölgesinde görülür. Sabah bulantıları ve kusma Sabah bulantıları hamilelikte çok sık görülür. Belirtileri bulantı ve kusma şikayetleridir. Daha çok sabah yaşansa da günün herhangi bir saatinde görülebilir. Hamilelik sırasında mide bulantısının nedeni kesin olarak bilinmese de hamilelik hormonlarının bu durum üzerinde rol oynadığı düşünülmektedir."
5,positive,Hamileliğin ilk haftasında mide bulantısı olur mu?,5,0.7273608446121216,0.2726391553878784,doc_0065_parent_001_child_001,doc_0065_parent_001,doc_0065,Hamilelik Belirtileri Nelerdir? Gebelikte İlk Belirtiler,https://www.memorial.com.tr/saglik-rehberi/gebelere-yaz-tatili-onerileri,"Hamilelik, sperm ve yumurtanın döllenmesi ile fetüs yani bebeğin gelişiminin başladığı, normal şartlarda 9 ay süren bir dönemdir. Anne karnında bebeğin gelişmeye başlaması anne adayında fiziksel bazı belirtilerin gelişmesine neden olur. Her hamilelikte aynı semptomlar yaşanmayabilir ancak genel olarak hamilelikte ortaya çıkan tipik belirtiler söz konusudur. En erken hamilelik belirtisi adet gecikmesidir. Hamileliğin ilk haftalarında sabah bulantısı, alt karın bölgesinde kramp, hazımsızlık, göğüslerde şişme, yorgunluk, bulantı ve kusma, sırt ağrısı, koku hassasiyetinde artış, ruh halinde değişiklik ve sık idrara çıkma gibi belirtiler görülür. - Hamileliğin İlk Haftasında Neler Yaşanır? - Hamilelik Belirtileri Ne Zaman Başlar? - Hamilelik (Gebelik) Belirtileri Nelerdir? - Hamilelikte Görülen Kanama (Lekelenme) Nedir? - Hamilelik Dönemleri Nelerdir? - 1. Trimester (İlk 12 Hafta) - 2. Trimester (13-28. Hafta) - 3 Trimester (29. Hafta -) - Hamilelik Belirtileri Hakkında Sık Sorulan Sorular Hamileliğin İlk Haftasında Neler Yaşanır? Hamileliğin ilk haftası döllenme ve yumurtlama işlemi henüz tamamlanmadığı için bebek oluşmamıştır. Yumurta olgunlaşma sürecindedir."
5,positive,Hamileliğin ilk haftasında mide bulantısı olur mu?,6,0.7101540565490723,0.28984594345092773,doc_0065_parent_003_child_002,doc_0065_parent_003,doc_0065,Hamilelik Belirtileri Nelerdir? Gebelikte İlk Belirtiler,https://www.memorial.com.tr/saglik-rehberi/gebelere-yaz-tatili-onerileri,"Hamilelik ile birlikte hormonlarda yaşanan değişim; adet gecikmesi, hamilelikte mide bulantısı ve kusma, hazımsızlık, baş ağrısı, yorgunluk, sık idrara çıkma, göğüslerde hassasiyet, kokulara karşı artan hassasiyet, kısa süreli alt karın ağrısı ve ruh halinde dalgalanmalar gibi erken hamilelik belirtilerine yol açabilir. Hamilelik nasıl anlaşılır? Erken dönemde görülmeye başlanan hamilelik belirtileri şunlardır: - Adet gecikmesi - Hafif lekelenme (implantasyon kanaması) - Bulantı ve kusma (sabahları daha sık olur) - Memelerde hassasiyet ve şişkinlik - Halsizlik ve uyku hali - Sık idrara çıkma - Bel ve kasık krampları - Koku hassasiyeti - Ruh halinde yaşanan dalgalanmalar - Baş ağrısı Hamileliğin ilk haftası nelere dikkat edilmeli? Hamileliğin ilk haftası aslında son adet gününün ilk günüyle başlamaktadır. Bu süreçte ilk olarak yapılması gereken şey bir kadın hastalıkları ve doğum uzmanına gidilmesidir. Hamilelikte ilk hafta doktor tarafından çeşitli kan testleri, ultrason ve jinekolojik muayene ile geçer. Doktor gebelik planından önce olan bir sorun varsa onun tedavisi yoluna gider. Örneğin bir kadında kansızlık varsa buna uygun tedavi önerilir. İdrar yolu enfeksiyonu varsa bunun çözümü gerçekleştirilir. Gebelik planlaması yapan kadınlar beslenme ve egzersiz gibi düzenlemelerini yapması gerekir."
5,positive,Hamileliğin ilk haftasında mide bulantısı olur mu?,7,0.7059939503669739,0.2940060496330261,doc_0065_parent_005_child_003,doc_0065_parent_005,doc_0065,Hamilelik Belirtileri Nelerdir? Gebelikte İlk Belirtiler,https://www.memorial.com.tr/saglik-rehberi/gebelere-yaz-tatili-onerileri,Gebeliğin oluşmasıyla birlikte vücutta bir takım değişikliklerin olması doğaldır. Hamileliğin ilk haftası akıntı olur mu? Hamileliğin ilk haftasında akıntı görülür. Bu akıntının rengi genellikle berrak veya süt beyazıdır. Hamileliğin ilk haftası mide bulantısı olur mu? Hamileliğin ilk haftası hormonal değişimler nedeniyle mide bulantısı olabilir. Hamileliğin ilk haftası yapılan diyetle cinsiyet belirlenebilir mi? Bir diyet ile bebeğin cinsiyetini ayarlamak mümkün değildir. Hamileliğin ilk haftalarında cinsel ilişki önerilir mi? Hamilelik cinsel hayat için bir engel değildir. Ancak anne adayının düşük ya da erken doğum gibi riskleri varsa bu kısıtlanabilir. Hamileliğin ilk haftası antibiyotik kullanımı olmalı mı? Hamilelik planlandığından itibaren doktorun önermediği hiçbir ilacı kullanmamak gerekir. Trimester nedir? Hamileliğin süresi tıbbi olarak 40 hafta kabul edilmektedir. Gebeliğin her üç aylık bölümlerine de trimester denilmektedir. Hamilelikte ilk hafta birinci trimester içinde yer almaktadır. Hamilelikte sürecinde tükürük salgısı nasıl olur? Hamilelikte sürecinde meydana gelen belirgin semptomların yanında tükürük salgısında da değişim yaşanabilir. Bu süreçte anne adayının tükürüğü daha kalın veya aşırı olur.
5,positive,Hamileliğin ilk haftasında mide bulantısı olur mu?,8,0.6703325510025024,0.32966744899749756,doc_0065_parent_005_child_001,doc_0065_parent_005,doc_0065,Hamilelik Belirtileri Nelerdir? Gebelikte İlk Belirtiler,https://www.memorial.com.tr/saglik-rehberi/gebelere-yaz-tatili-onerileri,"1.haftada görülebilen hamilelik belirtileri şöyledir: - Adet gecikmesi - Mide bulantısı ve kusma - Hafif lekelenme ya da kanama - Vajinal akıntıda artış - Memelerde hassasiyet, şişkinlik ve meme ucu koyulaşması - Sık idrara çıkma - Bel ve kasık ağrısı - Karında hafif kramp - Yorgunluk - Baş ağrısı - Vücut ısısının yükselmesi - Karında şişlik ve gaz - Hafif pelvik ağrısı - Koku duyusunun yükselmesi - Yiyecek isteğinde artış ya da isteksizlik - Agresif ve alıngan bir ruh hali - Ağızda metalik tat Belirtiler hamileliği ortaya koyabilsede bir kişinin hamile olup olmadığını anlamak için en kesin yol gebelik testi yaptırmaktır. 15 günlük hamilelik belirtileri nelerdir? Anne adaylarının ilk 15 gün ile birlikte yaşayabileceği erken hamilelik belirtileri, adet gecikmesi, bulantı ve kusma, alt karın bölgesinde ağrı, ruh halinde değişiklikler, koku hassasiyetinin artması, göğüslerde şişkinlik ve hassasiyet, daha sık idrara çıkma, yorgunluk ve uyuma isteğidir. Hamilelikte mide bulantısı ne zaman başlar? Bazı anne adaylarında mide bulantısı zamanı değişkenlik gösterebildiği gibi genel olarak hamilelikte mide bulantısı hormonal değişimlere bağlı olarak hamileliğin 6 ila 10."
5,positive,Hamileliğin ilk haftasında mide bulantısı olur mu?,9,0.6640700697898865,0.3359299302101135,doc_0065_parent_004_child_002,doc_0065_parent_004,doc_0065,Hamilelik Belirtileri Nelerdir? Gebelikte İlk Belirtiler,https://www.memorial.com.tr/saglik-rehberi/gebelere-yaz-tatili-onerileri,"Sabah bulantısına kusma da eşlik ettiğinde kişi hamilelik ihtimalini değerlendirmeye başlayabilir ve kesin sonuç için hamilelik testine başvurmalıdır. Hamileliğin ilk haftası karın ağrısı yaşanır mı? Adet ağrılarına benzeyen kramplar, hamileliğin erken dönemlerinde ve ilk haftalarında ortaya çıkabilir. Bunlar genellikle hormon değişimleri ve büyüyen rahimden kaynaklanır. Genellikle ilk haftada hafif ağrı ve kramp yaşanırken hamilelik ilerledikçe bu ağrılar daha da şiddetlenebilir. Hamileliğin ilk haftası baş dönmesi yaşanır mı? Hamileliğin ilk haftasında baş dönmesi belirtisi çok yaygın görülen bir belirti değildir ancak bazı kişilerde ortaya çıktığı görülmüştür. Bunun nedeni hem vücuttaki hormonal değişiklikler hem de artan kan hacminizdir. Haftalar ilerledikçe baş dönmesi şikayetleri daha da artabilir. Hamileliğin ilk haftası baş ağrısı yaşanır mı? Hamileliğin ilk haftası hafif baş ağrıları görülebilir ancak bu durum yaygın değildir. Haftalar ilerledikçe baş ağrısı şikayetlerinin daha da artması beklenir. Yüzde yüz hamilelik belirtileri nelerdir? Gebelik belirtileri kadından kadına değişebilir, bir anne adayı aşerme gibi bir belirti yaşarken, bir başka anne adayı o belirtiyi yaşamayabilir. Bu sebeple yüzde yüz hamilelik belirtisi kesin olarak yoktur. Ancak hamile kalan her kadın adet dönemini kaçıracaktır."
5,positive,Hamileliğin ilk haftasında mide bulantısı olur mu?,10,0.6404346227645874,0.3595653772354126,doc_0065_parent_001_child_003,doc_0065_parent_001,doc_0065,Hamilelik Belirtileri Nelerdir? Gebelikte İlk Belirtiler,https://www.memorial.com.tr/saglik-rehberi/gebelere-yaz-tatili-onerileri,"Yumurtlama dönemi , 28 günde 1 adet gününden itibaren 12, 13.günlerde meydana gelmekle birlikte siklus uzunluğu farklı olan kişiler de bulunmaktadır. Hamilelik Belirtileri Ne Zaman Başlar? Hamilelik belirtileri bazı kadınlarda bir veya iki hafta sonra fark edilmeye başlanır. Hamileliğin 1 ve 2. haftaları arasında kan damarlarının implantasyon sonucu parçalanmasıyla birlikte hafif kanama meydana gelebilir. Yerleşme kanaması genelde adet gecikmesi ile birlikte hamileliğin en erken belirtilerinden biridir. Hamilelik belirtilerinin başladığı gebeliğin ilk 1-2 haftası olarak bilinen bu dönem, aslında döllenme süreci de dikkate alındığında hamileliğin 4-6. haftalarına denk gelmektedir. Yumurtanın döllenmesi ile birlikte hamileliğin ilk belirtileri de anne adayı tarafından hissedilmeye başlar. Hamileliğin ilk belirtileri şu semptomlar ile kendini gösterir: Hamilelik (Gebelik) Belirtileri Nelerdir? Hamileliğin ilk haftası ile birlikte göğüslerde hassasiyet, kasık ağrısı, vajinal akıntıda artış, yorgunluk, koku ve tat hassasiyeti, mide bulantısı ve idrar sıklığında artış görülen ilk hamilelik belirtileridir. En net belirtisi ise adet döneminin kaçırılmasıdır. Anne adaylarının gebelik başlangıcı ile birlikte yaşayabileceği en yaygın erken hamilelik belirtileri şunlardır: - Adet döneminin kaçırılması"
6,positive,Rahim iltihabı kısırlığa neden olabilir mi?,1,0.7185533046722412,0.2814466953277588,doc_0439_parent_002_child_002,doc_0439_parent_002,doc_0439,Rahim İltihabı,https://www.memorial.com.tr/saglik-rehberi/rahim-iltihabi,Tam kan ve idrar tahlili de rahim iltihabı teşhisinde kullanılan tetkiklerin arasındadır. Rahim iltihabı Böbrek Ağrısı Yapar mı? Rahim iltihabında enfeksiyon karın zarına yayılmışsa hastalarda böbrek ağrısı yaşanabilmektedir. Rahim İltihabı Cinsel İsteksizlik Yapar mı? Rahim iltihabının yapışıklık yaptığı durumlarda ağrı yaşanabilmektedir. Yaşanan ağrı da cinsel isteksizliğe yol açabilmektedir. Rahim İltihabı Düşüğe Neden olur mu? Rahim iltihabı rahim içinde yapışıklık yapmış ise düşüğe sebep olabilir. Rahim Filminde İltihap Belli Olur mu? Rahim filmi iltihap var iken çekilmez. İltihabı yayabilir. İltihabın yapmış olduğu sekel rahim filminde gözükebilir. Rahim İltihabı Kendiliğinden Geçer mi? Rahim iltihabı hafif düzeyde ise kendiliğinden geçebilmektedir. Ancak ileri düzeydeki iltihap için tedavi şarttır. Tedavi edilmez ise sepsis gelişebilir. Rahim İltihabı Kasık Ağrısı Yapar mı? Rahim iltihabı makata doğru vuran kasık ağrısı yapabilir. Rahim İltihabı Kısırlık Yapar mı? Rahim iltihabı rahim içini ve tüpleri etkilemiş ise kısırlığa sebep olabilir. Rahim İltihabı Koku Yapar mı? Rahim iltihabı vajinal akıntı ile birlikte ise koku olabilmektedir.
6,positive,Rahim iltihabı kısırlığa neden olabilir mi?,2,0.7183257341384888,0.28167426586151123,doc_0439_parent_002_child_003,doc_0439_parent_002,doc_0439,Rahim İltihabı,https://www.memorial.com.tr/saglik-rehberi/rahim-iltihabi,Rahim İltihabı Koku Yapar mı? Rahim iltihabı vajinal akıntı ile birlikte ise koku olabilmektedir. Rahim İltihabı Muayenesi Nasıl Yapılır? Rahim iltihabının muayenesi jinekolojik muayene şeklinde olmaktadır. Rahim İltihabı Ultrasonda Belli olur mu? İltihap seviyesinde ise ultrason yardımcı olmamaktadır. Ancak apse gelişmiş ise yardımcı olabilir. Rahim İltihabı Sivilce Yapar mı? Rahim iltihabı sivilceye neden olmamaktadır. Rahim İltihabı Kanama Yapar mı? Rahim iltihabı; - Adet düzensizliği - Adet azlığı - Aşırı kanamaya sebep olabilir.
6,positive,Rahim iltihabı kısırlığa neden olabilir mi?,3,0.7067842483520508,0.2932157516479492,doc_0439_parent_001_child_004,doc_0439_parent_001,doc_0439,Rahim İltihabı,https://www.memorial.com.tr/saglik-rehberi/rahim-iltihabi,"Rahim iltihabının tedavisi antibiyotik ve ilaç tedavisidir. Ancak yaşanan semptomları azaltmak için evde yapılabilecek bazı önlemler bulunmaktadır. Antibiyotik tedavisine destek olmak için anti enflematuar bitkiler kullanılabilir. Sarımsak, Ekinezya, Kuşburnu, Civanperçemi ve Altın Mühür tüketmek rahim iltihabı tedavisine katkı sağlayabilir. Bunun yanı sıra sıcak veya soğuk kuşburnu çayı tüketmek rahim iltihabı tedavisinde fark yaratabilir. Hint yağı, zerdeçal, yeşil yapraklı sebzeler, brokoli, kereviz, yaban mersini, somon, zencefil , chia tohumları kullanılan ilaçlara doğal katkı olarak tüketilebilir. Rahim İltihabı Risk Faktörleri Nelerdir? - Rahim iltihabını artıran risk faktörleri şu şekilde sıralanabilir; - Düşük, sezaryen veya uzun bir doğum süreci rahim iltihabı riskini artırabilir. - Rahim ağzından rahim içine girmeyi içeren tıbbi işlemler rahim iltihabı bakımından risklidir. - Rahim içi araç ( spiral ) kullanımı - Erken yaşta cinsel yaşam - Birden fazla cinsel partnere sahip olmak veya birden fazla cinsel partneri olan kişilerle olmak. - Korunmasız cinsel ilişki - Düzenli olarak vajinal duş rahim iltihabı riskini artırabilir."
6,positive,Rahim iltihabı kısırlığa neden olabilir mi?,4,0.6484516263008118,0.35154837369918823,doc_0439_parent_001_child_002,doc_0439_parent_001,doc_0439,Rahim İltihabı,https://www.memorial.com.tr/saglik-rehberi/rahim-iltihabi,"- Ağrılı, sık veya zor idrara çıkma bazen rahim iltihabı belirtisi olabilmektedir. - Nadir de olsa kabızlık, karında şişkinlik gibi şikayetler rahim iltihabı belirtisi olabilir. Rahim iltihabı nedenleri nelerdir? Rahim iltihabı veya rahim zarının iltihaplanması yani endometrit farklı nedenlerle ortaya çıkabilir. Serviks yani rahmin vajinaya bağlanan boyun şeklindeki kısım bakterilere karşı genellikle rahmi korumaktadır. Ancak bazı durumlarda bakteriler serviksi aşarak rahim iltihabına neden olabilmektedir. Rahim iltihabı nedenleri şu şekilde sıralanmaktadır. - Cinsel yolla bulaşan halk arasında bel soğukluğu olarak bilinen Gonore bakterisinin yol açtığı enfeksiyon rahim iltihabının nedenleri arasında en sık görülenidir. - Cinsel yolla bulaşan bir başka enfeksiyon olan Klimidya enfeksiyonu da rahim iltihabı nedenleri arasındadır. - Rahim iltihabı nedeni daha çok cinsel yolla bulaşan hastalıklar olmakla beraber bazen düşük, kürtaj, adet dönemi gibi durumlar rahim ağzını oluşturan normal bariyerin bozulması da rahim iltihabı nedeni olabilmektedir. - Nadir olarak rahim içi cerrahi veya rahim içinin görüntülenmesi için kullanılan cihazlarda rahim iltihabı nedeni olabilir. - Tüberküloz Rahim iltihabı teşhisi nasıl yapılır?"
6,positive,Rahim iltihabı kısırlığa neden olabilir mi?,5,0.6422045230865479,0.35779547691345215,doc_0439_parent_001_child_001,doc_0439_parent_001,doc_0439,Rahim İltihabı,https://www.memorial.com.tr/saglik-rehberi/rahim-iltihabi,"Halk arasında rahim iltihabı olarak bilinen Pelvik enfeksiyonu kadınlarda sık görülen rahatsızlıkların arasındadır. Rahim iltihabı nedir? Rahim iltihabı kadın üreme organının enfeksiyonu olarak tanımlanmaktadır. En sık olarak cinsel yolla bulaşan bakterilerin vajinadan rahime yumurtalıkları rahme bağlayan iki uzun ince tüp olan fallop tüplerine veya yumurtalıkla yayılmasıyla ortaya çıkar. Rahim zarının iltihaplanmasıyla ortaya çıkan durum ise endometrit olarak tanımlanır. Rahim iltihabı belirtileri nelerdir? Rahim iltihabı bazen hiç belirti göstermeden ya da çok hafif belirtilerle ilerleyebilir. Rahim iltihabı belirtileri genellikle şu şekildedir; - Karnın alt bölgesi ve kasıklarda ağrı rahim iltihabı belirtisi olabilir. Ağrı bazen hafif bazen şiddetli yaşanabilmektedir. - Kötü kokulu vajinal akıntı rahim iltihabı belirtileri arasındadır. - Cinsel ilişki veya cinsel ilişki sonrası kanama , adet dışı kanamalar rahim iltihabı belirtiler arasındadır. - Cinsel ilişki sırasında ağrı farklı rahatsızlıkların da işareti olabileceği gibi rahim iltihabı belirtisi de olabilmektedir. - Yüksek ateş veya kusma rahim iltihabı belirtileri arasındadır. - Ağrılı, sık veya zor idrara çıkma bazen rahim iltihabı belirtisi olabilmektedir."
6,positive,Rahim iltihabı kısırlığa neden olabilir mi?,6,0.6421455144882202,0.3578544855117798,doc_0439_parent_001_child_003,doc_0439_parent_001,doc_0439,Rahim İltihabı,https://www.memorial.com.tr/saglik-rehberi/rahim-iltihabi,- Tüberküloz Rahim iltihabı teşhisi nasıl yapılır? Kadın hastalıkları ve doğum uzmanı bir doktorun yapacağı muayene ile birlikte rahim iltihabı teşhisi için bazı tetkikler gerekebilmektedir. - Smear testi - Kolposkopi - Cinsel yolla bulaşan hastalıkların varlığını belirlemek için rahim ağzından örnekler anılarak laboratuvarda incelenebilir. - Kan ve idrar testleri - Ultrason Rahim iltihabı tedavisi nasıl yapılır? Rahim iltihabı veya rahim zarının iltihaplanmasıyla ortaya çıkan endometrit tedavisi ilaçtır. Kadın hastalıkları ve doğum doktorunun muayenesi ve teşhisinin ardından hastanın durumuna uygun görülen antibiyotik tedavisi kullanılır. Hastanın durumuna göre rahim iltihabının tedavisinde bir veya birden fazla ilaç kullanılabilir. Hastanın ilaç kullanımından birkaç gün sonra kendisini iyi hissetmesi durumunda bile antibiyotik tedavisi yarım bırakılmamalıdır. Bazı durumlarda hastanın partnerinin de tedavi edilmesi gerekebilir. Hastanın partnerinin herhangi bir şikayeti olmasa bile tedavi olması gerekebilmektedir. Rahim iltihabı tedavisi devam ettiği sürece cinsel ilişkiden uzak durulmalıdır. Hamile veya ilaç tedavisine rağmen durumunda düzelmeye görülmeyen hastaların hastanede yatırılmaları gerekebilir. Rahim iltihabi hakkında sık sorulan sorular Rahim İltihabı Bitkisel Tedavisi Var mıdır? Rahim iltihabının tedavisi antibiyotik ve ilaç tedavisidir.
6,positive,Rahim iltihabı kısırlığa neden olabilir mi?,7,0.628400444984436,0.37159955501556396,doc_0439_parent_002_child_001,doc_0439_parent_002,doc_0439,Rahim İltihabı,https://www.memorial.com.tr/saglik-rehberi/rahim-iltihabi,"- Halk arasında dış gebelik olarak bilinen ektopik gebelik riski artabilir. - Kronik pelvik ağrı - Yumurtalık apsesi - Kan dolaşım enfeksiyon septisemi ve septik şoka neden olabilir. Rahim İltihabı Adet Düzensizliği Yapar mı? Adet düzensizliği ve adet gecikmesi birçok nedeni bulunmaktadır. Rahim iltihabı, endometrit veya Endometriozis gibi rahatsızlıklar adet düzensizliğine neden olabilmektedir. Rahim İltihabı Ameliyatı Var mıdır? Rahim iltihabının genel olarak tedavisi ilaç ve antibiyotiktir . Rahim iltihabında ameliyat şu durumlarda yapılabilir; . - İltihabın bulunduğu apsenin patlama ihtimali varsa cerrahi işlemle apse boşaltılabilir. - Doğumdan veya düşükten sonra rahimde kalan doku nedeniyle rahim iltihabı gerçekleşmişse ameliyat tercih edilebilir. Rahim İltihabı Bacak Ağrısı Yapar mı? Rahim iltihabının belirtileri arasında pelvik ağrı ilk sıralarda bulunmaktadır. Bazı durumlarda karın alt bölgesinde yaşanan ağrı yayılarak bacaklarda da görülebilmektedir. Rahim İltihabı İdrar Tahlilinde Çıkar mı? Rahim iltihabı teşhisinde kadın hastalıkları ve doğum uzmanı doktorun muayenesi önemlidir. Muayeneye ek olarak teşhisi netleştirmek için tetkikler istenebilir. Tam kan ve idrar tahlili de rahim iltihabı teşhisinde kullanılan tetkiklerin arasındadır."
6,positive,Rahim iltihabı kısırlığa neden olabilir mi?,8,0.5887464284896851,0.41125357151031494,doc_0439_parent_001_child_005,doc_0439_parent_001,doc_0439,Rahim İltihabı,https://www.memorial.com.tr/saglik-rehberi/rahim-iltihabi,- Korunmasız cinsel ilişki - Düzenli olarak vajinal duş rahim iltihabı riskini artırabilir. Rahim İltihabı Tedavi Edilmezse Ne Olur? Rahim iltihabının tedavi edilmediği durumlarda bazı komplikasyonlar oluşabilir. Oluşabilecek komplikasyonlar şunlardır; - Üreme organlarının zarar görmesi sonucu kısırlık oluşabilir.
6,positive,Rahim iltihabı kısırlığa neden olabilir mi?,9,0.5324782729148865,0.4675217270851135,doc_0443_parent_001_child_002,doc_0443_parent_001,doc_0443,Geçmeyen Bel ve Bacak Ağrısının Nedeni Rahim Sarkması Olabilir,https://www.memorial.com.tr/saglik-rehberi/gecmeyen-bel-ve-bacak-agrisinin-nedeni-rahim-sarkmasi-olabilir,"Rahim veya idrar torbası sarkması cerrahi ile tedavi edilmekte, bunların % 30’u için de çoğu zaman tekrarlayan operasyonlar gerekmektedir. Kapalı yöntemle yapılan ameliyatlar daha konforlu İdrar torbası sarkması ameliyatının kesinlikle ertelenmemesi gerekmektedir. Çünkü yaş ilerledikçe o bölgenin dokuları da yaşlanacağından, sarkmalar daha da artmaktadır. Ayrıca yaşa bağlı olarak ortaya çıkacak ek hastalıklar nedeniyle ameliyatlarda risk düzeyi yükselmektedir. Rahim sarkması ameliyatları günümüzde lokal anestezi altında yapılabilmektedir. Ortalama 15 dakika süren ameliyat sonucunda, hasta aynı gün evine dönebilmektedir. Bu ameliyatlar kapalı yöntemle yapılarak rahim korunmaktadır. Rahimin alınmadığı kapalı yöntemle yapılan ameliyatlarda sarkmanın tekrarlanmadığı görülmektedir. Bu ameliyatlardan sonra geçmeyen bel ve bacak ağrısı olan kadınların şikayetlerinin dramatik olarak iyileştiği belirlenmekte, hayat kalitesi yükselmektedir. İdrar kaçırmanın nedenleri ek hastalıklar olabilir Sarkma ameliyatları, vajinal daraltma ameliyatlarıyla beraber de yapılabilmektedir. Özellikle 5’den fazla doğum yapan ve zor doğum öyküsü olan kadınlarda vajinal yırtıklara bağlı şikayetler olabilmektedir. Bu kadınların cinsel hayatları olumsuz bir şekilde etkilenebilmektedir. Öte yandan, bu ameliyatlar idrar torbası sarkması olan hastalarda ise tedaviye yönelik gerçekleştirilmektedir. Diyabet, enfeksiyon, nadiren idrar yolu veya torbasında kanser oluşumu gibi ek hastalıklar, idrar kaçırmanın nedeni olabilmektedir."
6,positive,Rahim iltihabı kısırlığa neden olabilir mi?,10,0.4905531406402588,0.5094468593597412,doc_0272_parent_001_child_005,doc_0272_parent_001,doc_0272,D Vitamini Eksikliği Belirtileri Nelerdir? D Vitamini Nelerde Var?,https://www.memorial.com.tr/saglik-rehberi/d-vitamini-eksikligi-belirtileri-nelerdir-d-vitamini-nelerde-var,"Raşitizm, D vitamini eksikliğinden dolayı kemiklerin yumuşaması ve zayıflaması anlamına gelir. Bu hastalık, bacaklarda eğrilik, el ve ayak bileklerinde kalınlaşma, büyüme geriliği, göğüs kemiği deformitesi gibi kemik yapısında kalıcı bozukluklara neden olabilmektedir. D vitamini eksikliğinde kemik erimesiyle birlikte kemik ağrısı görülebilmekte ve bu tüm vücutta hissedilebilmektedir. İlerleyen zamanlarda halsizlik de bu ağrılara eşlik edebilir. Kemiklerin güçlendirilmesi için omega-3, kalsiyum, magnezyum, potasyum ve D vitamini içeren besinler tüketilmelidir."
7,positive,Multipl miyelom kemik iliği kanseri midir?,1,0.7936666011810303,0.20633339881896973,doc_0322_parent_001_child_001,doc_0322_parent_001,doc_0322,Multipl Miyelom nedir? Tedavi yöntemleri nelerdir?,https://www.memorial.com.tr/hastaliklar/multipl-miyelom-nedir,"Giderek artan bir kemik iliği kanser türü olan Multipl miyelom, kemik iliğinde anormal bir plazma hücresinin gelişmesi ve hızla çoğalması ile meydana geliyor. Sebebi henüz kesin olarak bilinmeyen multipl miyelom riski daha çok ilerleyen yaşlarda ortaya çıkıyor. Erkeklerde kadınlardan daha sık görülen multipl miyelom; hedefe yönelik tedaviler, kemoterapi ve kemik iliği nakli ile tedavi edilebiliyor. Memorial Şişli Hastanesi Hematoloji Bölümü’nden Doç. Dr. Şebnem İzmir Güler, multipl miyelom kanseri belirtileri, teşhis ve tedavi yöntemleri hakkında bilgi verdi. Multipl miyelom nedir? Multipl miyelom, vücudun enfeksiyonlarla savaşmasına yardımcı olan kemik iliğinde protein üreten plazma hücrelerini etkileyen bir kanser türüdür. Hastalık genellikle omurga, kafatası, pelvis (leğen kemiği) , göğüs kafesi, omuzlar ve kalçalar çevrelerini tuttuğu için multiple miyelom olarak adlandırılmıştır. Plazma hücreleri, kan hücreleri üreten kemik iliğinde bulunan bir tür beyaz kan hücresidir. Sağlıklı plazma hücreleri antikor üreterek vücudumuzu hastalıklar ve enfeksiyonlara karşı korur. Kemik iliğindeki anormal bir plazma hücresinin gelişmesi ve hızlı bir şekilde çoğalması ise multipl miyelom kanserine neden olur."
7,positive,Multipl miyelom kemik iliği kanseri midir?,2,0.7850086092948914,0.21499139070510864,doc_0172_parent_001_child_001,doc_0172_parent_001,doc_0172,Miyelom Tedavisinde Umut Verici Gelişmeler,https://www.memorial.com.tr/saglik-rehberi/miyelom-tedavisinde-umut-verici-gelismeler,"Kemik ağrıları, kansızlık, halsizlik veya akciğer enfeksiyonu, sessizce ilerleyip hayati tehlikeye neden olan Multıpl Miyelom hastalığına işaret ediyor olabilir. Memorial Şişli Hastanesi Hematoloji Bölümü Uzmanları, dünyada en sık gözlenen kötü huylu kan hastalıkları arasında ikinci sırada yer alan Multipl Miyelom ve tedavisi hakkında bilgi verdi. Kemik ağrıları, kansızlık, halsizlik veya akciğer enfeksiyonu, sessizce ilerleyip hayati tehlikeye neden olan Multıpl Miyelom hastalığına işaret ediyor olabilir. Memorial Şişli Hastanesi Hematoloji Bölümü Uzmanları, dünyada en sık gözlenen kötü huylu kan hastalıkları arasında ikinci sırada yer alan Multipl Miyelom ve tedavisi hakkında bilgi verdi. - Miyelom felç ve böbrek yetmezliğine götürebiliyor - Teşhiste geç kalınması tedaviyi güçleştirir - Yüksek doz tedavi ve otolog kök hücre nakli tedavide başarı sağlıyor - Hastaların yaşam süresi uzuyor Miyelom felç ve böbrek yetmezliğine götürebiliyor Multipl Miyelom, plazma hücrelerinin kemik iliğinde kontrol dışı artışından kaynaklanan habis yani kötü karakterli bir hastalıktır. Plazma hücreleri, beyaz kan hücrelerinin bir alt grubunu oluşturur, görevleri “antikor” denilen, vücudu mikroplara karşı koruyan proteinleri üretmektir."
7,positive,Multipl miyelom kemik iliği kanseri midir?,3,0.7378133535385132,0.2621866464614868,doc_0172_parent_001_child_002,doc_0172_parent_001,doc_0172,Miyelom Tedavisinde Umut Verici Gelişmeler,https://www.memorial.com.tr/saglik-rehberi/miyelom-tedavisinde-umut-verici-gelismeler,"Plazma hücreleri, beyaz kan hücrelerinin bir alt grubunu oluşturur, görevleri “antikor” denilen, vücudu mikroplara karşı koruyan proteinleri üretmektir. Multipl Miyelom, görüldüğü sıklık açısından habis kan hastalıkları arasında, “lenfoma” denilen lenf bezi hastalıklarından sonra ikinci sırayı alır. Bu hastalık, kemiklere hasar verip, ağrılara, kırıklara hatta felce yol açabilir. Bunun ötesinde Multipl Miyelom, böbrek yetmezliğine ve bağışıklık sistemindeki bozukluklara sebep olabilmektedir. Bu da vücudu mikroplara karşı savunmasız hale getirmektedir. Teşhiste geç kalınması tedaviyi güçleştirir Multipl Miyelom, kanda yüksek sedimantasyon değeri, kansızlık, kemik ağrıları, enfeksiyon gibi belirtilerle kendini gösterir. Hastalığın tanısını koymak için, kan ve idrarda bazı özel biyokimyasal araştırmaların yapılması gerekir. Bu tahliller Miyelom söz konusu olduğu veya olabileceği yolunda ise, kemiklerin durumunu ve kemik iliğindeki hücreleri de incelemek gerekir. Yüksek doz tedavi ve otolog kök hücre nakli tedavide başarı sağlıyor Multipl Miyelom, dünyada en çok kök hücre transplantasyonu, yani kemik iliği nakli yapılan hastalıktır. Eskiden kök hücreler kemik iliğinden alınırken, artık bu yöntem gittikçe bırakılmış, yalnızca adı kalmıştır."
7,positive,Multipl miyelom kemik iliği kanseri midir?,4,0.7309240698814392,0.2690759301185608,doc_0322_parent_003_child_002,doc_0322_parent_003,doc_0322,Multipl Miyelom nedir? Tedavi yöntemleri nelerdir?,https://www.memorial.com.tr/hastaliklar/multipl-miyelom-nedir,"Multipl miyelom ölüm riski nedir? Her Kanserden olduğu gibi multipl miyolem de tedavi edilmezse ölüm riski yüksektir. Multipl miyelom hastası ne kadar yasar? Multipl miyelom hastaları yeni geliştirilen kemoterapik ilaçlar sayesinde daha uzun yaşayabilir. Multipl miyelom genetik bir hastalık mıdır? Ailesinde multipl miyelom hastalığı olan kişi bu hastalık konusunda daha fazla risk altındadır. Ancak bu hastalığın genetik bir hastalık olmadığı düşünülmektedir. Multipl miyelom hastası nasıl beslenmeli? Multipl miyelon hastaları beslenme programlarını tedaviyi yürüten doktor kontrolünde yapmalıdır. Doktorunun önereceği şekilde protein ağırlıklı beslenmelidir. Multipl miyelom kanser mi? Multipl miyelom olarak da bilinen miyelom, plazma hücrelerinden kaynaklanan bir kemik iliği kanseridir. Multipl miyelom hastalığının bitkisel tedavisi var mı? Bilimsel makalelerde zencefilin kemoterapi tedavisi gören multipl miyelom hastalarına iyi geldiğini belirten yazılar mevcuttur. Multipl miyelom kemoterapi görür mü? Diğer kanser türlerinde olduğu gibi multipl miyelom kanserinde de damardan ya da hap şeklinde verilen kemoterapi tedavisi uygulanır. Multipl miyelom hastasının tedavi şansı nedir? Multipl miyelom kanserinin ilerlemesi ve hastalığın yayılmaması için uygulanan tedavi yöntemlerinden başarılı bir şekilde sonuçlar alınabilmektedir"
7,positive,Multipl miyelom kemik iliği kanseri midir?,5,0.7280600070953369,0.2719399929046631,doc_0322_parent_001_child_002,doc_0322_parent_001,doc_0322,Multipl Miyelom nedir? Tedavi yöntemleri nelerdir?,https://www.memorial.com.tr/hastaliklar/multipl-miyelom-nedir,"Kemik iliğindeki anormal bir plazma hücresinin gelişmesi ve hızlı bir şekilde çoğalması ise multipl miyelom kanserine neden olur. Sağlıklı kan hücreleri gibi kanserli hücreler de antikor üretmeye çalışır. Bununla birlikte, yalnızca monoklonal proteinler veya M proteinleri adı verilen anormal antikorlar üretebilirler. Bu zararlı antikorlar vücutta biriktiğinde böbrek hasarına ve diğer ciddi sorunlara yol açabilir. Multipl miyelomun nedenleri nedir? Multipl miyelom kanserinin neden oluştuğu henüz kesin olarak bilinmemektedir. Ancak kanserin kemik iliğinde olması gerekenden çok daha fazla hızla çoğalan bir anormal plazma hücresiyle oluştuğu bilinmektedir. Normal bir yaşam döngüsü olmayan miyelom hücreleri süresiz olarak bölünmeye devam ederler. Bu durumda sağlıklı hücrelerin üretimini bozabilir. Multipl miyelom kimlerde görülür? Multipl miyelom kanserinin kesin nedeni bilinmemektedir. Ancak kimlerin risk altında olduğu bilinmektedir. İlerleyen yaş multipl miyelom geliştirme riskini artırmaktadır. Multipl miyelom genellikle 60 yaş üzerindeki kişilerde görülürken 35 yaşın altında nadir de olsa görülmektedir. Multipl miyelom riski taşıyan şunlardır: - Yaş: Multipl miyelom çoğunlukla 60 yaş üzerindeki kişilerde görülür. Bu nedenle ilerleyen yaş multipl miyelom riskini artırmaktadır."
7,positive,Multipl miyelom kemik iliği kanseri midir?,6,0.7165695428848267,0.28343045711517334,doc_0322_parent_003_child_004,doc_0322_parent_003,doc_0322,Multipl Miyelom nedir? Tedavi yöntemleri nelerdir?,https://www.memorial.com.tr/hastaliklar/multipl-miyelom-nedir,Multipl miyelom hastalığı daha çok hangi yaşta ortaya çıkar? Multipl miyelom nadir görülen bir kanser türüdür. Genellikle 60 yaş üzerinde görülen hastalık 35 yaş altındaki kişilerde de nadir olarak görülebilir. Multipl miyelom hastalığı bulaşıcı bir hastalık mıdır? Multipl miyelom bulaşıcı bir hastalık değildir. Multipl miyelom hastalığı hangi doktor tarafından tedavi edilir? Multipl miyelom hastaları hematoloji uzmanları tarafından tedavi edilir. Multipl miyelom hastalığı d vitamini alınarak önlenebilir mi? Multipl miyelom hastalığı d vitamini alınarak önlenemez. Multipl miyelom böbrek yetmezliğine neden olur mu? Multipl miyelom Evre III’de böbrek yetmezliğine neden olabilir. Multipl miyelom tahlil sonuçları ne zaman çıkar? Multipl miyelom tahlil çeşitleri fazladır. Bu nedenle her tahlilinin sonuçlanması farklı sürelerde olur. Multipl Miyelom kan ve idrar testinde belli olur mu? Multipl miyelom hastalığı bazen rutin bir kan ve idrar tahlilinde belli olur. Multipl miyelom kemik iliği kanseri midir? Multipl miyelom sıklığı giderek artan bir kemik iliği kanseri türüdür.
7,positive,Multipl miyelom kemik iliği kanseri midir?,7,0.7019413113594055,0.2980586886405945,doc_0322_parent_001_child_004,doc_0322_parent_001,doc_0322,Multipl Miyelom nedir? Tedavi yöntemleri nelerdir?,https://www.memorial.com.tr/hastaliklar/multipl-miyelom-nedir,Ailede multipl miyelom öyküsü: Multipl miyelom belirtileri nelerdir? Multipl miyelomun herhangi bir belirti vermeden ilerleyebilir. Hastalığın belirtileri kişiye göre değişiklik gösterebilir. Multipl miyelomun belirtileri şöyle sıralanabilir: - Kemik ağrısı( Genellikle sırt ve kaburgalarda) - Kemik kırıkları( Genellikle omurgada) - Halsiz ve çok yorgun hissetmek - Çok susamış hissetmek - Sık enfeksiyon geçirme - Ateş - İştah kaybı - Kilo kaybı - Bulantı - Kabızlık - Sık idrara çıkma Multipl miyelomun evre belirtileri nelerdir? Multipl miyelom şüphesiyle gelen hastaya çeşitli tetkikler yapılmaktadır. Biyopsisinde multipl miyelom çıkan hastanın doktoruyla birlikte tedavi planlaması yapması gerekmektedir. Hastalığın yayılım derecesi(evre) ekstra tetkikler yapılması gerekmektedir. Multipl miyelom kanserinin kesin tanısı için yapılan tetkikler şunlardır: - Kan testleri: Multipl miyelom kanseri evrelerinin belirlenmesi için albümin ve beta-2-mikroglobulin gibi kan testlerinin yapılması gerekir. Kan testleri: - BT taraması: Kemiklerin detaylı resimleri bilgisayara bağlı x-ray cihazı ile çekilir. BT taraması: - MRI: Kemiklerinizin detaylı resimlerini oluşturmak için bilgisayara bağlı güçlü bir mıknatıs kullanılır.
7,positive,Multipl miyelom kemik iliği kanseri midir?,8,0.6890202760696411,0.3109797239303589,doc_0322_parent_003_child_003,doc_0322_parent_003,doc_0322,Multipl Miyelom nedir? Tedavi yöntemleri nelerdir?,https://www.memorial.com.tr/hastaliklar/multipl-miyelom-nedir,"Multipl miyelom hastasının tedavi şansı nedir? Multipl miyelom kanserinin ilerlemesi ve hastalığın yayılmaması için uygulanan tedavi yöntemlerinden başarılı bir şekilde sonuçlar alınabilmektedir Multipl miyelom kemik iliği nakli yapılır mı? Multipl miyelom hastalarına otolog kemik iliği nakli yapılmaktadır. Multipl miyelom kemik iliği nakli sonrası yaşamı nasıldır? Multipl miyelom hastalarına Otolog kemik iliği nakli yapıldıktan yaklaşık 6 ay sonra normal hayatına dönebilir. Multipl miyelom hastasına kök hücre nakli yapılır mı? Multipl miyelom hastalarına Otolog kemik iliği nakli yapılmaktadır. Multipl miyelom metastaz yapar mı? Multipl miyelom daha çok kemiklere metastaz yapar. Multipl miyelom hastalığı erkeklerde mi yoksa kadınlarda mı çok görülür? Multipl miyelom erkeklerde kadınlara göre daha sık görülür. Multipl miyelom hastası bir kadın hamile kalabilir mi, kalırsa kendisi ve bebek için risk var mı? Multipl miyelom hastası bir kadın hamile kalabilir. Ancak hastalığının kontrol altında olması ve kemoterapi almıyor olması gerekir. Multipl miyelom hastalığı ülkemizde en sık nerelerde görülür? Multipl miyelomun ülkemizde ne kadar görüldüğünü gösteren bir istatistik bilgi mevcut değil. Multipl miyelom hastalığı daha çok hangi yaşta ortaya çıkar? Multipl miyelom nadir görülen bir kanser türüdür."
7,positive,Multipl miyelom kemik iliği kanseri midir?,9,0.6875506043434143,0.3124493956565857,doc_0322_parent_003_child_001,doc_0322_parent_003,doc_0322,Multipl Miyelom nedir? Tedavi yöntemleri nelerdir?,https://www.memorial.com.tr/hastaliklar/multipl-miyelom-nedir,"Kemoterapi: Kortikosteroidler: Vücuttaki iltihabı azaltarak bağışıklık sistemini dengelemek ve miyelom hücrelerini tedavi etmek için hap şeklinde ya da damardan verilen bir tedavi türüdür. Kortikosteroidler: Radyasyon tedavisi: Miyelom hücrelerinin büyümelerini durdurmak, küçültmek ve yok etmek için güçlü radyasyon enerji ve ışınları kullanılır. Radyasyon tedavisi: Otolog kemik iliği nakli : Hastalıklı kemik iliği tedavi edildikten sonra hastanın kendisinden kök hücre toplanıp.Ardından da yüksek doz kemoterapi verilip hastaya toplanan kök hücresi geri verilir. Böylece kök hücreler vücudunuza aşılanabilir, burada kemiklere taşınırlar ve kemik iliğini yeniden oluşturmaya başlarlar.Buna Otolog Kemik iliği nakli adı verilir. Otolog kemik iliği nakli Multipl miyelomdan korunmak için neler yapmak gerekir? Multipl miyelom kanserinin kesin nedeni bilinmediği için hastalıktan korunma şeklide bilinmemektedir. Multipl miyelom hakkında sık sorulan sorular Multipl miyelom hastalığı erken teşhis edilebilir mi? Multipl miyelom kanseri ilerleyen tıbbı teknolojik imkanlarla günümüzde erken teşhis edilebilmektedir. Multipl miyelom ölüm riski nedir? Her Kanserden olduğu gibi multipl miyolem de tedavi edilmezse ölüm riski yüksektir."
7,positive,Multipl miyelom kemik iliği kanseri midir?,10,0.6794398427009583,0.32056015729904175,doc_0322_parent_002_child_004,doc_0322_parent_002,doc_0322,Multipl Miyelom nedir? Tedavi yöntemleri nelerdir?,https://www.memorial.com.tr/hastaliklar/multipl-miyelom-nedir,"Kemik iliği biyopsisi : Doktor ufak bir kemik parçası ve kemik iliği çıkarmak için daha kalın, içi delik bir iğne kullanır. - Kemik iliği aspirasyonu : Doktor kemik iliği örneği almak için kalın, içi delik bir iğne kullanır. Kemik iliği aspirasyonu - Kemik iliği biyopsisi : Doktor ufak bir kemik parçası ve kemik iliği çıkarmak için daha kalın, içi delik bir iğne kullanır. Kemik iliği biyopsisi Multipl miyelomun tedavi yöntemleri nelerdir? Multipl miyelom hastasıysanız ve herhangi bir belirti yaşamıyorsanız, doktorunuz tedavi başlatmadan önce hastalığın ilerleyip ilerlemediğini yakından takip eder. Düzenli bir şekilde kan ve idrar testleri yapılarak hastalığın seyri takip edilerek tedavi sürecine karar verilir. Hastanın ağrılarını hafifletmek, komplikasyonları azaltmak ve hastalığın ilerlemesini yavaşlatmak için yardımcı olabilecek tedavileri vardır. Bu tedaviler de hastalığın ilerlemesi durumunda kullanılmaktadır. Multipl miyelom tedavisinde yaygın olarak kullanılan tedavi seçenekleri şunlardır: Hedefe yönelik tedavi: Multipl miyelom tedavisinde kullanılan hedefe yönelik tedavi ile hastaya damardan ya da hap şeklinde verilen ilaçlarla miyelom hücrelerindeki proteinleri yok ederek kanser hücrelerinin ölmesi sağlanır."
8,positive,Egzama nedir ve en sık görülen belirtileri nelerdir?,1,0.7763261795043945,0.22367382049560547,doc_0299_parent_001_child_001,doc_0299_parent_001,doc_0299,"Egzama Nedir, Ne İyi Gelir? Egzama Nedenleri ve Belirtileri",https://www.memorial.com.tr/hastaliklar/egzama-nedir-egzama-nasil-gecer,"Egzama, ciltte döküntü, cilt kuruluğu ve kaşıntıya neden olan kalıtsal ve kronik inflamatuar cilt rahatsızlığıdır. En sık görülen türü atopik dermatittir. Dirsek kıvrımları, dizlerin arkası ve bilekler belirtilerin en yaygın görüldüğü yerlerdir. Cilt kuruluğu, çatlama, kabarıklık ve şişlik, ciltte kaşıntı ve pullu deri döküntüsü egzamanın en tipik belirtileridir. Tahriş edici veya alerjenle temas edildiğinde egzama belirtileri daha da şiddetlenebilir. Semptomları iyileştirmeye yardımcı olacak tedaviler mevcuttur ancak egzamanın kesin bir tedavisi yoktur. - Egzama Nedir? - Egzama Neden Olur? - Egzama Çeşitleri Nelerdir? - Egzama Belirtileri Nelerdir? - Egzama Teşhisi Nasıl Yapılır? - Egzama Tedavisi Nasıl Yapılır? Egzama Nasıl Geçer ve Egzamaya Ne İyi Gelir? - Egzamadan Korunmak İçin Neler Yapılmalıdır? - Egzama Hakkında Sık Sorulan Sorular Egzama Nedir? Egzama, pullu, kızarık görünen, kabuklu ve sertleşen veziküler lezyonlar yan ısıra kaşıntıya neden olan inflamatuar cilt rahatsızlığıdır. Küçük çocuklarda daha sık görülen egzama hastalığı her yaştan kişiyi de etkileyebilir."
8,positive,Egzama nedir ve en sık görülen belirtileri nelerdir?,2,0.6663455963134766,0.33365440368652344,doc_0299_parent_002_child_001,doc_0299_parent_002,doc_0299,"Egzama Nedir, Ne İyi Gelir? Egzama Nedenleri ve Belirtileri",https://www.memorial.com.tr/hastaliklar/egzama-nedir-egzama-nasil-gecer,"Burada kan birikmesinden dolayı damarlarda basınç artmakta ve bu da deride hasara neden olabilmektedir. Doğum yapmış kadınlarda gravitasyonel egzama görülebilir. Bacaklarda kuruluk, kaşıntı, su toplaması, kızarıklık gibi belirtilerle kendini gösterir. Egzama kronikleştikçe deride koyu lekeler, derinin sertleşmesi ve sonrasında ülser gibi yara oluşabilmektedir. Gravitasyonel egzama: Egzama Belirtileri Nelerdir? Ciltte kuruluk, çatlaklık, kaşıntı, deri döküntüleri, kuru lekeler, şişlik, kabuk oluşumu, pullanma ve kabarcıklar egzama belirtileri arasında gösterilir. Genel olarak egzama belirtileri şunları içerir: - Ciltte kuruma ve çatlama - Cilt rengine bağlı olarak rengi değişebilen şişmiş cilt döküntüleri - Kaşıntı - Ciltte kabuklaşma ve şişlik - İltihap ya da cilt enfeksiyonu meydana gelmesi - Göz çevresindeki cildin koyulaşması - Avuç içlerindeki cilt kırışıklıkları - Ciltte yoğun hassasiyet - Ciltte çizik çizik izler Ciltte kuruluk Egzama hastalığından cildin nemi fazla tutamamasından dolayı cilt kuruluğu meydana gelir. Cilt kaşıntısı Egzamadan etkilenen cilt sinirleri uyaran bazı kimyasal aracılar salgılar ve neticesinde ciltte kaşıntı yaşanır."
8,positive,Egzama nedir ve en sık görülen belirtileri nelerdir?,3,0.646837592124939,0.35316240787506104,doc_0299_parent_001_child_002,doc_0299_parent_001,doc_0299,"Egzama Nedir, Ne İyi Gelir? Egzama Nedenleri ve Belirtileri",https://www.memorial.com.tr/hastaliklar/egzama-nedir-egzama-nasil-gecer,"Küçük çocuklarda daha sık görülen egzama hastalığı her yaştan kişiyi de etkileyebilir. Genellikle ellerde, bacaklarda ve ayaklarda görülse de vücudun herhangi bir yerinde de egzama hastalığı meydana gelebilir. Ciltte yaşanan bu değişim, cilt neminin korunmasına ve vücudun dış etkenlere karşı korunmasına yardımcı olmaktan sorumlu olan cildin bariyer fonksiyonunu zayıflatır. Egzama bulaşıcı mı korkusu olsa da, hayır egzama bulaşıcı değildir ve bir kişi döküntüsü olsa bile bunu başkasına geçiremez. Egzama rahatsız edici bir görüntüye neden olsa da bulaşıcı olmadığı gibi tehlikeli de değildir. Egzama Neden Olur? Egzamaya sabun, deterjan, şampuan ve banyo köpüğü gibi tahriş edici alerjenlerle temas, soğuk ve kuru hava, nem, toz, polen ve küf gibi çevresel faktörler ya da stres ve genetik geçiş gibi uyaranlar neden olmaktadır. Ayrıca staphylococcus aureus adlı bakteri de egzamaya neden olur. Bu bakteri vücuttaki yararlı bakterilerin yerini alır ve cildin bariyer fonksiyonunu bozar. Cildin reaksiyon vermesini sağlayarak egzamanın nedenleri şunlardır: - Soğuk ve kuru hava - Nem gibi çevresel faktörler - Alerjenler - Makyaj ve cilt bakım ürünleri - Deterjan, sabun ve parfüm gibi kimyasallar - Polen ve küfler - Gıda alerjileri"
8,positive,Egzama nedir ve en sık görülen belirtileri nelerdir?,4,0.6360577344894409,0.3639422655105591,doc_0299_parent_001_child_003,doc_0299_parent_001,doc_0299,"Egzama Nedir, Ne İyi Gelir? Egzama Nedenleri ve Belirtileri",https://www.memorial.com.tr/hastaliklar/egzama-nedir-egzama-nasil-gecer,"- Polen ve küfler - Gıda alerjileri - Birtakım metaller - Bağışıklık sistemi düşüklüğü - Genetik - Ortamdaki hava kirliliği - Stres ve kaygı Egzama Çeşitleri Nelerdir? Genellikle kronik bir cilt rahatsızlığı olan egzamanın kendi içinde ayrıldığı bazı türleri mevcuttur. Egzama türleri şöyle sıralanabilir: Atopik egzama: Bu egzama çeşidinin gelişiminde genetik, immünolojik, çevresel faktörlerin bileşiminin rolü olduğu düşünülmektedir. Atopik egzama: Seboreik dermatit : Nedeni tam olarak bilinmeyen ve kronik olan seboreik egzama cildin yağlı olduğu bölgelerde, yüzde yani kaşlar, yanaklar, burun kenarları, sakal içleri, göğüs ortası, saçlı deri, kulaklarda görülür. Kulak egzaması olarak da bilinen seboreik egzama kızarıklık, pullanma ve kabuklanmayla oluşur. Seboreik dermatit : Asteatotik egzama: Bu egzama çeşidi yaşlılarda daha sık görülmektedir. Sık banyo yapılması, derinin üst tabakasındaki yağ miktarının azalması veya atopi gibi nedenler sonrasında görülebilmektedir. Kış aylarında kuruluk arttığı zaman daha fazla görülebilmektedir. Genellikle bacakların ön yüzünde, kollarda ve gövdede çıkmaktadır. Deride porselen çatlağı gibi bir görüntüye, kaşıntıya, kuruluğa ve döküntüye neden olmaktadır."
8,positive,Egzama nedir ve en sık görülen belirtileri nelerdir?,5,0.626484215259552,0.373515784740448,doc_0299_parent_003_child_001,doc_0299_parent_003,doc_0299,"Egzama Nedir, Ne İyi Gelir? Egzama Nedenleri ve Belirtileri",https://www.memorial.com.tr/hastaliklar/egzama-nedir-egzama-nasil-gecer,"- Stresten uzak durulmaya çalışılmalıdır. - Çiğ sebze ve meyvelere, et ve balık ürünlerine çıplak elle temas edilmemelidir. - Sağlıklı beslenmeye özen gösterilmelidir. - Günlük yeterli miktarsa su içilmelidir. - Doktorun verdiği egzama diyeti uygulanmalıdır. Egzama Hakkında Sık Sorulan Sorular Egzama bulaşıcı mıdır? Hayır, egzama bulaşıcı değildir. Egzama hastalığı başkasından geçebilen bir hastalık değildir. Egzama daha çok genler, çevresel tetikleyiciler ve stres gibi faktörler nedeni ile ortaya çıkmaktadır. Koltuk altında egzama olur mu? Bir egzama türü olan atopik dermatit, koltuk altı bölgesini etkileyebilir. Cilt bariyerinde tahriş, ter, sürtünme veya deodorant gibi alerjenlere bağlı olarak cilt iltihaplanabilir, kaşıntılı pullu döküntülerin oluştuğu koltuk altında egzama meydana gelebilir. Egzama sebepleri nelerdir? Egzama neden olan en temel etkenler, cilt bariyerinde gelişen sorunlar, cilt kuruluğu, cilt enfeksiyonları, genetik yatkınlık, stres, bağışıklık problemleri, hormon problemleri ve strestir. Diğer yandan, sabun, tüy, toz akarları ve alerjenler gibi diğer tahriş edebilen etkenler ve bakteriyel enfeksiyonlarda egzamaya neden olabilmektedir."
8,positive,Egzama nedir ve en sık görülen belirtileri nelerdir?,6,0.6202207207679749,0.37977927923202515,doc_0299_parent_002_child_003,doc_0299_parent_002,doc_0299,"Egzama Nedir, Ne İyi Gelir? Egzama Nedenleri ve Belirtileri",https://www.memorial.com.tr/hastaliklar/egzama-nedir-egzama-nasil-gecer,"Bu süre içerisinde kişinin spor yapmaması, duş almaması ve testi etkileyecek benzer davranışlarda bulunmaması gerekir. Bölgede kabarma, sulanma ve kızarıklık varsa, hastanın o bölgeye sürülen maddeye karşı alerjik egzama olduğu tespit edilir. Egzama Tedavisi Nasıl Yapılır? Egzama Nasıl Geçer ve Egzamaya Ne İyi Gelir? Egzama tedavisinde kortizon dışı bağışıklık sistemini baskılayıcı ilaçlar, ıslak pansumanlar ve lokal kortikosteroidli pomadlar kullanılır. Atak sıklığını azaltmak, deriyi güçlendirmek amacıyla nötral sabunlar, bariyer kremler, nemlendiriciler, egzama eldivenleri ve egzama şampuanları önerilmektedir. Elde egzama neden olur? Değişik tipleri bulunan egzamanın en çok etkilediği organlardan biri ellerdir. Ellerde egzama, derinin savunma kapasitesinin azalması veya yok olması sebebiyle ortaya çıkmaktadır. Sık sık el yıkamak, deterjan, sabun ve çamaşır suyu ile iç içe olmak, tozlu ortam gibi faktörler derinin yıpranmasına ve egzama oluşumuna zemin hazırlamaktadır. Elde egzama en fazla el ön kolda ve sırtta görülür. El egzamasına ne iyi gelir? Egzama tedavisinde kortizon dışı bağışıklık sistemini baskılayıcı ilaçlar, ıslak pansumanlar ve lokal kortikosteroidli pomadlar kullanılır."
8,positive,Egzama nedir ve en sık görülen belirtileri nelerdir?,7,0.6143169403076172,0.3856830596923828,doc_0299_parent_002_child_002,doc_0299_parent_002,doc_0299,"Egzama Nedir, Ne İyi Gelir? Egzama Nedenleri ve Belirtileri",https://www.memorial.com.tr/hastaliklar/egzama-nedir-egzama-nasil-gecer,"Cilt kaşıntısı Egzamadan etkilenen cilt sinirleri uyaran bazı kimyasal aracılar salgılar ve neticesinde ciltte kaşıntı yaşanır. Deri döküntüsü Egzamanın ciltte meydana getirdiği iltihaplanma sonucunda ciltte döküntüler oluşur. Kuru leke oluşumu Cildin nemi tutmasına yardımcı olmaktan ve vücudunuzu dış etkenlerden korumaktan sorumlu olan cildinizin bariyer fonksiyonunu zayıflatan egzama hastalığı deride kuru leke oluşumuna sebebiyet verir. Ciltte çatlaklar Egzama hastalarının cilt bariyerinin bozulması sonucunda deriden su kaçarak cildin kurumasına, çatlamasına ve kaşınmasına neden olur. Ciltte şişlik meydana gelmesi Egzamayla birlikte ciltteki inflamasyonun sonucu olarak ödemle birlikte ciltte şişlikler meydana gelebilir. Egzama Teşhisi Nasıl Yapılır? Egzama teşhisi koymak için fiziki muayene ve yama testi yapılmalıdır. Yama testinde ortaya çıkan alerjen, dermatologlar tarafından araştırılmalı ve sonrasında teşhis konulmalıdır. Yama testi esnasında hastanın sırtına alerjen maddelerin düşük konsantrasyonları yapıştırılır ve 48 ile 72 saat sonra açılarak gözlemlenir. Bu süre içerisinde kişinin spor yapmaması, duş almaması ve testi etkileyecek benzer davranışlarda bulunmaması gerekir."
8,positive,Egzama nedir ve en sık görülen belirtileri nelerdir?,8,0.5896419286727905,0.4103580713272095,doc_0299_parent_001_child_004,doc_0299_parent_001,doc_0299,"Egzama Nedir, Ne İyi Gelir? Egzama Nedenleri ve Belirtileri",https://www.memorial.com.tr/hastaliklar/egzama-nedir-egzama-nasil-gecer,"Deride porselen çatlağı gibi bir görüntüye, kaşıntıya, kuruluğa ve döküntüye neden olmaktadır. Asteatotik egzama: Kontakt egzama: Cildin duyarlı olduğu maddelere karşı oluşan akut veya kronik reaksiyondur. Cilt, koruyucu yağlarını engelleyen maddelere sürekli maruz kalırsa kontakt egzama oluşur. Kontakt dermatitte egzamayı tetikleyen bazı maddelere karşı dikkatli olunmalıdır. Kontakt egzama; temizlik maddeleri, makyaj malzemeleri, parfümler, oje, endüstriyel maddeyle temas, saç boyaları, diş macunu, sakız, ayakkabı ve ayak spreyleri, pantolan fermuarı, metal düğmeler, geçici dövmeler nedeniyle görülür. Kontakt egzama: Numuler egzama: Daha çok kol ve bacaklarda, ellerde görülen numuler egzama, madeni para büyüklüğünde, çok sayıda olabilen yuvarlak kaşıntılı lezyonlardır. Kronik seyirli olup, daha çok genç erişkinler ve yaşlılarda rastlanır. Numuler egzamanın lezyonları papül ve vezikül denen ufak kabartıların birleşmesiyle oluşur ve akut dönemde kızarıklık, sızıntı ve kabuklanma gösterir. Numuler egzama: Gravitasyonel egzama: Ayakta çalışanlarda ve yaşlılarda çok sık görülen bir egzama çeşididir. Bacakların alt kısımlarında varislerin oluşması ve kan dolaşımın bozulmasıyla gelişmektedir."
8,positive,Egzama nedir ve en sık görülen belirtileri nelerdir?,9,0.5725675821304321,0.42743241786956787,doc_0299_parent_003_child_003,doc_0299_parent_003,doc_0299,"Egzama Nedir, Ne İyi Gelir? Egzama Nedenleri ve Belirtileri",https://www.memorial.com.tr/hastaliklar/egzama-nedir-egzama-nasil-gecer,"Bu neden ılık su ile banyo yaparak, egzama için kullanılan kremlerden kullanarak cildi düzenli olarak nemlendirmesi gerekmektedir. Egzama bulaşıcı bir hastalık mıdır? Egzama bulaşıcı bir hastalık değil, aksine iltihaplı bir hastalıktır. Aileden çocuğa genetik olarak aktarılabilen bir cilt sorunu olmakla birlikte, temas veya başka bir yolla bulaşmaz."
8,positive,Egzama nedir ve en sık görülen belirtileri nelerdir?,10,0.5709638595581055,0.42903614044189453,doc_0299_parent_002_child_004,doc_0299_parent_002,doc_0299,"Egzama Nedir, Ne İyi Gelir? Egzama Nedenleri ve Belirtileri",https://www.memorial.com.tr/hastaliklar/egzama-nedir-egzama-nasil-gecer,"El egzamasına ne iyi gelir? Egzama tedavisinde kortizon dışı bağışıklık sistemini baskılayıcı ilaçlar, ıslak pansumanlar ve lokal kortikosteroidli pomadlar kullanılır. Atak sıklığını azaltmak, deriyi güçlendirmek amacıyla nötral sabunlar, bariyer kremler, nemlendiriciler, egzama eldivenleri ve egzama şampuanları önerilmektedir. Saç egzamasına ne iyi gelir? Salisilik asitle birlikte topikal steroidler saç egzaması tedavisinde yararlı olabilir. Saçlı deri egzaması enfeksiyon kapmışsa doktor tarafından ağızdan antibiyotik reçete edilebilir. Egzamadan Korunmak İçin Neler Yapılmalıdır? Egzamadan korunmak ya da egzama sürecinin daha rahat geçirilmesi için alınacak önlemler şu şekildedir: - Egzamalı bölgeyi kaşımamaya ve tahriş etmemeye özen gösterilmelidir. - Bulunan ortam yeterli nem ve ısı oranına sahip olmalıdır. - Ev sık sık havalandırılmalıdır. - Banyo sıklığı mevsime göre ayarlanmalıdır. - Gün aşırı banyo yapmaya özen gösterilmelidir. - Sert lifler ve keseler kullanılmamalı, çok sıcak suyla banyo yapılmamalıdır. - Nötr sabun tercih edilmelidir. - Banyo sonrası tüm vücuda nemlendirici sürülmelidir. - Egzamadan korunmak için bağışıklık sisteminin güçlü olmasına özen gösterilmelidir. - Eller sık sık nemlendirilmelidir."
9,positive,Atel ne işe yarar ve hangi durumlarda kullanılır?,1,0.7572636008262634,0.24273639917373657,doc_0053_parent_001_child_002,doc_0053_parent_001,doc_0053,Atel Nedir? Atel Neden Kullanılır ve Ne İşe Yarar?,https://www.memorial.com.tr/saglik-rehberi/atel-nedir,"Düzgün yerleştirildiği durumlarda sert bir atel, yaralanan bölgenin hareketsiz kalmasını ve acısının hafiflemesini sağlar. Bunlarla birlikte yaralanan kişinin ihtiyaç duyduğu atel türü, yaranın durumu ve şiddetine bağlı olarak değişecektir. Atel Neden Kullanılır? Atel Ne İşe Yarar? Atel, kırık, incinme ve burkulmalar gibi farklı yaralanma çeşitlerinin tedavisinde ilgili noktanın daha fazla zarar görmemesi veya ağrıyı hafifletmek amacıyla zarar gören noktayı hareketsiz tutmak için kullanılır. Alçıyla birlikte destekleyici olarak da tercih edilen atel, bazen alçıdan önce kullanılmasıyla birlikte bazen de tek başına tercih edilir. Ayrıca yarım alçı olarak da adlandırılan atel, alçılara göre daha az destek sağlar ancak kullanımı daha hızlı, pratik ve kolaydır. Yaralanan bölgedeki ağrı ve şişliklerin arttığı durumlarda kolayca sıkılıp gevşetilebilir. Atel şunların tedavisinde kullanılır: - Kemik kırıkları - Burkulmalar - Karpal Tünel Sendromu - Çıkık kemikler - Tendon kopmaları Atel Ne Zaman Kullanılır? Özellikle kemik kırıkları yaşandığı zaman alçıyla birlikte atel kullanımı tercih edilir. Bununla birlikte ortopedik cerrahi sonrasında da kullanılan atel, yaralanma sonrası etkilenen bölgenin şişmesi durumlarında da acil ihtiyaç olarak takılır. Şişlik indikten sonra da yaralı bölgeye tam alçı uygulaması yapılır."
9,positive,Atel ne işe yarar ve hangi durumlarda kullanılır?,2,0.731616735458374,0.268383264541626,doc_0053_parent_001_child_001,doc_0053_parent_001,doc_0053,Atel Nedir? Atel Neden Kullanılır ve Ne İşe Yarar?,https://www.memorial.com.tr/saglik-rehberi/atel-nedir,"Günlük hayatta insanların yaşadığı kaza sonucu oluşan incinmeler ve kırıklar kişileri zor durumda bırakan olayların başında gelir ve hareket alanını büyük oranda kısıtlar. Meydana gelen kırıklar ve incinmiş dokular için en önemli noktalardan biri hareketsiz kalmalarıdır. Kırıkarın hareketsiz kalması için de uygulanan yöntemlerden biri ateldir. Atel işlemi; alçı ve sargı bezi yardımıyla sabitleme ve hareketsiz kalma yöntemidir. - Atel Nedir? - Atel Neden Kullanılır? Atel Ne İşe Yarar? - Atel Ne Zaman Kullanılır? - Atel Uygulaması Nasıl Yapılır? - Atel Bakımı Nasıl Yapılır? Atel Kullanımı Konusunda Dikkat Edilmesi Gerekenler - Atel Komplikasyonları Nelerdir? - Atel Hakkında Sıkça Sorulan Sorular Atel Nedir? Atel, kırık veya yaralanmış ekstremite veya dokuların korunması veya ağrıyı azaltmak için vücudun bir bölümünü sabitlemek suretiyle hareketsiz hale getirmek için kullanılan destekleyici bir ekipmandır. Atel işlemi genellikle kırık bir kemiğin sabitlenmesi ve hareketsiz kalması için tercih edilirken daha şiddetli vakalarda hastanın tedavisi doktor kontrolünde yapılır. Kırılmanın yanı sıra incinme veya burkulma durumlarında da atel kullanılabilir. Düzgün yerleştirildiği durumlarda sert bir atel, yaralanan bölgenin hareketsiz kalmasını ve acısının hafiflemesini sağlar."
9,positive,Atel ne işe yarar ve hangi durumlarda kullanılır?,3,0.659744143486023,0.34025585651397705,doc_0053_parent_002_child_002,doc_0053_parent_002,doc_0053,Atel Nedir? Atel Neden Kullanılır ve Ne İşe Yarar?,https://www.memorial.com.tr/saglik-rehberi/atel-nedir,"Atel Hakkında Sıkça Sorulan Sorular Ayakta atel ne demek? Ayakta atel işlemi, ayakta meydana gelen yaralanmalar sonucu yaşanan semptomların azalması ve ayağı sağlıklı duruma geri getirmek için uygulanan tıbbi ve ortopedik bir tedavi seçeneğidir. Atel takılmazsa ne olur? Yaralanma sonucu kırılma ve çeşitli sorunlar yaşanan bölgeye atel takılmazsa yaralanan bölgedeki hasar büyür ve iyileşme süresi gecikebilir. Kaç çeşit atel vardır? Atel çeşitleri; statik, dinamik ve seri atel şeklindedir."
9,positive,Atel ne işe yarar ve hangi durumlarda kullanılır?,4,0.6546353101730347,0.34536468982696533,doc_0053_parent_001_child_004,doc_0053_parent_001,doc_0053,Atel Nedir? Atel Neden Kullanılır ve Ne İşe Yarar?,https://www.memorial.com.tr/saglik-rehberi/atel-nedir,"Atel Bakımı Nasıl Yapılır? Atel Kullanımı Konusunda Dikkat Edilmesi Gerekenler Başta kırılmalar olmak üzere çeşitli yaralanmaların tedavisinde kullanılan atel, çıkarılabilir olduğu durumlarda ne zaman ve nasıl çıkarılacağı konusunda doktor tavsiyesine ihtiyaç duyar. Uzman doktor, nasıl hareket edileceği hususunda veya atele ne kadar ağırlık verilmesi gerektiğiyle ilgili daha sağlıklı bilgiler verecektir. Bu durumlar dışında atel bakımının nasıl yapılacağı ve kullanımı konusundaki adımlar aşağıdaki gibidir: - Oluşabilecek şişliği azaltmak için kol veya bacağınızı 3 gün boyunca mümkün olduğu kadar kalp seviyesinin üstünde bir yastığa yerleştirmeye dikkat edin. - Bundan sonraki 3 gün boyunca şişlik inene dek her 2 saatte bir yaralanan bölgeye 10-20 dakika arasında buz işlemi uygulayın. - Ateli ıslatmamaya özen gösterin. - Atel takılı haldeyken kas gücünün nasıl korunacağıyla ilgili doktorunuza danışın. - Kaşımak için atelin altına herhangi bir şey koymayın. - Kaşınma durumlarında ateli çıkaramıyorsanız fön makinesi yardımıyla atelin altına soğuk hava üflemesi yapabilirsiniz. - Atelin yakınında yağ veya losyon bulundurmayın. - Ateli çıkarmanızın mümkün olmadığı durumlarda duş alırken üstünü plastik örtüyle kaplayın. - Duş aldığınız zamanlarda ateli çıkarmanıza izin veriliyorsa tekrar takmadan önce cildinizi iyice kurulamanız gerekir."
9,positive,Atel ne işe yarar ve hangi durumlarda kullanılır?,5,0.6313154101371765,0.3686845898628235,doc_0053_parent_001_child_003,doc_0053_parent_001,doc_0053,Atel Nedir? Atel Neden Kullanılır ve Ne İşe Yarar?,https://www.memorial.com.tr/saglik-rehberi/atel-nedir,"Şişlik indikten sonra da yaralı bölgeye tam alçı uygulaması yapılır. Atel Uygulaması Nasıl Yapılır? Atel işleminin nasıl uygulanması gerektiği yönünde bazı adımlar söz konusudur. Bu adımlar şu şekilde sıralanabilir: Kanamaya müdahale edin Ateli yerleştirmeden önce yarada kanama mevcutsa müdahale edebilir ve doğrudan yaraya baskı uygulayarak kanamayı durdurabilirsiniz. Dolgu uygulaması yapın Bir bandaj veya bir parça gazlı bez uygulaması yapın. Ardından atel takılacak bölgeyi hareket ettirmemeye çalışın. Hareket ettirdiğiniz takdirde yaralanan bölgede daha fazla hasar meydana gelebilir. Ateli yerleştirin Ateli, yaranın üst ve altındaki eklemin üzerine gelecek şekilde dikkatli bir şekilde yerleştirmeye özen gösterin. Kan dolaşımının azalması veya şok belirtilerine dikkat edin Atel takılma işlemi tamamlandıktan sonra kan dolaşımının azaldığına dair bazı belirtiler ortaya çıkabilir. Atelin takıldığı bölgenin etrafında solukluk, şişlik ve ağrı meydana geldiyse atel biraz gevşetilebilir. Bununla birlikte kişi, yaralanmaya bağlı olarak bayılma hissi ve hızlı nefes alma gibi şok belirtileri geçirebilir. Bu belirtilerle karşılaşıldığı durumlarda yaralıyı hareket ettirmeden ve zarar vermeden yatırmaya çalışın. Mümkünse bacaklar yükseltilmelidir. Atel Bakımı Nasıl Yapılır? Atel Kullanımı Konusunda Dikkat Edilmesi Gerekenler"
9,positive,Atel ne işe yarar ve hangi durumlarda kullanılır?,6,0.6187669634819031,0.3812330365180969,doc_0053_parent_002_child_001,doc_0053_parent_002,doc_0053,Atel Nedir? Atel Neden Kullanılır ve Ne İşe Yarar?,https://www.memorial.com.tr/saglik-rehberi/atel-nedir,"Yerleşmiş bir kırık söz konusuysa, atel işlemiyle birlikte kemikler yerinden çıkabilir. Cilt tahrişi Atel kullanımı, cilt kızarıklığı ve cilt tahrişi meydana getirebilir. Yanıklar Fiberglas ve alçı atelleri bazı ısı yanıklarına sebebiyet verebilir. Nörovasküler yaralanma Bazı kırık ve çıkık vakaları, tamir edildiğinde ve atel kullanıldığında sinir veya atardamarlara zarar verebilir. Kompartıman sendromu Bu durum, alçı işlemlerinde atellere göre daha fazla görülen nadir ancak ciddi bir komplikasyon olarak bilinir. Kompartıman sendromu kaslardaki basınç yükseldiğinde yaşanır. Yaşanması sonucunda kaslara ve sinirlere giden kan akışı engellenir. Kompartıman sendromu aynı zamanda ciddi yaralanmalara ve sonuçlara da neden olabilir. Semptomları arasında ise uyuşma, kas ağrısı, kas şişmesi, kas gerginliği ve karıncalanma hissi yer alır. Tüm bu komplikasyonlar, atel kullanımı sonucu kesin gerçekleşmesi beklenen semptomlar olarak değerlendirilemez. Atel işlemi sürecinde uzman doktor kontrolünde daha sağlıklı yorumlar ve değerlendirmeler yapılacaktır. Atel Hakkında Sıkça Sorulan Sorular Ayakta atel ne demek?"
9,positive,Atel ne işe yarar ve hangi durumlarda kullanılır?,7,0.5678167939186096,0.4321832060813904,doc_0053_parent_001_child_005,doc_0053_parent_001,doc_0053,Atel Nedir? Atel Neden Kullanılır ve Ne İşe Yarar?,https://www.memorial.com.tr/saglik-rehberi/atel-nedir,"- Duş aldığınız zamanlarda ateli çıkarmanıza izin veriliyorsa tekrar takmadan önce cildinizi iyice kurulamanız gerekir. Atel Komplikasyonları Nelerdir? Yaralanma sonucu oluşan çeşitli kırık ve burkulmaların hareketsiz kalmasını sağlamak için kullanılan atel, bazı komplikasyonlara sebebiyet verebilir. Bu komplikasyonlar şöyle özetlenebilir: Kemik hareketi"
9,positive,Atel ne işe yarar ve hangi durumlarda kullanılır?,8,0.3792394995689392,0.6207605004310608,doc_0040_parent_001_child_002,doc_0040_parent_001,doc_0040,Hyaluronik Asit Nedir? Hyaluronik Asit Faydaları Nelerdir?,https://www.memorial.com.tr/saglik-rehberi/hyaluronik-asit-nedir,"- Pürüzlü cilde iyi gelir - Yaraları onarır - Eklemlere enjekte edilerek osteoartriti tedavisinde kullanılır - Cilt için nemlendirici görevi görür - Cilde esnek bir görünüm verir - Egzamayı tedavi edebilir - Yüzdeki kızarıklıklara iyi gelir - Ortopedi alanında protez uygulamasında kullanılır Hyaluronik Asit Faydaları Nelerdir? Cildin nem dengesini sağlamada önemli bir rol oynayan hyaluronik asit, su tutulumu sağlayarak cildin nemli kalmasını sağlar, cildi dolgunlaştırır, cilt elastikiyetini artırır, kırışıklıkların azalmasına yardımcı olarak cildin genç bir görünüme sahip olmasını sağlar. Yaraların daha hızlı iyileşmesine yardımcı olur ve yara izlerini azaltır. Eklemlerde ve kaslarda ihtiyaç duyulan eklem içi sıvısını tutarak, kayganlık sağlar ve sağlıklı hareket etmeyi kolaylaştırır. Böylelikle su tutma özelliği sayesinde eklemlerin rahat hareket etmesinde önemli rol oynar. Gözün doğal yapısında bulunan hyaluronik asit, göz kuruluğunun giderilmesini sağlar ve göz sağlığını korumada etkili olur. Herhangi bir kozmetik ürününde ya da estetik uygulamada hyaluronik asit kullanmadan önce dikkatli bir şekilde kullanım talimatlarını takip etmek ve bir uzman doktora danışmak önemlidir. Hyaluronik Asit Nasıl Kullanılır? Hyaluronik asit nemlendirici, serum gibi farklı formlarda karşımıza çıkabilir."
9,positive,Atel ne işe yarar ve hangi durumlarda kullanılır?,9,0.37226951122283936,0.6277304887771606,doc_0192_parent_001_child_003,doc_0192_parent_001,doc_0192,Antibiyotik Nedir? Antibiyotik Ne İşe Yarar?,https://www.memorial.com.tr/saglik-rehberi/antibiyotikler-doktor-kontrolunde-kullanilmali,"Antibiyotik Ne İşe Yarar? Antibiyotik, bakterilerin çoğalmasını durdurmak veya öldürmek içn bakterilerin hücre duvarları veya DNA'ları gibi hayatta kalmak için ihtiyaç duydukları parçalara saldıran ve bakteriyel enfeksiyonları tedavi eden en önemli antibakteriyel madde türüdür. Antibiyotikler bakterilerin çoğalmak için ihtiyaç duydukları belirli proteinleri üretmelerini önler ve büyümelerinin önüne geçerek bakteriyel enfeksiyonları tedavi eder. Antibiyotiklerin kullanıldığı alanların başında idrar yolu enfeksiyonları, bakteriyel pnömoni , lyme hastalığı ve bakteriyel enfeksiyona bağlı sepsis gelir. Bunlar bakteri kaynaklı enfeksiyonlardır ve tedavi sürecinde antibiyotik tercih edilir. Antibiyotiğin reçete edildiği bakteriyel enfeksiyonlar şu şekildedir: - Enfeksiyon kaynaklı boğaz ağrısı - İdrar yolu enfeksiyonu - Cinsel yolla bulaşan enfeksiyonlar - Bakteriyel pnömoni - Boğmaca öksürüğü - Menenjit - Lyme hastalığı - Bakteriye bağlı sepsis - Cilt enfeksiyonları - Diş enfeksiyonları - Konjonktivit - Endokardit Yukarıda yer alan bakteriyel enfeksiyon kaynaklı hastalıkların tedavisinde doktor tarafından antibiyotik reçete edilir. Antibiyotikler mevcut bakterileri yok etme ve yeni bakteri ortaya çıkışını engelleme konusunda güçlü bir silah olarak devreye girer."
9,positive,Atel ne işe yarar ve hangi durumlarda kullanılır?,10,0.37226951122283936,0.6277304887771606,doc_0315_parent_001_child_003,doc_0315_parent_001,doc_0315,Antibiyotik Nedir? Antibiyotik Ne İşe Yarar?,https://www.memorial.com.tr/saglik-rehberi/antibiyotik-nedir,"Antibiyotik Ne İşe Yarar? Antibiyotik, bakterilerin çoğalmasını durdurmak veya öldürmek içn bakterilerin hücre duvarları veya DNA'ları gibi hayatta kalmak için ihtiyaç duydukları parçalara saldıran ve bakteriyel enfeksiyonları tedavi eden en önemli antibakteriyel madde türüdür. Antibiyotikler bakterilerin çoğalmak için ihtiyaç duydukları belirli proteinleri üretmelerini önler ve büyümelerinin önüne geçerek bakteriyel enfeksiyonları tedavi eder. Antibiyotiklerin kullanıldığı alanların başında idrar yolu enfeksiyonları, bakteriyel pnömoni , lyme hastalığı ve bakteriyel enfeksiyona bağlı sepsis gelir. Bunlar bakteri kaynaklı enfeksiyonlardır ve tedavi sürecinde antibiyotik tercih edilir. Antibiyotiğin reçete edildiği bakteriyel enfeksiyonlar şu şekildedir: - Enfeksiyon kaynaklı boğaz ağrısı - İdrar yolu enfeksiyonu - Cinsel yolla bulaşan enfeksiyonlar - Bakteriyel pnömoni - Boğmaca öksürüğü - Menenjit - Lyme hastalığı - Bakteriye bağlı sepsis - Cilt enfeksiyonları - Diş enfeksiyonları - Konjonktivit - Endokardit Yukarıda yer alan bakteriyel enfeksiyon kaynaklı hastalıkların tedavisinde doktor tarafından antibiyotik reçete edilir. Antibiyotikler mevcut bakterileri yok etme ve yeni bakteri ortaya çıkışını engelleme konusunda güçlü bir silah olarak devreye girer."
10,positive,Göz seğirmesi neden olur ve nasıl tedavi edilir?,1,0.8342105150222778,0.16578948497772217,doc_0253_parent_002_child_004,doc_0253_parent_002,doc_0253,Göz Seğirmesi Neden Olur? Sağ ve Sol Göz Seğirmesi,https://www.memorial.com.tr/saglik-rehberi/goz-segirmesi-nedir-goz-segirmesi-nedenleri,"Göz Seğirmesi Nasıl Tedavi Edilir? Göz kapağı spazmları için tedavi genellikle gerekli değildir, zira göz seğirmesi şikayeti genellikle birkaç gün içinde kendiliğinden geçer. Göz seğirmesine yol açan etmenlerin birçoğu kişinin yaşam tarzıyla ilişkilidir. Hafif seyreden göz seğirmesi şikayetinde şunlar uygulanabilir: - Yeterli ve kaliteli bir şekilde uykuya önem verilmeli - Kardiyo yapılmalı - Gevşeme ve germe egzersizleri yapılmalı - Kahve ve çay tüketimi sınırlandırılmalı - Alkol tüketimi azaltılmalı - Gerektiğinde güneş gözlüğü kullanılmalı - Kasları gevşetmek için etkilenen göze ılık kompres uygulanabilir - Düzenli olarak göz damlası kullanılabilir - Uzun süreli bilgisayar, televizyon, telefon ekranına bakılmamalı, gözler sık aralıklarla dinlendirilmeli - B ve B12 vitamini içeren besinler tüketilmeli Göz seğirmesiyle ilgili endişeleri devam edenler ve göz seğirmesi belirtileri kronikleşen kişiler doktora başvurmalıdır. Göz seğirmesi şikayetleri kronik bir hal aldıysa göz seğirmesi sıklıkla botoks enjeksiyonlarıyla düzeltilir."
10,positive,Göz seğirmesi neden olur ve nasıl tedavi edilir?,2,0.8157470226287842,0.18425297737121582,doc_0253_parent_001_child_001,doc_0253_parent_001,doc_0253,Göz Seğirmesi Neden Olur? Sağ ve Sol Göz Seğirmesi,https://www.memorial.com.tr/saglik-rehberi/goz-segirmesi-nedir-goz-segirmesi-nedenleri,"Göz seğirmesi, genelde tek taraflı, alt veya üst göz kapağında kontrol edilemeyen istemsiz kasılma yaşanması durumudur. Sağ veya sol gözde seğirme yaşanması genellikle uykusuzluk veya uzun süre ekrana bakma, stres, fazla kafein tüketimi, bazen de vitamin ve mineral eksikliği ile ilişkilidir. Göz seğirmesinde göz kapağı birkaç saniyede bir hareket edebilir. Gözde hafif çekilme gibi semptomlara neden olan göz seğirmesi, birkaç haftadan uzun sürdüğü durumda göz veya nöroloji uzmanlarına görünmek gerekebilir. Göz Seğirmesi Nedir? Göz seğirmesi, göz kapaklarının kapanmasından sorumlu olan orbicularis oculi kaslarının istemsiz şekilde tekrarlayan kasılmaları ile ortaya çıkan bir durumdur. Uykusuzluk, göz yorgunluğu, stres, aşırı kafein tüketimi, elektrolit, vitamin ve mineral eksiklikleri ile ilişkilidir. Göz seğirmesi birkaç saniye sürebildiği gibi bir veya iki dakika boyunca da sürebilir. Vakaların genelinde göz kapağı kasılmaları çok hafiftir, başkaları tarafından fark edilemeyecek derecede hızlı seğirebilir ve göz seğirmesi göz kapağında hafif bir çekilme hissiyatı verir. Göz seğirmesinin günler hatta haftalarca sürdüğü durumlarda kişinin sosyal hayatı bu durumdan etkilenmeye başlayabilir."
10,positive,Göz seğirmesi neden olur ve nasıl tedavi edilir?,3,0.7802902460098267,0.21970975399017334,doc_0253_parent_001_child_003,doc_0253_parent_001,doc_0253,Göz Seğirmesi Neden Olur? Sağ ve Sol Göz Seğirmesi,https://www.memorial.com.tr/saglik-rehberi/goz-segirmesi-nedir-goz-segirmesi-nedenleri,"İyi huylu esansiyel blefarospazmı olan hastalar, önemli fonksiyonel bozukluklara sahip olabilir ve durum uzun süreli tedavi gerektirebilir. Göz Seğirmesi Neden Olur? Göz seğirmesi genellikle gözün yorulmasına neden olan uzun süre ekrana bakma, uykusuzluk, göz kuruluğu, stres, fazla kafein tüketimi, elektrolitler, B12 vitamini, D vitamini veya magnezyum eksikliği ve bazı ilaçların kullanımı sonucu ortaya çıkan kas kasılmasıdır. Genelde ani ve kısa süreli spazmlar nedeniyle ortaya çıkan göz seğirmesi, parkinson, ms hastalığı, tourette ve distoni gibi beyin motor sinirlerini etkileyen nörolojik hastalıklar ve hareket bozuklukları yanı sıra blefarospazm gibi rahatsızlıkların sonucu yaşanabilir. Göz seğirmesine neden olan durumlar şu şekildedir: - Parlak ışık, rüzgar, hava kirliliğine maruz kalma - Yoğun alkol tüketimi - Göz yorgunluğu - Göz kuruluğu - Aşırı kafein alımı - Parkinson, MS, Tourette ve Distoni gibi hastalıklar - Yorgunluk - Göz yüzeyinde veya göz kapaklarının iç kısmında tahriş - Sigara içmek - Strese maruz kalmak - Magnezyum eksikliği - B12 vitamini veya D vitamini eksikliği Stres daha çok zihinsel veya duygusal bir sorun olma eğiliminde olsa da göz seğirmesi gibi şikayetlere de yol açabilir."
10,positive,Göz seğirmesi neden olur ve nasıl tedavi edilir?,4,0.7478220462799072,0.2521779537200928,doc_0253_parent_003_child_001,doc_0253_parent_003,doc_0253,Göz Seğirmesi Neden Olur? Sağ ve Sol Göz Seğirmesi,https://www.memorial.com.tr/saglik-rehberi/goz-segirmesi-nedir-goz-segirmesi-nedenleri,"Göz seğirmesi yukarıda belirtilen müdahalelere rağmen hala şiddetliyse söz konusu kişileri miyektomi adı verilen bir ameliyata ihtiyaç duyabilir. Bu cerrahi prosedürde göz kapaklarının bazı kasları ve sinirleri alınır. Göz Seğirmesi Şikayetinde Ne Zaman Doktora Başvurulmalıdır? Göz seğirmesi çoğunlukla aşırı yoğun geçen bir günün ardından dinlemeyle, kafein tüketiminin azaltılmasıyla birkaç gün veya bir hafta içinde kendiliğinden geçer. Ancak göz seğirmesinde aşağıdaki durumlarda vakit kaybedilmeden bir sağlık kuruluşuna başvurmak gerekmektedir: - Göz seğirmesinin en geç bir hafta içinde geçmediği durumlarda - Göz kapağının her seğirmede tamamen kapandığı durumlarda kapanan gözü açmada zorluk yaşandığında - Gözde kızarıklık, şişlik veya akıntı oluştuğunda - Göz kapaklarının sarktığı durumlarda Göz Seğirmesi Nasıl Geçer? Göz seğirmesi yaşanıyorsa, kafein ve alkol fazla tüketiliyorsa tüketimini sınırlamak, bol su içmek, az uyunuyorsa daha fazla uyumak, nefes egzersizleri, meditasyon ve yoga gibi egzersizlerle stres yönetimi yapmak, göz kuruluğu varsa suni gözyaşı damlaları kullanmak göz seğirmesini geçirmeye yardım eder. Göz seğirmesini geçirmeye yardımcı yöntemler şunlardır: - Ekran kullanımını sınırlamak - Belirli aralıklarla gözleri kapatıp açmak - Gözleri dinlendirmek - Bol su içmek - Daha fazla uyumak"
10,positive,Göz seğirmesi neden olur ve nasıl tedavi edilir?,5,0.7362167835235596,0.26378321647644043,doc_0253_parent_002_child_003,doc_0253_parent_002,doc_0253,Göz Seğirmesi Neden Olur? Sağ ve Sol Göz Seğirmesi,https://www.memorial.com.tr/saglik-rehberi/goz-segirmesi-nedir-goz-segirmesi-nedenleri,"- Normalden daha aşağıda doğru sarkan kaşlar - İçe doğru kıvrılan göz kapakları - Çene veya boyun gibi vücudun diğer bölgelerinde de belirebilen kas spazmları Göz Seğirmesi Teşhisi Nasıl Konulur? Uzman doktor öncelikle hastanın öyküsünü öğrenmek isteyebilir. Daha sonra detaylı bir göz muayenesi gerçekleştirilir. Genellikle göz seğirmesi şikayeti için göz doktoru tanı koyacaktır. Doktor göz seğirmesi şikayeti olan kişilere göz seğirmesine dair aşağıdaki soruları sorabilir: - Göz seğirmesini ilk ne zaman fark ettiniz? - Gözünüz sürekli seğiriyor mu yoksa gelip gidiyor mu? - Gözlerinizle ilgili başka şikayetleriniz var mı? - Ne kadar kafein tüketiyorsunuz? - Şiddetli bir baş ağrınız oldu mu? - Yüzünüzde son zamanlarda herhangi bir uyuşma, karıncalanma oldu mu? - Konuşmakta zorluk çekiyor musun? - Kas koordinasyonunda zorluk mu yaşıyorsunuz? Vücudunuzun herhangi bir yerinde kas zayıflığı mevcut mu? - Kullandığınız ilaçlar var mı? Doktor ihtiyaç duyması halinde BT taraması ve MRI görüntülemesi de isteyebilir. Bunlarla göz seğirmesine yol açabilen diğer sağlık sorunları tespit edilmek istenir. Göz Seğirmesi Nasıl Tedavi Edilir? Göz kapağı spazmları için tedavi genellikle gerekli değildir, zira göz seğirmesi şikayeti genellikle birkaç gün içinde kendiliğinden geçer."
10,positive,Göz seğirmesi neden olur ve nasıl tedavi edilir?,6,0.7057057619094849,0.29429423809051514,doc_0253_parent_002_child_002,doc_0253_parent_002,doc_0253,Göz Seğirmesi Neden Olur? Sağ ve Sol Göz Seğirmesi,https://www.memorial.com.tr/saglik-rehberi/goz-segirmesi-nedir-goz-segirmesi-nedenleri,"- Stres - Göz yorgunluğu - Vitamin eksikliği Sağ Göz Seğirmesi Neden Olur? Sağ göz seğirmesi stres, uykusuzluk, aşırı kafein veya alkol tüketimi, göz kuruluğu, göz yorgunluğu, ilaç yan etkisi ve vitamin eksikliği gibi nedenlerle sağ gözde kas kasılması yaşanmasıdır. Sağ göz seğirmesine neden olan faktörle şöyle sıralanabilir: - Işığa karşı duyarlılık - Göz kuruluğu - Göz tahrişi - Sık kafein tüketimi - Kronik hastalıklara karşı ilaç kullanımı Göz Seğirmesine Hangi Hastalıklar Neden Olur? Göz genellikle yorgunluk ve uykusuzluk gibi gözü yoran durumların bir sonucu olarak seğirir ancak parkinson hastalığı, beyin hasarı, meige sendromu, multipl skleroz (MS), bell felci, blefarit ve distoni gibi beyni ve sinirleri etkileyen hastalıkların sonucu olarak da göz seğirmesi yaşanabilir. Göz Seğirmesinin Olası Komplikasyonları Nelerdir? Göz seğirmesi sürekli tekrarlanıyorsa ve kısa sürede sona ermiyorsa, göz çevresinde kalıcı bir hasara neden olabilir. Bu durum aşağıdaki gibi sorunlara yol açabilir: - Normalden daha aşağıya sarkan üst göz kapakları - Normalden daha aşağıda doğru sarkan kaşlar - İçe doğru kıvrılan göz kapakları"
10,positive,Göz seğirmesi neden olur ve nasıl tedavi edilir?,7,0.6957786083221436,0.30422139167785645,doc_0253_parent_003_child_002,doc_0253_parent_003,doc_0253,Göz Seğirmesi Neden Olur? Sağ ve Sol Göz Seğirmesi,https://www.memorial.com.tr/saglik-rehberi/goz-segirmesi-nedir-goz-segirmesi-nedenleri,"- Bol su içmek - Daha fazla uyumak - Kafein alımını azaltmak - Göz kuruluğu varsa suni gözyaşı damlası kullanmak - Magnezyum takviyesi almak - Nefes egzersizleri, meditasyon ve yoga egzersizlerle stres yönetimi sağlamak Göz Seğirmesi ile ilgili Sık Sorulan Sorular Göz seyirmesi ne anlama gelir? Göz seğirmesi, genellikle alt göz kapağında meydana gelen ancak üst göz kapağında da ortaya çıkabilen göz kapağındaki istemsiz, tekrarlayan kas kasılması ile yaşanan yaygın bir durumdur. Uykusuzluk, aşırı göz yorgunluğu, stres, aşırı kafein tüketimi, elektrolit, vitamin ve mineral eksiklikleri kasılmanın tetikleyicileridir. Yoğun çay ve kahve tüketimi göz seğirmesine neden olabilir mi? Yoğun çay ve kahve tüketimi göz seğirmelerini tetikleyebilir. Keyif için içilen kahvenin dozu günde 3-4 fincanı geçmemelidir. Yorgun ve stresli zamanlarda ister istemez daha sık ve yoğun miktarda çay kahve içilmektedir. Bu da göz seğirmelerinin sıklığını ve süresini artırabilir. Farkında olmadan kahve dışındaki yiyecek ve içeceklerden, bazen de bazı ilaçlardan yoğun miktarda kafein alımı gerçekleşebilir. Kış döneminde yaygın görülen soğuk algınlığının tedavisinde kullanılan birçok ağrı kesici ve ateş düşürücünün de kombine olarak kafein içerdiği unutulmamalıdır."
10,positive,Göz seğirmesi neden olur ve nasıl tedavi edilir?,8,0.6956640481948853,0.30433595180511475,doc_0253_parent_001_child_004,doc_0253_parent_001,doc_0253,Göz Seğirmesi Neden Olur? Sağ ve Sol Göz Seğirmesi,https://www.memorial.com.tr/saglik-rehberi/goz-segirmesi-nedir-goz-segirmesi-nedenleri,"daha çok zihinsel veya duygusal bir sorun olma eğiliminde olsa da göz seğirmesi gibi şikayetlere de yol açabilir. Stres, göz seğirmesinin doğrudan bir nedeni olmasının yanı sıra uykusuzluğa da yol açabilir. Bu durum da kronik göz seğirmesine neden olabilir. Parlak ışık, rüzgar ve hava kirliliği gibi dış etkenler Parlak ışıklar veya hava kirliliği gibi dış tahriş kaynakları da göz seğirmesine neden olabilir. Aşırı alkol tüketimi Aşırı alkol tüketiminin göz seğirmesine neden olabileceğine ilişkin bazı çalışmalar bulunmaktadır. Göz yorgunluğu Özellikle bilgisayar başında uzun süreli vakit geçirenler gözün yorulmasına bağlı olarak öz seğirmesi şikayeti yaşayabilirler. Göz kuruluğu gözlerdeki nem eksikliğinden kaynaklanan son derece yaygın bir durumdur. Doğal gözyaşı akışı, göz rahatlığını artırmak için gereken kayganlığı sağlar. Gözyaşlarının aşırı buharlaşması veya yetersiz gözyaşı akışı, göz kuruluğuna ve buna bağlı tahrişe neden olabilir. Göz kuruluğu göz seğirmesine yol açabilir. Aşırı kafein tüketimi Alkol gibi, yoğun kafein alımıda göz seğirmesinin bilinen yaygın nedenlerindendir."
10,positive,Göz seğirmesi neden olur ve nasıl tedavi edilir?,9,0.6850839853286743,0.3149160146713257,doc_0253_parent_002_child_001,doc_0253_parent_002,doc_0253,Göz Seğirmesi Neden Olur? Sağ ve Sol Göz Seğirmesi,https://www.memorial.com.tr/saglik-rehberi/goz-segirmesi-nedir-goz-segirmesi-nedenleri,"Sigara kullanımı Özellikle de sol göz merceği ve retina hücrelerini etkileyen sigara, göz seğirmesine de yol açabilir. Magnezyum dengesizliği su kaybından kaynaklanabilir ve göz seğirmesi dahil çeşitli spazmlarına yol açabilir. B12 vitamini veya D vitamini eksikliği de kemikleri ve kasları etkileyebilir ve göz kapağı seğirmesi gibi semptomlara neden olabilir. Göz seğirmesine neden olabilecek beyin ve sinir sistemi bozuklukları şunları içerir: - Bell paralizi - Servikal distoni - Distoni - Multipl Skleroz - Oromandibular distoni ve yüz distonisi - Parkinson hastalığı - Tourette sendromu Göz seğirmesi, özellikle Parkinson hastalığı için kullanılan ilaçların bir yan etkisi olarak da gelişebilir. Ayrıca göz seğirmesi, yüz spazmlarıyla birlikte görülürse kronik bir bozukluğun en erken belirtisi de olabilir. Sol Göz Seğirmesi Neden Olur? Sol göz seğirmesi genellikle göz yorgunluğu, uykusuzluk, stres, kafein ve vitamin eksikliği gibi nedenlerle sol gözde yaşanan geçici kas kasılmasıdır. Çoğu zaman zararsız bir durumdur, ancak sık tekrar ediyorsa motor ve sinirlerde yaşanan bir durumun sonucuda ortaya çıkabilmektedir. Sol göz seğirmesinin nedenleri genel olarak şunlardır: - Beynin motor sinirleri - Göz kuruluğu - Uykusuzluk - Stres - Göz yorgunluğu"
10,positive,Göz seğirmesi neden olur ve nasıl tedavi edilir?,10,0.6658278703689575,0.3341721296310425,doc_0253_parent_003_child_003,doc_0253_parent_003,doc_0253,Göz Seğirmesi Neden Olur? Sağ ve Sol Göz Seğirmesi,https://www.memorial.com.tr/saglik-rehberi/goz-segirmesi-nedir-goz-segirmesi-nedenleri,"Kış döneminde yaygın görülen soğuk algınlığının tedavisinde kullanılan birçok ağrı kesici ve ateş düşürücünün de kombine olarak kafein içerdiği unutulmamalıdır. Stres ve kaygı göz seğirmesine neden olur mu? Kaygı bozukluğu ve stres, göz kaslarının gerilmesine neden olacağından göz seğirmesine de neden olabilir. Göz çevresindeki kaslar ve sinirler gerildiğinde göz aşırı uyarılabilir ve seğirmesi ve spazmı ile sonuçlanabilir. Göz seğirmesi ne kadar sürer? Göz seğirmesinin en yaygın nedeni stres ve yorgunluktur. Hareket ederek egzersiz yapılması, 7-8 saat süre ile uyunması, susuzluğa neden olan kafein tüketiminden kaçınılması ve bol su içilmesi durumunda kısa sürede göz seğirmesinin geçmesi beklenir. Ancak stresin devam ettiği durumlarda göz seğirmesi haftalarca sürebilir."
11,positive,Prematüre bebeklerde kronik akciğer hastalığı görülebilir mi?,1,0.7267703413963318,0.2732296586036682,doc_0194_parent_001_child_001,doc_0194_parent_001,doc_0194,Prematüre Bebeklerin Akciğer Sorunları,https://www.memorial.com.tr/saglik-rehberi/premature-bebeklerin-akciger-sorunlari,Erken doğan bebekler başta akciğer sorunları olmak üzere birçok farklı sağlık sorunu ile karşı karşıya kalırlar. Bebek ne kadar erken doğdu ise bu sorunların sıklığı ve şiddeti o kadar fazladır. Yeni doğan bebeğin “kronik akciğer hastalığı” (Bronkopulmoner displazi- BPD) doğumdan sonra bebeğin oksijen ihtiyacının son adet tarihine göre 36. haftadan sonra devam etmesi olarak tanımlanmaktadır. Memorial Ataşehir Hastanesi Çocuk Göğüs Hastalıkları Bölümü’nden Prof. Dr. Fazilet Karakoç erken doğan bebeklerde yaşanabilen akciğer sorunları hakkında bilgi verdi. Erken doğan bebekler başta akciğer sorunları olmak üzere birçok farklı sağlık sorunu ile karşı karşıya kalırlar. Bebek ne kadar erken doğdu ise bu sorunların sıklığı ve şiddeti o kadar fazladır. Yeni doğan bebeğin “kronik akciğer hastalığı” (Bronkopulmoner displazi- BPD) doğumdan sonra bebeğin oksijen ihtiyacının son adet tarihine göre 36. haftadan sonra devam etmesi olarak tanımlanmaktadır. Memorial Ataşehir Hastanesi Çocuk Göğüs Hastalıkları Bölümü’nden Prof. Dr. Fazilet Karakoç erken doğan bebeklerde yaşanabilen akciğer sorunları hakkında bilgi verdi. - Kronik akciğer hastalığı nedir? Erken doğan her çocukta olur mu? - Hastalığın şiddet dereceleri var mıdır? - Bebek eve giderken dikkat edilmesi gerekenler nelerdir?
11,positive,Prematüre bebeklerde kronik akciğer hastalığı görülebilir mi?,2,0.6869151592254639,0.31308484077453613,doc_0194_parent_001_child_002,doc_0194_parent_001,doc_0194,Prematüre Bebeklerin Akciğer Sorunları,https://www.memorial.com.tr/saglik-rehberi/premature-bebeklerin-akciger-sorunlari,"- Hastalığın şiddet dereceleri var mıdır? - Bebek eve giderken dikkat edilmesi gerekenler nelerdir? - Tekrar hastaneye yatmaları gerekir mi? - Solunum yolu enfeksiyonlarından nasıl koruyalım? - Tekrarlayan hırıltı atakları olur mu? - Reflü olur mu? Beslenmede dikkat etmemiz gerekenler nelerdir? - Kalp sorunları olur mu? Kronik akciğer hastalığı nedir? Erken doğan her çocukta olur mu? Kronik akciğer hastalığı gelişme sıklığı <1000 gr doğan bebeklerde % 30, 501- 750 gr doğan bebeklerde ise %52 dolaylarındadır. Bebeklerin erken doğması en çok akciğerleri etkilemekle birlikte bu çocuklarda çoğu kez kalp, beslenme ve nörolojik gelişim ile ilgili sorunlarda otaya çıkar ve bu sorunlar birbirini de etkiler. Hastalığın şiddet dereceleri var mıdır? Hafif akciğer hastalığı: Bebeğin hastanede yattığı dönemde (doğumdan sonra 36. haftaya kadar) oksijen ihtiyacının devam etmesine rağmen çıkışta oda havasında oksijeni normal olan ve eve giderken oksijen ya da solunum desteği ihtiyacı olmayan bebekler. Hafif akciğer hastalığı: Orta akciğer hastalığı: Oda havasında bebeğin Oksijeni düşüktür, oksijeni normal değerlerde tutabilmek için az miktarda oksijen desteğine ihtiyaç gösterir ( % 30’dan az)."
11,positive,Prematüre bebeklerde kronik akciğer hastalığı görülebilir mi?,3,0.6707907319068909,0.32920926809310913,doc_0247_parent_001_child_002,doc_0247_parent_001,doc_0247,Dünyaya Erken Merhaba Diyenler,https://www.memorial.com.tr/saglik-rehberi/dunyaya-erken-merhaba-diyenler,"Doğumdan hemen sonra bebek, aldığı ilk soluk ile birlikte anne karnındaki dolaşım sisteminden tamamen farklı bir sisteme uyum göstermek zorundadır. Prematüre bebeklerin doğum haftaları küçüldükçe artan oranda solunum sıkıntıları baş göstermektedir.Prematüre doğacak bebeğin yeni doğan yoğun bakım ünitesinin olduğu merkezlerde doğurtulması önemlidir. İlk Beslenme Anne Sütüyle Olmalı Bağışıklık sistemi henüz olgunlaşmadan doğan bebeği emme, yutma, nefes alma ve tüm bunların koordinasyonunda yaşanan sorunlar beklemektedir. Prematüre doğan bebekte özellikle ilk beslenmenin kolostrum denen anneden gelen ilk sütle yapılması çok önemlidir. Beslenme sırasında yaşanan soluk tutma, morarma atakları emme, yutma ve nefes alma koordinasyonun sağlandığı dış ortama uyum süreci içerisinde ilk günler, bazen de birkaç hafta sürebilen sık yaşanan sorunlardandır. Kalp atımında yavaşlama atakları prematüre bebeklerde mideden yemek borusuna doğru besin kaçışına neden olabilmektedir. Prematüre Bebeklerde Sarılık Ciddiye Alınmalı Prematüre bebekler zamanında doğan bebeklere göre daha kırmızıdırlar. Bunun nedeni kan hücre sayılarının yüksekliği ve derilerinin çok ince olmasıdır. Prematüre bebeklerde sarılık, zamanında doğan bebeklere göre daha uzun sürer. Fazla sayıdaki kan hücrelerinin parçalanması ile açığa çıkan bilirübin cilde ve göz akına sarı bir renk verir."
11,positive,Prematüre bebeklerde kronik akciğer hastalığı görülebilir mi?,4,0.6407493948936462,0.35925060510635376,doc_0247_parent_001_child_001,doc_0247_parent_001,doc_0247,Dünyaya Erken Merhaba Diyenler,https://www.memorial.com.tr/saglik-rehberi/dunyaya-erken-merhaba-diyenler,"Prematüre bebekler… Çevremizden sürekli duyduğumuz, ancak anlamını belki de tam olarak bilmediğimiz bir kavram. - Zayıf doğan her bebek prematüre midir? - Prematüre bebekler ne tür sağlık sorunları yaşabilir? - İlk Beslenme Anne Sütüyle Olmalı - Prematüre Bebeklerde Sarılık Ciddiye Alınmalı - Enfeksiyon çok büyük risk - “Az Elle, Çok Gözle” - Erken Teşhis Çok Önemli Memorial Şişli Hastanesi YeniDoğan Yoğun Bakım Ünitesi Sorumluları, prematüre bebeklerin ailelerine önemli önerilerde bulundu. Zayıf doğan her bebek prematüre midir? Halk arasında doğru bilinen yanlışlardan biri, yeni doğan bebeğin kilosuna göre prematüre olup olmadığının belirlenebilecek olduğudur. Halbuki doğum kilosu, bebeğin prematüre olup olmadığını göstermez. 2000 gram olan bir bebek prematüre olmazken, 3000 gram doğan bir bebek prematüre olabilir. 38. haftadan önce doğan bebeklere prematüre bebek denmektedir Prematüre bebekler ne tür sağlık sorunları yaşabilir? 38. haftadan önce dünyaya gelen bebeklerde beyin, karaciğer, böbrek, kalp, akciğer, bağırsaklar gibi hayati öneme sahip organ ve organ sistemlerine ait bozukluklar ortaya çıkabilmektedir. Doğumdan hemen sonra bebek, aldığı ilk soluk ile birlikte anne karnındaki dolaşım sisteminden tamamen farklı bir sisteme uyum göstermek zorundadır."
11,positive,Prematüre bebeklerde kronik akciğer hastalığı görülebilir mi?,5,0.595689058303833,0.404310941696167,doc_0247_parent_001_child_003,doc_0247_parent_001,doc_0247,Dünyaya Erken Merhaba Diyenler,https://www.memorial.com.tr/saglik-rehberi/dunyaya-erken-merhaba-diyenler,"Fazla sayıdaki kan hücrelerinin parçalanması ile açığa çıkan bilirübin cilde ve göz akına sarı bir renk verir. Sarılığın tedavisi yeterli beslenme ve fototerapi ile sağlanır. Enfeksiyon çok büyük risk Vücut savunma fonksiyonları son derece zayıf olan prematüre bebeklerin enfeksiyonlardan korunabilmesi için bu bebeklere dokunmadan önce mutlaka el temizliği sağlanmalıdır. Bu nedenle yeni doğan ünitelerinde el yıkama vazgeçilmez bir alışkanlık olmalıdır. Yeni doğan ünitesinin kapalı devre mikrop tutucu filtreye sahip bir havalandırma sistemi ile havalandırılması ve tabiî ki el yıkama, enfeksiyonların önlenmesinin vazgeçilmez unsurlarıdır. “Az Elle, Çok Gözle” Prematüre bebeklerde karşılaşılan bir diğer sorun da beyin kanaması ve buna dair gelişen komplikasyonlardır. Zamanında doğmuş bebeklerde kan basıncındaki değişikliklerin beyine direk olarak yansımasını önleyen kan-beyin engeli olgunlaşmışken prematüre bebeklerde bu engel tam olarak olgunlaşmamıştır. Tansiyon değişikliklerinin takibi önemlidir. Yoğun bakım gören bebeklerde gerekli yatıştırıcı ilaçların yanı sıra çevresel ışık, ses ve dokunma ile verilen uyaranların sayı ve şiddeti azaltılır. Prematüre bebek takip eden ünitelerde “Az elle, çok gözle” en önemli prensiplerden biridir. Erken Teşhis Çok Önemli Yine prematüre bebeklerde karşılaşılan bir diğer sorun da görme kaybıdır. Hastalığın erken dönemde yakalanması tedaviyi mümkün kılar."
11,positive,Prematüre bebeklerde kronik akciğer hastalığı görülebilir mi?,6,0.5954763293266296,0.40452367067337036,doc_0194_parent_001_child_003,doc_0194_parent_001,doc_0194,Prematüre Bebeklerin Akciğer Sorunları,https://www.memorial.com.tr/saglik-rehberi/premature-bebeklerin-akciger-sorunlari,"Hafif akciğer hastalığı: Orta akciğer hastalığı: Oda havasında bebeğin Oksijeni düşüktür, oksijeni normal değerlerde tutabilmek için az miktarda oksijen desteğine ihtiyaç gösterir ( % 30’dan az). Bazı bebekler evde oksijeni devamlı kullanırken bazıları ise sadece geceleri ya da beslenme sırasında kullanır. Orta akciğer hastalığı: Ağır BPD: Oda havasında oksijen değerlerini normal olabilmesi için % 30’dan daha fazla oksijene ya da bazı cihazlar ile solunum desteği ihtiyacı olan bebeklerdir. Ağır BPD: Kronik akciğer hastalığı olan bir bebek eve gönderilmeden önce değerlendirilmesi gereken önemli noktalar şunlardır: - Bebeğin uyku sırasında, dinlenme esnasında, beslenme sırasında oksijen ihtiyacı olup olmadığı belirlenmelidir. Bazı bebeklerin eve oksijen ile gitmeleri gerekir. Bazı bebeklerin her zaman bazılarının ise sadece uyku ya da beslenme sırasında oksijen desteğine ihtiyacı vardır - Eğer bebeğin solunumunda zaman zaman durmalar (Apne) var ise eve gitmeden önce bunun mutlaka kontrol altına alınması gerekir. Bu durumda kullanılan bazı ilaç tedavilerine ek olarak çok riskli durumlarda evde izlem için monitörlerin sağlanması uygun olacaktır - Hastanın yeterli kilo almaya başlamış olması önemlidir. - Ağızdan yeterince beslenemeyen hastalarda burundan ya da mideden beslenebilmesi için gerekli düzenlemelerin yapılması gerekebilir. - Eve gönderilmesi planlanan hastalarda ailenin evde hastaya verebileceği bakımın değerlendirilmesi de önemlidir."
11,positive,Prematüre bebeklerde kronik akciğer hastalığı görülebilir mi?,7,0.5709112882614136,0.4290887117385864,doc_0453_parent_002_child_001,doc_0453_parent_002,doc_0453,Gebelik Zehirlenmesi (Preeklampsi) Nedir? Belirtileri ve Nedenleri,https://www.memorial.com.tr/saglik-rehberi/gebelik-zehirlenmesi-preeklampsi,"Gerekli kan testleri ve idrardaki protein oranı hastalığın ağırlığına, gebelik haftasına göre uygun aralıklarla takip edilir. Bebeğin iyilik hali, büyüme takibi, kan akımları ve amniyon sıvısı miktarı ultrasonografi ile takip edilir. Ayrıca bebeğin iyilik hali uygun gebelik haftasında NST (non stres test) ile de yakından takip edilir. Preeklamptik annenin bebek hareketlerini takip etmesi de önemlidir. Bebeğin hareketli olması fetal iyilik halinin bir göstergesidir. Preeklampsinin asıl tedavisi doğumdur. Hafif preeklampsi belirtileri mevcutsa bebeğin doğması için uygun zamana kadar anne ve bebeğin iyilik hali gözetilerek uygun tedavilere ve yakın takibe devam edilir. Genellikle hafif gebelik zehirlenmelerinde 37. gebelik haftasına kadar bekleme olasılığı yüksekken, ağır preeklampsi durumunda erken doğum yaptırılması gerekebilir. Doğum şekline (vajinal doğum veya sezaryen) hastalığın ağırlığına, gebelik haftasına, anne ve bebeğin durumuna göre karar verilir. Gebelik Zehirlenmesi (Preeklampsi) Hakkında Sık Sorulan Sorular Gebelik zehirlenmesi ne anlama gelir? Gebelik zehirlenmesi (preeklampsi), yüksek tansiyon ile karakterize olan ciddi bir hamilelik komplikasyonu olarak tanımlanır."
11,positive,Prematüre bebeklerde kronik akciğer hastalığı görülebilir mi?,8,0.5524753332138062,0.44752466678619385,doc_0442_parent_001_child_001,doc_0442_parent_001,doc_0442,Prematüre Bebekler “Kanguru Bakımı” İle Hayata Tutunuyor,https://www.memorial.com.tr/saglik-rehberi/premature-bebekler-kanguru-bakimi-ile-hayata-tutunuyor,"Anne karnında gelişimini tamamlamadan doğan prematüre bebekler için dünyaya gelmek, ilk günden itibaren birçok problemle mücadele etmek anlamına geliyor. Organlarının büyüyüp gelişeceği dönemden, yani 37 haftayı doldurmadan önce doğan prematüre bebeklerin vücut dirençleri ve enfeksiyonlarla başa çıkma şansları daha düşük oluyor. Dış dünyayla başa çıkabilecek duruma gelene kadar yenidoğan yoğun bakım ünitelerinde tedavi gören prematüre bebekler için anne-baba sıcaklığından uzakta kalmak da büyük bir sorun olarak karşımıza çıkıyor. - Anne sıcaklığı bebeğe hissettiriliyor… - Solunum cihazına bağlı olmayan 1500 gramın altı bebeklere uygulanıyor UNICEF desteği ile 1979 yılından bu yana ABD, İngiltere, Fransa ve Kanada gibi gelişmiş ülkelerde uygulanmaya başlanan, günümüzde Türkiye’de benimsetilmeye çalışılan “Kanguru Bakımı” prematüre bebeklerin tedavisinde anne sıcaklığının, sevgi ve temasının iyileşmeyi hızlandırarak olumlu sonuçlar alınmasını sağladığını gösteriyor. Memorial Antalya Hastanesi Yenidoğan Uzmanı Dr. Aşkın Güra Nemlioğlu 17 Kasım Prematüre Günü öncesi, prematüre bebekleri hayata bağlayan kanguru bakımı hakkında bilgi verdi. Anne sıcaklığı bebeğe hissettiriliyor… Kangurular yavrularını karınları üzerinde bulunan bir kesede taşıyarak onunla devamlı sıcak bir temas halinde bulunurlar."
11,positive,Prematüre bebeklerde kronik akciğer hastalığı görülebilir mi?,9,0.5472573637962341,0.45274263620376587,doc_0042_parent_001_child_004,doc_0042_parent_001,doc_0042,Gebelik Zehirlenmesinin Görülebileceği 9 Riskli Grup,https://www.memorial.com.tr/saglik-rehberi/gebelik-zehirlenmesinin-gorulebilecegi-9-riskli-grup,"Bazı durumlarda annede nöbet gelişimini önlemek ve bebeği prematüritenin bazı olumsuz sonuçlarından korumak için anneye magnezyum tedavisi başlanabilir. Bebeğin hareketli olması önemli Gerekli kan testleri ve idrardaki protein oranı hastalığın ağırlığına, gebelik haftasına göre uygun aralıklarla takip edilir. Bebeğin iyilik hali, büyüme takibi, kan akımları ve amniyon sıvısı miktarı ultrasonografi ile takip edilir. Ayrıca bebeğin iyilik hali uygun gebelik haftasında NST (non stres test) ile de yakından takip edilir. Preeklamptik annenin bebek hareketlerini takip etmesi de önemlidir. Bebeğin hareketli olması fetal iyilik halinin bir göstergesidir. Asıl tedavisi doğum Preeklampsinin asıl tedavisi doğumdur. Hafif preeklampsi belirtileri mevcutsa bebeğin doğması için uygun zamana kadar anne ve bebeğin iyilik hali gözetilerek uygun tedavilere ve yakın takibe devam edilir. Genellikle hafif gebelik zehirlenmelerinde 37. gebelik haftasına kadar bekleme olasılığı yüksekken, ağır preeklampsi durumunda erken doğum yaptırılması gerekebilir. Doğum şekline hastalığın ağırlığına, gebelik haftasına, anne ve bebeğin durumuna göre karar verilir."
11,positive,Prematüre bebeklerde kronik akciğer hastalığı görülebilir mi?,10,0.5464212894439697,0.4535787105560303,doc_0194_parent_002_child_002,doc_0194_parent_002,doc_0194,Prematüre Bebeklerin Akciğer Sorunları,https://www.memorial.com.tr/saglik-rehberi/premature-bebeklerin-akciger-sorunlari,"- Bebeğin az az ve sık olarak beslenmesi uygun olacaktır. - Gerekli durumlarda Reflü için bazı ilaç tedavileri önerilebilir. - Alınan her türlü önleme ve yoğun ilaç tedavisine rağmen şiddetli reflü bulguları devam eden ve solunum bulguları belirgin olan az sayıda hastada reflü cerrahi olarak tedavi edilebilir. Kalp sorunları olur mu? Büyüme gelişmesi yavaş olan ve uzamış oksijen ihtiyacı olan bebekler mutlaka kardiyolojik açıdan değerlendirilmelidir. Sonuç olarak erken doğan ve kronik akciğer hastalığı olan (doğumdan sonra bebeğin oksijen ihtiyacının son adet tarihine göre 36. haftadan sonra devam etmesi) bebekler özellikle hayatın ilk yıllarında bronşit, zatürre, hırıltı atakları vb gibi hastalıklar ile acile başvurabilir. Hastanın değerlendirilmesi sebebin bulunması ve en kısa sürede gerekli tedavilerin planlanması önemlidir."
12,positive,Kemik erimesi riskini artıran faktörler nelerdir?,1,0.6655949354171753,0.3344050645828247,doc_0049_parent_001_child_003,doc_0049_parent_001,doc_0049,Kemik Erimesine Karşı Önleminizi Genç Yaşlarda Alın,https://www.memorial.com.tr/saglik-rehberi/kemik-erimesine-karsi-onleminizi-genc-yaslarda-alin,"Bunların yanı sıra kemik erimesini tetikleyen en önemli faktörlerden biri olan düşmelerin önlenmesi için de bir takım önlemler alınması gerekmektedir. Düşmeleri azaltmak için denge, kas güçlendirme ve postür egzersizleri düzenli olarak yapılmalıdır. İleri yaşlarda baston, yürüteç gibi yardımcı eşyalar kullanılmalıdır. Ev ve iş yerlerinde ayağa takılacak kablo ve kordonlar bulunmamalı ve zemin kaymayan bir materyal ile kaplanmalıdır. Merdiven, duş, küvet ve klozet kenarlarına tutamaklar yerleştirilmelidir. Risk faktörlerini bilin ve önleminizi alın Kemik erimesiyle mücadele etmenin ilk basamağı, risk faktörlerinin bilinmesidir. Kişiler risk altında olduklarını bilirlerse kemik erimesini yavaşlatmak ve önlemek mümkün olabilmektedir. Kemik erimesini tetikleyen en önemli risk faktörleri; ileri yaş, cinsiyet (kadınlarda daha sık görülüyor), aile öyküsü, daha önceki kırıklar, uzun süre kortizon kullanımı, romatoid artrit, alkol, sigara, düşük beden kitle indeksi ve kemik mineral yoğunluğu, yetersiz fiziksel aktivite, düşük kalsiyum alımı ve D vitamini yetmezliği olarak sıralanabilir. Aşağıdaki sorulardan bir veya birkaçına “evet” cevabı veren kişiler kemik erimesi açısından risk altındadır. Bu kişiler vakit kaybetmeden uzmana başvurarak, fiziksel muayene, kan-idrar testleri, röntgen ve kemik yoğunluğu ölçümü yaptırmalıdır."
12,positive,Kemik erimesi riskini artıran faktörler nelerdir?,2,0.6183174848556519,0.38168251514434814,doc_0049_parent_001_child_002,doc_0049_parent_001,doc_0049,Kemik Erimesine Karşı Önleminizi Genç Yaşlarda Alın,https://www.memorial.com.tr/saglik-rehberi/kemik-erimesine-karsi-onleminizi-genc-yaslarda-alin,"Kemik erimesine bağlı kırıkların görülme sıklığı kadın ve erkeklerde özellikle omurga ve kalça bölgesinde ilerleyen yaşla birlikte daha da artmaktadır. Belirti vermeden sessizce ilerliyor Kemik erimesi sessiz ve ilerleyici bir hastalık olduğundan ilk osteoporotik kırık ortaya çıkana kadar belirti vermeyebilir. Omurgada oluşan kırıklar sırtta şiddetli ağrıya, kamburluğa ve boy kısalmasına yol açabilmektedir. Fonksiyonel bağımlılık yaratması nedeniyle yaşam kalitesini olumsuz etkileyen kalça kırıkları, genellikle cerrahi müdahale gerektirmektedir. Kemik erimesi erken teşhis sayesinde büyük oranda tedavi edilebilen bir hastalıktır. Yaşam tarzı değişiklikleri ve uygun ilaç tedavisiyle kemik kaybı yavaşlatılabilmekte ve birçok kırık önlenebilmektedir. Kalsiyum ve D vitamini alımı çok önemli Kemik erimesi tedavisinde en önemli yöntem beslenme ve yaşam tarzı değişikliklerinin yapılmasıdır. Günlük 800-1200 mg kalsiyum alınmalı güneş ışığı ve diyetle yeterli D vitamini alımı sağlanmalıdır. Her gün en az 30 dakika boyunca düzenli fiziksel aktiviteler yapılmalıdır. Sigaradan ve aşırı alkol tüketiminden uzak durulmalıdır. Bu önlemlerle birlikte doktorun önerdiği ilaç tedavisine devam edilmesi kemik erimesini yavaşlatacaktır. Bunların yanı sıra kemik erimesini tetikleyen en önemli faktörlerden biri olan düşmelerin önlenmesi için de bir takım önlemler alınması gerekmektedir."
12,positive,Kemik erimesi riskini artıran faktörler nelerdir?,3,0.6115427017211914,0.3884572982788086,doc_0275_parent_001_child_002,doc_0275_parent_001,doc_0275,Osteoporoza Karşı,https://www.memorial.com.tr/saglik-rehberi/osteoporoza-karsi,"Süslü; “Kemik miktarı 20-30 yaşına kadar artmakta; 50 yaşından sonra ise azalmaya başlamaktadır. Özellikle 50-65 yaş arası kadınlarda, kemiklerde erimeye daha sık rastlanırken; 65 yaş sonrası, erkekleri de en az kadınlar kadar etkileyebilmektedir. Çocukluk döneminde görülen Osteoporoz ise; genelde altta yatan bir başka hastalık sonucu gelişebilmektedir” şeklinde konuştu. Hareketsizlik kemik erimesini tetikler Uz. Dr. Süslü, kemik “osteoporoz”un risk faktörleri ile ilgili şunları söyledi; “Erken menopoz, D vitamini ve kalsiyum eksikliği, aşırı alkol, sigara ve kafein tüketimi, genetik yatkınlık, şeker hastalığı, tiroid bezinin fazla çalışması, mide-bağırsak operasyonları, hareketsizlik, felç ve bazı iltihabi romatizmalar, hastalığı tetikleyen etkenler olarak sıralanabilir. Ayrıca, uzun süre kortizon kullananlarda; zayıf, açık tenli ve renkli gözlü kişilerde de “osteoporoz”un görülme sıklığı artar.” Sinsice ilerleyen hastalık yaşam kalitesini düşürüyor Kemik erimesinin, kırık olmadığı sürece, ağrısız ilerleyen sinsi bir hastalık olduğunu söyleyen Uz. Dr. Süslü “Hastalık, kemik yoğunluğu ölçüm işlemi ile teşhis edilmektedir. Hasta, aktivitelerinin zamanla azalması ve kronik ağrıları nedeniyle, çevresindekilere bağımlı hale gelebilir."
12,positive,Kemik erimesi riskini artıran faktörler nelerdir?,4,0.5950748920440674,0.4049251079559326,doc_0049_parent_001_child_001,doc_0049_parent_001,doc_0049,Kemik Erimesine Karşı Önleminizi Genç Yaşlarda Alın,https://www.memorial.com.tr/saglik-rehberi/kemik-erimesine-karsi-onleminizi-genc-yaslarda-alin,"Kemiklerin sessiz hırsızı olarak tanımlanan osteoporoz 50 yaş üzeri her 3 kadından ve her 5 erkekten birinde görülüyor. Sağlıksız beslenme ve yetersiz fiziksel aktivite nedeniyle görülme sıklığı giderek artan kemik erimesi, kişilerin yaşam kalitelerini ve hatta sağ kalım sürelerini azaltıyor. Yaşam tarzında yapılan küçük değişikliklerle kemik erimesinden korunmak mümkün olabiliyor. Memorial Ankara Hastanesi Fizik Tedavi ve Rehabilitasyon Bölümü Uzmanları, “20 Ekim Dünya Osteoporoz Günü” öncesinde kemik erimesi ve korunma yöntemleri hakkında bilgi verdi. - İlerleyen yaşla birlikte kırıkların oluşma sıklığı artıyor - Belirti vermeden sessizce ilerliyor - Kalsiyum ve D vitamini alımı çok önemli - Risk faktörlerini bilin ve önleminizi alın İlerleyen yaşla birlikte kırıkların oluşma sıklığı artıyor En sık görülen metabolik kemik hastalığı olan osteoporoz, kemik yoğunluğunun ve kalitesinin azaldığı bir hastalıktır. Bu hastalıkta kemik kütlesindeki azalma nedeniyle kemik daha kırılgan bir hale gelmekte ve kırıkların oluşma riski artmaktadır. Kemik erimesi genellikle omurga, kalça ve el bileğinde kırıklara neden olmaktadır. Bununla birlikte diğer kemiklerde de kırıklar görülebilir. Kemik erimesine bağlı kırıkların görülme sıklığı kadın ve erkeklerde özellikle omurga ve kalça bölgesinde ilerleyen yaşla birlikte daha da artmaktadır."
12,positive,Kemik erimesi riskini artıran faktörler nelerdir?,5,0.5553515553474426,0.4446484446525574,doc_0492_parent_001_child_001,doc_0492_parent_001,doc_0492,Menopoz Sonrası Sessiz Kırıklara Dikkat,https://www.memorial.com.tr/saglik-rehberi/menopoz-sonrasi-sessiz-kiriklara-dikkat,"Kemik erimesi olarak bilinen osteoporoz, özellikle menopoz sonrası dönemdeki kadınların ve ileri yaş erkeklerin yaşam kalitesini düşüren rahatsızlıklar arasında ilk sıralarda yer alıyor. Genetik faktörler ve düzensiz beslenmeyle tetiklenen kemik erimesinden korunmak için yaşam tarzı değişiklikleri büyük önem taşıyor. Memorial Ankara Hastanesi Fizik Tedavi ve Rehabilitasyon Bölümü Uzmanları, “20 Ekim Dünya Osteoporoz Günü” öncesinde kemik erimesi ve korunma yöntemleri hakkında bilgi verdi. - Sessiz kırıklar birçok sağlık sorununa neden oluyor - Hareketsizlik ve sağlıksız beslenme kemik erimesini tetikliyor - Güçlü kemiklere kavuşmanın yolu çocukluktan itibaren sağlıklı beslenmekten geçiyor - Balık ve yeşil sebze tüketimi kırık riskini azaltıyor - Havanın güneşli olduğu günleri kaçırmayın - Her yaşta düzenli egzersiz kemik sağlığınızın da dostudur Sessiz kırıklar birçok sağlık sorununa neden oluyor Osteoporoz en sık görülen metabolik kemik hastalığıdır. Bu rahatzılıkta kemik kütlesindeki azalma ile birlikte, kemiğin yapısı ve kemik kalitesi bozulur. Kemiğin kırılganlığı artar ve ciddi bir zorlanma olmasa bile vücutta ciddi kırıklar oluşabilir. Özellikle menopoz sonrası kadınlarda, omurgada aniden oluşan kırıklar “sessiz kırık” olarak tanımlanır. Bu kırıklar nedeniyle kişide sürekli bir sırt ağrısı, tedavi edilmediğinde boy kısalması, kamburluk ve nefes darlığı gibi sorunlar gelişebilir."
12,positive,Kemik erimesi riskini artıran faktörler nelerdir?,6,0.5437451004981995,0.45625489950180054,doc_0275_parent_001_child_001,doc_0275_parent_001,doc_0275,Osteoporoza Karşı,https://www.memorial.com.tr/saglik-rehberi/osteoporoza-karsi,"50 yaşın üstündeki kadınların %30’unda görülen “osteoporoz” yani “kemik erimesi”, özellikle menopoz sonrası dönemde ortaya çıkan önemli bir sağlık sorunudur. Kadınlarda erkeklere oranla daha fazla görülen hastalık için ileri yaş ve hareketsizlik risk oluşturur. Memorial Antalya Hastanesi Fizik Tedavi ve Rehabilitasyon Bölümü Uzmanları, “osteoporoz” hastalığı ve tedavileri hakkında bilgi verdi. - Osteoporoza Karşı Düzenli Kemik Taraması Yaptırın - Yaş ilerledikçe osteoporoz riski artar! - Hareketsizlik kemik erimesini tetikler - Sinsice ilerleyen hastalık yaşam kalitesini düşürüyor - Osteoporozda erken tanı kemik kırılmalarını önler Yaş ilerledikçe osteoporoz riski artar! Uz. Dr. Süslü; “Osteoporoz”un, ilerleyen yaşla birlikte, kemik kütlesi yoğunluğundaki azalmadan kaynaklandığını dile getirerek, “Kemik erimesi; kemik kütlesinde ilerleyici azalma, kemik yapısında bozulma, kemik kırık riskinde artış gibi farklı şekillerde ortaya çıkan sistemik bir iskelet hastalığıdır” dedi. Kemik erimesinde yaş faktörünün önemine de değinen Uz. Dr. Süslü; “Kemik miktarı 20-30 yaşına kadar artmakta; 50 yaşından sonra ise azalmaya başlamaktadır."
12,positive,Kemik erimesi riskini artıran faktörler nelerdir?,7,0.5391374826431274,0.46086251735687256,doc_0492_parent_001_child_002,doc_0492_parent_001,doc_0492,Menopoz Sonrası Sessiz Kırıklara Dikkat,https://www.memorial.com.tr/saglik-rehberi/menopoz-sonrasi-sessiz-kiriklara-dikkat,"Bu kırıklar nedeniyle kişide sürekli bir sırt ağrısı, tedavi edilmediğinde boy kısalması, kamburluk ve nefes darlığı gibi sorunlar gelişebilir. İleri yaştaki kişilerde osteoporotik kalça kırıkları iyileşme süresinin uzamasına ve fonksiyonel bağımlılığının artmasına neden olur. Buna rağmen osteoporoz önlenebilir ve erken tanı ile tedavi edilebilir bir hastalıktır. Hareketsizlik ve sağlıksız beslenme kemik erimesini tetikliyor 50 yaşın üzerinde 3 kadından 1’inde ve 50 yaş üzerinde 5 erkekten 1’inde osteoporoz görülmektedir. Kemiklerin sessiz hırsızı olarak tanımlanan osteoporoz, yaşam süresi uzadıkça neden olduğu kırıklardaki artış sebebi ile dünyada öncelikle önlenmesi ve tedavi edilmesi gereken hastalıklar grubuna alınmıştır. Ülkemiz de dünya osteoporoz haritasında orta derecede risk grubunda yer almaktadır. Kemik erimesi kaynaklı kırık oranı, sağlıksız beslenme ve yetersiz fiziksel aktivite nedeniyle her yıl artmaktadır. Güçlü kemiklere kavuşmanın yolu çocukluktan itibaren sağlıklı beslenmekten geçiyor Kemik erimesine neden olan risk faktörleri arasında kişinin yaşam tarzının çok büyük önemi vardır. Dengeli ve düzenli beslenmeye başlayarak sağlıklı, güçlü kemiklere kavuşmak mümkündür. Kemik erimesinden korunmanın anahtarı, her yaşta günlük olarak yeterli kalsiyum ve proteini tüketmektir. Süt ve süt ürünleri kalsiyumun ana kaynaklarıdır. Son 30 yılda çocuklarda süt ve süt ürünleri tüketiminin azaldığı görülmektedir."
12,positive,Kemik erimesi riskini artıran faktörler nelerdir?,8,0.5356378555297852,0.46436214447021484,doc_0218_parent_002_child_002,doc_0218_parent_002,doc_0218,"Cilt (Deri) Kanseri Nedir? Belirtileri, Nedenleri ve Tedavisi",https://www.memorial.com.tr/saglik-rehberi/tatilde-cilt-sagliginiz-icin-onleminizi-alin,"Cilt Kanseri Risk Faktörleri Cilt kanseri oluşumunu etkileyen bazı risk faktörleri söz konusudur. Bunların başında açık tene sahip olmak, güneşe fazla maruz kalmak, anormal ve düzensiz benlerin varlığı ve ailede cilt kanseri geçmişi olmasıdır. Cilt kanserinin risk faktörleri şöyledir: Açık bir tene sahip olmak: Cilt renginden bağımsız olarak herkes cilt kanserine yakalanabilir. Ancak cildinizde daha az pigment (melanin) olması zararlı UV radyasyonuna karşı daha az koruma sağlar. Bunun en basit açıklaması açık bir tene sahip olmaktır. Açık bir tene sahip olmak: Sarı veya kızıl saçlı insanlar, açık renkli gözlere sahip olanlar, kolayca çillenenler veya güneş yanığı sorunuyla sık karşılaşanların koyu tenli bir kişiye göre cilt kanserine yakalanma olasılığı çok daha yüksektir. Güneş yanığı geçmişi: Çocukken veya gençken bir veya daha fazla kabarcıklı güneş yanığı geçirmiş olmak, yetişkinlikte cilt kanseri geliştirme riskini artırabilir. Ayrıca yetişkinlikte güneş yanıkları da bir cilt kanseri açısından risk faktörüdür. Güneş yanığı geçmişi: Güneşe yoğun bir şekilde maruz kalmak: Güneş altında çok fazla zaman geçirenler ve güneşe fazla maruz kalan kişiler, özellikle cilt güneş kremi veya koruyucu kıyafetler kullanmıyorsa cilt kanseri gelişme riskini istemsiz artırabilir. Ayrıca bronzlaşma işlemleri de cildin aşırı UV radyasyonuna verdiği yaralanma tepkisidir."
12,positive,Kemik erimesi riskini artıran faktörler nelerdir?,9,0.5352515578269958,0.46474844217300415,doc_0488_parent_001_child_001,doc_0488_parent_001,doc_0488,Bel Fıtığında Günlük Yaşam Şekli Büyük Önem Taşıyor,https://www.memorial.com.tr/saglik-rehberi/bel-fitiginda-gunluk-yasam-sekli-buyuk-onem-tasiyor,"Çağımızın en yaygın sağlık sorunlarından biri olan ve çok sık rastlanmasına rağmen yeterince bilinmeyen bel fıtığı ve korunma yöntemleri hakkında Memorial Kayseri Hastanesi Beyin, Omurilik ve Sinir Cerrahisi Uzmanları, bilgi verdi. - Sigara bel fıtığı riskini artırıyor - Yerden aldığınız cisimleri küçümsemeyin - Dik pozisyonda oturmaya çalışın - Ani hareketlerden sakının - Uzmana başvurmadan korse kullanmayın - Temizlik araçlarında seçici olun Sigara bel fıtığı riskini artırıyor Sigara içenlerin vücudundaki tüm hücreler yeterli oksijen alamamakta, bu nedenle kalp, akciğer ve beyin başta olmak üzere bütün organlar etkilenmektedir. Omur kemikleri arasındaki diskler de oksijensiz ortamda daha kolay dejenere olup, zamanla kendilerini tamir etme yeteneklerini kaybederler. Böylece, bel fıtığının gelişim riski de artmaktadır. Yerden aldığınız cisimleri küçümsemeyin Hafif dahi olsa yerden bir cismi alırken dizlerinizi kırın ve çömelerek alın, belden eğilmeyin. Yükü belinizle değil, bacaklarınızla kaldırın. Bir eşyayı alırken ona doğru uzanmayın, yanına iyice yaklaşın ve öyle alın. Bir eşyayı taşırken, onu gövdenize yakın tutun. Taşınacak eşya vücudunuza ne kadar yakın olursa, omurganıza binen yük o kadar azalacaktır."
12,positive,Kemik erimesi riskini artıran faktörler nelerdir?,10,0.5343719720840454,0.4656280279159546,doc_0422_parent_001_child_003,doc_0422_parent_001,doc_0422,Fazla Kilo Ve Varisler Akciğer Embolisi Riskini Artırıyor,https://www.memorial.com.tr/saglik-rehberi/fazla-kilo-ve-varisler-akciger-embolisi-riskini-artiriyor,"Bazı ameliyatlardan sonra emboli riski oluşmaktadır. Örneğin karın bölgesi ameliyatları, bacakları ilgilendiren ameliyatlar ya da genel anestezi uygulanan ve uzun süre devam ameliyatlar sonucunda, ameliyat sonrası günlerde de emboli atağı oluşabilmektedir. Yağ aldırma ameliyatları sonucunda da yağ embolileri oluşabilmektedir. Aşırı kilo ve genetik yatkınlık sonucu gelişebiliyor Derin dalış yapan dalgıçlarda yüzeye hızlı çıkış esnasında yağ veya hava embolileri gelişebilmektedir. Bu duruma “vurgun yemek” de denmektedir. Kanser hastalarında özellikle akciğer kanserinde kan pıhtılaşma oranı yüksek olmaktadır ve akciğer embolisi görülme riski de yüksektir. Kemoterapi tedavisi gören kanser hastalarında pıhtı oluşma riski bulunmaktadır. Genetik yatkınlıklar da kandaki pıhtılaşmayı artırabilmektedir. Protein C, Faktör (V) Leiden hastalığı, antitrombin III gibi kanın pıhtılaşmasına sebep olan genetik faktörler de akciğer ambolisinin nedenleri arasına yer alabilmektedir. Bu genetik yatkınlığa sahip kişiler kaç yaşında olursa olsun pıhtı gelişebilmektedir. Sigara kullanımı ve aşırı kilo da yine akciğer embolisi sebepleri arasında yer almaktadır. Akciğer embolisi kalp krizi ile karışabiliyor Akciğer damarı aniden tıkandığı zaman oradaki kan alışverişi ve oksijen alımı bozulmaktadır."
13,positive,Balık tüketmenin sağlığa faydaları nelerdir?,1,0.7517094612121582,0.2482905387878418,doc_0467_parent_001_child_001,doc_0467_parent_001,doc_0467,Balık yemenin faydaları nelerdir?,https://www.memorial.com.tr/saglik-rehberi/balik-yemenin-faydalari-nelerdir,"Çocukların ve yetişkinlerin düzenli olarak tüketmesi gereken balık, bağışıklık sistemini koruyor, çocukların zeka gelişimine katkı sağlıyor, kemikleri güçlendiriyor, hücreleri onarıyor ve depresyonun zararlı etkilerini yok ediyor. Sofların vazgeçilmez besini olan balığın faydaları türüne göre değişkenlik gösteriyor. Çok çabuk bozulabilen balığı tüketirken, bazı kurallara uymak gerekiyor. Memorial Kayseri Hastanesi Beslenme ve Diyet Bölümü’nden Dyt. Merve Sır, balığın faydaları hakkında bilgi verdi. - Balık nasıl bir besin kaynağıdır? - Balık yemenin faydaları nelerdir? Balıkta hangi besin değerleri var? - Balık nasıl tüketilmeli? - Balık ne zaman tüketilmeli? - Balık yağı yararlı mı? - Balık yağını kimler tüketmeli? - Balığı gebeler tüketmeli mi? - Balığı çocuklar tüketmeli mi? Balık nasıl bir besin kaynağıdır? Mükemmel bir protein kaynağı olan balığın besin değerleri, türüne göre değişmektedir. Balıkta ortalama 100 gram başına yaklaşık 19,5 gram protein bulunmaktadır. İnsan vücudunun ne kadar proteine ​​​​ihtiyacı olduğu kişiden kişiye değişmektedir. Vücut ağırlığı ve yaş gibi çeşitli faktörlere bağlı olan protein, büyümeden vücudun yeniden inşasına kadar birçok süreçte rol oynamaktadır. Besin proteini, kasların inşa edilmesi ile kemik ve kas kütlesinin sağlıklı kalması için gereklidir."
13,positive,Balık tüketmenin sağlığa faydaları nelerdir?,2,0.6949060559272766,0.3050939440727234,doc_0467_parent_001_child_003,doc_0467_parent_001,doc_0467,Balık yemenin faydaları nelerdir?,https://www.memorial.com.tr/saglik-rehberi/balik-yemenin-faydalari-nelerdir,"Dört tarafı denizlerle çevrili Türkiye’de çipura, levrek, hamsi, barbunya, torik (büyük palamut), kalkan, sardalya (hamsinin bir türü), uskumru, mercan, lüfer (mavi levrek), palamut ve somon türleri ya avlanmakta ya da yetiştirilmektedir. Balık yemenin faydaları nelerdir? Balıkta hangi besin değerleri var? İnsan vücudu için gerekli olan en az 13 vitamin tanımlanmaktadır. Dokulardaki dağılımı düzensiz olmakla birlikte bunların büyük bir bölümü balıklarda bulunmaktadır. Vitamin miktarı balık türüne göre değişmektedir. Suda çözünen B ve C vitaminlerinin su ürünlerinde bulunma miktarı, karasal hayvanlarda bulunan miktarla hemen hemen aynıdır. Ancak balıklarda yağda çözünen A, D, E ve K vitaminleri genellikle daha fazladır. İnsan vücudu ağırlığının yaklaşık % 4’ünü oluşturan mineraller, büyüme ve sağlık için gerekli olan maddelerdir. Kalsiyum, fosfor, sodyum, potasyum, magnezyum, iyot, demir, bakır, flor, kobalt ve çinko su ürünlerinin büyük bir bölümünde olan önemli minerallerdir. Bazı su ürünlerinin 100 gramında 15-200 miligram arasında değişen kalsiyum, 100-400 miligram arasında fosfor bulunmaktadır. 100 gramında ortalama 60 miligram sodyum miktarı ile balık, sodyum diyeti yapanlara tavsiye edilmektedir."
13,positive,Balık tüketmenin sağlığa faydaları nelerdir?,3,0.6839568614959717,0.3160431385040283,doc_0467_parent_003_child_001,doc_0467_parent_003,doc_0467,Balık yemenin faydaları nelerdir?,https://www.memorial.com.tr/saglik-rehberi/balik-yemenin-faydalari-nelerdir,"Suşinin yanı sıra füme balık veya matje gibi yöntemlerle hazırlanan balık ve deniz ürünlerinden uzak durulmalıdır. Ton balığı veya kılıç balığı gibi dip balıklarını anne adayları tüketirken dikkat etmelidir. Besin zincirinin sonunda olan bu balıklar içeriğindeki civa gibi çevresel toksinlere sahip olabilirler. Balığı çocuklar tüketmeli mi? Çocukların haftada bir veya iki kez balık yenmesi tavsiye edilir. Balık iyi bir protein kaynağıdır. Protein içeriği çeşitler arasında farklılık gösterse de, 100 gram balıkta yaklaşık 20 gram protein vardır. Protein büyüme, bağışıklık sistemi ve tüm önemli vücut fonksiyonlarının korunması için önemlidir. Özellikle çocuklarda protein büyümeyi teşvik etmekte ve vücut gelişimine katkı sağlamaktadır. Balık çok iyi bir omega-3 kaynağıdır. Balıklardaki omega-3 oranı çeşidine göre değişir. Somon, alabalık ve saithe gibi yüksek yağlı balıklarda özellikle büyük miktarda omega-3 vardır. Omega-3 yağ asitleri önemlidir ve vücut bunları kendi üretemediğinden yiyecekler yoluyla almaktadır. Bu nedenle çocuklar ve yetişkinler için balık haftada bir veya iki kez sofrada olmalıdır."
13,positive,Balık tüketmenin sağlığa faydaları nelerdir?,4,0.6654664278030396,0.33453357219696045,doc_0467_parent_001_child_004,doc_0467_parent_001,doc_0467,Balık yemenin faydaları nelerdir?,https://www.memorial.com.tr/saglik-rehberi/balik-yemenin-faydalari-nelerdir,"100 gramında ortalama 60 miligram sodyum miktarı ile balık, sodyum diyeti yapanlara tavsiye edilmektedir. Kalp atışlarının düzenlenmesi, sinir transmisyonu, kas kasılması, karbonhidrat ve protein metabolizmasında katalizör rolü oynayan potasyum, 100 gram balık etinde 250-500 miligram arasında bulunmaktadır. Yine balık eti, enzim sisteminde katalizör rolü olan magnezyum bakımından iyi bir kaynaktır. Bazı balıkların 100 gramında bulunan yağ miktarları şöyledir: Tür Yağ Doymuş Tekli doymamış Çoklu doymamış Kolestrol (mg) Hamsi 4,8 1,3 1,2 1,6 - Ringa 9,0 2,0 3,7 2,1 60 Uskumru 13,0 2,5 5,9 3,2 53 Orkinos 6,6 1,7 2,2 2,0 38 Sazan 5,6 1,1 2,3 1,3 67 Morina 0,7 0,1 0,3 43 Dil Balığı 1,2 0,3 0,4 0,2 50 Alabalık 3,4 0,6 1,0 1,2 57 Balık nasıl tüketilmeli? Uygun ve doğru saklama koşullarına sahip balıklar tüketilmelidir. - Balık tezgahındaki taze balıklar kesinlikle buzda bekletilmelidir. Çünkü balık çok kolay bozulabilen bir besin kaynağıdır. - Özellikle donmuş balıklar satın alındıktan sonra hızlı bir şekilde eve getirildikten sonra buzdolabına konulmalıdır. 1-2 saat içinde yenecekse dondurucuya konulmamalıdır. - Balıklar buzdolabında her zaman ısıtılmamış diğer yiyeceklerden ayrı olarak saklanmalıdır. En azından kapalı kaplarda muhafaza edilmelidir."
13,positive,Balık tüketmenin sağlığa faydaları nelerdir?,5,0.6572071313858032,0.3427928686141968,doc_0467_parent_002_child_001,doc_0467_parent_002,doc_0467,Balık yemenin faydaları nelerdir?,https://www.memorial.com.tr/saglik-rehberi/balik-yemenin-faydalari-nelerdir,"Ayrıca balıkların neslinin tükenmemesi için avlanma konusunda dünyada uluslararası anlaşmalar yapılmıştır. Zaten yumurtlama döneminde balıkların besin değeri düşüktür. Bu süre zarfında balıklar çok az beslenir ya da hiç yemez. Birçok tür enerjilerini göç için kullanır. Özellikle uskumru gibi yüksek yağlı balıklar, yumurtlama mevsimi boyunca yağ oranlarının üçte birini kaybeder. Bunun için yumurtlama mevsiminde tüm dünyada dondurulmuş balık tüketimi artmaktadır. Balık yağı yararlı mı? Balığın içeriğinde bulunan omega-3 yağ asitleri; görme, kavrama ve motor becerilerini geliştirerek çocuklar üzerinde faydalı bir etkiye sahiptir. Ne yazık ki, bazı diyet programlarında omega-3 kaynağı çok azdır. Bu nedenle folik asit , demir ve D vitamini eksikliği konusunda gebelere ve çocuklara saflaştırılmış balık yağı takviyeleri önerilmektedir. Omega-3 yağ asitleri çocukların beyin, sinir sistemi ve gözlerinin gelişimi için önemlidir. Epidemiyolojik çalışmalarda, iki omega-3 yağ asidi olan EPA ve DHA içeren yağlı balık tüketen hamile kadınlar ve bebekleri ile büyüme çağında olan çocukların bilişsel gelişimini iyileştirdiği belirlenmiştir. Omega-3 yağ asitleri aynı zamanda gözleri, beyni ve zekayı desteklemektedir. DHA, en faydalı etkileri olan omega-3 yağ asididir. Omega-3 yağ asitleri çeşitli yollarla sağlanmaktadır."
13,positive,Balık tüketmenin sağlığa faydaları nelerdir?,6,0.6564432382583618,0.3435567617416382,doc_0467_parent_002_child_003,doc_0467_parent_002,doc_0467,Balık yemenin faydaları nelerdir?,https://www.memorial.com.tr/saglik-rehberi/balik-yemenin-faydalari-nelerdir,"Öte yandan, ALA esas olarak keten tohumu yağı, kolza yağı, ceviz ve chia tohumlarında bulunmaktadır. EPA ve DHA esas olarak uskumru, somon, ringa balığı, hamsi, sardalya, yılan balığı, saithe, gökkuşağı alabalığı, morina karaciğeri ve yağı gibi balıklarda bulunur. Beyin büyük miktarda EPA ve DHA içerir. Balık yağını kimler tüketmeli? Balık yağındaki temel omega-3 yağ asitleri, hücreleri genç ve esnek tutar, hareket halindeyken zihinsel performansı artırır. Konsantre olmakta güçlük çeken hiperaktif çocukların düzenli balık yağı tüketmesi önerilir. Prensip olarak, balık yağı herkes için uygundur. Hamilelik sırasında omega-3 takviyesi alınmasının gebeliğin son aylarında, özellikle bebeğin retina ve sinir hücrelerinin gelişimini sağladığı belirlenmiştir. Doğum sonrası testlerde ise doğum öncesi alınan yüksek bir DHA seviyesinin, çocuğun bilişsel ve motor becerilerinin yanı sıra görme keskinliği üzerinde olumlu sonuçları olduğu ortaya çıkmıştır. Ayrıca hamilelik sırasında balık yağı kapsülleri ile tedavi gören astım hastalığı olan çocukların sayısının azaldığına dair kanıtlarda bulunmaktadır. Balık yağı kilolu insanlar için de faydalıdır. Bunun nedeni, aşırı kilolu, orta yaşlı ve yaşlı erişkinlerde iltihabı azalttığı belirlenmiştir. Ayrıca omega-3 takviyesi depresyona girenler için yardımcı olabilmektedir."
13,positive,Balık tüketmenin sağlığa faydaları nelerdir?,7,0.6210565567016602,0.37894344329833984,doc_0371_parent_001_child_002,doc_0371_parent_001,doc_0371,Sebebi Belirlenemeyen Kısırlıkta Beslenmeye Dikkat,https://www.memorial.com.tr/saglik-rehberi/sebebi-belirlenemeyen-kisirlikta-beslenmeye-dikkat,"Yapılan bilimsel araştırmalarda kırmızı et tüketimi arttıkça sperm kalitesi olumsuz etkilendiği görülmüştür. Bu yüzden haftada 2-3 gün mutlaka balık tüketilmeli, balıklar dip balıklarından değil daha çok küçük, yüzey balıklarından tercih edilmelidir. Çünkü dipte yüzen balıklarda ağır metal taşıma riski vardır ve ağır metaller de vücuttaki enflamasyonu artırır. Sardalya, mezgit, hamsi ve somon gibi yüzey balıkları tercih edilmelidir. Kırmızı et grubunun dışında işlenmiş ete de vurgu yapmak gerekmektedir. İşlenmiş etler yani salam, sucuk, sosis, hindi füme gibi etler de dahil olmak üzere çok fazla aslında kanserojen ve toksin yükü olan maddeler içerebilmektedir. Bu maddeler enflamasyonu yani vücutta iltihabi durumları artıracağı için doğurganlığı da olumsuz etkileyebilmektedir. Besinleri buharda ya da düşük ısılarda fırında pişirin Besinlerin pişirme yöntemlerine de dikkat edilmelidir. Yüksek ısılarda kızartma, ızgara veya kavurma gibi işlemler yapıldığında besinlerin içindeki maddeler kanserojen maddelere dönüşmektedir. Bu yöntemlerin yerine buharda pişirme, haşlama ya da düşük ısıda fırında veya ızgarada pişirme tercih edilmelidir. Kuru baklagillerin tüketimi sağlıklı beslenme için oldukça önemlidir. Özellikle soya fasulyesi, mercimek, maş fasulyesi, nohut gibi kuru baklagil tüketimi artırılmalıdır."
13,positive,Balık tüketmenin sağlığa faydaları nelerdir?,8,0.5944058895111084,0.4055941104888916,doc_0467_parent_002_child_004,doc_0467_parent_002,doc_0467,Balık yemenin faydaları nelerdir?,https://www.memorial.com.tr/saglik-rehberi/balik-yemenin-faydalari-nelerdir,"Ayrıca omega-3 takviyesi depresyona girenler için yardımcı olabilmektedir. Gerekli doz ve tedavi süresi, hastanın temel omega-3 yağ asidi seviyelerine bağlıdır. Balığı gebeler tüketmeli mi? Balık yağında çokça bulunan omega-3 yağ asitleri, beyin ve sinir hücreleri için önemli yapı taşlarıdır. Bebeğin optimal gelişimini desteklemek için sadece hamilelik sırasında değil aynı zamanda emzirme döneminde de balık yağı vazgeçilmez bir besin kaynağıdır. Araştırmalarda omega-3 yağ asitlerini alan çocukların ince motor becerileri ve konsantrasyonun yanı sıra konuşma gelişiminin önemli ölçüde daha iyi olduğu gösterilmiştir. - D vitamini: omurga sağlığı için önemlidir. Kalsiyuma ek olarak balık yağında bulunan D vitamini sağlıklı kemiklerin oluşması için önemlidir. Vücut, cildin güneş ışığına maruz kalmasıyla D vitaminini kendisi üretebildiği için balık yağının yaz ayları dışında alınması uygundur. D vitamini: - Çinko: Bu eser element sayısız hücre metabolik süreçlerinde yer almaktadır. Büyüme ve bağışıklık sistemi için vazgeçilmezdir. Hamile bir kadının 4. aydan itibaren çinko ihtiyacının 1,5 kat fazla olması bebeğin gelişiminde doğrudan rol aldığının bir göstergesidir."
13,positive,Balık tüketmenin sağlığa faydaları nelerdir?,9,0.5880473852157593,0.4119526147842407,doc_0300_parent_001_child_004,doc_0300_parent_001,doc_0300,Kalp sağlığını korumak için 7 beslenme önerisi,https://www.memorial.com.tr/saglik-rehberi/kalp-sagligini-korumak-icin-7-beslenme-onerisi,- Düzenli olarak balık ve kümes hayvanlarının etlerini tüketmeyi ihmal etmeyin. - Süt ürünlerinin a z yağlı olanlarını tercih edin. Doğal yoğurt ve çok yağlı olmayan peynirlere yönelin. Süt ürünlerinin a - Tabağınızı renklendirin. Otlar ve baharatlar yemeğinizin lezzetini artırır ve tuz ihtiyacını azaltır Tabağınızı renklendirin.
13,positive,Balık tüketmenin sağlığa faydaları nelerdir?,10,0.5861388444900513,0.41386115550994873,doc_0467_parent_001_child_002,doc_0467_parent_001,doc_0467,Balık yemenin faydaları nelerdir?,https://www.memorial.com.tr/saglik-rehberi/balik-yemenin-faydalari-nelerdir,"Besin proteini, kasların inşa edilmesi ile kemik ve kas kütlesinin sağlıklı kalması için gereklidir. Kemiklerin normal büyümesi ve gelişmesi için gerekli olan proteini, çocukların da yeterli miktarda tüketmesi sağlık açısından önemlidir. Balığın türüne göre içerdiği besin değerleri ve bileşimler farklıdır. Polar morina veya somon balığı gibi balıklarda bol miktarda omega-3 bulunur ve vücudumuz için gerekli bir yağ asitlerini barındırır. İnsan vücudu bunları üretemediği için besinlerle birlikte alınması gerekmektedir. Balık; selenyum, iyot ve D vitamini açısından da zengin bir besin kaynağıdır. Selenyum, bağışıklık sistemini güçlendirirken, tiroid fonksiyonunu da korumaya yardımcı olmaktadır. Aynı zamanda selenyum sağlıklı saçlar ve tırnaklar için gerekli besin kaynağıdır. Son yıllarda D vitamini eksikliği tüm dünyada ve Avrupa’da araştırılan bir konudur. D vitamini, kas fonksiyonunu, bağışıklık sistemini, kemikleri ve dişleri korumak için gereklidir. Somon balığı lezzetli ve iyi bir D vitamini kaynağıdır. Dört tarafı denizlerle çevrili Türkiye’de çipura, levrek, hamsi, barbunya, torik (büyük palamut), kalkan, sardalya (hamsinin bir türü), uskumru, mercan, lüfer (mavi levrek), palamut ve somon türleri ya avlanmakta ya da yetiştirilmektedir."
14,positive,Emilim bozukluğu nedir ve hangi belirtilere yol açabilir?,1,0.7815167307853699,0.21848326921463013,doc_0367_parent_002_child_004,doc_0367_parent_002,doc_0367,Emilim Bozukluğu Nedir? Belirtileri Nelerdir?,https://www.memorial.com.tr/hastaliklar/emilim-bozuklugu-nedir-belirtileri-nelerdir,"Emilim bozukluğuna ne iyi gelir? Emilim bozukluğunun nedeni belirlendikten sonra bağırsak dostu besinler tüketmek iyi gelecektir. Emilim bozukluğu tehlikeli mi? Emilim bozukluğu sonucunda vücutta demir, folik asit, vitamin B12 ile diğer vitamin ve minerallerin eksilmesi zamanla birçok soruna ve hastalığa neden olacaktır. Emilim bozukluğu tedavi edilmezse genel sağlık durumu bozulacağı için bu sorun son derece tehlikelidir."
14,positive,Emilim bozukluğu nedir ve hangi belirtilere yol açabilir?,2,0.718074381351471,0.28192561864852905,doc_0367_parent_002_child_001,doc_0367_parent_002,doc_0367,Emilim Bozukluğu Nedir? Belirtileri Nelerdir?,https://www.memorial.com.tr/hastaliklar/emilim-bozuklugu-nedir-belirtileri-nelerdir,"Emilim bozukluğu (malabsorbsiyon) hakkında sık sorulan sorular Emilim bozukluğunun çeşitleri var mı? Çölyak hastalığı ve inflamatuar bağırsak hastalığı gibi bazı gastrointestinal hastalıklar, besin tipi fark etmeksizin tüm besinlerin emilim bozukluğuna neden olmaktadır. Ayrıca belirli besin türleri bazı insanların bağırsaklarında emilemeyerek soruna neden olabilmektedir. Karbonhidrat malabsorbsiyonu: Bazı insanların sindirim sistemi bazı karbonhidratlara (şeker gibi) duyarlı olabilmektedir. Bu durumun sonucunda hastalarda gazın neden olduğu ağrı ve şişkinlik ortaya çıkar. İnce bağırsakta tam olarak emilemeyen karbonhidratlar, kolonda bakteriler tarafından fermente edilir. Bakteriler onları gazlara ve kısa zincirli yağ asitlerine ayırır. Kısa zincirli yağ asitleri ise yağlı dışkıya neden olmaktadır. Karbonhidrat malabsorbsiyonu: Yağ emilim bozukluğu: İnce bağırsakta emilmeyen yağlar kalın bağırsağa geçerek yağlı dışkıya (steatore) neden olur. Yağlı dışkı açık renkli, akıcı ve kötü kokuludur. Yağ malabsorpsiyonu ayrıca yağda çözünen vitaminlerin (A, D, E ve K) emilmemesine yol açmaktadır."
14,positive,Emilim bozukluğu nedir ve hangi belirtilere yol açabilir?,3,0.6960683465003967,0.30393165349960327,doc_0367_parent_001_child_002,doc_0367_parent_001,doc_0367,Emilim Bozukluğu Nedir? Belirtileri Nelerdir?,https://www.memorial.com.tr/hastaliklar/emilim-bozuklugu-nedir-belirtileri-nelerdir,"Bu bozukluk nedeniyle besin maddelerinin sindirimi ve emilimi tam olarak gerçekleşmez. İnce bağırsakta besinlerin, vitaminlerin ve eser elementlerin emiliminin bozulması sonucu ortaya çıkmaktadır. Birçok nedeni olan malabsorbsiyon sendromunda emiliminin çoğunun gerçekleştiği ince bağırsağın zarı yani mukozası zarar görür. Malabsorbsiyon, hazımsızlığa ve hatta yetersiz beslenmeye yol açabilmektedir. Yemek yedikten sonraki süreçte vücudun vitamin ve minerallerden fayda sağlaması beklenir. Ancak malabsorpsiyon sendromu varsa, sindirim sürecinin sonunda yenilen besinlerden fayda elde edilmez. Emilim bozukluğu neden olur? Emilim bozukluğu kimlerde görülür? Birçok hastalık malabsorbsiyon sendromuna yani emilim bozukluğuna neden olabilmektedir. - Çölyak hastalarında. - Crohn hastalığı gibi iltihabi barsak hastalıklarında. - Radyoterapi yani ışın tedavisine bağlı ortaya çıkan bağırsak hastalıklarında. - Whipple hastalığı sonucunda. - Kistik fibrozis durumunda. - Pankreas travması veya alkole bağlı pankreas yetmezliğinde. - Parazit ya da bağırsak kurdu enfeksiyonlarında. Emilim bozukluğunun belirtileri nedir? Malabsorpsiyon sendromu, hazımsızlığın yanı sıra birçok semptom ve şikayetle kendini belli etmektedir. - Karın ağrısı. - Karın bölgesinde şişkinlik ve aşırı gaz oluşumu."
14,positive,Emilim bozukluğu nedir ve hangi belirtilere yol açabilir?,4,0.6848564147949219,0.3151435852050781,doc_0367_parent_001_child_003,doc_0367_parent_001,doc_0367,Emilim Bozukluğu Nedir? Belirtileri Nelerdir?,https://www.memorial.com.tr/hastaliklar/emilim-bozuklugu-nedir-belirtileri-nelerdir,"- Karın bölgesinde şişkinlik ve aşırı gaz oluşumu. - Mide bulantısı ve kusma. - İshal ve yağlı dışkılama yani steatore Belirtilerin ardından zamanla yetersiz beslenmenin bazı sonuçları ortaya çıkacaktır. - Aşırı kilo kaybı. - Kas erimesi. - Sık tekrarlanan enfeksiyon varlığı - Vücutta kolayca oluşabilecek morarmalar. - Kuru cilt ve cilt lezyonları. - Saç dökülmesi. - Ödem yani şişlik. - Baş dönmesi. - Sinirlilik, ilgisizlik ve yorgunluk hali. - Gece körlüğü (A vitamini eksikliği). - Zayıf kemikler ve kemik ağrısı ve kemik kırığı ( D vitamini eksikliği ). - Diş eti kanaması ve burun kanaması (K vitamini eksikliği). - Unutkanlık, baş dönmesi, ağız çevresi yaralar (B12 vitamini eksikliği). - Çocuklarda ise büyümenin gecikmesi. Emilim bozukluğu (malabsorbsiyon) testleri nelerdir? Tüm hastalarda tam kan sayımı ve biyokimya testlerinin ardından emilimi bozulan demir, vitamin B12, folik asit ve D vitamininin vücuttaki düzeyleri ölçülür. Yağ malabsorpsiyonu tanısı için dışkıda yağın varlığı aranır. Yine kanda çölyak için testlere bakılabilir."
14,positive,Emilim bozukluğu nedir ve hangi belirtilere yol açabilir?,5,0.6384686231613159,0.3615313768386841,doc_0367_parent_002_child_003,doc_0367_parent_002,doc_0367,Emilim Bozukluğu Nedir? Belirtileri Nelerdir?,https://www.memorial.com.tr/hastaliklar/emilim-bozuklugu-nedir-belirtileri-nelerdir,"İshal nedeniyle besinler vücuttan çok kısa sürede dışkıyla atılmaktadır. Kısa vadede malabsorpsiyon nedeniyle belirli yiyeceklerin sindirilememesinden dolayı gastrointestinal rahatsızlıklara yani çoğunlukla ishal, gaz, şişkinliğe neden olacaktır. Zamanla, vücutta emilemeyen besinlerin eksikliği birçok soruna yol açacaktır. Makrobesinlerin (protein, yağlar veya karbonhidratlar) herhangi birinin eksikliği, kas kaybı ve bağışıklık sisteminin çökmesine sebep olur. Mikro besinleri (vitaminler ve mineraller) yeterli düzeyde alamamak ise göz, kemik, cilt ve saçları olumsuz etkilemektedir. Emilim bozukluğu hangi hastalıklara neden olur? Emilim bozukluğu sıklıkla kısa bağırsak sendromu, enflamatuar bağırsak hastalığı ve pankreas yetmezliği gibi birçok soruna neden olabilmektedir. Emilim bozukluğu çocuklarda görülür mü? Emilim bozukluğu her yaştan ve cinsiyetten insanda ortaya çıkabilen önemli bir sağlık sorunudur. Emilim bozukluğuna ne iyi gelir? Emilim bozukluğunun nedeni belirlendikten sonra bağırsak dostu besinler tüketmek iyi gelecektir."
14,positive,Emilim bozukluğu nedir ve hangi belirtilere yol açabilir?,6,0.6347094774246216,0.3652905225753784,doc_0367_parent_001_child_001,doc_0367_parent_001,doc_0367,Emilim Bozukluğu Nedir? Belirtileri Nelerdir?,https://www.memorial.com.tr/hastaliklar/emilim-bozuklugu-nedir-belirtileri-nelerdir,"Gıdaların içeriğindeki maddelerden birine karşı sindirim sisteminin verdiği reaksiyon veya bazı hastalıklara bağlı olarak ortaya çıkan iltihap nedeniyle gelişen malabsorbsiyon, sindirim sisteminin düzenli çalışmasını engelliyor. Emilim bozukluğu olarak bilinen malabsorbsiyon sendromu, bağırsakların besin bileşenlerini yeterince sindirememesine ya da emilmemesine neden oluyor. Malabsorbsiyon nedeniyle sindirimin bozulması ise daha birçok sorunu da beraberinde getiriyor. Memorial Kayseri Hastanesi Gastroenteroloji Bölümü’nden Doç. Dr. Mustafa Kaplan, emilim bozukluğu ile ilgili bilgi verdi. - Emilim bozukluğu (malabsorbsiyon) nedir? - Emilim bozukluğu neden olur? Emilim bozukluğu kimlerde görülür? - Emilim bozukluğunun belirtileri nedir? - Emilim bozukluğu (malabsorbsiyon) testleri nelerdir? - Emilim bozukluğunun tedavisi var mı? Emilim bozukluğu nasıl düzelir? - Emilim bozukluğu (malabsorbsiyon) hakkında sık sorulan sorular Emilim bozukluğu (malabsorbsiyon) nedir? Malabsorbsiyon sendromu, alınan besinlerin vücutta etkili bir şekilde emilmesini engelleyen bir sindirim bozukluğudur. Bu bozukluk nedeniyle besin maddelerinin sindirimi ve emilimi tam olarak gerçekleşmez."
14,positive,Emilim bozukluğu nedir ve hangi belirtilere yol açabilir?,7,0.6092978715896606,0.39070212841033936,doc_0367_parent_001_child_004,doc_0367_parent_001,doc_0367,Emilim Bozukluğu Nedir? Belirtileri Nelerdir?,https://www.memorial.com.tr/hastaliklar/emilim-bozuklugu-nedir-belirtileri-nelerdir,"Yine kanda çölyak için testlere bakılabilir. Dışkı incelesmesinde pankreas enzim yetersizliği için fekal elastaz ve iltihabi barsak hastalığı için fekal kalptrotektin bakılabilir. Gerekirse hastalara endoskopi ve kolonoskopi yapılarak biyopsi de alınabilir. Emilim bozukluğunun tedavisi var mı? Emilim bozukluğu nasıl düzelir? Tedaviye başlamadan emilim bozukluğuna neden olan asıl hastalığın bulunması gerekir. Örneğin bu duruma Crohn hastalığına sebep oluyorsa ve ilaçlarla Crohn hastalığı tedavisi edilirse emilim bozukluğu da düzelir. Benzer şekilde bu tabloya çölyak hastalığı sebep oluyorsa ve diyetten gluten çıkartılırsa sorun çözülür. Bu süreçte hastaya kalsiyum, D vitamini, demir, folik asit ve B12 gibi önemli vitamin ve mineral takviyeleri verilmektedir. Kilo kaybından dolayı hastaya yüksek kalorili diyetler uygulanabilir. Pankreas hasarı olan kişilerde ise pankreastan salgılanan enzimlerin yeterli düzeyde olmaması nedeniyle hastalara pankreas enzimi içeren ilaçlar verilmektedir."
14,positive,Emilim bozukluğu nedir ve hangi belirtilere yol açabilir?,8,0.5382798314094543,0.46172016859054565,doc_0041_parent_001_child_003,doc_0041_parent_001,doc_0041,Demiyelinizan Hastalıklar Nedir? Belirtileri ve Tedavisi,https://www.memorial.com.tr/saglik-rehberi/demiyelinizan-hastaliklar,"- Renkli görmede bozulma - Göz hareketiyle ağrı veya çift görme - Vücudun çeşitli yerlerinde karıncalanma veya uyuşma - Göğüs ya da karnın etrafında sıkışma hissi - Tükenmişlik - Mesane veya bağırsak problemleri - Konuşma bozukluğu - Sırt, kollar ve bacaklarda karıncalanma - Yürümede zorluk çekme - Kas zayıflığı veya sertliği - Kas spazmları - Duyusal değişiklikler Bu durum vücudun yalnızca bir bölümünü veya aynı anda birçok bölümünü etkileyebilir. Meydana gelen semptomların şiddeti kişiden kişiye değişebilir. Demiyelinizan Hastalıklar Neden Olur? Demiyelinizan hastalıklar, sinir hücrelerini koruyan miyelin tabakasının enfeksiyon, iltihaplanma, vitamin eksikliği ya da oksijen azlığı nedeniyle zarar görmesi sonucunda meydana gelir. Bazı durumlarda demiyelinizan hastalıkların neden oluştuğu bilinmese de genellikle bağışıklık sisteminin vücudu korumasına yönelik olarak sinir hücrelerine zarar vermesi sonucunda görülür. Demiyelinizan hastalıklarına neden olan durumlar şöyle sıralanır: - Viral veya bakteriyel bir enfeksiyon - Otoimmün bir durumdan kaynaklanan iltihaplanma - Genetik yatkınlık - Vitamin eksiklikleri - Beyinde kan damarlarında hasar meydana gelmesi - Beyinde oksijen kaybı Demiyelinizan Hastalıklar Nasıl Teşhis Edilir?"
14,positive,Emilim bozukluğu nedir ve hangi belirtilere yol açabilir?,9,0.5319451689720154,0.4680548310279846,doc_0367_parent_002_child_002,doc_0367_parent_002,doc_0367,Emilim Bozukluğu Nedir? Belirtileri Nelerdir?,https://www.memorial.com.tr/hastaliklar/emilim-bozuklugu-nedir-belirtileri-nelerdir,"Yağ malabsorpsiyonu ayrıca yağda çözünen vitaminlerin (A, D, E ve K) emilmemesine yol açmaktadır. Yağ emilim bozukluğu: Safra asidi malabsorpsiyonu: Bazen yağ emilim bozukluğu, safra kesesi, safra kanalları veya karaciğer hastalıklarından dolayı ortaya çıkan safra sıvısının azlığından kaynaklanabilmektedir. Bunun sonucu olarak safra tuzları, kalın bağırsağa fazla su geçmesine ve bu da kronik ishale neden olacaktır. Safra asidi malabsorpsiyonu: Protein malabsorpsiyonu: Tüketilen bazı besinlerin içerisindeki bir maddeye karşı vücudun tepki vermesine gıda intoleransı denilmektedir. Belirli bir intolerans olmadıkça, protein emilim bozukluğu genellikle kendiliğinden oluşmaz. Bunun örnekleri arasında süt proteini intoleransları ve gluten intoleransı verilebilir. Protein malabsorpsiyonu: Emilim bozukluğu varsa ne olur? Sindirim sürecinde emilemeyen tüm besinler dışkı yoluyla atılacaktır. Malabsorpsiyon sendromu olanlarda genellikle yan etki olarak görülen ishal, tabloyu daha da kötüleştirmektedir. İshal nedeniyle besinler vücuttan çok kısa sürede dışkıyla atılmaktadır."
14,positive,Emilim bozukluğu nedir ve hangi belirtilere yol açabilir?,10,0.530068576335907,0.469931423664093,doc_0052_parent_001_child_002,doc_0052_parent_001,doc_0052,Sanrı Nedir? Sanrısal Bozukluk Neden Olur?,https://www.memorial.com.tr/saglik-rehberi/sanri-nedir-sanrisal-bozukluk-neden-olur,"Sanrısal Bozukluk Nedir? Eskiden paranoid bozukluk olarak tanımlanan sanrısal bozukluk, temelde gerçek olmayan bir şeye duyulan güçlü inanç olarak ifade edilebilir. Günlük yaşamda gerçekleşmesi mümkün olmayan, akla saçma gelerek içerisinde aldatılma, uzaktan sevilme, takip edilme, düşmanlara sahip olma gibi düşüncelerin yer alabilir. Bir tür psikotik bozukluk olan bu durumun ana semptomu bir veya daha fazla sanrıların varlığıdır. Sanrısal Bozukluğun Türleri Nelerdir? Kişinin yaşadığı sanrının temasına göre sanrısal bozukluk türlere ayrılır. Sanrısal bozukluk türleri şöyle sıralanabilir: - Erotomanik: sanrısal bozukluğa sahip olan kişiler, ünlü ya da önemli bir kişinin ona aşık olduğuna inanırlar. Bu kişiyle iletişim kurmaya çalışarak takip ederler. Erotomanik: - Görkemli: sanrısal bozukluğu olan kişilerde güç, öz değer ve yüksek bilgi duygusuna sahiptirler. Çok büyük yeteneklerinin olduğuna ya da önemli bir keşif yaptığına inanır. Görkemli: - Kıskançlık: Bu tür sanrısal bozukluğa sahip kişilerde ellerinde somut kanıt olmaksızın eşlerinin veya partnerlerinin sadakatsiz olduğuna inanırlar."
15,positive,Alerji nedir ve alerjik belirtiler nelerdir?,1,0.6742144823074341,0.3257855176925659,doc_0325_parent_001_child_002,doc_0325_parent_001,doc_0325,Alerji,https://www.memorial.com.tr/saglik-rehberi/alerji,"Allerji vücudun gösterdiği normal tepkinin aşırı olması şeklinde tanımlanabilir.Genetik yapı hastalığın görülmesinde en önemli faktördür. Allerjik hastalıkların artış nedenleri: - Hava kirliliğindeki artış - Ozon tabakasındaki delinme sonucu ultraviyole ışınlarına maruz kalma - Sigara içilmesi - Besinlerdeki katkı maddeleri - Ani hava değişiklikleri - Kullanılan ilaçlar ve kozmetik ürünler - Stres - Bitki örtüsünün azalması - Az güneş gören, boydan boya halı kaplı, iyi havalanmayan binalar Allerjik Belirtiler Nelerdir? Allerji belirtileri çok çeşitli olup tutulan hedef organa bağlı olarak gelişir. Burun tıkanıklığı, sabahları hapşırık krizleri, burun akıntısı, gözlerde yanma –batma, geniz akıntısı, öksürük, nefes darlığı, hırıltı, kaşıntı, döküntü, dudakta –dilde şişme, tekrarlayan orta kulak iltihapları, sinusit .. Nedenleri nelerdir? En sık görülen allerjik hastalıkdır. Toplumun % 25’ini etkilemektedir. Burunda kaşıntı, hapşırma, burun tıkanıklığı, boğazda kaşıntı, gözlerde yanma- batma, eniz akıntısı tipik belirtileridir. Yıl boyu sürebildiği gibi mevsimsel ( bahar aylarında) de olabilmektedir."
15,positive,Alerji nedir ve alerjik belirtiler nelerdir?,2,0.6311932802200317,0.36880671977996826,doc_0293_parent_001_child_001,doc_0293_parent_001,doc_0293,Alerjik Hastalıklar İklim Değişikliği İle Yaygınlaşıyor,https://www.memorial.com.tr/saglik-rehberi/alerjik-hastaliklar-iklim-degisikligi-ile-yayginlasiyor,"İklim değişikliği 21. yüzyılın başından itibaren en büyük sağlık tehditlerinden biri olarak kabul ediliyor. Atmosferik sera gazlarındaki artışa bağlı olarak yerkürede ısı artışının ortalama 1,5 derece arttığı bildiriliyor. Küresel ısınma sonucunda alerjik rinit ve astım gibi alerjik hastalıkların sıklığında da bir artış gözleniyor. Memorial Şişli Hastanesi Alerji Hastalıkları Bölümü Uzmanları, alerjik hastalıklar ve iklim değişikliğinin bu hastalıklara etkisi hakkında bilgi verdi. - İklim değişikliği polen sezonunu uzatıyor - Fırtınalar ve seller sonucu alerjenler çok daha fazla yayılıyor - Toz ve kum fırtınaları astım ataklarını tetikliyor - İklim değişikliğine karşı önlem alınması şart Alerji, çevrede ve doğada bulunan ve normalde zararsız olan maddelere karşı bağışıklık sisteminin gösterdiği aşırı duyarlılık reaksiyonlarıdır. Bu reaksiyonlar hafiften şiddetliye kadar çeşitli şekillerde olabilir. Alerjiler çok küçük yaşlarda ya da sonradan ortaya çıkabilir. Alerji, alerjen türüne bağlı olarak kişide farklı reaksiyonlara neden olmaktadır. Solunum yolları, gözler, cilt, sindirim sistemi etkilenebilmektedir. Alerjik hastalıklarda alerjenlerden kaçınmak en önemli korunma yöntemlerinden birini oluşturmaktadır."
15,positive,Alerji nedir ve alerjik belirtiler nelerdir?,3,0.6308128833770752,0.3691871166229248,doc_0325_parent_001_child_001,doc_0325_parent_001,doc_0325,Alerji,https://www.memorial.com.tr/saglik-rehberi/alerji,"Son yıllarda artış gösteren hastallıklardan biri de allerji... Çağımızın hastalığı... Medeniyet arttıkça, toplumlar hijyene önem vermeye başladıkça allerjik vakalar da artmaya başlıyor. Dünyada en sık rastlanan hastalıklar arasında 6. sıraya yükselen allerjinin türleri de gün geçtikçe artıyor. Globalleşmenin doğal bir sonucu olarak toplumlar arasında karşılıklı alışveriş artmasıyla allerjiye zemin hazırlandı. Enfeksiyon hastalıklarında azalma oldukça bir diğer deyişle mikroplardan arındıkça alerjik hastalıkların görülme oranı artmaktadır. Az gelişmiş ülkelerde allerjik hastalıklar daha az görülmektedir.Allerji yaşamın herhangi bir döneminde ortaya çıkabilir. Allerjinin oluşmasını önlemek için bebeklikten itibaren bazı tedbirler almak gerekiyor. Memorial Hastanesi Çocuk Hastalıkları Merkezi’nden Pediatri bölümü doktorları ‘Allerji nedir ve Allerji’den korunma yöntemleri nasıl olmalıdır?’ konularında bilgi verdi: - Allerji nedir? - Allerjik hastalıkların artış nedenleri: - Allerjik Belirtiler Nelerdir? - Nedenleri nelerdir? - Nasıl tanı konulur? - Allerjik Rinit ( Saman Nezlesi) Nedir ? - Tedavisi nedir? - Ürtiker (Kurdeşen) - Besin Allerjileri - İlaç Allerjileri - Egzema - Astım Allerji nedir? Allerji vücudun gösterdiği normal tepkinin aşırı olması şeklinde tanımlanabilir.Genetik yapı hastalığın görülmesinde en önemli faktördür."
15,positive,Alerji nedir ve alerjik belirtiler nelerdir?,4,0.6219700574874878,0.3780299425125122,doc_0245_parent_001_child_001,doc_0245_parent_001,doc_0245,Çocuğunuzu Bahar Alerjilerinden Uzak Tutun,https://www.memorial.com.tr/saglik-rehberi/cocugunuzu-bahar-alerjilerinden-uzak-tutun,"Alerjik astım, saman nezlesi, atopik dermatit–egzama ve besin alerjileri… Çocukluk döneminde görülen en önemli sağlık problemleri arasında yer alan bu hastalıklar, özellikle bahar aylarında şiddetini artırabiliyor. Kontrol altına alınamayan alerjik hastalıkların hem çocuğun hem ebeceynlerin yaşam kalitesini olumsuz yönde etkilediğini belirten Memorial Sağlık Grubu Çocuk Alerji Bölümü uzmanları, çocuklarda alerjik hastalıklara karşı ailelere önerilerde bulundu. - Alerjenlerden en çok solunum yolları etkileniyor - Hışıltı ve nefes darlığı astım habercisi - Tanı için kan ve alerji deri testleri yapılıyor - Ailede alerjik bireyler varsa çocuklar mutlaka incelenmeli - Alerjik rinit okul öncesi dönemde yaygın görülüyor - Alerjenin ortamdan uzaklaşması şart! Alerjenlerden en çok solunum yolları etkileniyor Alerji oluşturabilme kapasitesine sahip maddelere alerjen denir. Ev tozu akarları, polenler, küf mantarları, hayvan epiteli ve tüyleri ile besinler en önemli alerjenlerdir. Bu maddelere vücudun gösterdiği aşırı duyarlılık reaksiyonları, alerjik hastalıkların oluşumunda rol oynar. Alerjik hastalıklarda bir veya birden çok organ sistemi etkilenebilmektedir. Bu konuda en sık solunum yollarında sorunlar yaşanır."
15,positive,Alerji nedir ve alerjik belirtiler nelerdir?,5,0.5937539339065552,0.4062460660934448,doc_0265_parent_002_child_001,doc_0265_parent_002,doc_0265,Gıda İntoleransı Testi Nedir? Gıda İntoleransı Belirtileri Nelerdir?,https://www.memorial.com.tr/tani-ve-testler/gida-intoleransi-testi-nedir,"Besinlerdeki alerjik reaksiyonların belirtileri genellikle ciltte, kurdeşen, kaşınma, cildin şişmesi şeklinde görülür. Gastrointestinal semptomlar kusma ve ishali içerebilir. Solunum şikayetleri, deri ve gastrointestinal semptomlara eşlik edebilir, ancak genellikle tek başına gerçekleşmez. Anafilaksi , çok hızlı bir şekilde gerçekleşen ciddi bir alerjik reaksiyondur. Anafilaksi belirtileri nefes almada zorluk, baş dönmesi veya bilinç kaybı içerebilir. Gıda İntoleransı Tanısı Nasıl Koyulur? Antikor durumunun test ile belirlenmesi, hastalığı geleneksel yöntemlerle açıklığa kavuşturulamayan ve tedavi edilemeyen, çeşitli şikayetlerden muzdarip hastalarda ilave bir önlemdir. Kronik yorgunluğa, sindirim sistemini tutan temel bulgulara, inek sütüne ve laktoz intoleransının görülmesine, beslenme ve diyet ile ilgili bitmeyen şikayetlere yanıt bulunabilmektedir. Gıda İntoleransı Testi Nasıl Yapılır? Gıda intolerans testi ile belirli antikorların yoğunluğunu belirlenir. Her bir test alanı test edilen besinden birine özel proteinleri içerir. Olası reaksiyon, alanların her birine kan serumu uygula­narak test edilir. Alandaki proteinlerin uygulanan kan tarafından tespit edilmesi halinde bir antijen -antikor kompleksi oluşturulur. Etkinliği kanıtlanmış ELISA yöntemi kullanılarak kompleksler renklendirilir ve dolayısıyla bilgi­sayar tarafından tespit edilebilir."
15,positive,Alerji nedir ve alerjik belirtiler nelerdir?,6,0.5838078856468201,0.41619211435317993,doc_0440_parent_001_child_005,doc_0440_parent_001,doc_0440,Pnömokok Hastalıklarından Aşı İle Korunmak Mümkün,https://www.memorial.com.tr/saglik-rehberi/pnomokok-hastaliklarindan-asi-ile-korunmak-mumkun,"Ciddi alerjik reaksiyon herhangi bir aşı ile son derece enderdir. Eğer gelişirse genelde aşı uygulamasından sonraki ilk birkaç dakika veya saat içinde gelişecektir. Bu durumda solunum sıkıntısı, ses kısıklığı veya hırıltı, boğazda şişkinlik, yorgunluk, hızlı kalp atımı, baş dönmesi, cilt döküntüleri (kurdeşen) ve solukluk görülür."
15,positive,Alerji nedir ve alerjik belirtiler nelerdir?,7,0.5798238515853882,0.4201761484146118,doc_0245_parent_001_child_003,doc_0245_parent_001,doc_0245,Çocuğunuzu Bahar Alerjilerinden Uzak Tutun,https://www.memorial.com.tr/saglik-rehberi/cocugunuzu-bahar-alerjilerinden-uzak-tutun,"Önemli olan atağı geçiştirmek değil, çocuk sorunlu alerjenle karşılaşmaya devam ettiği sürece sorunları artarak devam edeceği için uzun dönemli takip gereklidir. Ailede alerjik bireyler varsa çocuklar mutlaka incelenmeli Anne karnında başlayabilen alerjene yatkınlık doğum sonrası dönemde şekillenir. Besin alerjileri süt çocukluğu döneminde sindirim ve deri sistemlerinde bulgu verir. Sindirim sistemindeki bulgular sık kusma, kilo alamama, mukuslu ya da kanlı dışkılama gibi bulgularla ortaya çıkabilirken, deride özellikle yanaklarda, dirseklerde, diz bölgesinde kuruluk, kabuklanma, kaşıntı ve kızarıklıkla giden egzama türü reaksiyonlar olur. Atopik dermatit olarak adlandırılan bu tablo alerjiyi düşündürebilir. Bu bulgularla başvuran hastalarda tanı sonrası sorumlu alerjenden kaçınarak belirtilerin kontrol altına alınması sağlanabilir. Belli bir süre bekledikten sonrada hastanın tekrar değerlendirilerek bu gıdalara karşı tolerans geliştirip geliştirmediğine bakılmalıdır. Alerjik rinit okul öncesi dönemde yaygın görülüyor Çocuklarda okul öncesi dönemde hava yoluyla karşılaşılan ev tozu akarı, polen gibi alerjenlere karşı reaksiyon görülür. Bu tabloda üst havayollarında burun tıkanıklığı, akıntısı ve kaşıntısı, hapşırık ile seyreden saman nezlesi, diğer adı ile alerjik rinit görülür."
15,positive,Alerji nedir ve alerjik belirtiler nelerdir?,8,0.5725014805793762,0.4274985194206238,doc_0325_parent_002_child_001,doc_0325_parent_002,doc_0325,Alerji,https://www.memorial.com.tr/saglik-rehberi/alerji,"Nedenleri: Gıdalar (süt, yumurta,kakao, fındık, fıstık, deniz ürünleri, çilek,muz, çukulata...) Gıda katkı maddeleri Enfeksiyonlar Parazitler (kıl kurdu, solucan.) Böcek ve arı sokması İlaçlar ( antibiotikler, ağrı kesiciler...) Fiziksel nedenler ( sıcak, soğuk, basınç ) Hormonal nedenler ( tiroid hormonunun fazla çalışması) Tanısı: Tanı genellikle klinik bulgulara dayanılarak konulur. Allerji deri testleri besin yada ilaç allerjisinden şüphelenildiğinde yapılmalıdır. Tedavi: Nedene yöneliktir.Soğuk duş, kaşıntının hafiflemesini sağlar. Besin Allerjileri Görülme sıklığı çocuklarda %6 , erişkinlerde %1,5 tir. Gıda katkı maddelerinin neden olduğu allerjiler toplumda %1 oranında görülür. Herhangi bir gıda allerjiye neden olsa da en sık; inek sütü, yumurta, yer fıstığı, mısır, fındık, balık ve kabuklu deniz ürünleri sayılabilir. Bulgular gıdanın yenmesinden 1-2 dakika içinde ile 2 saat sonra sonra ortaya çıkabilir:Bulantı, kusma, karın ağrısı, gaz, karında şişkinlik, döküntü, dil ve damakta şişme, boğazda kaşıntı, yanma gözlenebilir. Tanısı: Detaylı öykü, cilt testi ve besin yükleme testidir."
15,positive,Alerji nedir ve alerjik belirtiler nelerdir?,9,0.5518537759780884,0.4481462240219116,doc_0414_parent_001_child_004,doc_0414_parent_001,doc_0414,Yaz Ayları Astım ve Alerji Hastaları İçin Tuzaklarla Dolu,https://www.memorial.com.tr/saglik-rehberi/yaz-aylari-astim-ve-alerji-hastalari-icin-tuzaklarla-dolu,"Bu tür alerjilerden korunmada havuzdan çıkar çıkmaz duş yapmak, yüzme sonrası burnu temizlemek için tuzlu su spreyleri kullanmak, burna ve kulaklara su girmesini önlemek için tıkaç ve saç bonesi takmak uygun olur. İdeali, denizi ya da klor kullanılmadan dezenfekte edilmiş havuzları tercih etmektir. Dondurma alerji nedeni Soğuk deniz ya da havuza girmek de alerjiyi tetikleyebilir. Buna “soğuk alerjisi” denir. Soğuk alerjisi olan kişilerde soğuk bir uyarana maruz kalma sonucu vücutta kızarma, kaşıntı ve şişme olabilir. Dondurma gibi soğuk yiyeceklerle dudaklarda şişme görülebilir. Ağır durumlarda baş ağrısı, karın ağrısı ve bayılma ortaya çıkar. Güneşe de dikkat Güzel güneşli günler içimizi ısıtsa da, güneş de alerji yapabilir! Kimi alerjik kişilerde güneş ışığına maruz kalma sonucu, kaşıntı, kızarıklık, hatta ciltte su toplaması gibi belirtiler görülebilir. Bu tipte alerjisi olan kişilerin özellikle saat 10.00 ile 16.00 arasında güneşte kalmamaları, kol ve bacaklarını örtecek uzun giysiler giymeleri, güneş gözlüğü ve şapka takmaları ve güneşe çıkmadan önce güneşten koruyucu kremler kullanmaları uygun olacaktır. Kimi antibiyotikler, doğum kontrol hapları gibi bazı ilaçların kullanımı sırasında güneşten kaçınılması önerilmektedir."
15,positive,Alerji nedir ve alerjik belirtiler nelerdir?,10,0.5459067225456238,0.4540932774543762,doc_0325_parent_001_child_004,doc_0325_parent_001,doc_0325,Alerji,https://www.memorial.com.tr/saglik-rehberi/alerji,"Polen allerjisi olanlarda; sıcak, kuru ve rüzgarlı günlerde dışarı çıkmamaları, saçlar yatmadan önce mutlaka yıkanmalı, gözlük ve şapka kullanmalı evde ve arabada iltre kullanmalıdır. Besin allerjilerinin tek başına allerjik rinit bulgularına neden olmaları sık ratlanan bir durum değildir. 2. İlaç tedavisi 3. Aşı tedavisi: En fazla yararlanan grup ev tozu ve polenlere karşı duyarlılığı olanlardır. Ürtiker (Kurdeşen) Deriden kabarık genellike kaşıntılı çeşitli büyüklüklerde olabilen lezyonlardır.Her yaş grubunda görülebilir. Döküntüler aniden başlar ve 48 saat içinde düzelir. 6 haftayı geçen ürtiker kronikleşir. Döküntüler vücudumuzun hassas bölgelerinde boyunda, kasıkta göğüs bölgesinde daha çok görülür. Bazen dudaklarda- dilde şişme boğazda kuruluk ve ses kısıklığı eşlik ediyorsa daha tehlikeli bir durum olan daha derin dokuları tutan angioödem gözlenebilir. Çeşitli ürtiker tipleri vardır: Kolinerjik ürtiker, egzersiz, sıcak banyo ya da heyecanlanma gibi vücutta terlemeye neden olan uyarılarla ortaya çıkıp, 10-15 dakika sürer."
16,positive,İç kanamanın belirtileri nelerdir?,1,0.8247107863426208,0.17528921365737915,doc_0375_parent_001_child_001,doc_0375_parent_001,doc_0375,İç Kanama Nedir? İç Kanama Belirtileri Nelerdir?,https://www.memorial.com.tr/saglik-rehberi/ic-kanama-belirtileri,"İç kanama, kan damarlarının travma ve inflamatuar hastalıkların neden olduğu hasar sonucu vücudun içinde oluşan kanamalardır. Tansiyon düşmesi, baş dönmesi, bilinç kaybı, karında şişkinlik, nefes darlığı, ciltte solgunlaşma, kusmuk veya dışkıda kan, kanamanın kaynağı olan yerde şiddetli ağrı ve terleme gibi belirtilere neden olur. İç kanamada görülen bu belirtiler kanamanın yeri ve boyutuna göre daha şiddetli olabilir ve farklılık gösterebilir. İç kanamanın en tehlikeli olanı beyinde oluşandır ve felce neden olabilmektedir. İç Kanama Nedir? İç kanama, kan damarlarının hasar görmesiyle birlikte oluşan kanamanın kanamanın olduğu yerde vücut içinde toplanması ile meydana gelen ciddi bir durumdur. Deri yüzeyine yakın bir noktada yaşanıyorsa o bölgede, kırmızı benek ya da hafif morarmalar şeklinde kendini gösterebilir. İç Kanama Türleri Görünür iç kanamanın en yaygın türü, hasarlı kan damarlarından gelen kanın çevredeki cilde sızmasıyla oluşan morluklardır. Bu morluklar aynı zamanda şişlikle de kendini gösterebilir. Bazı iç yaralanma türleri, bir delikten (vücut açıklığı) görünür kanamaya da neden olabilir. Örneğin: - Bağırsak yaralanması – anüsten kanama - Baş yaralanması – kulak veya burundan kanama - Akciğer hasarı – köpüklü, kanlı balgam (tükürük) çıkarmak"
16,positive,İç kanamanın belirtileri nelerdir?,2,0.7945406436920166,0.2054593563079834,doc_0375_parent_002_child_002,doc_0375_parent_002,doc_0375,İç Kanama Nedir? İç Kanama Belirtileri Nelerdir?,https://www.memorial.com.tr/saglik-rehberi/ic-kanama-belirtileri,"- Rift vadisi ateşi - Sarıhumma İç Kanama Belirtileri Nelerdir? İç kanama durumunda, kanama yaşanan bölgede şiddetli ağrı, karında şişkinlik, bulantı, kusma, dışkıda, kusmukta veya idrarda kan, kan kaybına nedeniyle cilt renginde solgunluk, terleme, nefes darlığı ve bilinç kaybı gibi belirtiler görülür. İç kanama belirtileri şunlardır: - İç kanamanın olduğu yerde ağrı - Kanama bölgesinde morarma - Göğüs boşluğu, karın boşluğu ve kaslarda ağrı - Kanamanın yansıması olarak kusmukta, dışkıda, idrarda veya vajinada kanama - Nefes darlığı - Kan kaybına bağlı ciltte solgunluk - Baş dönmesi - Görme sorunları ya da çift görme - Bilinç kaybı - Halsizlik ve yorgunluk - Düşük kan basıncı - Hafıza kaybı - Mide bulantısı ve karın ağrısı Çok şiddetli iç kanama durumlarında şu belirtiler görülebilir: - Hızlı nabız - Düşük kan basıncı - Terli ve ıslak cilt - Hiç idrara çıkamamak - Bilinç kaybı - Kan kusmak - Göz, burun ya da kulaktan kan sızması - Organ yetmezliği - Nöbet ve koma İç Kanama Kaç Saatte Belli Olur? İç kanama hızlı müdahale gerektiren bir durumdur. Bu yüzden kanama yaşandığında ortaya çıkan belirtileri dikkate alarak duruma müdahale edilmesi gerekir."
16,positive,İç kanamanın belirtileri nelerdir?,3,0.7782195806503296,0.2217804193496704,doc_0375_parent_003_child_002,doc_0375_parent_003,doc_0375,İç Kanama Nedir? İç Kanama Belirtileri Nelerdir?,https://www.memorial.com.tr/saglik-rehberi/ic-kanama-belirtileri,"Şiddetli iç kanama ölümle sonuçlanabilmektedir. İç kanama tehlikeli midir? Vücutta meydana gelen iç kanama fark edilmezse ve tedavi edilmediğinde tehlikeli bir boyutta olabilmektedir. İç kanama nasıl ortaya çıkar? Gizli iç kanamaya işaret eden belirtiler kanamanın vücudun hangi bölgesinde olduğuna bağlı olarak değişkenlik gösterse de genel olarak yaygın görülen iç kanama belirtileri yaralı bölgede ağrı, morarma , şişkinlik, mide bulantısı-kusma, baş dönmesi, bilinç kaybı, kanlı dışkılama, nefes darlığı, terleme ve susuzluktur."
16,positive,İç kanamanın belirtileri nelerdir?,4,0.7353135943412781,0.2646864056587219,doc_0375_parent_001_child_003,doc_0375_parent_001,doc_0375,İç Kanama Nedir? İç Kanama Belirtileri Nelerdir?,https://www.memorial.com.tr/saglik-rehberi/ic-kanama-belirtileri,"- Mide bulantısı ve kusma. İç Kanama Neden Olur? İç kanama, kanama yaşandığı sırada kanın açık bir yaradan dışarı akmak yerine vücudun içinde toplandığında meydana gelir. İç kanamanın belirtileri kanamanın hangi bölgede meydana gelmesine bağlı olarak bir vakadan diğerine değişebilir. İç kanama genellikle travma delici ve sert cisim kaynaklı yaralar, kırıklar, kan damarı yırtılması (anevrizma), hemofili gibi pıhtılaşma ve kanama bozuklukları, inflamatuar bağırsak ve sindirim sistemi hastalıkları ve kanser gibi nedenlerle yaşanır. Kronik yüksek tansiyon, bazı ilaçlar ve yaşam tarzı da iç kanamayı tetikleyen nedenler arasında yer alır. İç kanamanın en önemli nedenleri şöyle sıralanabilir: - Travma - Anevrizma - Kanama Bozuklukları - Gastrointestinal Hastalıklar - Dış Gebelik - Kanser - Viral hemorajik ateşli hastalıklar (yaygın değil) Travma Çeşitli yaralanmalarla ortaya çıkan travma iç kanamanın en yaygın nedenleri arasında yer alır. Travma türleri de şu şekilde açıklanabilir: Penetran travma: Mermi, bıçak, kırık cam ya da kesici alet gibi cisimlerin vücuda girmesinden kaynaklana travma türüdür."
16,positive,İç kanamanın belirtileri nelerdir?,5,0.7059062123298645,0.2940937876701355,doc_0375_parent_001_child_002,doc_0375_parent_001,doc_0375,İç Kanama Nedir? İç Kanama Belirtileri Nelerdir?,https://www.memorial.com.tr/saglik-rehberi/ic-kanama-belirtileri,"- Baş yaralanması – kulak veya burundan kanama - Akciğer hasarı – köpüklü, kanlı balgam (tükürük) çıkarmak - İdrar yolu yaralanması – idrarda kan Gizli iç kanama Yaralı bir kişide kan gözükmese bile iç kanama yaşanabilir. Bu gibi durumlarda kanamadan bağımsız belirtiler ortaya çıkabilir. Bu tarz vakalarda iç yaralanmalar bazen vücut içinde kalan kanamaya neden olabilir; Örneğin bu durum kafatası veya karın boşluğunda gerçekleşir. Kişinin yaşadığı yaralanma hakkında yaşadığı belirti ve şikayetler iç kanama hakkında fikir verebilir. Darbenin hangi bölgede hissedildiği veya iç kanamaya dair belirtiler en net göstergelerdir. Gizli iç kanamaya işaret eden işaretler ve semptomlar, kanamanın vücudun hangi bölgesinde olduğuna bağlı olarak değişebilir ancak genel belirtiler şunları içerebilir: - Yaralı bölgede ağrı ve şişkinlik, - Karında sıkılaşma - Mide bulantısı ve kusma - Soluk, nemli, terli bir cilt - Nefes darlığı - Aşırı susuzluk - Bilinçsizlik Beyin sarsıntısına (kafa travması sonucu oluşan) özgü bazı belirti ve semptomlar ise şöyledir: - Baş ağrısı veya baş dönmesi - Özellikle olayla ilgili hafıza kaybı, bilinç bulanıklığı, konfüzyon değişmiş bilinç durumu - Baştaki (yüz ve kafa derisi) yaralar - Mide bulantısı ve kusma."
16,positive,İç kanamanın belirtileri nelerdir?,6,0.6972599029541016,0.30274009704589844,doc_0375_parent_002_child_004,doc_0375_parent_002,doc_0375,İç Kanama Nedir? İç Kanama Belirtileri Nelerdir?,https://www.memorial.com.tr/saglik-rehberi/ic-kanama-belirtileri,"Görünür iç kanama durumlarında hasar alan kan damarları deriye sızarak morumsu bir çürük oluşturur. Bunların yanında bağırsak yaralanmaların anüsten kanama, kafa travmalarında kulak ve burundan kanama, akciğer hasarında kanlı balgam , idrar yolu yaralanmasında ise idrarda kan şeklinde ortaya çıkar. İç Kanama Teşhisi İç kanamasının teşhisi için genellikle fizik muayene ve tıbbi testlerden destek alınmalıdır. Kişinin hastalık geçmişine de bakılarak kapsamlı bir şekilde teşhis sürecinin yürütülmesi gerekir. Uzman doktor iç kanamanın tespiti için çeşitli laboratuvar testleri ve görüntüleme araçlarına yönlendirebilir. - Röntgen ile kemiklerde kırık olup olmadığı tespit edilir - CT taraması ile kemik, doku ve kan damarlarının görüntülenir - Anjiyografi ile kan damarları detaylı olarak incelenir - Kan kaybına bağlı olarak kan testi istenebilir. İç Kanama Tedavisi Nasıl Olur? İç kanamanın ilk amacı kanamanın olduğu bölgeyi bulmak ve durdurmaktır. Bazı iç kanamalar küçük olur ve kendi kendine durabilmektedir. Ağır vakalarda ameliyat gerekebilir. Durumun ciddiyetine, yaralanan orana ve genel sağlık durumuna göre uzman doktor tedavi sürecine başlar."
16,positive,İç kanamanın belirtileri nelerdir?,7,0.6872814893722534,0.3127185106277466,doc_0375_parent_002_child_003,doc_0375_parent_002,doc_0375,İç Kanama Nedir? İç Kanama Belirtileri Nelerdir?,https://www.memorial.com.tr/saglik-rehberi/ic-kanama-belirtileri,"Bu yüzden kanama yaşandığında ortaya çıkan belirtileri dikkate alarak duruma müdahale edilmesi gerekir. İç kanama olduğu yer, kişinin sağlık geçmişi ve belirtilere bağlı olarak ortaya çıkma süresi de farklılaşabilir. Bazı insanlarda semptomlar aniden çıkarken bazılarında ise yavaş yavaş şiddetlenebilir. Bu yüzden iç kanamanın kaç saatte belli olduğuna dair net bir bilgi bulunmamaktadır. İç Kanama Nasıl Durdurulur? İç kanama için yapılacak olan ilk yardım, kanama yaşanıldığı düşünülen kişiyi yere yatırmak, bacaklarını kalp seviyesinin üstüne kaldırarak o kişiye yiyecek ya da içecek vermemek gerekir. Travma nedeniyle oluşan iç kanamayı durdurmak için yapılacak aşamalar şu şekilde açıklanır: - Yaralının bilinci kontrol edilir, solunum ve nabız kontrolü yapılır - Üzeri örtülür ve ayakları kalp seviyesinin üstüne kaldırılır - Tıbbi yardım talep edilir - Yiyecek ya da içecek verilmemelidir - Yaşamsal fonksiyonları incelenir sonrasında sağlık kuruluşuna teslim edilir Bu durumlar sadece iç kanamaya ilk yardım amacıyla yapılır. Kanamanın olduğu bölgeye bağlı olarak tedavi süreci ve yöntemi değişiklik gösterir. İç Kanama Nasıl Anlaşılır? İç kanama, yaralı olan bölgede ağrı, mide bulantısı, kusma, nefeste darlık, susuzluk ya da bilinçsizlik şeklinde kendini gösterir. Görünür iç kanama durumlarında hasar alan kan damarları deriye sızarak morumsu bir çürük oluşturur."
16,positive,İç kanamanın belirtileri nelerdir?,8,0.6696563959121704,0.3303436040878296,doc_0375_parent_002_child_001,doc_0375_parent_002,doc_0375,İç Kanama Nedir? İç Kanama Belirtileri Nelerdir?,https://www.memorial.com.tr/saglik-rehberi/ic-kanama-belirtileri,"Kolon polipleri, Crohn hastalığı, özofajit , gastrit ve peptik ülserler iç kanamaya neden olan hastalıklar arasında sayılabilir. Dış Gebelik döneminde anne adayların tansiyon düşüklüğü, baygınlık hissi yaşanmasının yanında vajinal kanama görülüyorsa iç kanama yaşanabilmektedir. Kanser Çeşitli kanser türlerinde kanama ve pıhtılaşma durumlarda sorunlar oluşabileceğinden iç kanamaya neden olabilir. Viral hemorajik ateşli hastalıklar (yaygın değil) İç kanamanın diğer nedenlere nazaran daha az görülen bir nedeni de viral hemorajik ateşlerdir. Bunları içeren bazı virüsler vücuttaki kan damarlarında küçük kan pıhtılarına yol açabilir. Bunun yaşanması, kanamayı durdurmak için vücutta olması gereken trombosit miktarını azaltır. Yaygın semptomlar arasında kusma, ishal, kas ağrısı, ciltte küçük kırmızı veya mor lekeler (peteşi adı verilir) yer alır. Ayrıca kan basıncında düşme de yaşanabilir. Birçok viral hastalık iç kanamaya neden olabilir, bunların çoğu Afrika bölgesine özgüdür. Bu viral hastalıklar şöyledir: - Çikungunya - Dang humması - Ebola virüsü - Hantavirüs - Lassa ateşi - Rift vadisi ateşi - Sarıhumma"
16,positive,İç kanamanın belirtileri nelerdir?,9,0.6178381443023682,0.38216185569763184,doc_0375_parent_003_child_001,doc_0375_parent_003,doc_0375,İç Kanama Nedir? İç Kanama Belirtileri Nelerdir?,https://www.memorial.com.tr/saglik-rehberi/ic-kanama-belirtileri,"Bu durum çoğunlukla vücuttaki kanın yarısı ile üçte ikisinin kaybedilmesi durumunda ortaya çıkar. Şok yaşanması İç kanama ile birlikte vücuttaki dokuların yeterli kan ve oksijene ulaşamadığı tıbbi bir acil durum yaşanması şok olarak ifade edilir. Kanama gibi düşük kan hacminden kaynaklandığında ise buna hipovolemik şok denir. Çoğu zaman şok belirtileri (nemli cilt, hızlı kalp atışı ve nefes alma zorluğu gibi) bir kişinin kan hacminin %10 ila %15'ini kaybetmesi durumunda ortaya çıkar. Organ yetmezliği veya hasarı Bazı organlar kan kaybına ve şoka diğerlerinden daha duyarlıdır. Örneğin kalp ve böbreklerde kan akışının olmaması dokuların hızla ölmesine neden olur ve bu da nekroz adı verilen bir süreci doğurur. Bu durum, bu organların işlevini genellikle kalıcı olarak azaltabilir ve organ yetmezliğine yol açabilir. Çok şiddetli vakalarda ise organ yetmezliği yerine organ hasarı görülebilir. Organların işlevini kalıcı olarak azaltması beyin kanamalarında da görülebilir; bu durumda doku ölümü felce, görme kaybına, kişilik değişikliklerine, hafıza kaybına ve yutma sorunlarına yol açabilir. İç Kanama Hakkında Sık Sorulan Sorular İç kanama tedavi edilmezse ne olur? Tedavi edilmeyen iç kanama durumlarında organ yetmezliği, koma ya da felç gibi durumlar görülebilir. Şiddetli iç kanama ölümle sonuçlanabilmektedir."
16,positive,İç kanamanın belirtileri nelerdir?,10,0.5998786687850952,0.4001213312149048,doc_0316_parent_001_child_005,doc_0316_parent_001,doc_0316,Hemofili Hastalarına 7 Önemli Öneri,https://www.memorial.com.tr/saglik-rehberi/hemofili-hastalarina-7-onemli-oneri,"Hastalığın en önemli belirtileri arasında çocukluk döneminde kolay morarma oluşumu, özellikle eklem içine ve kas içine kendiliğinden olan kanamaların varlığı, ameliyat, sünnet veya diş çekiminde beklenenden uzun süren kanamalar bu hastalığı akla getirmektedir. Eklem boşluğundaki kanama ve kas içi kanamaları ise hastalığın en önemli belirtileridir. Tüm bu belirtiler varsa yapılan fizik muayene ve kan testleri ile hastanın hemofili olup olmadığı, varsa hangi tipinin olduğu belirlenmektedir."
17,positive,Antibiyotikler ne işe yarar?,1,0.795127272605896,0.204872727394104,doc_0192_parent_001_child_003,doc_0192_parent_001,doc_0192,Antibiyotik Nedir? Antibiyotik Ne İşe Yarar?,https://www.memorial.com.tr/saglik-rehberi/antibiyotikler-doktor-kontrolunde-kullanilmali,"Antibiyotik Ne İşe Yarar? Antibiyotik, bakterilerin çoğalmasını durdurmak veya öldürmek içn bakterilerin hücre duvarları veya DNA'ları gibi hayatta kalmak için ihtiyaç duydukları parçalara saldıran ve bakteriyel enfeksiyonları tedavi eden en önemli antibakteriyel madde türüdür. Antibiyotikler bakterilerin çoğalmak için ihtiyaç duydukları belirli proteinleri üretmelerini önler ve büyümelerinin önüne geçerek bakteriyel enfeksiyonları tedavi eder. Antibiyotiklerin kullanıldığı alanların başında idrar yolu enfeksiyonları, bakteriyel pnömoni , lyme hastalığı ve bakteriyel enfeksiyona bağlı sepsis gelir. Bunlar bakteri kaynaklı enfeksiyonlardır ve tedavi sürecinde antibiyotik tercih edilir. Antibiyotiğin reçete edildiği bakteriyel enfeksiyonlar şu şekildedir: - Enfeksiyon kaynaklı boğaz ağrısı - İdrar yolu enfeksiyonu - Cinsel yolla bulaşan enfeksiyonlar - Bakteriyel pnömoni - Boğmaca öksürüğü - Menenjit - Lyme hastalığı - Bakteriye bağlı sepsis - Cilt enfeksiyonları - Diş enfeksiyonları - Konjonktivit - Endokardit Yukarıda yer alan bakteriyel enfeksiyon kaynaklı hastalıkların tedavisinde doktor tarafından antibiyotik reçete edilir. Antibiyotikler mevcut bakterileri yok etme ve yeni bakteri ortaya çıkışını engelleme konusunda güçlü bir silah olarak devreye girer."
17,positive,Antibiyotikler ne işe yarar?,2,0.795127272605896,0.204872727394104,doc_0315_parent_001_child_003,doc_0315_parent_001,doc_0315,Antibiyotik Nedir? Antibiyotik Ne İşe Yarar?,https://www.memorial.com.tr/saglik-rehberi/antibiyotik-nedir,"Antibiyotik Ne İşe Yarar? Antibiyotik, bakterilerin çoğalmasını durdurmak veya öldürmek içn bakterilerin hücre duvarları veya DNA'ları gibi hayatta kalmak için ihtiyaç duydukları parçalara saldıran ve bakteriyel enfeksiyonları tedavi eden en önemli antibakteriyel madde türüdür. Antibiyotikler bakterilerin çoğalmak için ihtiyaç duydukları belirli proteinleri üretmelerini önler ve büyümelerinin önüne geçerek bakteriyel enfeksiyonları tedavi eder. Antibiyotiklerin kullanıldığı alanların başında idrar yolu enfeksiyonları, bakteriyel pnömoni , lyme hastalığı ve bakteriyel enfeksiyona bağlı sepsis gelir. Bunlar bakteri kaynaklı enfeksiyonlardır ve tedavi sürecinde antibiyotik tercih edilir. Antibiyotiğin reçete edildiği bakteriyel enfeksiyonlar şu şekildedir: - Enfeksiyon kaynaklı boğaz ağrısı - İdrar yolu enfeksiyonu - Cinsel yolla bulaşan enfeksiyonlar - Bakteriyel pnömoni - Boğmaca öksürüğü - Menenjit - Lyme hastalığı - Bakteriye bağlı sepsis - Cilt enfeksiyonları - Diş enfeksiyonları - Konjonktivit - Endokardit Yukarıda yer alan bakteriyel enfeksiyon kaynaklı hastalıkların tedavisinde doktor tarafından antibiyotik reçete edilir. Antibiyotikler mevcut bakterileri yok etme ve yeni bakteri ortaya çıkışını engelleme konusunda güçlü bir silah olarak devreye girer."
17,positive,Antibiyotikler ne işe yarar?,3,0.7697175145149231,0.2302824854850769,doc_0192_parent_001_child_001,doc_0192_parent_001,doc_0192,Antibiyotik Nedir? Antibiyotik Ne İşe Yarar?,https://www.memorial.com.tr/saglik-rehberi/antibiyotikler-doktor-kontrolunde-kullanilmali,"Antibiyotikler, bakterileri öldüren ya da bakterilerin üremesini veya büyümesini durduran antimikrobiyal ilaç grubudur. Antibiyotikler, hastalık sürecinde bakterilerdeki hayati süreçleri bloke edip, öldürürek veya yayılmasını durdurarak vücudun doğal bağışıklık sisteminin enfeksiyonla savaşmasına yardım eder. Antibiyotik Nedir? Antibiyotikler, bakteriyel enfeksiyonlarla savaşarak, bakteriyel enfeksiyonları ve bunlara bağlı gelişen hastalıkları tedavi eden antimikrobiyal ilaç grubudur. Antibiyotikler bakterileri öldürür veya çoğalmalarını durdururlar. Özellikle bakterilerin çoğalmak için ihtiyaç duydukları proteinleri üretmelerini engellemeleri antibiyotiğin ne işe yaradığının cevabıdır. Antibiyotikler boğaz ağrısı ve idrar yolu enfeksiyonları başta olmak üzere enfeksiyona bağlı birçok hastalıkta devreye girer. Ancak antibiyotikler yalnızca bakterilerin neden olduğu enfeksiyonların önlenmesinde etkilidir. Virüslerin neden olduğu enfeksiyonlar için doğru bir tedavi değildir. Antibiyotik Formları Nelerdir? Bakterilerle savaşma konusunda etkili bir ilaç grubu olan antibiyotikler hap, enjeksiyon veya topikal şekilde kullanılır. Bunlar şu şekilde açıklanabilir: Antibiyotik hapları Tablet veya kapsül şeklinde olan antibiyotik hapları, mevcut hastalığın şiddetine göre tedavi amaçlı kullanılır. Antibiyotik enjeksiyonları Ciddi ve tehlike arz eden enfeksiyonlarda damar yoluyla antibiyotik enjeksiyonları tercih edilebilir."
17,positive,Antibiyotikler ne işe yarar?,4,0.7697175145149231,0.2302824854850769,doc_0315_parent_001_child_001,doc_0315_parent_001,doc_0315,Antibiyotik Nedir? Antibiyotik Ne İşe Yarar?,https://www.memorial.com.tr/saglik-rehberi/antibiyotik-nedir,"Antibiyotikler, bakterileri öldüren ya da bakterilerin üremesini veya büyümesini durduran antimikrobiyal ilaç grubudur. Antibiyotikler, hastalık sürecinde bakterilerdeki hayati süreçleri bloke edip, öldürürek veya yayılmasını durdurarak vücudun doğal bağışıklık sisteminin enfeksiyonla savaşmasına yardım eder. Antibiyotik Nedir? Antibiyotikler, bakteriyel enfeksiyonlarla savaşarak, bakteriyel enfeksiyonları ve bunlara bağlı gelişen hastalıkları tedavi eden antimikrobiyal ilaç grubudur. Antibiyotikler bakterileri öldürür veya çoğalmalarını durdururlar. Özellikle bakterilerin çoğalmak için ihtiyaç duydukları proteinleri üretmelerini engellemeleri antibiyotiğin ne işe yaradığının cevabıdır. Antibiyotikler boğaz ağrısı ve idrar yolu enfeksiyonları başta olmak üzere enfeksiyona bağlı birçok hastalıkta devreye girer. Ancak antibiyotikler yalnızca bakterilerin neden olduğu enfeksiyonların önlenmesinde etkilidir. Virüslerin neden olduğu enfeksiyonlar için doğru bir tedavi değildir. Antibiyotik Formları Nelerdir? Bakterilerle savaşma konusunda etkili bir ilaç grubu olan antibiyotikler hap, enjeksiyon veya topikal şekilde kullanılır. Bunlar şu şekilde açıklanabilir: Antibiyotik hapları Tablet veya kapsül şeklinde olan antibiyotik hapları, mevcut hastalığın şiddetine göre tedavi amaçlı kullanılır. Antibiyotik enjeksiyonları Ciddi ve tehlike arz eden enfeksiyonlarda damar yoluyla antibiyotik enjeksiyonları tercih edilebilir."
17,positive,Antibiyotikler ne işe yarar?,5,0.6815761923789978,0.3184238076210022,doc_0192_parent_002_child_001,doc_0192_parent_002,doc_0192,Antibiyotik Nedir? Antibiyotik Ne İşe Yarar?,https://www.memorial.com.tr/saglik-rehberi/antibiyotikler-doktor-kontrolunde-kullanilmali,"- Kalp atışında hızlanma Antibiyotik Hakkında Sık Sorulan Sorular Antibiyotik ne demek? Antibiyotik, sadece bakterilerin neden olduğu belirli enfeksiyonları tedavi eden, bakterileri öldüren veya büyümelerini yavaşlatan bir dizi güçlü antimikrobiyal ilaç grubudur. Antibiyotik ilaçlar bakterilerin neden olduğu enfeksiyonlarla savaşmak için kullanılan ilaçlardır. Antibiyotik ishal yapar mı? Antibiyotiğin yan etkilerinden biri de ishaldir. Bu süreçte ishale rastlanırsa doktorla iletişime geçilmeli ve gerekirse antibiyotik kullanımı bırakılmalıdır. Antibiyotik tam 12 saatte bir alınmazsa ne olur? Antibiyotik, enfeksiyona bağlı olarak hem 12 saatte bir hem de 24 saatte bir olacak şekilde kullanılır. Bunun kararını doktor verir ve iki şekilde de tüketimi söz konusudur. 12 saatte bir alınmayan antibiyotiğin sonuçları konusunda net cevap verilemez. Antibiyotik aç karnına içilir mi? Bazı antibiyotikler aç karnına içilirken bazı antibiyotikler için ise doğru kullanım tok karnınadır. Ancak antibiyotikler genellikle tok karnına içilen ilaçlardır ve aç karna içildiği takdirde mide rahatsızlıklarına yol açabilir."
17,positive,Antibiyotikler ne işe yarar?,6,0.6815761923789978,0.3184238076210022,doc_0315_parent_002_child_001,doc_0315_parent_002,doc_0315,Antibiyotik Nedir? Antibiyotik Ne İşe Yarar?,https://www.memorial.com.tr/saglik-rehberi/antibiyotik-nedir,"- Kalp atışında hızlanma Antibiyotik Hakkında Sık Sorulan Sorular Antibiyotik ne demek? Antibiyotik, sadece bakterilerin neden olduğu belirli enfeksiyonları tedavi eden, bakterileri öldüren veya büyümelerini yavaşlatan bir dizi güçlü antimikrobiyal ilaç grubudur. Antibiyotik ilaçlar bakterilerin neden olduğu enfeksiyonlarla savaşmak için kullanılan ilaçlardır. Antibiyotik ishal yapar mı? Antibiyotiğin yan etkilerinden biri de ishaldir. Bu süreçte ishale rastlanırsa doktorla iletişime geçilmeli ve gerekirse antibiyotik kullanımı bırakılmalıdır. Antibiyotik tam 12 saatte bir alınmazsa ne olur? Antibiyotik, enfeksiyona bağlı olarak hem 12 saatte bir hem de 24 saatte bir olacak şekilde kullanılır. Bunun kararını doktor verir ve iki şekilde de tüketimi söz konusudur. 12 saatte bir alınmayan antibiyotiğin sonuçları konusunda net cevap verilemez. Antibiyotik aç karnına içilir mi? Bazı antibiyotikler aç karnına içilirken bazı antibiyotikler için ise doğru kullanım tok karnınadır. Ancak antibiyotikler genellikle tok karnına içilen ilaçlardır ve aç karna içildiği takdirde mide rahatsızlıklarına yol açabilir."
17,positive,Antibiyotikler ne işe yarar?,7,0.6588082313537598,0.34119176864624023,doc_0192_parent_001_child_004,doc_0192_parent_001,doc_0192,Antibiyotik Nedir? Antibiyotik Ne İşe Yarar?,https://www.memorial.com.tr/saglik-rehberi/antibiyotikler-doktor-kontrolunde-kullanilmali,"Antibiyotikler mevcut bakterileri yok etme ve yeni bakteri ortaya çıkışını engelleme konusunda güçlü bir silah olarak devreye girer. Antibiyotik Faydaları Nelerdir? Antibiyotik kullanımı vücuttaki bakterileri temizler, hastalığın belirtileri azaltır, iyileşme sürecini hızlandırır, enfeksiyonun başkalarına yayılmasını engeller ve daha sonrasında ortaya çıkabilecek ciddi hastalıklara karşı koruyucu görevi üstlenir. Antibiyotik Hangi Durumlarda Kullanılmaz? Antibiyotikler bakteriyel kaynaklı enfeksiyonların tedavisinde kullanıldığı için virüs kaynaklı hastalık veya enfeksiyonlar için yarar sağlamaz. Grip , nezle, soğuk algınlığı, bronşit , virüs kaynaklı sinüs enfeksiyonu, bazı kulak enfeksiyonları, mide gribi ve koronavirüs bunlara örnek olarak verilebilir. Antibiyotiğin kullanılmadığı virüs kaynaklı enfeksiyonlar şöyledir: - Grip - Soğuk algınlığı - Bronşit - Virüs kaynaklı sinüs enfeksiyonu - Bazı kulak enfeksiyonları - Mide gribi - Koronavirüs Antibiyotik Yan Etkileri Nelerdir? Antibiyotiklerin neden olabileceği yan etkiler mide ağrısı, ishal, hazımsızlık, iştah kaybı , mide bulantısı ve kusma , döküntü, kaşıntı, nefes alma sorunları, baş dönmesi ve alerjik reaksiyonlardır. Antibiyotiğin yaygın görülebilen yan etkileri şunlardır: - Alerjik reaksiyonlar"
17,positive,Antibiyotikler ne işe yarar?,8,0.6588082313537598,0.34119176864624023,doc_0315_parent_001_child_004,doc_0315_parent_001,doc_0315,Antibiyotik Nedir? Antibiyotik Ne İşe Yarar?,https://www.memorial.com.tr/saglik-rehberi/antibiyotik-nedir,"Antibiyotikler mevcut bakterileri yok etme ve yeni bakteri ortaya çıkışını engelleme konusunda güçlü bir silah olarak devreye girer. Antibiyotik Faydaları Nelerdir? Antibiyotik kullanımı vücuttaki bakterileri temizler, hastalığın belirtileri azaltır, iyileşme sürecini hızlandırır, enfeksiyonun başkalarına yayılmasını engeller ve daha sonrasında ortaya çıkabilecek ciddi hastalıklara karşı koruyucu görevi üstlenir. Antibiyotik Hangi Durumlarda Kullanılmaz? Antibiyotikler bakteriyel kaynaklı enfeksiyonların tedavisinde kullanıldığı için virüs kaynaklı hastalık veya enfeksiyonlar için yarar sağlamaz. Grip , nezle, soğuk algınlığı, bronşit , virüs kaynaklı sinüs enfeksiyonu, bazı kulak enfeksiyonları, mide gribi ve koronavirüs bunlara örnek olarak verilebilir. Antibiyotiğin kullanılmadığı virüs kaynaklı enfeksiyonlar şöyledir: - Grip - Soğuk algınlığı - Bronşit - Virüs kaynaklı sinüs enfeksiyonu - Bazı kulak enfeksiyonları - Mide gribi - Koronavirüs Antibiyotik Yan Etkileri Nelerdir? Antibiyotiklerin neden olabileceği yan etkiler mide ağrısı, ishal, hazımsızlık, iştah kaybı , mide bulantısı ve kusma , döküntü, kaşıntı, nefes alma sorunları, baş dönmesi ve alerjik reaksiyonlardır. Antibiyotiğin yaygın görülebilen yan etkileri şunlardır: - Alerjik reaksiyonlar"
17,positive,Antibiyotikler ne işe yarar?,9,0.6229216456413269,0.3770783543586731,doc_0192_parent_001_child_005,doc_0192_parent_001,doc_0192,Antibiyotik Nedir? Antibiyotik Ne İşe Yarar?,https://www.memorial.com.tr/saglik-rehberi/antibiyotikler-doktor-kontrolunde-kullanilmali,Antibiyotiğin yaygın görülebilen yan etkileri şunlardır: - Alerjik reaksiyonlar - Mide bulantısı - Kusma - İshal - Hazımsızlık ve mide şişkinliği - İştahsızlık - Karın ağrısı Yaygın olmasa da antibiyotik kullanımı sonrası ortaya çıkabilen şiddetli belirtiler ise şöyledir: - Kurdeşen - Hırıltılı öksürük - Nefes almada zorluk - Baş dönmesi - Ani tansiyon düşüklüğü
17,positive,Antibiyotikler ne işe yarar?,10,0.6229216456413269,0.3770783543586731,doc_0315_parent_001_child_005,doc_0315_parent_001,doc_0315,Antibiyotik Nedir? Antibiyotik Ne İşe Yarar?,https://www.memorial.com.tr/saglik-rehberi/antibiyotik-nedir,Antibiyotiğin yaygın görülebilen yan etkileri şunlardır: - Alerjik reaksiyonlar - Mide bulantısı - Kusma - İshal - Hazımsızlık ve mide şişkinliği - İştahsızlık - Karın ağrısı Yaygın olmasa da antibiyotik kullanımı sonrası ortaya çıkabilen şiddetli belirtiler ise şöyledir: - Kurdeşen - Hırıltılı öksürük - Nefes almada zorluk - Baş dönmesi - Ani tansiyon düşüklüğü
18,positive,Kolera nasıl bulaşır ve belirtileri nelerdir?,1,0.8337615728378296,0.1662384271621704,doc_0301_parent_001_child_003,doc_0301_parent_001,doc_0301,"Kolera Nedir? Kolera Belirtileri Nelerdir, Nasıl Bulaşır?",https://www.memorial.com.tr/hastaliklar/kolera-nedir-nasil-bulasir,"Bu kayıpların şiddetli olduğu kolera vakalarının ölümle sonuçlanması da söz konusudur. Kişi, vibrio cholerae bakterisi içeren yiyecek veya su tükettiğinde bu bakteriler vücudun içinde büyür. Bu bakteriler daha sonra ince bağırsakların sıvı salgılamasını (sızdırmasını) sağlar ve bu da aşırı sulu olacak şekilde ishale yol açar. Kolera genellikle kişiden kişiye doğrudan yayılmaz ancak dışkı yoluyla besinleri kontamine edebilir. Bu nedenle hastalığın yayılmasını önlemek için ellerin yıkanması ve hijyene önem verilmesi gerekir. Kolera Hastalığı Nasıl Bulaşır? Kolera bakterisi dışkı yoluyla bulaşır. Hastalıkla enfekte olmuş kişinin dışkısı ile kontamine olmuş yiyecek veya suyun tüketilmesi ile hastalık bulaşır. Yiyecek ve içeceklere dışkı bulaşması gerekir. Enfekte olan kişinin tuvaletini yaptıktan sonra elini doğru bir şekilde temizlememesi, ellediği yiyecek ve içeceklere bakterinin bulaşmasına neden olacaktır. Koleranın kişiden kişiye bulaşması ise eğer el hijyenine dikkat edilirse söz konusu değildir. Kolera Belirtileri Nelerdir? Kolera olan kişi bakteri ile enfekte olduktan 12 saat-5 gün içinde semptomları yaşamaya başlar. Kolera hastalığı bazen pirinç suyu gibi tanımlanan, şiddetli, aşırı sulu ishal ve kusma belirtileri ile ortaya çıkar."
18,positive,Kolera nasıl bulaşır ve belirtileri nelerdir?,2,0.7941333055496216,0.20586669445037842,doc_0301_parent_001_child_001,doc_0301_parent_001,doc_0301,"Kolera Nedir? Kolera Belirtileri Nelerdir, Nasıl Bulaşır?",https://www.memorial.com.tr/hastaliklar/kolera-nedir-nasil-bulasir,"Kolera hastalığı, vibrio cholerae adlı toksijenik bir bakterinin neden olduğu bakteriyel ince bağırsak hastalığıdır. Kolera genellikle kirli su ve kişisel hijyenin yetersiz olduğu yerlerde, bakterinin içecek ve yiyeceklere bulaşması ile yayılır. Hızlı bir şekilde yayılan ve ciddi bir hastalık olan kolera, hastalarda şiddetli ishal ve dehidrasyona neden olarak ölüme sebebiyet verebilir. Kolera Hastalığı Nedir? Kolera, vibrio cholerae bakterisiyle kontamine olmuş yiyecek veya suyun tüketilmesiyle oluşan akut bir ishal enfeksiyonudur. Kolera hastalığı ile birlikte şiddetli ishal ve susuzluk meydana gelir. Kolera hastalığına uygun su kaynakları ve kanalizasyonun bulunmadığı az gelişmiş ülkelerde daha sık rastlanır. Modern kanalizasyon ve su arıtma altyapısına sahip, sanayileşmiş ülkelerde kolera hastalığı hemen hemen ortadan kalkmış olsa da Afrika, Güneydoğu Asya ve Haiti gibi daha az gelişmiş ülkelerde hala görülmektedir. Hastalığın önlenmesi temiz su kaynaklarının bulunması büyük önem arz ederken kişinin el hijyenine dikkat etmesi hijyen eksikliği bulunan bölgelerdeki yiyecek ve içeceklere karşı dikkatli olması gerekir. Kolera hastalığında ortaya çıkan yaygın belirtiler ishal ve dehidrasyondur. Dehidrasyon aynı zamanda vücudun susuz kalması anlamına gelir. Nadiren ve özellikle şiddetli vakalarda ise şok ve nöbetler görülebilir. Özellikle sulu ishal ve vücudun susuz kalması çok şiddetli kolera vakalarında ölümle sonuçlanabilir."
18,positive,Kolera nasıl bulaşır ve belirtileri nelerdir?,3,0.7820534110069275,0.2179465889930725,doc_0301_parent_001_child_004,doc_0301_parent_001,doc_0301,"Kolera Nedir? Kolera Belirtileri Nelerdir, Nasıl Bulaşır?",https://www.memorial.com.tr/hastaliklar/kolera-nedir-nasil-bulasir,"Kolera hastalığı bazen pirinç suyu gibi tanımlanan, şiddetli, aşırı sulu ishal ve kusma belirtileri ile ortaya çıkar. Bunlara karın veya bacak krampları, ağız kuruluğu, susuzluk, idrarda azalma, şiddetli vakalarda ise şok ve nöbetler eşlik eder. Kolera hastası yaklaşık 10 kişiden 1'i şu belirtileri yaşar: - Bol sulu ishal - Kusma - Karın ve bacaklarda kramp - Vücutta aşırı sıvı kaybı - Şok - Ağız kuruluğu - İdrar çıkışında azalma - Huzursuzluk - Sinirlilik - Kan basıncının düşmesi - Cilt mukozalarında kuruma - Cildin elastikiyetini kaybetmesi - Kalp atışının hızlanması - Gözlerin çukurlaşması Kolera hastalığında ortaya çıkan hafif semptomlar birkaç gün içinde kendiliğinden geçebilir ancak dehidrasyon çok hızlı bir şekilde ölümcül sonuçlara yol açabilir. Bu sebeple erken tedavi kişinin hayatını kurtarabilir. Bol sulu ishal Vibrio cholerae bakterisinin bulunduğu besinlerin tüketimi sonucu bakteri bağırsaklara karışır ve bağırsak sistemine zarar verir. Bu zararla birlikte bol sulu bir şekilde sulu ishal görülebilir."
18,positive,Kolera nasıl bulaşır ve belirtileri nelerdir?,4,0.7459734678268433,0.25402653217315674,doc_0301_parent_003_child_001,doc_0301_parent_003,doc_0301,"Kolera Nedir? Kolera Belirtileri Nelerdir, Nasıl Bulaşır?",https://www.memorial.com.tr/hastaliklar/kolera-nedir-nasil-bulasir,"Kolera bulaşması açısından kimler daha yüksek risk altındadır? Koleranın aktif olarak bulaştığı bir bölgede kolera hastalarını tedavi eden sağlık çalışanları, kolera ile mücadele eden diğer çalışanlar ve temiz gıda ve suya ulaşamayanlar kolera bulaşması açısından daha yüksek risk altındadır. Koleralı hasta ne zaman doktora gitmeli? Kolera hastalığının hafif semptomları birkaç gün içinde kendi kendine geçebilir. Ancak şiddetli semptomlarınız varsa ve susuz kalmaya başlarsanız, tıbbi yardıma ihtiyacınız vardır. Çok hızlı bir şekilde sıvı takviyesi yapılması için tedaviye hemen başlanılmalıdır. Kolera hamile ve çocuklara bulaşır mı? Kolera ağız yoluyla bulaşan bir hastalık olduğu için dikkat edilmediği takdirde hamile kadınlar, çocuklar ve tüm insanlarda görülebilir. Hamile ve kronik hastalığı olan kolera hastaları nasıl tedavi edilir? Kolera hastalığının tedavisi hamile ve ciddi beslenme bozukluğu, HIV infeksiyonu gibi altta yatan hastalığı olan tüm hastalara kolera bakterilerine etkili antibiyotik tedavisi verilir. Antibiyotikler ishal süresini ve çıkarılan dışkı miktarını azaltarak daha hızlı iyileşmeye yardımcı olur. Kolera hangi sistemin hastalığıdır? Kolera Vibrio cholerae bakterisinin etken olduğu infeksiyöz bir sindirim sistemi hastalığıdır."
18,positive,Kolera nasıl bulaşır ve belirtileri nelerdir?,5,0.7190117835998535,0.2809882164001465,doc_0301_parent_001_child_002,doc_0301_parent_001,doc_0301,"Kolera Nedir? Kolera Belirtileri Nelerdir, Nasıl Bulaşır?",https://www.memorial.com.tr/hastaliklar/kolera-nedir-nasil-bulasir,"Özellikle sulu ishal ve vücudun susuz kalması çok şiddetli kolera vakalarında ölümle sonuçlanabilir. Bu yüzden tıbbi tedavi kritiktir. Koleranın tedavi yöntemleri arasında ise rehidratasyon, intravenöz sıvılar ve antibiyotikler yer alır. Kolera salgınları hangi bölgelerde daha çok görülür? Ortaya çıkan kolera salgınları daha çok sıcak iklimlerde yaygındır. Meydana gelen salgınlar bazen deprem ve kasırga gibi doğal afetlerden sonra ortaya çıkar. Bu afetler kanalizasyon sistemlerine zarar verebilir. Oluşan zarar sonrası kanalizasyon sistemi zarar görür ve su kalitesi bozulur. Sağlıklı su kaynaklarının bulunmadığı bölgelerde de kolera salgınları patlak verebilir. Bununla birlikte kolera hastalığı kalabalık, savaş ve kıtlık olan yerlerde de yaygın olarak ortaya çıkar. Bu bölgelere örnek olarak Afrika, Güney Asya ve Latin Amerika'nın bazı bölgeleri verilebilir. Kolera Hastalığı Neden Olur? Kolera hastalığının ortaya çıkmasına neden olan bakteri vibrio cholerae bakterisidir. Bu bakteri ile kontamine olmuş yiyecek veya suyun tüketilmesi sonucu, bakterinin ince bağırsakta salgıladığı toksinler kolera hastalığına yol açar. Bu toksinler bağırsaklardan büyük miktarlarda sıvı salgılanmasına neden olur ve buna bağlı olarak ishal ve vücutta hızla sıvı ve elektrolit (vücut tuzları) kaybı yaşanır. Bu kayıpların şiddetli olduğu kolera vakalarının ölümle sonuçlanması da söz konusudur."
18,positive,Kolera nasıl bulaşır ve belirtileri nelerdir?,6,0.7065697908401489,0.2934302091598511,doc_0301_parent_003_child_002,doc_0301_parent_003,doc_0301,"Kolera Nedir? Kolera Belirtileri Nelerdir, Nasıl Bulaşır?",https://www.memorial.com.tr/hastaliklar/kolera-nedir-nasil-bulasir,"Kolera hangi sistemin hastalığıdır? Kolera Vibrio cholerae bakterisinin etken olduğu infeksiyöz bir sindirim sistemi hastalığıdır. Su kirliliği koleranın dışında hangi hastalıklara neden olur? Kirli sular ishal, kolera, amipli ve basilli dizanteri , tifo , hepatit A , çocuk felci gibi hastalıkların bulaşmasına neden olabilir. Kolera hastalığı ilk ne zaman ortaya çıktı? İlk kolera pandemisi (tüm dünyaya yayılan salgın) Hindistan’da Ganj deltasında Jessore’da bir salgınla başlamıştır. Hastalık ticaret yollarını izleyerek hızla Hindistan’ın çoğuna, Myanmar’a ve Sri Lanka’ya yayılmıştır. Bunun sonrasında son 200 yılda yedi kolera pandemisi görülmüştür. Yedinci kolera pandemisi şu anda devam etmektedir. Afrika, Güneydoğu Asya, Hindistan ve çevresi ve Haiti’de kolera hastalığı varlığını sürdürmektedir. Her yıl dünyada 1.3-4 milyon kolera vakası görüldüğü ve 21 bin ile 143 bin kişinin öldüğü tahmin edilmektedir. Kolera kirli su ilişkisi bağlamı 1854 yılındaki bir vakayla örneklendirilebilir. Tarihler 1854 yılını gösterdiğinde Londra’da kolera salgını sırasında John Snow harita üzerinde kolera vakalarının yerlerini işaretlemiş ve bunun sonucunda salgının kaynağı olduğunu saptadığı tulumba mühürlenmiş ve salgın kontrol altına alınmıştır."
18,positive,Kolera nasıl bulaşır ve belirtileri nelerdir?,7,0.6928666830062866,0.3071333169937134,doc_0200_parent_001_child_003,doc_0200_parent_001,doc_0200,"Kolit ve Ülseratif Kolit Nedir? Nedenleri, Belirtileri ve Tedavisi",https://www.memorial.com.tr/hastaliklar/kolit-ve-ulseratif-kolit-nedir,"Kolit Belirtileri Nelerdir? Hastalığın şiddetine bağlı olarak kolit belirtileri de değişebilir. En yaygın kolit belirtileri arasında karın ağrısı veya kramp, karın şişkinliği, dışkıda kan görülmesi, kanlı ishal, iştahsızlığa bağlı kilo kaybı, mide bulantısı ve kusma yer alır. Kolit belirtileri genel olarak şunları içerir: - Karın ağrısı veya kramp - Karın şişkinliği - Dışkıda kan görülmesi - Kanlı ishal veya kabızlık - İştahsızlığa bağlı kilo kaybı - Mide bulantısı ve kusma - Kansızlık - Ateş ve titreme - Makatta akıntı - Cilt döküntüleri - Karaciğer fonksiyonlarında bozukluk - Gözde kızarıklık ve yanma hissi - Eklem ağrıları ve eklemlerde şişme Bu ve benzeri belirtilere sahipseniz kolit şüphesiyle doktora başvurmakta fayda vardır. Kolit Bulaşıcı mıdır? Kolitin bulaşıcı olan ve olmayan çeşitleri bulunur. Bu çeşitler şöyle sınıflandırılabilir: - Enterit: Bulaşıcı olan ve olmayan çeşitleri vardır Enterit: - Proktit : Bulaşıcı olan ve olmayan çeşitleri vardır Proktit : - Crohn hastalığı: Bulaşıcı değildir Crohn hastalığı: - Ülseratif kolit: Bulaşıcı değildir."
18,positive,Kolera nasıl bulaşır ve belirtileri nelerdir?,8,0.6783180236816406,0.3216819763183594,doc_0301_parent_002_child_004,doc_0301_parent_002,doc_0301,"Kolera Nedir? Kolera Belirtileri Nelerdir, Nasıl Bulaşır?",https://www.memorial.com.tr/hastaliklar/kolera-nedir-nasil-bulasir,"Ağızdan alınan sıvılarla sıvı kaybının yerine konmasına çalışılır. Ciddi sıvı kayıplarında özellikle hasta bulantı ve kusma nedeniyle yeterli sıvı ve gıda alamıyorsa damar yoluyla sıvı verilmesi gerekebilir. Kolera tedavisinde özellikle ciddi seyreden hastalarda sıvı tedavisi yanında hastalığa neden olan mikrobiyal etkene yönelik tedavi yapılır. Gebeler ve ciddi beslenme bozukluğu, HIV infeksiyonu gibi altta yatan hastalığı olan tüm hastalara kolera bakterilerine etkili antibiyotik tedavisi verilir. Antibiyotikler ishal süresini ve çıkarılan dışkı miktarını azaltarak daha hızlı iyileşmeye yardımcı olur. Antibiyotik tedavisine ise doktor tarafından karar verilir. Kolera Hastalığı Hakkında Sık Sorulan Sorular Kolera ne demek? Kolera, vibrio cholera bakterisinin neden olduğu ince bağırsağın bulaşıcı ve genellikle ölümcül bir bakteriyel hastalığıdır. Türkiye’de kolera hastalığı görüldü mü? Ülkemiz ve bölgemiz de geçmişteki kolera salgınlarından etkilendi. 1831, 1855, 1865, 1892, 1915, 1960, 1970, 1994 yıllarında kolera salgınları görülmüştür. Bu salgınların 1831 ve 1835 salgını gibi bazılarında binlerce kişi yaşamını yitirdi. Ülkemizde son kolera salgınları 1970 yılında İstanbul ve 1994 yılında Ankara’da görüldü."
18,positive,Kolera nasıl bulaşır ve belirtileri nelerdir?,9,0.6744415760040283,0.3255584239959717,doc_0301_parent_001_child_005,doc_0301_parent_001,doc_0301,"Kolera Nedir? Kolera Belirtileri Nelerdir, Nasıl Bulaşır?",https://www.memorial.com.tr/hastaliklar/kolera-nedir-nasil-bulasir,Bu zararla birlikte bol sulu bir şekilde sulu ishal görülebilir. Bu ishal kolera hastalığının en yaygın ve ilk belirtisidir. Kusma Sulu ishal ile birlikte kusma da koleranın en sık görülen belirtileri arasında kabul edilir. İshal ve kusmanın şiddetli görüldüğü vakalarda vakit kaybetmeden doktora başvurmak erken teşhis ve tedavi açısından hayatidir.
18,positive,Kolera nasıl bulaşır ve belirtileri nelerdir?,10,0.6723132729530334,0.32768672704696655,doc_0301_parent_002_child_002,doc_0301_parent_002,doc_0301,"Kolera Nedir? Kolera Belirtileri Nelerdir, Nasıl Bulaşır?",https://www.memorial.com.tr/hastaliklar/kolera-nedir-nasil-bulasir,"Kolera teşhisinin kesin konulması için hastadan gaita (dışkı) örneği alınarak laboratuvara gönderilir. Hastadan alınan gaita örneği özel bir mikroskop aracılığıyla görüntülenir. Gaita testinde vibrio cholera bakterisinin görülmesi üzerine hastaya kolera teşhisi konularak tedavi planlaması yapılır. Hastalığın erken teşhis edilmesi tedavideki başarı şansını artıran bir faktördür. Kolera Hastalığından Korunma Yöntemleri Kolera hastalığından korunmak için öncelikle el hijyenine dikkat etmek, sağlıklı su ve gıda kullanmak gerekir. Kolera etkeni Vibrio cholerae kirli sularla çok kısa sürede, çok sayıda insana bulaşabilir. Koleradan korunmak için şunlara dikkat etmek gerekmektedir: - Tuvalet sonrasında ve gün içinde gerektikçe eller su ve sabunla yıkanmalı. - Su ve sabun bulunamayan durumlarda en az %60 alkol içeren el temizleyicileri kullanılmalı. - Gıdayla temas, yemek yeme ve yemek hazırlama öncesinde eller mutlaka yıkanmalı. - Kolera varlığında tuvalet, banyo, lavabo gibi kirli yüzeylerin dezenfeksiyonunda çamaşır suyu 10 kat sulandırılarak (1 birim çamaşır suyu 9 birim su) kullanılmalı."
19,positive,Depresyonun belirtileri nelerdir?,1,0.8384361267089844,0.16156387329101562,doc_0022_parent_001_child_002,doc_0022_parent_001,doc_0022,Depresyon Nedir? Depresyon Belirtileri Nelerdir?,https://www.memorial.com.tr/saglik-rehberi/depresyon-nedir,"Depresyonda olan kişilerde uyku ve iştah sorunları yanı sıra düşünme ve hafıza sorunları da yaşanır. Karamsarlık, mutsuzluk, suçluluk duyma gibi belirtilerle ortaya çıkan depresyon bozukluğunun türleri bulunur. Klinik depresyon ya da majör depresif bozukluk genellikle sadece depresyon olarak adlandırılır. İlgi duyduğu konulara karşı ilgi kaybı, ruh halinin en az 2 haftanın önemli bir bölümünde düşük olması, mutsuz hissetmek, değersizlik ve kendinden nefret etme, intihar eğilimi, enerji eksikliği, uyku ve iştahta değişiklikler depresyonun belirtileridir. Depresyon tedavi edilmezse depresyon daha da kötüleşerek uzun sürebilir. Ağır vakalarda, kendine zarar verme ya da intihar yoluyla ölümle sonuçlanabilir. Bunun yanında depresyon tedavileri, semptomları iyileştirmede çok etkili olabilmektedir. Depresyon Belirtileri Nelerdir? Sürekli üzgün, mutsuz ve umutsuz hissetmek, hayata karşı ilgi ve beklenti kaybı, uyku bozukluğu, iştahta artış ya da azalma, özgüven kaybı ve değersizlik hissi depresyonun fiziksel ve zihinsel belirtileridir. Depresyonu işaret eden belirtiler şunlardır: - Üzgün ve mutsuz hissetme - Keder ve umutsuzluk içinde olma - Depresif ruh hali"
19,positive,Depresyonun belirtileri nelerdir?,2,0.7398653626441956,0.26013463735580444,doc_0022_parent_002_child_004,doc_0022_parent_002,doc_0022,Depresyon Nedir? Depresyon Belirtileri Nelerdir?,https://www.memorial.com.tr/saglik-rehberi/depresyon-nedir,"Depresyon iyileşme belirtileri Nelerdir? Depresyon belirtileri, duygusal ve fiziksel de olarak ortaya çıkabilir. Yakınlarla daha fazla vakit geçirme, geçmişe odaklanmama, olumlu ifadeleri çoğalması depresyon iyileşme belirtileri arasında yer alır. Depresyondan nasıl çıkılır? Depresyondan çıkmak için; - İlk aşamada depresyonu kabul etmek gerekir - Arkadaş ve ailenizle olan iletişimi sürdürün - Uyku düzeninizi oluşturun - Psikoterapiden yararlanın - Egzersizi ihmal etmeyin - Açık havada uzun yürüyüşler yapın"
19,positive,Depresyonun belirtileri nelerdir?,3,0.7242057919502258,0.27579420804977417,doc_0022_parent_001_child_001,doc_0022_parent_001,doc_0022,Depresyon Nedir? Depresyon Belirtileri Nelerdir?,https://www.memorial.com.tr/saglik-rehberi/depresyon-nedir,"Depresyon, kişide üzüntü hissi yaratarak, düşünme, ilgi duyma, uyuma, yeme-içme gibi davranış şekline etki eden zihinsel ve psikolojik bir rahatsızlıktır. Bir kişinin depresyona girme nedeni yaygın olarak bir yakının vefatı, ilişkinin sonlanması, hastalık, iş ve para kaygısı gibi üzen ve stres yaratan sebeplere dayanır. Dünyada yaklaşık 280 milyon kişinin depresyona yakalandığı düşünülmektedir. Kadınlarda bu oran erkeklere göre yaklaşık %50 daha fazladır. Kendisini değersiz veya umutsuz hissetmek, sürekli mutsuz ve üzgün bir ruh halinde olmak,herhangi bir şeyin ilgi çekmemeye başlaması depresyonun en yaygın belirtileridir. - Depresyon Nedir? - Depresyon Belirtileri Nelerdir? - Depresyon Neden Olur? - Depresyon Türleri Nelerdir? - Depresyon Kimleri Etkiler? - Depresyon Nasıl Geçer? Depresyon Tedavisi - Depresyona Ne İyi Gelir? - Depresyon Hakkında Sık Sorulan Sorular Depresyon Nedir? Depresyon, sürekli üzüntü, karamsarlık ve mutsuzluk, herhangi bir şeyden zevk alamama gibi ilgi kaybının yaşandığı ruhsal çöküntü ile karakterize duyguduyum bozukluğudur . Depresyonda olan kişilerde uyku ve iştah sorunları yanı sıra düşünme ve hafıza sorunları da yaşanır."
19,positive,Depresyonun belirtileri nelerdir?,4,0.6684087514877319,0.33159124851226807,doc_0220_parent_001_child_005,doc_0220_parent_001,doc_0220,Kronik yorgunluk sendromu nedir? Belirtileri ve tedavisi nedir?,https://www.memorial.com.tr/hastaliklar/kronik-yorgunluk-sendromu-nedir-belirtileri-ve-tedavisi-nedir,"Depresyon da kişilerin kendisini yorgun hissetmesine neden olabilir. Depresyon ve stres: Kronik yorgunluk sendromunun belirtileri nelerdir? Kronik yorgunluk sendromunun başlıca belirtileri arasında 6 aydan uzun süredir devam eden, tıbbi bir nedeni olmayan halsizlik ve yorgunluk hissi bulunmaktadır. Kişi günlük hayatındaki aktiviteleri yorgunluk, halsizlik sonucu yerine getirememektedir."
19,positive,Depresyonun belirtileri nelerdir?,5,0.6462101936340332,0.3537898063659668,doc_0089_parent_001_child_002,doc_0089_parent_001,doc_0089,Tükenmişlik Sendromu Nedir? Tükenmişlik Belirtileri ve Tedavisi,https://www.memorial.com.tr/saglik-rehberi/tukenmislik-sendromu-nedir-belirtileri-ve-tedavisi,"Psikolojik olarak bu çöküş tükenmişlik sendromuna yol açar. Tükenmişlik Sendromu Belirtileri Nelerdir? Tükenmişlik sendromunun gözle görülür en yaygın belirtileri arasında kişinin bitkin hissetmesi, günlük hayattaki işlerini yapamayacak hale gelmesi, duyarsızlaşması, gergin hissetmesi, uykularının bozulması ve zamanla grip gibi hastalıklara karşı savunmasız kalması yer alır. Tükenmişlik sendromu belirtileri, içinde bulunan durumun hangi aşamada olduğuna göre değişiklik gösterebilir. En önemli ve gözle görülür tükenmişlik sendromu belirtileri şöyledir: - Enerjinin tükenmesi - Kişinin işine karşı soğuması, işi hakkında şüphe duyması - İşe yönelik etkinliğin ve isteğin azalması - Kişinin bitkin hissetmesi - Günlük işlerinin yapamayacak duruma gelinmesi - Motivasyonda azalma - Duyarsızlık - Gerginlik, agresiflik veya içine kapanıklık - Olumsuz düşüncelerin artması ve karamsarlık - Umutsuzluk - Kendini değersiz hissetme - Uykuların bozulması - Grip gibi hastalıklara karşı savunmasız kalınması Tükenme duygusu ve bitkinlik Bu duygu vücuda hem yorgunluk hem de fiziksel olarak yansıyabilir. Sahip olunan enerji zamanla tükenerek azalmaktadır. Duyarsızlaşma Bu duyguyla birlikte uyuşma hissi oluşmaktadır."
19,positive,Depresyonun belirtileri nelerdir?,6,0.6406648755073547,0.35933512449264526,doc_0022_parent_002_child_001,doc_0022_parent_002,doc_0022,Depresyon Nedir? Depresyon Belirtileri Nelerdir?,https://www.memorial.com.tr/saglik-rehberi/depresyon-nedir,"Bunun yanında adet öncesi sendromu (PMS) semptomları da eklenir. Bu belirtiler adetin başlamasından sonraki birkaç gün içinde iyileşir ve hayatı etkileyecek kadar şiddetli olabilmektedir. Tıbbi duruma bağlı depresif bozukluk Tıbbi durumlar vücutta depresyona neden olan değişiklikler yaratabilir. Örnekler arasında hipotiroidizm, kalp hastalığı, Parkinson hastalığı ve kanser yer alır. Altta yatan durumu tedavi edebiliyorsanız depresyon da genellikle iyileşir. Majör depresif bozukluğunun kendi içerisinde türleri de bulunur: Mevsimsel depresyon Sonbahar ve kış aylarında ortaya çıkan ve ilkbahar ve yaz aylarında kaybolan bir tür majör depresif bozukluk olarak tanımlanır. Doğum öncesi ve sonrası depresyon Doğum öncesi depresyon, hamilelik esnasında ortaya çıkan depresyon türüdür. Doğum sonrası depresyon, doğumdan sonraki dört hafta içerisinde gelişir. Atipik depresyon , majör depresif bozukluk belirtileri gösterir. Tek fark, olumlu olaylara karşısında ruh halinde geçici bir iyileşme görülür. Diğer önemli belirtileri arasında iştah artışı ve reddedilme duyarlılığı yer almaktadır. Bipolar bozukluğuna sahip olan kişiler manik veya hipomanik dönemlerin yanında depresyon dönemleri de yaşayabilir. Depresyon Kimleri Etkiler? Depresyon, çocuklar ve yetişkinler de dahil olmak üzere her yaştan insanı etkileyebilir."
19,positive,Depresyonun belirtileri nelerdir?,7,0.6069414615631104,0.39305853843688965,doc_0022_parent_001_child_004,doc_0022_parent_001,doc_0022,Depresyon Nedir? Depresyon Belirtileri Nelerdir?,https://www.memorial.com.tr/saglik-rehberi/depresyon-nedir,"- Birinci derece bir akrabanızda depresyon varsa, bu duruma yakalanma olasılığınız genel nüfusa göre yaklaşık üç kat daha fazladır - Sevilen birinin ölümü, travma, boşanma, izolasyon ve destek eksikliği gibi zor deneyimler depresyonu beraberinde getirebilir - Kronik olan ağrı ve diyabet gibi durumlar depresyona yol açabilir - Bazı ilaçlar yan etki olarak depresyona sebep olabilir - Bunun yanında günlük hayatta strese maruz kalmak da depresyona neden olabilmektedir. Depresyon Türleri Nelerdir? Depresyon türleri, kişide oluşma faktörüne bağlı olarak değişiklik gösterir. Depresyon türleri şu şekilde sıralanır: Klinik depresyon (majör depresif bozukluk) Majör depresyon ya da klinik depresyon, iki hafta süresince üzgün, keyifsiz ya da değersiz hissedildiği durumlarda ortaya çıkan ve uyku sorunlarına, iştah bozukluğu, aktivitelere ilgi kaybına neden olan depresyon türüdür. Bu depresyon türü en şiddetli türüdür ve en yaygın biçimlerden biridir. Kalıcı depresif bozukluk (KDB) Kalıcı ya da kronik depresif bozukluk , en az iki yıl süren hafif ya da orta dereceli depresyon türü olarak bilinir. Semptomları majör depresif bozukluktan daha az şiddetli olmaktadır."
19,positive,Depresyonun belirtileri nelerdir?,8,0.5987653732299805,0.40123462677001953,doc_0022_parent_001_child_005,doc_0022_parent_001,doc_0022,Depresyon Nedir? Depresyon Belirtileri Nelerdir?,https://www.memorial.com.tr/saglik-rehberi/depresyon-nedir,"Semptomları majör depresif bozukluktan daha az şiddetli olmaktadır. Yıkıcı duygu durum düzenleyememe bozukluğu Bu depresyon türü özellikle çocuklarda kronik, yoğun sinirlilik ve sık sık öfke patlamalarına neden olur. Bu depresyon belirtileri genellikle 10 yaşta sonra başlar. Premenstrüel disforik bozukluk Adet öncesinde oluşan bu depresyon türü, aşırı sinirlilik, anksiyete veya duygu durum semptomlarına neden olur."
19,positive,Depresyonun belirtileri nelerdir?,9,0.5941985249519348,0.4058014750480652,doc_0022_parent_001_child_003,doc_0022_parent_001,doc_0022,Depresyon Nedir? Depresyon Belirtileri Nelerdir?,https://www.memorial.com.tr/saglik-rehberi/depresyon-nedir,"- Keder ve umutsuzluk içinde olma - Depresif ruh hali - İlgi duyulan ve zevk alınan aktivitelere karşı istek kaybı - Uyku sorunları yaşama(uykuya dalamama, sık uyanma) - İştahta artış ya da azalma - Her şeyi ağırdan alarak yapmaya başlama - Konsantrasyon eksikliği - Başkalarına karşı sinirli olma ve hoşgörüsüz davranma - Kendini değersiz hissetme - Cinsel istekte azalma - Enerji düşüklüğü - İntihar gibi kendisine zarar verme düşüncelerine sahip olma - Rutin olarak yapılan işleri yerine getirmeme Depresyon Neden Olur? Depresyona ölüm, iş kaybı, doğum yapma gibi yaşamı değiştiren ve etkileyen durumlar neden olabilir. Bunun yanında ailesinde depresyon öyküsü olan kişilerin de yaşama olasılığı daha yüksektir. Ortada hiçbir sebep yokken de depresyona girilebildiği bilinir. Depresyonun kesin olarak nedeni bilinmese de neden olduğu faktörler şöyle açıklanır: - Mutluluk hormonları olarak bilinen serotonin ve dopamin de dahil olmak üzere nörotransmitterlerin eksikliği depresyona neden olabilir - Birinci derece bir akrabanızda depresyon varsa, bu duruma yakalanma olasılığınız genel nüfusa göre yaklaşık üç kat daha fazladır - Sevilen birinin ölümü, travma, boşanma, izolasyon ve destek eksikliği gibi zor deneyimler depresyonu beraberinde getirebilir"
19,positive,Depresyonun belirtileri nelerdir?,10,0.5897696614265442,0.4102303385734558,doc_0022_parent_002_child_003,doc_0022_parent_002,doc_0022,Depresyon Nedir? Depresyon Belirtileri Nelerdir?,https://www.memorial.com.tr/saglik-rehberi/depresyon-nedir,"Bu durumda uzman doktorla görüşüp ilaç kullanımına yön vermesi istenir. İlaçlar: Beyin stimülasyon tedavisi: Özellikle şiddetli depresyonu olan yani majör depresyona sahip olan kişilerde bu yöntem uygulanabilir. Beyin stimülasyon tedavisi: Depresyona Ne İyi Gelir? Depresyonun yarattığı mutsuzluk, isteksizlik ya da günlük aktivitelerini yerine getirememe gibi belirtilerden kurtulmak ve depresyondan çıkmak için bazı yöntemlerden yararlanabilirsiniz. Depresyona iyi gelen yöntemler şöyle sıralanır: - Düzenli olarak egzersiz ve spor yapmak - Uyku kalitesine önem vermek - Sağlıklı beslenmek - Çevrenizle ve değer verdiğiniz insanlarla vakit geçirmek - Stresle başa çıkma yöntemlerinden yararlanmak Depresyon Hakkında Sık Sorulan Sorular Depresif ne demek? Depresif, devamlı olarak mutsuz ve kaygılı olma, umutsuz hissetme gibi belirtiler içeren depresyonda olma durumunu tanımlamak için kullanılır. Depresyonda olup olmadığını nasıl anlarım? Sürekli üzgün hissetme, daha önce ilgi duyulan konulara karşı ilgi kaybı, uyku ve iştah alışkanlıklarında değişiklik, enerji kaybı, konsantrasyon sorunları, özgüven kaybı ve değersizlik hissine eşlik eden intihar düşüncesi depresyonla ilişkilendirilebilir. Depresyon iyileşme belirtileri Nelerdir? Depresyon belirtileri, duygusal ve fiziksel de olarak ortaya çıkabilir."
20,positive,Zahter nedir ve ne amaçla kullanılır?,1,0.6619257926940918,0.3380742073059082,doc_0438_parent_001_child_001,doc_0438_parent_001,doc_0438,Zahter Nedir? Zahter Faydaları Nelerdir?,https://www.memorial.com.tr/saglik-rehberi/zahterin-faydalari-nelerdir,"'Zaatar' olarak bilinen 'Zahter' bitkisinin kurutulmuş formu bitki çayı ve baharat çeşidi olarak kullanımı oldukça yaygındır. Geleneksel tıpta birçok biyolojik etkilerinden dolayı sıkça tercih edilmektedir. Kekik türevi olarak adlandırılan bitkinin içerdiği uçucu yağlar nedeniyle gıda aroması, soslar, likör, parfümeri sektöründe de hammadde üretimi dikkat çeker. - Zahter Nedir? - Zahter Ne İşe Yarar? - Zahter Neye İyi Gelir? - Zahterin Faydaları Nelerdir? - Zahter Nasıl Kullanılır? - Zahterin Yan Etkisi Var mıdır? Zararları Nelerdir? - Zahter Hakkında Sıkça Sorulan Sorular Zahter Nedir? Zahter, ballıbabagiller (Lamiaceae) familyasının Tymbra spicata türüne ait olan, Filistin ve Cezayir başta olmak üzere orta doğuda yetiştirilen halk arasında kara kekik olarak ifade edilen şifalı bir bitkidir. Yörelere göre zatar, zater, zağter, güyegi otu, sahter, sağter, sa'ter ve karabaş kekik olarak da isimlendirilir. Dünya üzerinde 3200 türü bulunurken Türkiye'de 400'e türü bulunur. Akdeniz ve Ege Bölgesinde endemik türleri yer alır, tropikal bölgelerde ya da ılıman alanlarda verimli gelişim gösterir. Bununla birlikte, Türkiye'nin hemen hemen her bölgesinde yetişmeye elverişlidir."
20,positive,Zahter nedir ve ne amaçla kullanılır?,2,0.604384183883667,0.395615816116333,doc_0438_parent_001_child_004,doc_0438_parent_001,doc_0438,Zahter Nedir? Zahter Faydaları Nelerdir?,https://www.memorial.com.tr/saglik-rehberi/zahterin-faydalari-nelerdir,"- Cilt üzerinde detoks özelliği sergileyerek sivilce, cilt problemleri, cilt kusurları ve lekelerin oluşmasında önleyici olarak destekler. - Bitkinin yağ formunun harici kullanımlarda saç foliküllerini besleyerek saç dökülmesinin önüne geçilmesinde yardımcıdır. Zahter Nasıl Kullanılır? Zahter bitkisinin kozmetik sektöründe destilasyon yöntemi ile uçucu bileşenler saflaştırılarak ağrı kesici krem olarak tercih edilebilir. Gıda olarak aromatik zenginliği ile baharat olarak gıdayı lezzetlendirmek amacıyla kullanılabilir. Zahter tozu ara sıcak ya da ara soğuk menülerde salatalarda sıkça tercih edilir. Baharat zenginliği ile içecekleri tatlandırmak usulü kullanılabilir. Zahter Nasıl Tüketilir? Zahter bitkisinin yağı ya da ekstrakt haline getirilerek hammadde ürüne dönüştürülebilir. Bu durumdan hareketle, bitki özünü tozu, tableti, kapsülü, sıvı formu, çayı ve aroması kullanılabilir. Zahter Çayı Nasıl Yapılır? Bir tatlı kaşığı kurutulmuş bitkinin otunu kaynatma haznesine ilave edilir. Kaynatılan suyun 6-7 dakika kadar çayın demlenmesi sağlanır. Bardağa koyulmadan önce süzgeçten geçirilir, ilk su boşatılır ve bir sonraki su bardağa koyulur."
20,positive,Zahter nedir ve ne amaçla kullanılır?,3,0.5680423974990845,0.4319576025009155,doc_0438_parent_001_child_002,doc_0438_parent_001,doc_0438,Zahter Nedir? Zahter Faydaları Nelerdir?,https://www.memorial.com.tr/saglik-rehberi/zahterin-faydalari-nelerdir,"Bununla birlikte, Türkiye'nin hemen hemen her bölgesinde yetişmeye elverişlidir. Bu bitkiden elde edilen uçucu yağlar doğa destekli tedavilerde tercih edilebilir. Zahter Ne İşe Yarar? Zahter, karvakrol, timol, p- simen, y-terpinen gibi uçucu bileşenlerden oluşur. Ana uçucu bileşeni karvakroldür. Bitkinin özünde ağırlıkla fenolik bileşikler bulunur ve rosmarinik asit en öne çıkan etken maddedir. Zahterin sahip olduğu rosmarinik asit ve karvakrol gibi antioksidan ve bileşenler, bakteri karşıtı, mantar karşıtı, böcek kovucu, ağrı kesici ve enfeksiyona karşı etkiye sahiptir. Astım, bronşit, kolik , mide ağrıları, uçuk virüsü, öksürük, soğuk algınlığı, ishal, hazımsızlık ve ağız kokusu problemlerini gidermede de destekçidir. Zahter Neye İyi Gelir? Mikroorganizmalara karşı insan vücudunun savunma gücünü arttırılması en belirgin faydalarından biridir. Mikroorganizmalar; gram (-) bakteriler, gram (+) bakteriler, parazitler, mantarlar ve virüsler olmak üzere birçok canlı formunu kapsar. Bu nedenle, karvakrol esansiyel uçucu bileşeni bu mikroorganizmaların çoğalması, vücutta enfekte olması ve hastalık yapıcı etkileri azaltmaya yardımcıdır."
20,positive,Zahter nedir ve ne amaçla kullanılır?,4,0.4816765785217285,0.5183234214782715,doc_0438_parent_001_child_003,doc_0438_parent_001,doc_0438,Zahter Nedir? Zahter Faydaları Nelerdir?,https://www.memorial.com.tr/saglik-rehberi/zahterin-faydalari-nelerdir,"Bu nedenle, karvakrol esansiyel uçucu bileşeni bu mikroorganizmaların çoğalması, vücutta enfekte olması ve hastalık yapıcı etkileri azaltmaya yardımcıdır. Diğer yandan, sindirim sistemi problemlerinde destekleyici olur. Mide problemlerinin merkezinde helikobakter pilori bakterisi gelir. Anti- bakteriyel özelliği ile mide iç çeperinin iltihaplanmasına neden olan bu bakteri ile mücadeleyi destekler. Böylece, mide iltihaplanması ile birlikte gastrit ve ülser gibi ciddi problemlerin aşılmasına yardımcı olur. Zahterin Faydaları Nelerdir? Antioksidan özelliklere sahip olan zahterin faydaları aşağıdaki gibi listelenebilir: - Sindirim sistemini düzenler - Kötü kolesterolü düşürmeye yardım eder - Adet söktürücü özelliktedir - Öksürüğü giderir - Vücudun mikroplara karşı tepki kapasitesini artırır - Toksinleri atmayı kolaylaştırarak karaciğer ve böbrek sağlığının korunmasında destekleyicidir - Bağışıklık sisteminin korunmasına yardımcı olur. - Alzheimer gibi sinir kaybı hastalıklarına neden olan beyinde protein plaklarının oluşmasını engellemeye yardımcıdır. - Sinir sistemini destekleyerek nöronların korunmasına olup, stres ve uykusuzluk probleminin giderilmesine yardımcı olur. - Cilt üzerinde detoks özelliği sergileyerek sivilce, cilt problemleri, cilt kusurları ve lekelerin oluşmasında önleyici olarak destekler."
20,positive,Zahter nedir ve ne amaçla kullanılır?,5,0.44201743602752686,0.5579825639724731,doc_0438_parent_002_child_001,doc_0438_parent_002,doc_0438,Zahter Nedir? Zahter Faydaları Nelerdir?,https://www.memorial.com.tr/saglik-rehberi/zahterin-faydalari-nelerdir,"Bitkinin baharatı ve zenginleştirilmiş özütü sıklıkla kullanırken günlük kullanım dozu aşıldığında bazı yan etkiler oluşturabilir. Güçlü bir baharat özelliği göstermesi nedeniyle günlük tüketimlerine dikkat edilmesi önerilir. Kişiden kişiye değişebilecek bazı negatif etkiler aşağıdaki gibi olabilir: - Guatr hastaları kullanımında doktora danışması tavsiye edilir. - Hamile ve emziren annelere kullanımı tavsiye edilmemektedir. - Alerjik etkilere, ciddi kronik hastalıklara ve düzenli ilaç kullanımına sahip kişiler doktoruna danışılması tavsiye edilir. - Aşırı tüketildiğinde ateş yükselmesi, ishal ve sindirim problemlerine neden olabilir. Zahter Hakkında Sıkça Sorulan Sorular Zahter nasıl yenir? Aromatik ve tatlandırıcı etkisi ile baharat olarak yemeklerde, kahvaltılarda kurutulmuş formu tüketilebilir. Zahter ne kadar tüketilmeli? Günlük kullanım dozları ortalama olarak 1 tatlı kaşığı ölçekte tercih edilmesi önerilir. Zahter çayını kimler kullanmamalı? Hamile ve emziren anneler, kanser tedavisi gören kişilere kullanımı önerilmez."
20,positive,Zahter nedir ve ne amaçla kullanılır?,6,0.41689741611480713,0.5831025838851929,doc_0437_parent_001_child_001,doc_0437_parent_001,doc_0437,"Kemoterapi Nedir? Nasıl Uygulanır, Kemoterapi Yan Etkileri Nelerdir?",https://www.memorial.com.tr/tedavi-yontemleri/kemoterapi,"Kemoterapi, kanser tedavisinde kötü huylu hücrelerin büyümesini ve bölünmesini önlemek için kanserli hücreleri öldürmek amacıyla kimyasallar içeren sitotoksik ilacın uygulandığı kanser tedavi yöntemidir. Kemoterapi, kanser hücrelerini etkileyen kanser ilaçlarının kullanıldığıe modern tıpta kullanılan bir tedavi yöntemidir. Kanserin türüne göre kemoterapinin amaçları, yan etkileri ve uygulama süresi de farklılaşabilir. Kemoterapi genellikle intravenöz (damar yoluyla) verilir. Etkili bir tedavi yöntemi olarak kabul görür ancak hastaya ve kanserin evresine bağlı olarak ciddi yan etkilere neden olabilir. Kemoterapi Nedir? Kemoterapi, hızlı büyüyen ve özellikle metastaz yapan kanser hücrelerinin ilaçlı bir şekilde öldürülmesini amaçlayan sistematik bir tedavi yöntemidir. Kemoterapide kullanılan ilaçlar kanser hücrelerinin büyümesini ve çoğalmasını önleyerek onları hasara uğratır. Klasik kemoterapiler tek başına kullanıldıkları gibi bazı ilaç kombinasyonları ile uygulandığında daha fazla etki gösterebilir. Bu nedenle kemoterapi kürleri birden fazla ilaç içerebilir. Hastalığın ilerleyişini durdurabilen ve kanserli hücrelere hasar veren kemoterapi uygulaması etkili ve güçlü bir modern tedavi yöntemidir ancak kanserin evresine ve hastanın bağışıklık sistemine göre birtakım yan etkilere yol açabilir. Bu olası yan etkiler hastaya bağlı olarak değişkenlik gösterir."
20,positive,Zahter nedir ve ne amaçla kullanılır?,7,0.39563220739364624,0.6043677926063538,doc_0053_parent_001_child_002,doc_0053_parent_001,doc_0053,Atel Nedir? Atel Neden Kullanılır ve Ne İşe Yarar?,https://www.memorial.com.tr/saglik-rehberi/atel-nedir,"Düzgün yerleştirildiği durumlarda sert bir atel, yaralanan bölgenin hareketsiz kalmasını ve acısının hafiflemesini sağlar. Bunlarla birlikte yaralanan kişinin ihtiyaç duyduğu atel türü, yaranın durumu ve şiddetine bağlı olarak değişecektir. Atel Neden Kullanılır? Atel Ne İşe Yarar? Atel, kırık, incinme ve burkulmalar gibi farklı yaralanma çeşitlerinin tedavisinde ilgili noktanın daha fazla zarar görmemesi veya ağrıyı hafifletmek amacıyla zarar gören noktayı hareketsiz tutmak için kullanılır. Alçıyla birlikte destekleyici olarak da tercih edilen atel, bazen alçıdan önce kullanılmasıyla birlikte bazen de tek başına tercih edilir. Ayrıca yarım alçı olarak da adlandırılan atel, alçılara göre daha az destek sağlar ancak kullanımı daha hızlı, pratik ve kolaydır. Yaralanan bölgedeki ağrı ve şişliklerin arttığı durumlarda kolayca sıkılıp gevşetilebilir. Atel şunların tedavisinde kullanılır: - Kemik kırıkları - Burkulmalar - Karpal Tünel Sendromu - Çıkık kemikler - Tendon kopmaları Atel Ne Zaman Kullanılır? Özellikle kemik kırıkları yaşandığı zaman alçıyla birlikte atel kullanımı tercih edilir. Bununla birlikte ortopedik cerrahi sonrasında da kullanılan atel, yaralanma sonrası etkilenen bölgenin şişmesi durumlarında da acil ihtiyaç olarak takılır. Şişlik indikten sonra da yaralı bölgeye tam alçı uygulaması yapılır."
20,positive,Zahter nedir ve ne amaçla kullanılır?,8,0.38456225395202637,0.6154377460479736,doc_0437_parent_001_child_002,doc_0437_parent_001,doc_0437,"Kemoterapi Nedir? Nasıl Uygulanır, Kemoterapi Yan Etkileri Nelerdir?",https://www.memorial.com.tr/tedavi-yontemleri/kemoterapi,"Bu olası yan etkiler hastaya bağlı olarak değişkenlik gösterir. Radyoterapi ve birçok farklı tedavi yöntemiyle birlikte uygulanabilen kemoterapi tedavisinde temel amaç kanserli hücrelerin öldürülmesi ve metastazın önlenmesidir. Kemoterapi Neden Uygulanır? Kemoterapi, kanserli hastalıkları tedavi etmek için kimyasal maddelerin kullanıldığı modern tıp yöntemidir. Kemoterapi yönteminde temel amaç, kanserin tipine ve evresine göre hastalığı tedavi etmek, tümörün yayılımını önlemek, büyümesini yavaşlatmak, başladığı organdan vücudun diğer kısımlarına yayılmış kanser hücrelerini öldürmek ve kanserin bazı belirtilerini iyileştirmektir. Bazı durumlarda kemoterapi tek tedavi seçeneği olarak uygulanır. Hastalığın evresine göre kemoterapi diğer tedavilerle (cerrahi ve radyoterapi ) art arda veya eş zamanlı olarak uygulanır. Örneğin ameliyat öncesi tümörü küçültmek amacıyla veya ameliyattan sonra vücutta kalma ihtimali olan kanserli hücrelerin çoğalıp yayılmasını önlemek için kemoterapi yapılabilir. Aynı uygulamalar radyoterapi öncesinde ve sonrasında geçerlidir. Radyoterapi ile aynı anda kemoterapi de uygulanabilir. Kemoterapi tedavisi ile amaçlanan noktalar şunlardır: - Kanseri tedavi etmek - Tümörün yayılmasını (metastaz) önlemek - Hastalığın büyümesini yavaşlatmak - Kanserin bazı belirtilerini hafifletmek Kemoterapi Nasıl Uygulanır?"
20,positive,Zahter nedir ve ne amaçla kullanılır?,9,0.3838539123535156,0.6161460876464844,doc_0438_parent_001_child_005,doc_0438_parent_001,doc_0438,Zahter Nedir? Zahter Faydaları Nelerdir?,https://www.memorial.com.tr/saglik-rehberi/zahterin-faydalari-nelerdir,"Bardağa koyulmadan önce süzgeçten geçirilir, ilk su boşatılır ve bir sonraki su bardağa koyulur. Böylece, bitkide fazla atık maddeler ayrılmış olur. İçeriği toksin atıcı olması sabah saatlerinde aç karnına 1 bardak tüketildiğinde daha yüksek verim alınmasına yardımcı olur. Zahterin Yan Etkisi Var mıdır? Zararları Nelerdir?"
20,positive,Zahter nedir ve ne amaçla kullanılır?,10,0.3775672912597656,0.6224327087402344,doc_0053_parent_001_child_001,doc_0053_parent_001,doc_0053,Atel Nedir? Atel Neden Kullanılır ve Ne İşe Yarar?,https://www.memorial.com.tr/saglik-rehberi/atel-nedir,"Günlük hayatta insanların yaşadığı kaza sonucu oluşan incinmeler ve kırıklar kişileri zor durumda bırakan olayların başında gelir ve hareket alanını büyük oranda kısıtlar. Meydana gelen kırıklar ve incinmiş dokular için en önemli noktalardan biri hareketsiz kalmalarıdır. Kırıkarın hareketsiz kalması için de uygulanan yöntemlerden biri ateldir. Atel işlemi; alçı ve sargı bezi yardımıyla sabitleme ve hareketsiz kalma yöntemidir. - Atel Nedir? - Atel Neden Kullanılır? Atel Ne İşe Yarar? - Atel Ne Zaman Kullanılır? - Atel Uygulaması Nasıl Yapılır? - Atel Bakımı Nasıl Yapılır? Atel Kullanımı Konusunda Dikkat Edilmesi Gerekenler - Atel Komplikasyonları Nelerdir? - Atel Hakkında Sıkça Sorulan Sorular Atel Nedir? Atel, kırık veya yaralanmış ekstremite veya dokuların korunması veya ağrıyı azaltmak için vücudun bir bölümünü sabitlemek suretiyle hareketsiz hale getirmek için kullanılan destekleyici bir ekipmandır. Atel işlemi genellikle kırık bir kemiğin sabitlenmesi ve hareketsiz kalması için tercih edilirken daha şiddetli vakalarda hastanın tedavisi doktor kontrolünde yapılır. Kırılmanın yanı sıra incinme veya burkulma durumlarında da atel kullanılabilir. Düzgün yerleştirildiği durumlarda sert bir atel, yaralanan bölgenin hareketsiz kalmasını ve acısının hafiflemesini sağlar."
21,negative,Toyota Corolla'nın motor hacmi kaç cc?,1,0.33167922496795654,0.6683207750320435,doc_0021_parent_001_child_002,doc_0021_parent_001,doc_0021,CTO (Kronik Total Oklüzyon) tedavisi nasıl yapılır?,https://www.memorial.com.tr/tedavi-yontemleri/cto-kronik-total-okluzyon-tedavisi-nasil-yapilir,"CTO (Kronik Total Oklüzyon) tedavisi hangi hastalıklarda kullanılır? Kalbe giden ana damarlardaki tıkanıklık, ‘ koroner arter ’ hastalığıdır ve bu durumun geliştiği hastalarda; yol yürürken, merdiven çıkarken ve hatta ilerleyen formlarda günlük aktiviteler sırasında göğüs ağrısı, nefes darlığı, erken yorulma ve çarpıntı şeklinde şikayetler görülebilmektedir. Ana damarların tıkanması durumunda kalbe kan akışı, “kollateral” adı verilen doğal ince damarlar ile sağlanmaktadır. Ancak kalbin yeterince beslenemediği bu tablonun uzun süre devam etmesi ve gerekli tedavinin sağlanmaması, geri dönüşü olmayan kalp yetersizlikleri ile sonuçlanabilmektedir. CTO (Kronik Total Oklüzyon) tedavisi nasıl yapılır?/ uygulanır? Tam tıkalı damarların girişimsel yöntemler ile tedavisinde, bazen işlem öncesi bilgisayarlı tomografi ile ön inceleme yapılmaktadır. Daha sonra işleme alınan hastanın; çok kireçli, taşlaşmış ve ağır damar sertliği plakları bulunan damarlarına bu işleme özel üretilen tel, balon ve stentlerle müdahale edilmektedir. Anjiyo benzeri bu girişimsel uygulamayla hasta uyutulmadan ve kasıktan iğne ile girilip kalbe ulaşılarak tıkalı olan damarlar açılmaktadır."
21,negative,Toyota Corolla'nın motor hacmi kaç cc?,2,0.3253483772277832,0.6746516227722168,doc_0021_parent_001_child_003,doc_0021_parent_001,doc_0021,CTO (Kronik Total Oklüzyon) tedavisi nasıl yapılır?,https://www.memorial.com.tr/tedavi-yontemleri/cto-kronik-total-okluzyon-tedavisi-nasil-yapilir,"Anjiyo benzeri bu girişimsel uygulamayla hasta uyutulmadan ve kasıktan iğne ile girilip kalbe ulaşılarak tıkalı olan damarlar açılmaktadır. Kronik total oklüzyon (CTO)” tam tıkalı damarların açılması tedavisinin avantajları nelerdir? CTO damarı açılmış hastaların kalp kasılma gücü artar, göğüs ağrısı ve nefes darlığı başta olmak üzere kardiyak şikayetleri büyük oranda iyileşir, efor kapasitesi düzelir, kalp yetmezliği sorunu önlenir ve açık kalp ameliyatı (CABG) ihtiyacı ortadan kalkar. Hastanın yaşam süresi ve konforu da artmaktadır. CTO (Kronik Total Oklüzyon) tedavisi hakkında sık sorulan sorular ➢ “Kronik total oklüzyon (CTO)” belirtileri nelerdir? Koroner damarlarda gelişen tıkanıklık ani olarak gelişebildiği gibi uzun bir süreç içinde de ortaya çıkabilir. Yıllar içinde kendini gösteren bu durum, hastada hiçbir belirtiye yol açmadan sessizce ilerleyebilir. Damarların ani olarak tıkanmasıyla ortaya çıkan tablo ise kalp krizidir ve acil müdahale gerektirir. ➢ “Kronik total oklüzyon (CTO)” tam tıkalı damarların açılmasında uygulanan tedavi yöntemleri nelerdir?"
21,negative,Toyota Corolla'nın motor hacmi kaç cc?,3,0.32408952713012695,0.675910472869873,doc_0021_parent_001_child_001,doc_0021_parent_001,doc_0021,CTO (Kronik Total Oklüzyon) tedavisi nasıl yapılır?,https://www.memorial.com.tr/tedavi-yontemleri/cto-kronik-total-okluzyon-tedavisi-nasil-yapilir,"Hayati riske neden olan tam tıkalı kalp damarları, ameliyatsız yöntemlerle de açılabiliyor. Hasta için son derece konforlu olan Kronik Total Oklüzyon/ CTO tedavisi ile kısa sürede iyileşme sağlanabiliyor. Memorial Bahçelievler Hastanesi Kardiyoloji Bölümü’nden Prof. Dr. Ömer Göktekin CTO tedavisi ile ilgili bilgi verdi. Kronik Total Oklüzyon/ CTO tedavisi nedir? Koroner damarın en az 3 aylık bir süre içinde tam tıkalı olması ve tıkalı olan damardan hiç kan akışı bulunmaması durumuna “kronik total oklüzyon (CTO)” adı verilmektedir. Bu çok kireçli, sert, taşlaşmış, ağır damar sertliği plaklarına sahip damarlar bu işlem için geliştirilmiş özel sert teller, balonlar ve stentler ile kısa sürede anjiyo benzeri bir işlemle hasta uyutulmadan ve kasıktan bir iğne ile girilerek açılmaktadır. CTO (Kronik Total Oklüzyon) tedavisi hangi hastalıklarda kullanılır? Kalbe giden ana damarlardaki tıkanıklık, ‘ koroner arter ’ hastalığıdır ve bu durumun geliştiği hastalarda; yol yürürken, merdiven çıkarken ve hatta ilerleyen formlarda günlük aktiviteler sırasında göğüs ağrısı, nefes darlığı, erken yorulma ve çarpıntı şeklinde şikayetler görülebilmektedir."
21,negative,Toyota Corolla'nın motor hacmi kaç cc?,4,0.3189336657524109,0.6810663342475891,doc_0301_parent_002_child_004,doc_0301_parent_002,doc_0301,"Kolera Nedir? Kolera Belirtileri Nelerdir, Nasıl Bulaşır?",https://www.memorial.com.tr/hastaliklar/kolera-nedir-nasil-bulasir,"Ağızdan alınan sıvılarla sıvı kaybının yerine konmasına çalışılır. Ciddi sıvı kayıplarında özellikle hasta bulantı ve kusma nedeniyle yeterli sıvı ve gıda alamıyorsa damar yoluyla sıvı verilmesi gerekebilir. Kolera tedavisinde özellikle ciddi seyreden hastalarda sıvı tedavisi yanında hastalığa neden olan mikrobiyal etkene yönelik tedavi yapılır. Gebeler ve ciddi beslenme bozukluğu, HIV infeksiyonu gibi altta yatan hastalığı olan tüm hastalara kolera bakterilerine etkili antibiyotik tedavisi verilir. Antibiyotikler ishal süresini ve çıkarılan dışkı miktarını azaltarak daha hızlı iyileşmeye yardımcı olur. Antibiyotik tedavisine ise doktor tarafından karar verilir. Kolera Hastalığı Hakkında Sık Sorulan Sorular Kolera ne demek? Kolera, vibrio cholera bakterisinin neden olduğu ince bağırsağın bulaşıcı ve genellikle ölümcül bir bakteriyel hastalığıdır. Türkiye’de kolera hastalığı görüldü mü? Ülkemiz ve bölgemiz de geçmişteki kolera salgınlarından etkilendi. 1831, 1855, 1865, 1892, 1915, 1960, 1970, 1994 yıllarında kolera salgınları görülmüştür. Bu salgınların 1831 ve 1835 salgını gibi bazılarında binlerce kişi yaşamını yitirdi. Ülkemizde son kolera salgınları 1970 yılında İstanbul ve 1994 yılında Ankara’da görüldü."
21,negative,Toyota Corolla'nın motor hacmi kaç cc?,5,0.3129429817199707,0.6870570182800293,doc_0301_parent_002_child_002,doc_0301_parent_002,doc_0301,"Kolera Nedir? Kolera Belirtileri Nelerdir, Nasıl Bulaşır?",https://www.memorial.com.tr/hastaliklar/kolera-nedir-nasil-bulasir,"Kolera teşhisinin kesin konulması için hastadan gaita (dışkı) örneği alınarak laboratuvara gönderilir. Hastadan alınan gaita örneği özel bir mikroskop aracılığıyla görüntülenir. Gaita testinde vibrio cholera bakterisinin görülmesi üzerine hastaya kolera teşhisi konularak tedavi planlaması yapılır. Hastalığın erken teşhis edilmesi tedavideki başarı şansını artıran bir faktördür. Kolera Hastalığından Korunma Yöntemleri Kolera hastalığından korunmak için öncelikle el hijyenine dikkat etmek, sağlıklı su ve gıda kullanmak gerekir. Kolera etkeni Vibrio cholerae kirli sularla çok kısa sürede, çok sayıda insana bulaşabilir. Koleradan korunmak için şunlara dikkat etmek gerekmektedir: - Tuvalet sonrasında ve gün içinde gerektikçe eller su ve sabunla yıkanmalı. - Su ve sabun bulunamayan durumlarda en az %60 alkol içeren el temizleyicileri kullanılmalı. - Gıdayla temas, yemek yeme ve yemek hazırlama öncesinde eller mutlaka yıkanmalı. - Kolera varlığında tuvalet, banyo, lavabo gibi kirli yüzeylerin dezenfeksiyonunda çamaşır suyu 10 kat sulandırılarak (1 birim çamaşır suyu 9 birim su) kullanılmalı."
21,negative,Toyota Corolla'nın motor hacmi kaç cc?,6,0.3078315258026123,0.6921684741973877,doc_0301_parent_002_child_001,doc_0301_parent_002,doc_0301,"Kolera Nedir? Kolera Belirtileri Nelerdir, Nasıl Bulaşır?",https://www.memorial.com.tr/hastaliklar/kolera-nedir-nasil-bulasir,Vücutta aşırı sıvı kaybı Dehidrasyon olarak bilinen vücudun aşırı sıvı kaybetmesi genellikle ishal sonrası gelişir. İshal ile birlikte vücut bolca su kaybeder ve normalin üstünden bir sıvı kaybı ile karşı karşıya kalınır. Bu sıvı kaybı aynı zamanda kişide ağız kuruluğu da yaratır. Şok ve nöbetler Vücut sıvılarının hızlı ve kontrolsüz bir şekilde azalması şok etkisi yaratabilir. Nadir de olsa kolera hastalığında şok ve nöbetlerin görüldüğüne rastlanabilir. Bu durum kişinin hayatını tehdit eden bir unsurdur. Kolera Hangi Sorunlara Neden Olabilir? Kolera tedavi edilmediği takdirde hastada günde 10-15 litre sıvı kaybına neden olabilir. Ciddi sıvı kaybı yaşayan hastalar saatler içinde şok ve ölümle karşılaşabilmektedir. Kolera hastalarda şu sağlık problemlerine de neden olabilir: - Tansiyon düşüklüğü (Hipotansiyon) - Kanda düşük potasyum ( Hipokalemi ) - Kalp atım hızında artış - Ağız kuruluğu - Cilt elastikiyetinde azalma Ayrıca tedavi edilmeyen koleranın hastada yarattığı ciddi dehidrasyon şunlara yol açabilir: - Böbrek yetmezliği - Şok - Koma - Ölüm Kolera Nasıl Teşhis Edilir? Kolera belirtisi ile hastaneye başvuran hastaya doktor tarafından fiziki muayene yapılır. Kolera teşhisinin kesin konulması için hastadan gaita (dışkı) örneği alınarak laboratuvara gönderilir.
21,negative,Toyota Corolla'nın motor hacmi kaç cc?,7,0.301858127117157,0.698141872882843,doc_0301_parent_001_child_001,doc_0301_parent_001,doc_0301,"Kolera Nedir? Kolera Belirtileri Nelerdir, Nasıl Bulaşır?",https://www.memorial.com.tr/hastaliklar/kolera-nedir-nasil-bulasir,"Kolera hastalığı, vibrio cholerae adlı toksijenik bir bakterinin neden olduğu bakteriyel ince bağırsak hastalığıdır. Kolera genellikle kirli su ve kişisel hijyenin yetersiz olduğu yerlerde, bakterinin içecek ve yiyeceklere bulaşması ile yayılır. Hızlı bir şekilde yayılan ve ciddi bir hastalık olan kolera, hastalarda şiddetli ishal ve dehidrasyona neden olarak ölüme sebebiyet verebilir. Kolera Hastalığı Nedir? Kolera, vibrio cholerae bakterisiyle kontamine olmuş yiyecek veya suyun tüketilmesiyle oluşan akut bir ishal enfeksiyonudur. Kolera hastalığı ile birlikte şiddetli ishal ve susuzluk meydana gelir. Kolera hastalığına uygun su kaynakları ve kanalizasyonun bulunmadığı az gelişmiş ülkelerde daha sık rastlanır. Modern kanalizasyon ve su arıtma altyapısına sahip, sanayileşmiş ülkelerde kolera hastalığı hemen hemen ortadan kalkmış olsa da Afrika, Güneydoğu Asya ve Haiti gibi daha az gelişmiş ülkelerde hala görülmektedir. Hastalığın önlenmesi temiz su kaynaklarının bulunması büyük önem arz ederken kişinin el hijyenine dikkat etmesi hijyen eksikliği bulunan bölgelerdeki yiyecek ve içeceklere karşı dikkatli olması gerekir. Kolera hastalığında ortaya çıkan yaygın belirtiler ishal ve dehidrasyondur. Dehidrasyon aynı zamanda vücudun susuz kalması anlamına gelir. Nadiren ve özellikle şiddetli vakalarda ise şok ve nöbetler görülebilir. Özellikle sulu ishal ve vücudun susuz kalması çok şiddetli kolera vakalarında ölümle sonuçlanabilir."
21,negative,Toyota Corolla'nın motor hacmi kaç cc?,8,0.30071544647216797,0.699284553527832,doc_0301_parent_001_child_004,doc_0301_parent_001,doc_0301,"Kolera Nedir? Kolera Belirtileri Nelerdir, Nasıl Bulaşır?",https://www.memorial.com.tr/hastaliklar/kolera-nedir-nasil-bulasir,"Kolera hastalığı bazen pirinç suyu gibi tanımlanan, şiddetli, aşırı sulu ishal ve kusma belirtileri ile ortaya çıkar. Bunlara karın veya bacak krampları, ağız kuruluğu, susuzluk, idrarda azalma, şiddetli vakalarda ise şok ve nöbetler eşlik eder. Kolera hastası yaklaşık 10 kişiden 1'i şu belirtileri yaşar: - Bol sulu ishal - Kusma - Karın ve bacaklarda kramp - Vücutta aşırı sıvı kaybı - Şok - Ağız kuruluğu - İdrar çıkışında azalma - Huzursuzluk - Sinirlilik - Kan basıncının düşmesi - Cilt mukozalarında kuruma - Cildin elastikiyetini kaybetmesi - Kalp atışının hızlanması - Gözlerin çukurlaşması Kolera hastalığında ortaya çıkan hafif semptomlar birkaç gün içinde kendiliğinden geçebilir ancak dehidrasyon çok hızlı bir şekilde ölümcül sonuçlara yol açabilir. Bu sebeple erken tedavi kişinin hayatını kurtarabilir. Bol sulu ishal Vibrio cholerae bakterisinin bulunduğu besinlerin tüketimi sonucu bakteri bağırsaklara karışır ve bağırsak sistemine zarar verir. Bu zararla birlikte bol sulu bir şekilde sulu ishal görülebilir."
21,negative,Toyota Corolla'nın motor hacmi kaç cc?,9,0.29881709814071655,0.7011829018592834,doc_0301_parent_002_child_005,doc_0301_parent_002,doc_0301,"Kolera Nedir? Kolera Belirtileri Nelerdir, Nasıl Bulaşır?",https://www.memorial.com.tr/hastaliklar/kolera-nedir-nasil-bulasir,Ülkemizde son kolera salgınları 1970 yılında İstanbul ve 1994 yılında Ankara’da görüldü. Koleranın aşısı var mı? Ağız yoluyla uygulanan zayıflatılmış canlı veya ölü kolera bakterileri içeren aşılar vardır. Kolera aşılarının koruyuculuğu yüksek değildir ve etki süreleri uzun değildir. Bu nedenle seyahate giden herkese rutin olarak uygulanması önerilmez. Kolera aşısı standart koruma ve kontrol önlemlerinin yerini alamaz.
21,negative,Toyota Corolla'nın motor hacmi kaç cc?,10,0.29483288526535034,0.7051671147346497,doc_0301_parent_003_child_002,doc_0301_parent_003,doc_0301,"Kolera Nedir? Kolera Belirtileri Nelerdir, Nasıl Bulaşır?",https://www.memorial.com.tr/hastaliklar/kolera-nedir-nasil-bulasir,"Kolera hangi sistemin hastalığıdır? Kolera Vibrio cholerae bakterisinin etken olduğu infeksiyöz bir sindirim sistemi hastalığıdır. Su kirliliği koleranın dışında hangi hastalıklara neden olur? Kirli sular ishal, kolera, amipli ve basilli dizanteri , tifo , hepatit A , çocuk felci gibi hastalıkların bulaşmasına neden olabilir. Kolera hastalığı ilk ne zaman ortaya çıktı? İlk kolera pandemisi (tüm dünyaya yayılan salgın) Hindistan’da Ganj deltasında Jessore’da bir salgınla başlamıştır. Hastalık ticaret yollarını izleyerek hızla Hindistan’ın çoğuna, Myanmar’a ve Sri Lanka’ya yayılmıştır. Bunun sonrasında son 200 yılda yedi kolera pandemisi görülmüştür. Yedinci kolera pandemisi şu anda devam etmektedir. Afrika, Güneydoğu Asya, Hindistan ve çevresi ve Haiti’de kolera hastalığı varlığını sürdürmektedir. Her yıl dünyada 1.3-4 milyon kolera vakası görüldüğü ve 21 bin ile 143 bin kişinin öldüğü tahmin edilmektedir. Kolera kirli su ilişkisi bağlamı 1854 yılındaki bir vakayla örneklendirilebilir. Tarihler 1854 yılını gösterdiğinde Londra’da kolera salgını sırasında John Snow harita üzerinde kolera vakalarının yerlerini işaretlemiş ve bunun sonucunda salgının kaynağı olduğunu saptadığı tulumba mühürlenmiş ve salgın kontrol altına alınmıştır."
22,negative,Python'da bir liste nasıl sıralanır?,1,0.32580292224884033,0.6741970777511597,doc_0353_parent_002_child_003,doc_0353_parent_002,doc_0353,Kan Grupları Nelerdir? Kan Grupları Neyi İfade Eder?,https://www.memorial.com.tr/saglik-rehberi/kan-gruplari,"Kan gruplarına göre beslenme düzeni şu şekilde belirlenebilir: A kan grubu beslenme düzeni: A kan grubuna sahip kişilerin bitkisel ve tahıl içeren gıdaları tüketmesi önerilir. Bunların içinde sebzeler, meyveler, tam tahıllar, baklagiller ve soya ürünleri gibi bitkisel kaynaklar yer alır. A kan grubu beslenme düzeni: AB grubundaki beslenme ise hem bitkisel hem de hayvansal kaynaklıdır. Protein kaynakları olarak tavuk, hindi, sığır eti, balık, süt ürünleri ve soya ürünleri önemli bir yer tutar. Bunlarla birlikte sebzeler, meyveler, tam tahıllar, baklagiller, sağlıklı yağlar, buğday, mısır ve yulaf ürünleri de tüketilebilir. AB kan grubu beslenme düzeni: B kan grubu diyet listesi karma bir yapıdadır. Listenin içinde et, meyve, süt ürünleri, deniz ürünleri ve tahıl ağırlıklı besinler vardır. B kan grubu beslenme düzeni: 0 kan grubunun beslenme listesi ağırlıklı olarak yüksek proteini içerir. Et, tavuk, balık, sığır eti ve deniz ürünleri bu beslenme planında önemli bir rol oynar. 0 kan grubuna göre beslenme listesi içinde bulunan sebzeler, meyveler, tam tahıllar, baklagiller ve sağlıklı yağlar da diyetin bir parçasıdır."
22,negative,Python'da bir liste nasıl sıralanır?,2,0.2912783622741699,0.7087216377258301,doc_0140_parent_001_child_005,doc_0140_parent_001,doc_0140,Tansiyonu Ne Düşürür? Tansiyon Nasıl Düşürülür?,https://www.memorial.com.tr/saglik-rehberi/tansiyon-nasil-dusurulur-tansiyon-dusurme-yontemleri,"Yeşil yapraklı sebzeler tüketin Yeşil yapraklı sebzeler, kan basıncını yönetmeye ve dengelemeye yardımcı olan nitrat bakımından zengindir. Potasyum açısından zengin gıdalarla beslenin Potasyum kan damarlarının duvarlarını gevşetir, kan basıncını düşürür ve kas kramplarına karşı koruma sağlar. Muz, kavun, portakal, kayısı , avokado ve domates gibi meyveler potasyum açısından zengindir ve tansiyonun düşmesini sağlar."
22,negative,Python'da bir liste nasıl sıralanır?,3,0.2837525010108948,0.7162474989891052,doc_0398_parent_002_child_004,doc_0398_parent_002,doc_0398,Nasıl Kilo Alınır? Sağlıklı Bir Şekilde Kilo Almanın Yolları Nelerdir?,https://www.memorial.com.tr/saglik-rehberi/nasil-kilo-alinir,"Günde en az 3 öğün yemeği tüketin. Protein, vücut dokusunun oluşması için gerekli bir makro besindir ve kilo almak isteyenler için önemlidir. Kilo almak için örnek yemek listesi nasıl olmalıdır? Örnek Liste: (Porsiyonlar kişiye özel olduğundan belirtilmemiştir.) Kahvaltı: - Yumurta, - Peynir, - Domates /salatalık /yeşillikler, - Tam buğday ekmek ya da yulaf, - Açık çay Ara öğün: - Sütlü kahve, - Kuru meyve, - Ceviz Öğle yemeği: - Çorba, - Et – tavuk - balık - Salata, - Pilav – makarna - ekmek Ara öğün: - Tam buğday ekmeği ile hazırlanmış bir sandviç - Ayran Akşam yemeği: - Sebze yemeği - Yoğurt - Salata - Pilav / Makarna / Ekmek"
22,negative,Python'da bir liste nasıl sıralanır?,4,0.2785613536834717,0.7214386463165283,doc_0397_parent_002_child_001,doc_0397_parent_002,doc_0397,Diz Kireçlenmesi Nedir? Kireçlenmeye Ne İyi Gelir?,https://www.memorial.com.tr/hastaliklar/diz-kireclenmesine-ne-iyi-gelir,"Bacağınızı bükmeden kaldırın Diz kireçlenmesine sahip olan kişiler dizlerini bükmeden yatar şekilde uzanır. Ayak parmaklarınızı kendinize doğru çektikten sonra diz kırılmadan kalça hizasında havaya kaldırılır. 5 saniye sonra dinlendirilir. Bu egzersiz 10 kez tekrar edilebilir. Dizinizi 90 derece büküp gevşetin Koltukta, ayağınız 90 derece açıyla olacak şekilde oturun. Dizinizi havaya kaldırıp dümdüz yapın, 5 saniye sonra da bırakın. Bu egzersizi 10 kere tekrarlayabilirsiniz. Dizlerinizin arasında havlu sıkıştırın Dizlerinizin arasında rulo yaptığınız bir havluyu koyun, koltukta oturun. Bu havluyu 5 saniye sıkıştırıp 5 saniye bırakın. Bu egzersizi de 10 defa tekrarlayabilirsiniz. Kalçanızı açıp kapatın Koltukta yan bir şekilde uzanın. Üst tarafta yer alan bacağı kalça hizasında havaya kaldırın. 5 saniye tuttuktan sonra bırakın. 10 tekrar olarak bu egzersizi uygulayabilirsiniz. Diz Kireçlenmesi ile İlgili Sık Sorulan Sorular Diz kireçlenmesi düzelir mi? Diz kireçlenmesi egzersizlerle ve tedavi yöntemleriyle semptomları azaltılabilir. Bunun yanında şişlik ve ağrı da giderilebilir fakat tamamen düzelmeyebilmektedir. Yürüyüş yapmak kireçlenmeye iyi gelir mi? Hareketsiz kalmak ve egzersiz yapmamak diz kireçlenmesine neden olabilir."
22,negative,Python'da bir liste nasıl sıralanır?,5,0.2776385545730591,0.7223614454269409,doc_0175_parent_001_child_002,doc_0175_parent_001,doc_0175,Fazla Kilolar ve Hareketsizlik Diyabet Nedeni,https://www.memorial.com.tr/saglik-rehberi/fazla-kilolar-ve-hareketsizlik-diyabet-nedeni,"Haftada en az 3 gün 45 dakika tempolu yürüyüş, yürüme mesafesindeki yerlere giderken araç kullanmamak, yürüyerek gitmek, mümkün olduğunca asansör kullanmamak, bilinçsiz diyet yapmamak, şekerli -yağlı gıdaları diyetimizde sınırlı olarak bulundurmak ilk akla gelen önerilerdir. Sizin Diyabet Tipiniz Hangisi? Tip 1 Diabet: “Gençlik çağı diyabeti” de denilir. Genellikle 5-15 yaşları arasında ve ani başlangıçlıdır. Bilinmeyen bir nedenle pankreasın insülin üreten hücrelerinin hasar görmesi sonucu ortaya çıkan tiptir. Bu nedenle tedavide mutlaka insülin kullanmaları gerekir. Tip 2 Diabet: Pankreas, insülin üretir; ancak ya üretilen miktar azdır ya da insülin yeterince etkisini gösteremez. Çoğunlukla başlangıçta diyet, egzersiz ve ağızdan ilaçlarla tedavi edilir. Ancak belirli bir süre sonra insülin tedavisine ihtiyaç duyulabilir. Gebelik Diyabeti: Hormonal değişikliklere bağlı olarak daha çok gebeliğin ikinci yarısında ortaya çıkar. 24-28. haftalar arasında her gebeye yapılan tarama testinde gebelik diyabeti gelişip gelişmediği anlaşılır. Gebelik diyabetinin tedavisinde ağızdan ilaçlar kullanılamaz. Diyet ve gerekiyorsa insülin tedavisi uygulanır. Genelllikle gebelikten sonra düzelir; ancak bu kişilerde ileride diyabet geliştirme olasılığı çok daha fazladır."
22,negative,Python'da bir liste nasıl sıralanır?,6,0.2760004997253418,0.7239995002746582,doc_0324_parent_001_child_001,doc_0324_parent_001,doc_0324,Pestisit Nedir? Zararları Nelerdir?,https://www.memorial.com.tr/saglik-rehberi/pestisit-nedir-zararlari-nelerdir,"Pestisit, tarımda ekinlere ve bitkilere zarar verme potansiyeli bulunan haşereleri, istenmeyen yabani otları, böcekleri yok etmek ve kontrol altında tutmak için kullanılan kimyasal bir maddedir. Kimyasal yapılarına ve işlevlerine göre sınıflara ayrılan pestisit, böcek öldürücü (insektisit), ot öldürücü (herbisit), mantar öldürücü (fungusit) gibi çeşitleri bulunmaktadır. Pestisitler gıdalarda kalıntı bırakabilir. Pestisit, meyve-sebze gibi gıdaların iyi yıkanmayıp yenmesi sonucunda sağlık açısından ciddi zararlara neden olabilir. - Pestisit Türleri Nelerdir? - Pestisit Etkileri Zararları nelerdir? - Pestisitten korunmak için neler yapmalıyız? - Günümüzde yaygın olarak kullanılan pestisitler nelerdir? Pestisit Türleri Nelerdir? Pestisitler, insanları ve çevreyi olumsuz etkilemeden zararlıları yok etmeyi amaçlamaktadır. Kullanıldıkları alana göre pestisit çeşitleri şu şekilde sıralanabilir: İnsektisit: Böcek ve haşerelere karşı kullanılmaktadır. İnsektisit: Herbisitler: İstenmeye nabani ot ve bitkilerde tercih edilmektedir. Herbisitler: Rodentisit: Kemirgenler (sıçanlar ve fareler) karşı bu çeşidi görev almaktadır. Rodentisit: Bakterisit: Bakterilere karşı kullanılmaktadır."
22,negative,Python'da bir liste nasıl sıralanır?,7,0.2734014391899109,0.7265985608100891,doc_0140_parent_001_child_003,doc_0140_parent_001,doc_0140,Tansiyonu Ne Düşürür? Tansiyon Nasıl Düşürülür?,https://www.memorial.com.tr/saglik-rehberi/tansiyon-nasil-dusurulur-tansiyon-dusurme-yontemleri,"Tansiyonu düşüren yöntemler şu şekildedir: - Tansiyon yükseldiğinde başınızı soğuk suyla yıkamak - Yoğurt yemek ya da ayran içmek - Limonlu su yudumlamak - Sarımsak tüketmek - Kuşburnu çayı ve kekik suyu kaynatıp içmek - Muz ve turunçgillerden portakal, greyfurt yemek - Kudret narı , kereviz suyu ve susam yağı tüketmek - Yeşil yapraklı sebzeler yemek - Tuz tüketimini azaltmak - Tam tahıllı gıdalarla tansiyonu düşürmeye çalışın - Potasyum açısından zengin gıdalarla beslenin - İşlenmiş gıdalardan uzak durun - Sigara ve alkolü bırakın - Düzenli bir şekilde egzersiz yapın - Uyku düzeninize dikkat edin - Stresten uzak durmaya çalışın - Kafein tüketimini sınırlandırın - Düzenli tansiyon takibi yapın Başınızı soğuk suyla yıkayın Soğuk su, vücuttaki sinirleri uyararak kan basıncını düşürür ve tansiyonun düşmesini sağlar. Limonlu su ve ayran için Limon suyunda bulunan potasyum aynı zamanda tuzun kan basıncı üzerindeki etkisini azaltmaya yardımcı olarak tansiyonu düşürmeye yardım eder. Bununla birlikte ayrandaki potasyum da kan basıncını düşürme konusunda etkilidir."
22,negative,Python'da bir liste nasıl sıralanır?,8,0.27007269859313965,0.7299273014068604,doc_0464_parent_003_child_003,doc_0464_parent_003,doc_0464,"Vertigo Nedir? Vertigo Belirtileri, Nedenleri ve Tedavisi",https://www.memorial.com.tr/saglik-rehberi/vertigo-nedir-vertigo-belirtileri-nelerdir-1,"Vertigo tedavi planı burada nedene yönelik olarak uygulanır. En sık görülen pozisyonel vertigo(Benign) kristal oynamasının olduğu vertigo tipi düzeltme manevralarıyla tedavi edilebilmektedir. Bening pozisyonel vertigoda uygulanan manevralar bulunmaktadır. Epley, Semont, Barbekü gibi isimlerle anılan manevralarla düzeltilebilmektedir. Manevralardan önce hastalara ilaç verilmemesi gerekmektedir. Düzeltme manevraları seanslar şeklinde olmaktadır. Tekrarlama süresi hastaya göre değişmektedir. Baş dönmeleri çok şiddetliyse ve kulakta birkaç kanalda birden kristal oynaması olmuşsa aynı zamanda ilaç tedavisi de yapılmaktadır. Diğer sebeplerle olan vertigolarda ise ilaç tedavileri, kulak içine enjeksiyon tedavileri,denge rehabilitasyon tedavileri çok nadiren de olsa cerrahi tedavileri yapılmaktadır. Vertigosu Olanlar Nelere Dikkat Etmelidir? Vertigo olan bireyler, hayat kalitesini korumak için aşağıda belirtilen noktalara dikkat etmelidir. Uyku Düzeni Düzenli ve yeterli uyku, vücudun kendini yenilemesi ve birçok hastalığa karşı direnç geliştirmesi için kritik öneme sahiptir. Yetersiz veya düzensiz uyku, genel yorgunluğa ve stresin artmasına yol açarak vertigo ataklarını tetikleyebilir. Her bireyin kendine uygun bir uyku düzeni oluşturması ve bu düzene sadık kalması, vertigo yönetimi için faydalıdır. Genellikle yetişkinler için 7-9 saatlik kaliteli uyku önerilir."
22,negative,Python'da bir liste nasıl sıralanır?,9,0.2690148949623108,0.7309851050376892,doc_0152_parent_001_child_003,doc_0152_parent_001,doc_0152,Kendinizi Mutlu Hissetmenizi Sağlayacak 8 Yiyecek,https://www.memorial.com.tr/saglik-rehberi/kendinizi-mutlu-hissetmenizi-saglayacak-8-yiyecek,"Ara öğün olarak günde 1 tane tüketilebilir. MUZ: - CEVİZ: Fındık, çiğ badem, fıstık gibi kuruyemişler de seratonin açısından zengin olsalar da ceviz bu konudaki en etkin kuruyemiştir. Günde 2-3 ceviz tüketmek kişinin steresinin azalmasına ve kendini daha mutlu hissetmesine yardımcı olabilir. CEVİZ: - AY ÇEKİRDEĞİ: Hem çiğneme refleksini harekete geçirmesi hem de yüksek serotonin oranıyla stresi azaltan önemli bir yiyecektir. AY ÇEKİRDEĞİ: - KURU İNCİR: Serotonin içeren kuru meyvelerin başında kuru incir gelmektedir. Ara öğünler tercih edilen kuru incir kan şekerini düzenleyerek kaygı seviyesini azaltır. KURU İNCİR: - BEZELYE: Ana öğünlerden birinde bezelye tüketmek kişinin kendini daha iyi hissetmesini yardımcı olmaktadır. Bezelye serotonin seviyesini yükseltmek için önemli bir kaynaktır. BEZELYE: - PEYNİR: Kahvaltıda peynir tüketerek güne serotonin içeren bir öğünle başlamak ve gün boyu daha enerjik ve mutlu olmaya fayda sağlar. Miktarı kilo artışına neden olabilecek kadar çok olmamalıdır. PEYNİR: - TAHIL SALATALARI: Nohut, buğday, fasulye, kinoa gibi tahıl içeren salataların öğünlerin birinde tüketilmesi stresle baş etmede kolaylık sağlayabilmektedir. TAHIL SALATALARI:"
22,negative,Python'da bir liste nasıl sıralanır?,10,0.2688971757888794,0.7311028242111206,doc_0176_parent_001_child_001,doc_0176_parent_001,doc_0176,Çocuğunuzun Sağlıklı Beslenmesi İçin 7 Öneri,https://www.memorial.com.tr/saglik-rehberi/cocugunuzun-saglikli-beslenmesi-icin-7-oneri,"Sağlıklı ve dengeli beslenmenin temeli çocuklukta atılıyor, büyüme ve gelişim çağında olan çocuklar için çok yönlü beslenme büyük önem taşıyor. Çocuğum yemek yemiyor diyerek panikleyen, yiyince ödüllendiren, yemesi için televizyon karşısına oturtan anne babalar çocukların sağlıklı beslenme alışkanlığı edinmesine engel oluyor. Memorial Ankara Hastanesi Beslenme ve Diyetetik Bölümü Uzmanları çocuklarda sağlıklı beslenme ile ilgili önemli bilgiler verdi. - Çocuğunuza besin piramidini çizerek anlatabilirsiniz - Kahvaltı etsin diye patates kızartmayın - Hazır meyve suyu tercih etmeyin, meyveyi kendiniz sıkın - Çocuğunuz için değerli olan öğünleri poğaça ve kekle geçiştirmeyin - Bir öğün et ise diğeri sebze olmalı - Çocuğunuzun süt ve ayranına farklı lezzetler katabilirsiniz - Tahıl ve tahıl ürünlerini kararında tüketin - Çocuğunuza besin piramidini çizerek anlatabilirsiniz Süt ürünleri (süt, ayran), et ürünleri (balık, tavuk, et), sebze ve meyveler, tahıl grupları (ekmek, makarna, kuru fasulye) ve yağ grubu (zeytinyağı, zeytin, ceviz) besin piramidini oluşturur. Sağlıklı beslenmek için her gün bu besin piramidindeki gruplardan yeterli miktarda tüketilmelidir. Çocuğum aç kalmasın diyerek sadece onun sevdiği besin grubuna ağırlık vermek beraberinde yetersiz ve dengesiz beslenmeyi getirir."
23,negative,İstanbul'dan Ankara'ya hızlı tren kaç saat sürer?,1,0.37155425548553467,0.6284457445144653,doc_0375_parent_001_child_004,doc_0375_parent_001,doc_0375,İç Kanama Nedir? İç Kanama Belirtileri Nelerdir?,https://www.memorial.com.tr/saglik-rehberi/ic-kanama-belirtileri,"Travma türleri de şu şekilde açıklanabilir: Penetran travma: Mermi, bıçak, kırık cam ya da kesici alet gibi cisimlerin vücuda girmesinden kaynaklana travma türüdür. Penetran travma: Künt travma: Trafik kazası, darbe, saldırı ya da spor sırasında ortaya çıkan ilk etapte belirgin semptomları bulunan travma türüdür. Daha çok yaşlılarda düşme sonrasında bu tür travma rastlanabilir. Künt travma: Yavaşlama yaralanmaları: Özellikle araba kazalarında hızlı giden aracın aniden durmasından kaynaklanır. Ani duruş olduğunda organlarda ve damarlarda yırtılma meydana gelerek iç kanamaya sebep olur. Yavaşlama yaralanmaları: Kırıklar: Kırık sonucunda kemik parçaları kan damarlarını yırtarak iç kanamaya sebebiyet verebilir. Kırıklar: Anevrizma kan damarındaki çıkıntı olarak bilinir ve damarın yırtılmasına sebebiyet verebilir. Anevrizma yırtılması durumu yoğun hareket ve aktivite kaynaklı olabilmektedir. Bunun yanında uyku esnasında ya da dinlenme sırasında da görülebilir. Anevrizma beyinde, göğüste ya da karın bölgesinde bir damarda meydana gelebilir. Kanama Bozuklukları Vücutta kesik ya da yaralanma olduğunda kanamanın durması için protein üretimi olur."
23,negative,İstanbul'dan Ankara'ya hızlı tren kaç saat sürer?,2,0.34699738025665283,0.6530026197433472,doc_0192_parent_002_child_001,doc_0192_parent_002,doc_0192,Antibiyotik Nedir? Antibiyotik Ne İşe Yarar?,https://www.memorial.com.tr/saglik-rehberi/antibiyotikler-doktor-kontrolunde-kullanilmali,"- Kalp atışında hızlanma Antibiyotik Hakkında Sık Sorulan Sorular Antibiyotik ne demek? Antibiyotik, sadece bakterilerin neden olduğu belirli enfeksiyonları tedavi eden, bakterileri öldüren veya büyümelerini yavaşlatan bir dizi güçlü antimikrobiyal ilaç grubudur. Antibiyotik ilaçlar bakterilerin neden olduğu enfeksiyonlarla savaşmak için kullanılan ilaçlardır. Antibiyotik ishal yapar mı? Antibiyotiğin yan etkilerinden biri de ishaldir. Bu süreçte ishale rastlanırsa doktorla iletişime geçilmeli ve gerekirse antibiyotik kullanımı bırakılmalıdır. Antibiyotik tam 12 saatte bir alınmazsa ne olur? Antibiyotik, enfeksiyona bağlı olarak hem 12 saatte bir hem de 24 saatte bir olacak şekilde kullanılır. Bunun kararını doktor verir ve iki şekilde de tüketimi söz konusudur. 12 saatte bir alınmayan antibiyotiğin sonuçları konusunda net cevap verilemez. Antibiyotik aç karnına içilir mi? Bazı antibiyotikler aç karnına içilirken bazı antibiyotikler için ise doğru kullanım tok karnınadır. Ancak antibiyotikler genellikle tok karnına içilen ilaçlardır ve aç karna içildiği takdirde mide rahatsızlıklarına yol açabilir."
23,negative,İstanbul'dan Ankara'ya hızlı tren kaç saat sürer?,3,0.34699738025665283,0.6530026197433472,doc_0315_parent_002_child_001,doc_0315_parent_002,doc_0315,Antibiyotik Nedir? Antibiyotik Ne İşe Yarar?,https://www.memorial.com.tr/saglik-rehberi/antibiyotik-nedir,"- Kalp atışında hızlanma Antibiyotik Hakkında Sık Sorulan Sorular Antibiyotik ne demek? Antibiyotik, sadece bakterilerin neden olduğu belirli enfeksiyonları tedavi eden, bakterileri öldüren veya büyümelerini yavaşlatan bir dizi güçlü antimikrobiyal ilaç grubudur. Antibiyotik ilaçlar bakterilerin neden olduğu enfeksiyonlarla savaşmak için kullanılan ilaçlardır. Antibiyotik ishal yapar mı? Antibiyotiğin yan etkilerinden biri de ishaldir. Bu süreçte ishale rastlanırsa doktorla iletişime geçilmeli ve gerekirse antibiyotik kullanımı bırakılmalıdır. Antibiyotik tam 12 saatte bir alınmazsa ne olur? Antibiyotik, enfeksiyona bağlı olarak hem 12 saatte bir hem de 24 saatte bir olacak şekilde kullanılır. Bunun kararını doktor verir ve iki şekilde de tüketimi söz konusudur. 12 saatte bir alınmayan antibiyotiğin sonuçları konusunda net cevap verilemez. Antibiyotik aç karnına içilir mi? Bazı antibiyotikler aç karnına içilirken bazı antibiyotikler için ise doğru kullanım tok karnınadır. Ancak antibiyotikler genellikle tok karnına içilen ilaçlardır ve aç karna içildiği takdirde mide rahatsızlıklarına yol açabilir."
23,negative,İstanbul'dan Ankara'ya hızlı tren kaç saat sürer?,4,0.3400841951370239,0.6599158048629761,doc_0499_parent_001_child_004,doc_0499_parent_001,doc_0499,Çocuklarda Demir Eksikliği Kalp Yetmezliğine Yol Açabilir,https://www.memorial.com.tr/saglik-rehberi/cocuklarda-demir-eksikligi-kalp-yetmezligine-yol-acabilir,- Okula giden çocuklarda okul başarısında düşme - Dikkatsizlik - Emeklemeye başlayan bebeklerin artık emeklememesi - Normalden daha uzun süre uyuma gibi belirtiler demir eksikliğinin göstergesi olabilir. Akdeniz anemisi taşıyıcılığı ile karıştırılıyor Ülkemizde görülen bir başka kansızlık tipi ise; talasemi taşıyıcılığı yani Akdeniz anemisi taşıyıcılığıdır. Bu rahatsızlık demir eksikliği anemisi ile karışabilmektedir. Ülkemizde taşıyıcılık sıklığı; yüzde 2.1 civarındadır. Ancak bu Antalya gibi Akdeniz Bölgesi şehirlerinde yüzde 13’lere kadar çıkabilmektedir. Ailede Akdeniz anemisi taşıyıcılığı varsa ya da demir tedavisi ile düzelmeyen bir kansızlık durumunda Akdeniz anemisi taşıyıcılığı akla gelmelidir. Tanısı tam kan sayımı ve hemoglobin elektroforezi ile konulmaktadır.
23,negative,İstanbul'dan Ankara'ya hızlı tren kaç saat sürer?,5,0.32686305046081543,0.6731369495391846,doc_0380_parent_001_child_001,doc_0380_parent_001,doc_0380,2 Yaş Altı Bebeklerde Süt Alerjisine Dikkat!,https://www.memorial.com.tr/saglik-rehberi/2-yas-alti-bebeklerde-sut-alerjisine-dikkat,"- İshal, pişik ve egzama da görülebiliyor - Tetkik sonuçları detaylı incelenmeli - Anneye diyet önerilebilir Bebeklerde yüz bölgesinde, dudakta ve vücutta kızarıklık, ciltte kuruluk, kaşıntı ve kusma gibi belirtilere neden olan inek sütü alerjisi, kalp ve solunum problemlerine yol açarak hayatı tehdit edebilecek kadar ciddi boyutlara ulaşabiliyor. Son yıllarda pek çok bebekte ortaya çıkan bu alerji türü konusunda anne babaların bilinçli olması ve rahatsızlık için doğru tanı konulması büyük önem taşıyor. Memorial Dicle Hastanesi Çocuk Sağlığı ve Hastalıkları Bölümü’nden Doç. Dr. Mustafa Taşkesen, çocuklarda görülen inek sütü alerjisi hakkında bilgi verdi. İshal, pişik ve egzama da görülebiliyor İnek sütü alerjisinin neden ortaya çıktığı tam olarak bilinmemekle birlikte, bebeğin inek sütü proteini tüketmemesinin, hastalığı önlediği belirtilmektedir. İnek sütü alerjisi olan bebeklerin beslenmesinde inek sütünde bulunan proteinlerin parçalanarak küçültülmesinden, amino asit haline getirilmesine kadar birçok neden bulunmaktadır. İnek sütü alerjisi daha sütle beslenen 2 yaş altı çocuklarda sık görülmektedir. Dolayısıyla bu yaş aralığındaki çocuklarda görülebilecek belirtiler daha dikkatli incelenmelidir."
23,negative,İstanbul'dan Ankara'ya hızlı tren kaç saat sürer?,6,0.32380396127700806,0.6761960387229919,doc_0094_parent_001_child_001,doc_0094_parent_001,doc_0094,Diyete Başlamadan Önce Metabolizmanızın Gerçek Hızını Ölçtürün,https://www.memorial.com.tr/saglik-rehberi/diyete-baslamadan-once-metabolizmanizin-gercek-hizini-olcturun,"Ataşehir Memorial Tıp Merkezi Beslenme ve Diyet Bölümü Uzmanları,“Metabolizma hızının kilo yönetimi üzerindeki etkisi” hakkında bilgi verdi. - Metabolizma hızı ne demektir? - Metabolizma hızı ölçümü nasıl yapılır? - Metabolizma Hızı Yavaş Olan Ve Yediklerine Dikkat Etmeyen Birçok Kişide Kilo Problemi Kaçınılmazdır Metabolizma hızı ne demektir? Bazal metabolizma hızı (BMH) , fiziksel olarak tamamen dinlenir durumdayken vücudun harcadığı enerji miktarıdır. Bir başka deyişle 24 saat içinde hiç hareket etmeden dinlenir vaziyette hayati fonksiyonların devamı için harcanan enerjidir. Bu değere günlük yaşamsal aktiviteler ( ev işleri, yemek yeme, yürüyüşler ) eklenerek günlük enerji ihtiyacı hesaplanır. Bazal metabolizma hızının bilinmesi, kalori ihtiyacını belirlemek ve kilo kontrolünü sağlamak için çok önemlidir. Metabolizma hızı kişiden kişiye değişir ve pek çok faktörün etkisine açıktır. Yaşam boyu sağlıklı kilo verimi, kilo kazanımı ve kilo koruma için metabolizma hızının bilinmesi gerekmektedir. “Su içsem yarıyor, benim metabolizmam yavaş” cümlesi oldukça sık dile getirilir fakat öncesinde metabolizmayı etkileyebilecek faktörleri kişinin kendisinde değerlendirmesi gerekmektedir. Bunlar; yaş, cinsiyet, hormonal durumlar, menopoz, kişinin egzersiz seviyesi ve kalıtımsal özellikleridir."
23,negative,İstanbul'dan Ankara'ya hızlı tren kaç saat sürer?,7,0.31875038146972656,0.6812496185302734,doc_0165_parent_001_child_004,doc_0165_parent_001,doc_0165,Beta Mikrobu Çocuklar Arasında Kolayca Yayılabiliyor,https://www.memorial.com.tr/saglik-rehberi/beta-mikrobu-cocuklar-arasinda-kolayca-yayilabiliyor,"Ateş, boğaz ağrısı gibi belirtilerin başlamasının ardından genellikle 1-2 gün içerisinde döküntüler başlar. Döküntüler çoğunlukla boyundan başlar, gövde, kol ve bacaklara yayılır. Çocuğun yanaklarında kılcal damarlarda kan toplanmasına bağlı kızarıklık ve ağız çevresinde solukluk da tipiktir. Hastalığın ilk günlerinde beyaz çilek dili ve birkaç gün sonra da kırmızı çilek dili oluşabilir. İlerlemiş vakalarda deride, ellerde ve ayaklarda pullanma ile ardından soyulma görülebilir. Kızıl hastalığında bulaştırıcılık antibiyotiğe başlandıktan 24 saat sonra sona eriyor Kızıl hastalığına karşı bir aşı bulunmamaktadır. Tedavi semptomlara bağlıdır. A Grubu Beta Hemolitik Streptokok bakterisinin neden olduğu kızıl hastalığında tedavi penisilin grubu antibiyotiklerle yapılmaktadır. İlacın başlanması ile kısa sürede ateş normale döner. Bulaştırıcılık ise antibiyotiğe başlandıktan 24 saat sonra sona ermektedir. Bu sebeple antibiyotik tedavisine başlandıktan sonra 1 boyunca evde kalınması önerilmektedir."
23,negative,İstanbul'dan Ankara'ya hızlı tren kaç saat sürer?,8,0.317308247089386,0.682691752910614,doc_0204_parent_002_child_002,doc_0204_parent_002,doc_0204,Kist Nedir? Kist Belirtileri Nelerdir?,https://www.memorial.com.tr/saglik-rehberi/kist-nedir-kist-belirtileri-nelerdir,"Meme bölgesinde yaygın olarak görülen diğer bir kist türü ise anekoik kist çeşididir. Ultrasonografi çekiminde siyah şeklinde kendini gösterir ve vücudun başka bölgelerinde de ortaya çıkabilmektedir. Anekoik kist nedir? Anekoik kistler, ultrason ile saptanabilen, yumurtalıkların biri veya her ikisinin üzerinde ya da içinde oluşan sıvı veya yarı katı maddeyle dolu keselerdir. Böbrekte kist Sıvı dolu keseler şeklinde oluşan böbrek kistleri , herhangi bir belirti vermeden oluşabilir. Mesanenin alt kısmında meydana gelen bu kist türü, basit kistler olarak da bilinir. Fakat böbrek kistinin yanında kistte zarında kalınlaşma, kanlanma ya da düzensizlik görülüyorsa araştırılması gerekebilir. Araknoid kist (Beyin kisti) nedir? Beyin kisti olan araknoid kist , tümöre, enfeksiyona ya da travmaya bağlı olarak gelişebilen, beyin ve omuriliği kaplayan üç zardan biri olan araknoid zar arasında yer alan omurilik sıvısı ile dolu keselerdir. Bulantı, kusma, nöbet, baş dönmesi ya da yürüme bozukluğu şeklinde belirtilerle ortaya çıkar. Beyin ve omurilik arasında yer alan sıvı dolu içeren bu kistler bulundukları bölgeye göre tedavi edilebilir."
23,negative,İstanbul'dan Ankara'ya hızlı tren kaç saat sürer?,9,0.31490838527679443,0.6850916147232056,doc_0065_parent_002_child_004,doc_0065_parent_002,doc_0065,Hamilelik Belirtileri Nelerdir? Gebelikte İlk Belirtiler,https://www.memorial.com.tr/saglik-rehberi/gebelere-yaz-tatili-onerileri,"Her trimesterde bebek belirli gelişimsel dönüm noktalarına ulaşır. İlk üç aylık dönem: 1-12 hafta, ikinci üç aylık dönem: 13-28 hafta ve üçüncü üç aylık dönem: 29–40 haftalara denk gelir. 1. Trimester (İlk 12 Hafta) 1. Trimester (İlk 12 Hafta) Spermin yumurtaya girmesiyle başlayan hamileliğin 1. trimesterinde zigot yani döllenmiş yumurta anne adayının fallop tüpünden geçerek rahme gider ve burada kendisini rahim duvarına yerleştirir. Zigot, daha sonra fetüsü ve plasentayı oluşturacak bir hücre kümesinden oluşur. Plasenta anneyi fetüse bağlar ve fetüse besin ve oksijen sağlar. İlk 12 hafta içerisinde bebeğin önemli organları gelişmeye başlamış olur ve bu da anne adayında bazı değişikliklerin yaşanmasına neden olur. Bunlar: - Adet gecikmesi - Yorgunluk - Göğüslerde hassasiyet ve şişkinlik - Duygu durumda değişiklik - Aşerme - Baş ağrısı - Daha sık idrara çıkma - Sabah bulantıları ve kusma - Hazımsızlık - Kabızlık - Kilo artışı 2. Trimester (13-28. Hafta) 2. Trimester (13-28. Hafta) 2. trimesterde fetüs daha da gelişmiştir."
23,negative,İstanbul'dan Ankara'ya hızlı tren kaç saat sürer?,10,0.3118255138397217,0.6881744861602783,doc_0500_parent_001_child_001,doc_0500_parent_001,doc_0500,Çocuklarda Akut İshal ve Tedavisi,https://www.memorial.com.tr/saglik-rehberi/cocuklarda-akut-ishal-ve-tedavisi,"Akut ishal, genellikle virüslerin neden olduğu bağırsak enfeksiyonunun bir sonucu olarak ortaya çıkan ve birkaç gün içinde düzelen geçici bir durumdur. Çocuklarda akut ishal oldukça yaygındır ve genellikle hafif veya orta şiddettedir. Başlıca risk vücutta oluşabilecek sıvı eksikliğidir. Dolayısıyla, etkilenen çocuğa yeterli miktarda sıvı vermek tedavinin ana unsurudur. Memorial Şişli Hastanesi Çocuk Sağlığı ve Hastalıkları Bölümü’nden Uz. Dr. Utkucan Uçkun, çocuklarda akut ishal ve tedavisi hakkında bilgi verdi. Çocuklarda akut ishalin nedenleri nelerdir? Bağırsak enfeksiyonu ( gastroenterit ), enfeksiyona bağlı ishalin en sık nedenidir; - Sıklıkla tablodan virüsler sorumludur. Yakın temas veya enfekte kişinin başkaları için yiyecek hazırlamasıyla kolayca kişiden kişiye yayılır. Rotavirüs enfeksiyonu çocuklarda ishalin en yaygın nedenlerindendir ancak rotavirüs aşısının rutin aşılama programına dahil edildiği ülkelerde vakalarda önemli bir azalma gözlenmektedir. Adenovirüs ve norovirüs , ishale neden olan diğer virüs tipleridir. Sıklıkla tablodan virüsler sorumludur. Yakın temas veya enfekte kişinin başkaları için yiyecek hazırlamasıyla kolayca kişiden kişiye yayılır. Rotavirüs enfeksiyonu çocuklarda ishalin en yaygın nedenlerindendir ancak rotavirüs aşısının rutin aşılama programına dahil edildiği ülkelerde vakalarda önemli bir azalma gözlenmektedir."
24,negative,Fransa'nın başkenti neresidir?,1,0.2623615264892578,0.7376384735107422,doc_0144_parent_001_child_002,doc_0144_parent_001,doc_0144,EGFR (GFR) Nedir? EGFR Düşüklüğü ve Yüksekliği Ne Anlama Gelir?,https://www.memorial.com.tr/tani-ve-testler/gfr-nedir-gfr-testi-neden-yapilir,"EGFR Değeri Kaç Olmalı? Sağlıklı kişilerde eGFR referans değer aralığı 90 ya da daha üstü olarak böbrek fonksiyonlarını yansıtır. EGFR yaş, cinsiyet ve vücut kitlesi ile değişebilir, ayrıca gebelik, bazı ilaçlar, beslenme biçimi de GFR’yi etkiler. EGFR gün içi değişken bir ritme sahiptir, öğleden sonraya kıyasla gece yarısı %10 daha düşüktür. Böbrek fonksiyonun bir ölçüsü olan veya böbrek hasarının varlığını belirleyen GFR sayesinde böbrek rahatsızlıklarının tanısı konmakta ve tedavi seçenekleri sunulmaktadır. Tedavi seçenekleri ve süresi ise hastalığın ya da hasarın derecesine göre belirlenir. GFR değerinin aralıları böbrek hasarı ve derecesi hakkında bilgi vermektedir. GFD Tanım GFD ml/dak/1.73 m2 - 1 Normal veya yüksek ³ 90 - 2 Hafif azalmış 60-89 - 3a Hafif-orta azalmış 45-5 - 3b Orta-şiddetli azalmış 30-44 - 4 Şiddetli azalmış 15-29 - 5 Böbrek yetmezliği < 15 EGFR Yüksekliği Nedir? EGFR yüksekliği, glomerüler filtrasyon hızının (GFR) 90 ya da daha üstü bir değerde olmasıdır. Bu değer böbreklerin hızlı bir şekilde kanı temizleyerek filtreleme çalıştığını gösterir. EGFR yüksekliği, böbrek hastalıklarının ve oluşabilecek diğer sağlık sorunlarının habercisidir."
24,negative,Fransa'nın başkenti neresidir?,2,0.2515146732330322,0.7484853267669678,doc_0144_parent_001_child_001,doc_0144_parent_001,doc_0144,EGFR (GFR) Nedir? EGFR Düşüklüğü ve Yüksekliği Ne Anlama Gelir?,https://www.memorial.com.tr/tani-ve-testler/gfr-nedir-gfr-testi-neden-yapilir,"EGFR, böbrek fonksiyonunun ölçütlerinden biri olup, böbrekler tarafından filtre edilen sıvıların böbrek boyunca akış hızını veren tahmini glomerüler filtrasyon hızı. Kandaki kreatin miktarından yararlanılarak, böbrek fonksiyon düzeyi yani böbreklerin ne kadar iyi çalıştığı anlaşılabilir. Böbreklerde fonksiyonel bir bozukluk varsa böbrek hastalığının evresini anlamayı da sağlar. Değerler yaş, vücut ölçüleri ve cinsiyete göre farklılık gösterebilir. EGFR testinin düşük değerde olması durumunda diyaliz veya böbrek nakli gerektiren böbrek yetmezliğini işaret eder. eGFR Nedir? Estimate Glomerular Filtration Rate ifadelrinin kısaltması olan GFR, kreatinin seviyesine göre böbreğin atıkları filtreleme yeteneğinin yani böbreklerin ne kadar iyi çalıştığını kontrol eden kan testidir. Bu test ile böbreklerin bir dakikada ne kadar kan temizlendiği ölçülür. EGFR testi sonucunda elde edilen filtreleme hızı böbreklerin fonksiyon yeterliliğini anlamayı sağlar. GFR (Glomerüler Filtrasyon Hızı) Nedir? eGFR ya da GFR, fazla sıvıyı, elektrolitleri ve atıkları kan dolaşımından atan filtreler olan glomerüller tarafından dakikada filtrelenen kan miktarının bir ölçüsüdür. EGFR Değeri Kaç Olmalı? Sağlıklı kişilerde eGFR referans değer aralığı 90 ya da daha üstü olarak böbrek fonksiyonlarını yansıtır."
24,negative,Fransa'nın başkenti neresidir?,3,0.24577218294143677,0.7542278170585632,doc_0417_parent_001_child_002,doc_0417_parent_001,doc_0417,PFAPA Sendromu Nedir? PFAPA Sendromu Tedavisi,https://www.memorial.com.tr/hastaliklar/pfapa-sendromu,"Bu hareketlenme sonrası boğaz ağrısı, yaralar veya iltihaplanlamalar ortaya çıkabilir. Bulaşıcı bir hastalık olmayan PFAPA sendromu genellikle tedavi edilebilen bir hastalık olarak da kabul görür. PFAPA Sendromu Belirtileri Nelerdir? PFAPA sendromunun çocukluk döneminde yaygın bir şekilde görülen temel bulgusu 38 derecenin üstünde seyreden tekrarlayan ani ve yüksek ateş ataklarıdır. Ateş atakları her üç ila altı haftada bir meydana gelirken, ateşin kendisi genellikle yaklaşık üç ila beş gün aralığında sürer. Yüksek ateş ataklarının yanı sıra adenit ismi verilen lenf bezlerinde şişme, boğaz ağrısı (farenjit) ve ağız yaraları da (aftöz ülser) PFAPA sendromu belirtileri arasında gösterilir. Genel olarak PFAPA sendromu belirtileri şunlardır: 38 derecenin üstünde seyreden tekrarlayan yüksek ateş nöbetleri - Tekrarlayan yüksek ateş - Ağız yaraları (Aftöz ülser) - Boğaz ağrısı ( Farenjit ) - Boyundaki lenf bezlerinde şişme ( Adenit ) - Bademciklerde oluşan beyaz lekeler - Baş ağrısı - Eklem ağrıları - Ciltte döküntü - Mide bulantısı ve kusma - İshal PFAPA semptomları genellikle birkaç günden bir haftaya kadar devam eder. Bu bölümler birkaç haftada bir tekrar kendini gösterebilir."
24,negative,Fransa'nın başkenti neresidir?,4,0.24557238817214966,0.7544276118278503,doc_0417_parent_001_child_001,doc_0417_parent_001,doc_0417,PFAPA Sendromu Nedir? PFAPA Sendromu Tedavisi,https://www.memorial.com.tr/hastaliklar/pfapa-sendromu,"Genellikle çocukluk çağı sendromu olan PFAPA sendromu, hem erkek hem de kız çocuklarını etkileyen ve tekrarlayan ateş ataklarına konu olan bir hastalık olarak bilinir. Periyodik ateş, aftöz stomatit, farenjit, adenit’in genel bir başlığı olan PFAPA sendromu, genelde 2-5 yaş arası çocuklarda ateş, boğaz ağrısı ve lenf düğümlerinin şişmesine sebebiyet verir. PFAPA sendromunun tedavi seçenekleri arasında ise kortizon ve kolşisin ilaçlarıyla birlikte tıbbi müdahale olarak da bademcik ameliyatı yapılır. PFAPA Sendromu Nedir? PFAPA sendromu, tekrarlayan ateş ataklarına, ağız yaralarına, boğaz ağrısına ve lenf düğümlerinin şişmesine neden olan çocukluk çağı sendromudur. Otoinflamatuar bir hastalık olan PFAPA’nın bilinen bir tetikleyicisi yoktur. Ailesel Akdeniz ateşi (FMF) ’nin yüksek olduğu bölgeler dışında çocuklarda en sık görülen periyodik ateş sendromudur. PFAPA Sendromu Neden Olur? Yapılan bazı çalışmalar PFAPA sendromunun genetik olabileceği üzerine yoğunlaşırken hastalığın kesin nedeni henüz bilinmemektedir. Özellikle hastalığın yüksek ateş meydana getirdiği dönemde kişinin bağışıklık sistemi harekete geçer. Bu hareketlenme sonrası boğaz ağrısı, yaralar veya iltihaplanlamalar ortaya çıkabilir."
24,negative,Fransa'nın başkenti neresidir?,5,0.2446058988571167,0.7553941011428833,doc_0464_parent_002_child_001,doc_0464_parent_002,doc_0464,"Vertigo Nedir? Vertigo Belirtileri, Nedenleri ve Tedavisi",https://www.memorial.com.tr/saglik-rehberi/vertigo-nedir-vertigo-belirtileri-nelerdir-1,"Akustik nöroma: Bening Paroksismal Pozisyonel Vertigo (BPPV) : Vertigonun en yaygın nedeni Bening Paroksismal Pozisyonel Vertigodur (iyi huylu paroksismal pozisyonel vertigo). Halk arasında kristal oynaması olarak adlandırılır. İç kulaktaki denge merkezinde bulunan kristallerin yarım daire kanallarından düşmesi sonucu oluşmaktadır. Baş hareketleri ile tetiklenen baş dönmesi tipiktir. Bening Paroksismal Pozisyonel Vertigo (BPPV) : Kronik orta kulak enfeksiyonları ve Kolesteatom: kronik orta kulak enfeksiyonları, orta kulakta kanserli olmayan bir cilt büyümesinin oluşmasına neden olan kolesteom iç kulağa etki ederek baş dönmeleri, vertigo ve işitme kayıpları gibi rahatsızlıklara sebep olabilirler. Kronik orta kulak enfeksiyonları ve Kolesteatom: Vertigo Belirtileri Nelerdir? Vertigoda ortaya çıkan baş dönmesi ile kendinin veya etrafındaki alanın döndüğü hissi, denge kaybı, mide bulantısı, yüzün bir anda sararması, terleme ve gözlerin kontrolsüz hareketleri nedeni ile odaklanamama görülür. Bunlarla birlikte vertigo da karşılaşılan belirtiler genel olarak şunlardır: - Baş dönmesi ve denge kaybı - Cildin solgunlaşıp, sararması - Mide bulantısı ve kusma - Terleme - Kulakta basınç ve çınlama"
24,negative,Fransa'nın başkenti neresidir?,6,0.2330683469772339,0.7669316530227661,doc_0280_parent_004_child_002,doc_0280_parent_004,doc_0280,"Hidrosefali Nedir? Hidrosefali Belirtileri, Nedenleri ve Tedavisi",https://www.memorial.com.tr/hastaliklar/hidrosefali-nedir-belirti-ve-tedavi-yontemleri-nelerdir,"Hidrosefalide baş çevresi ölçümü nedir ? Periyodik çocuk doktoru, çocuk nörolojisi doktoru veya beyin cerrahi doktoru kontrollerinde, bebeğin baş çevresinin ölçülmesi sayesinde, kafa çevresinin gereğinden fazla büyümesi durumunda yaşanabilecek sorunlara erken müdahale edilebilmesi sağlanır. Hidrosefalide şant çıkarılması gerekir mi ? Şant enfeksiyonu veya diskonksiyonu denilen şantın herhangi bir nedenle tıkanması, çalışmaması durumunda, şantın çıkarılması ve sonrasında drenaj sistemi veya yeni bir şant ile değiştirilmesi gerekebilir. Hidrosefali demans yapar mı? Erişkin tip hidrosefali olan Normal basıçlı hidrosefalilerde demans gözlenir. Normal basınçlı hidrosefali, demansa sebebiyet veren diğer bazı hastalıklar ile karışabilir. ( Alzheimer , parkinson , vasküler demans gibi) Hidrosefali nöbet yapar mı? Beyin içerisinde, beyin omurilik sıvısının artması ile oluşan hidrosefali, beyin dokusuna bası yaparak epileptik nöbetlere ( havale ) sebep olabilir. Hidrosefali için hangi bölüme gidilmelidir? Çocuklarda; beyin, sinir ve omurilik cerrahi, çocuk ve çocuk nöroloji kliniklerinde, yetişkinlerde ise beyin, sinir ve omurilik cerrahi ve Nöroloji kliniklerinde teşhis ve tedavi işlemş gerçekleştirilir."
24,negative,Fransa'nın başkenti neresidir?,7,0.2256709337234497,0.7743290662765503,doc_0024_parent_001_child_001,doc_0024_parent_001,doc_0024,Boyun Kaynaklı Baş Ağrısında Tedavi Yöntemleri,https://www.memorial.com.tr/saglik-rehberi/boyun-kaynakli-bas-agrisinda-tedavi-yontemleri,"Memorial Hastanesi Ağrı Polikliniği’nden Uzmanları , pek çoğumuzu yakından ilgilendiren boyun kaynaklı baş ağrısı ve tedavi yöntemleriyle ilgili sorularımızı yanıtladı. Boyun kaynaklı baş ağrıları, bulantı ve kusma gibi belirtileri nedeniyle çoğu zaman migrenle karşılaştırılır. Bu rahatsızlık için uygulanan en etkili tedavi, ağrıyı ileten sinirlerin bloke edilmesidir. Boyun kaynaklı baş ağrıları, bulantı ve kusma gibi belirtileri nedeniyle çoğu zaman migrenle karşılaştırılır. Bu rahatsızlık için uygulanan en etkili tedavi, ağrıyı ileten sinirlerin bloke edilmesidir. Boyun kaynaklı baş ağrısı nedir? Sanılanın aksine baş ağrıları her zaman beyinden ya da baştaki diğer yapıların rahatsızlıklarından kaynaklanmaz. Baş ağrısının boyundan da kaynaklanabileceği uzun süre düşünülmüş ve 1983 yılında Uluslararası Baş Ağrısı Derneği tarafından “Boyun kaynaklı baş ağrısı” tanımı yapılmıştır. Bu ağrı tipinde, boyunda yer alan çeşitli yapılardaki bozukluklar baş ağrısına neden olurlar. Nedir bu yapılar? Boyun bölgesindeki kaslar, boyun omurları, omurlar arasında yer alan disk adlı yastıkçıklar, boynun hareketinde önemli rolü olan faset eklemler; kısacası boyunda yer alan tüm yapılar, boyun kaynaklı baş ağrısının kökeninde yer alabiliyor."
24,negative,Fransa'nın başkenti neresidir?,8,0.22385042905807495,0.776149570941925,doc_0464_parent_001_child_004,doc_0464_parent_001,doc_0464,"Vertigo Nedir? Vertigo Belirtileri, Nedenleri ve Tedavisi",https://www.memorial.com.tr/saglik-rehberi/vertigo-nedir-vertigo-belirtileri-nelerdir-1,"Vertigo Neden Olur? Vertigonun nedeni, denge etkisinde rolü olan lç kulakta ya da vestibüler sinirlerde iltihap(labirentit), iç kulaktaki kristallerin normal konumlarından kayması ya da daha nadiren, enfeksiyon, felç, travmatik beyin hasarı, ms hastalığı veya beyin tümörü gibi nörolojik sorunlarda vertigoya neden olabilmektedir. Vertigoya sebep olan baş dönmeleri aşağıdaki nedenlerden kaynaklanıyor olabilir: Labirentit; İç kulaktaki denge sisteminin bulunduğu labirentin denilen yapıların iltihaplanması ya da enfekte olmasına labirentit hastalığı denir. Labirentit hastaları sıklıkla baş ağrısı , kulak ağrısı , görme değişiklikleri, kulak çınlaması veya işitme kaybı gibi sorunlar yaşar. Labirentit; Meniere hastalığı : Kulak içinde bulunan endolenf denilen sıvının basıncındaki, artış baş dönmesine neden olur. Baş dönmesi şiddetlidir ayrıca kulak çınlamaları, dalgalanan işitme kayıpları ve kulaklarda dolgunluk hissi de meiniere hastalığına eşlik edebilir. Meniere hastalığı Vestibüler nörit: Denge siniri dediğimiz vestibüler sinirinin iltihaplanması ile ortaya çıkan baş dönmesidir. Vestibüler nörit, labirentite benzer ancak hastanın işitme duyusunu değiştirmez."
24,negative,Fransa'nın başkenti neresidir?,9,0.22048735618591309,0.7795126438140869,doc_0464_parent_002_child_002,doc_0464_parent_002,doc_0464,"Vertigo Nedir? Vertigo Belirtileri, Nedenleri ve Tedavisi",https://www.memorial.com.tr/saglik-rehberi/vertigo-nedir-vertigo-belirtileri-nelerdir-1,"- Terleme - Kulakta basınç ve çınlama - Gözlerin kontrolsüz şekilde hareket etmesi ve odaklanamaması - İşitme kaybı - Nadiren bilinç kaybı - Baş ağrısı Baş dönmesi ve denge kaybı Temel belirti baş dönmesidir. Kişi, sanki bir atlıkarıncadaymış gibi kendi etrafında dönme hissi yaşar veya etrafındaki her şeyin hızla döndüğünü algılar. Bu sadece hafif bir sersemlik hissi değildir. Genellikle çok daha yoğun, yönelim bozukluğuyla birlikte seyreden rahatsız edici bir histir. Bu dönme hissi, kişinin vücut pozisyonunu doğru algılayamamasına ve dolayısıyla denge kaybına yol açar. Ayakta durmakta, yürümekte zorlanma, hatta düşme riskinde belirgin bir artış gözlenir. Merdiven çıkmak, engebeli zeminde yürümek gibi basit günlük aktiviteler bile büyük bir mücadeleye dönüşebilir. Cildin solgunlaşıp, sararması Vertigo atağı sırasında vücut, bu ani denge bozukluğuna ve strese karşı otonom sinir sistemi aracılığıyla tepki verir. Bu tepkilerden biri de kanın iç organlara yönlendirilmesi ve cilt yüzeyindeki kan damarlarının büzülmesiyle ortaya çıkan solgunluk veya bazı durumlarda sararmadır. Aslında bu da kişinin kendini kötü hissettiğinin ve vücudunun strese girdiğinin fiziksel bir göstergesidir. Mide bulantısı ve kusma Beyin, denge sisteminden gelen çelişkili sinyaller nedeniyle kafası karışır."
24,negative,Fransa'nın başkenti neresidir?,10,0.21974200010299683,0.7802579998970032,doc_0464_parent_005_child_003,doc_0464_parent_005,doc_0464,"Vertigo Nedir? Vertigo Belirtileri, Nedenleri ve Tedavisi",https://www.memorial.com.tr/saglik-rehberi/vertigo-nedir-vertigo-belirtileri-nelerdir-1,"Baş dönmesi dursa bile mide bulantınız bir süre daha devam edebilir ancak baş dönmesinin şiddetine bağlı olarak, baş dönmesi durduktan bir kaç dakika veya bir kaç saat içerisinde mide bulantısı da gitmiş olacaktır. Stres vertigoya neden olur mu? Stres, bazı durumlarda vertigoyu tetikleyebilmektedir. Stres vücutta adrenalin ve kortizol hormonu üretimine ve salgılanmasına neden olur bu da dengeyi sağlayan iç kulağı etkileyebileceği için vertigo semptomları tetiklenebilir."
25,negative,Bir üçgenin alanı nasıl hesaplanır?,1,0.3341590166091919,0.6658409833908081,doc_0065_parent_002_child_004,doc_0065_parent_002,doc_0065,Hamilelik Belirtileri Nelerdir? Gebelikte İlk Belirtiler,https://www.memorial.com.tr/saglik-rehberi/gebelere-yaz-tatili-onerileri,"Her trimesterde bebek belirli gelişimsel dönüm noktalarına ulaşır. İlk üç aylık dönem: 1-12 hafta, ikinci üç aylık dönem: 13-28 hafta ve üçüncü üç aylık dönem: 29–40 haftalara denk gelir. 1. Trimester (İlk 12 Hafta) 1. Trimester (İlk 12 Hafta) Spermin yumurtaya girmesiyle başlayan hamileliğin 1. trimesterinde zigot yani döllenmiş yumurta anne adayının fallop tüpünden geçerek rahme gider ve burada kendisini rahim duvarına yerleştirir. Zigot, daha sonra fetüsü ve plasentayı oluşturacak bir hücre kümesinden oluşur. Plasenta anneyi fetüse bağlar ve fetüse besin ve oksijen sağlar. İlk 12 hafta içerisinde bebeğin önemli organları gelişmeye başlamış olur ve bu da anne adayında bazı değişikliklerin yaşanmasına neden olur. Bunlar: - Adet gecikmesi - Yorgunluk - Göğüslerde hassasiyet ve şişkinlik - Duygu durumda değişiklik - Aşerme - Baş ağrısı - Daha sık idrara çıkma - Sabah bulantıları ve kusma - Hazımsızlık - Kabızlık - Kilo artışı 2. Trimester (13-28. Hafta) 2. Trimester (13-28. Hafta) 2. trimesterde fetüs daha da gelişmiştir."
25,negative,Bir üçgenin alanı nasıl hesaplanır?,2,0.3258012533187866,0.6741987466812134,doc_0129_parent_001_child_003,doc_0129_parent_001,doc_0129,Omega 3 Faydaları Nelerdir? Omega 3 Ne İşe Yarar?,https://www.memorial.com.tr/saglik-rehberi/omega-3-faydalari-nelerdir-omega-3-ne-ise-yarar,"Omega 3 Nelerde Var? Omega 3, yaygın olarak deniz ürünlerinde bulunur. Bu deniz ürünleri sardalya, hamsi, somon, uskumru, istiridye, ringa ve havyardır. (balık yumurtası) Deniz ürünlerinin yanı sıra ceviz , fındık , kırmızı et, yumurta, keten tohumu , soya fasulyesi, kanola yağı ve yeşil sebzeler de güçlü omega 3 kaynaklarıdır. İçinde omega 3 bulunun besinler şöyle sıralanabilir: - Sardalya, hamsi, somon, uskumru, istiridye, ringa, havyar gibi deniz ürünleri - Ceviz ve fındık - Kırmızı et - Yumurta - Keten tohumu - Soya fasulyesi - Kanola yağı - Avokado - Lahana, ıspanak , semizotu ve brokoli gibi yeşil sebzeler omega-3 kaynağı besinlerdir. Omega 3 Faydaları Nelerdir? Omega 3’ün başlıca faydaları bağışıklığı güçlendirmesi, kalp-damar hastalıklarına iyi gelmesi, vücuttaki iltihapları azaltması, göz ve beyin sağlığını desteklemesi, trigliserid ve kan basıncı seviyelerini düşürmesi, romatizmal eklem iltihabına iyi gelmesi ve depresyonun etkilerini azaltarak ruh sağlığını iyileştirmesidir. Tam bir bağışıklık dostu olan omega 3’ün faydaları genel olarak şu şekildedir: - Bağışıklığı güçlendirir"
25,negative,Bir üçgenin alanı nasıl hesaplanır?,3,0.32199573516845703,0.678004264831543,doc_0150_parent_001_child_001,doc_0150_parent_001,doc_0150,CA 15-3 Testi Nedir? CA 15-3 Yüksekliği Ne Anlama Gelir?,https://www.memorial.com.tr/tani-ve-testler/ca-15-3-testi-nedir,"CA 15-3 testi, özellikle ileri meme kanseri tedavisi olan kadınlarda tedavinin etkisini değerlendirmek veya nükseden meme kanserlerini izlemek için faydalanılan bir tümör belirtecidir. Meme kanseri olan veya nükseden kişilerde CA 15-3’ün kandaki değerleri yüksektir. Ayrıca yüksek CA 15-3 seviyeleri yumurtalık, akciğer ve prostat kanserleri ile birlikte iyi huylu meme veya yumurtalık hastalığı, endometriozis, pelvik inflamatuar hastalık ve hepatit gibi kanserli olmayan durumlarla da ilişkilidir. Bunların yanı sıra gebelik ve emzirme de kandaki CA 15-3 seviyelerini yükseltebilir. CA 15-3 Nedir? CA 15-3 (Carcinoma Antigen 15-3), kanser antijeni olup, meme hücreleri tarafından üretilen bir proteindir. Meme kanserli hastalarda en yaygın kullanılan biyokimyasal serum belirtecidir. Meme kanserlerinde kana salgılanan bu proteinin seviyeleri yükselir. Vücudun diğer bölgelerine sıçramış meme kanseri olan çoğu kadında ( metastaz ) CA15-3 seviyeleri normal referans aralığının üstünde ve yüksektir. Ancak tüm meme kanseri tipleri CA 15-3 seviyelerinin yükselmesine neden olmaz çünkü bazı kanser hücreleri antijeni aşırı olarak üretmez. Meme kanserinin dışında yumurtalık, akciğer ve prostat kanseri de CA 15-3 değerinin yükselmesine yol açabilir. Bu değerlerin belirlenmesi için ise CA 15-3 testi yapılır."
25,negative,Bir üçgenin alanı nasıl hesaplanır?,4,0.317371129989624,0.682628870010376,doc_0129_parent_001_child_001,doc_0129_parent_001,doc_0129,Omega 3 Faydaları Nelerdir? Omega 3 Ne İşe Yarar?,https://www.memorial.com.tr/saglik-rehberi/omega-3-faydalari-nelerdir-omega-3-ne-ise-yarar,"Omega 3, vücutta birçok fonksiyonun daha işlevsel olmasına yardım eden ve hücre zarının yapı taşı olarak kullanılan bir grup uzun zincirli çoklu doymamış yağ asididir. Çeşitli formlarda karşımıza çıkan omega 3’ün kendi içinde EPA, DHA ve ALA olmak üzere 3 farklı türü bulunur. Vücut tarafından doğal olarak üretilemeyen ve en yaygın olarak deniz ürünlerinde bulunan omega 3, besinler yoluyla vücuda alınır. Omega 3 yağ asitleri, bağışıklık sistemini güçlendirmek, inflamatuar süreçleri azaltmak, kalp ve damar sağlığını korumak, beyin sağlığı ve göz sağlığını desteklemek gibi temel faydalara sahiptir. Omega 3 Nedir? Omega 3 yağ asidi, bağışıklık sisteminin güçlendirilmesi ve vücuttaki iltihapların azaltılması gibi temel görevleri bulunan, vücutta doğal olarak üretilemeyen doymamış yağ grubu ailesine ait esansiyel bir yağdır. EPA, DHA ve ALA olmak üzere 3 farklı çeşidi söz konusudur. ALA bitki kaynaklı omega-3 yağ asidi, EPA ve DHA ise deniz ürünlerinden elde edilen omega 3 yağ asididir. Omega 3 yağ asidinin temel görevleri arasında bağışıklık sistemini güçlendirmesi, vücuttaki iltihabı azaltması, kişiyi kalp damar hastalıklarından koruması, trigliserid seviyesini düşürmesi ve hem göz sağlığı hem de beyin sağlığını desteklemesi yer alır."
25,negative,Bir üçgenin alanı nasıl hesaplanır?,5,0.31712567806243896,0.682874321937561,doc_0129_parent_001_child_002,doc_0129_parent_001,doc_0129,Omega 3 Faydaları Nelerdir? Omega 3 Ne İşe Yarar?,https://www.memorial.com.tr/saglik-rehberi/omega-3-faydalari-nelerdir-omega-3-ne-ise-yarar,"Omega 3 yağ asidinin temel görevleri arasında bağışıklık sistemini güçlendirmesi, vücuttaki iltihabı azaltması, kişiyi kalp damar hastalıklarından koruması, trigliserid seviyesini düşürmesi ve hem göz sağlığı hem de beyin sağlığını desteklemesi yer alır. Vücutta doğal olarak üretilemeyen omega 3 yağ asitleri, bazı besinlerin tüketimi yoluyla vücuda alınır. Bu besin listesinin başında sardalya, hamsi, somon ve uskumru gibi yağlı balıklar ve deniz ürünleri bulunur. Ceviz, keten tohumu, soya fasulyesi veya yeşil sebzeler ise ALA (bitki kaynaklı omega 3) tipi omega 3’tür. Omega 3 Çeşitleri Nelerdir? Omega 3, çoklu doymamış yağ asitleri grubuna aittir kendi içinde 3 farklı çeşidi bulunur Bunlar şu şekilde açıklanabilir: - Alfa Linolenik Asit (ALA) - Eikosapentaenoik asit (EPA) - Dokosaheksaenoik asit ( DHA) ALA bitki kaynaklı omega-3 yağ asididir; ceviz, keten tohumu, soya fasulyesi ve yeşil sebzelerde bulunur. EPA ve DHA ise deniz ürünlerinden elde edilen omega 3’tür. Sardalya, hamsi, somon ve uskumru gibi yağlı balıklarda ve deniz ürünlerinde bol miktarda bulunur. Omega 3 Nelerde Var? Omega 3, yaygın olarak deniz ürünlerinde bulunur."
25,negative,Bir üçgenin alanı nasıl hesaplanır?,6,0.3169032335281372,0.6830967664718628,doc_0150_parent_001_child_003,doc_0150_parent_001,doc_0150,CA 15-3 Testi Nedir? CA 15-3 Yüksekliği Ne Anlama Gelir?,https://www.memorial.com.tr/tani-ve-testler/ca-15-3-testi-nedir,"Erken evre meme kanserinde CA 15-3 ölçümü yapılmaz çünkü bu proteinin düzeyleri bu evrede nadir olarak normalden daha yüksek değerler verir. CA 15-3 Testi Neden Yapılır? CA 15-3 testi (Carcinoma Antigen 15-3), meme kanseri tedavisinin nasıl sonuç verdiğini kontrol etmek, tedaviyi yönetmek veya tedaviden sonra nükseden kanser olup olmadığını tespit etmek amacıyla uygulanır. Bu sebeple test yalnızca tedavi sürecinde veya nükseden vakalarda uygulanır. Kanserin varlığını belirlemek için yapılmaz. Meme kanserinin dışında yumurtalık , akciğer ve prostat kanserinin tedavi süreciyle birlikte tekrarladığı durumlarda da CA 15-3 değerlerine bakılabilir. Hastalık dışında gebelik dönemi ve emzirme süreci de CA 15-3 değerlerinin kontrol edilebildiği dönemlerdir. CA 15-3 Referans Aralığı Kaç Olmalıdır? Kandaki CA 15-3 değerinin sağlıklı kabul edilen referans aralığı mililitre başına 30 ünite (U/ml) veya 30’un altındaki değerlerdir. Özellikle meme kanseri tedavisinin başarılı ilerlemediği veya nükseden meme kanserlerinde CA 15-3 değerleri yükselebilir. Farklı kanser türleri veya durumlar da kandaki değerlerin yükselmesine yol açabilir. CA 15-3 Yüksekliği Ne Anlama Gelir? CA 15-3 yüksekliği, kandaki CA 15-3 değerinin 30 U/ml’nin üstüne çıkmasıdır. Bu yükseklik meme kanseri tedavisinin başarılı ilerlemediği veya nüksettiğinin önemli bir işareti kabul edilir."
25,negative,Bir üçgenin alanı nasıl hesaplanır?,7,0.3163052797317505,0.6836947202682495,doc_0150_parent_002_child_001,doc_0150_parent_002,doc_0150,CA 15-3 Testi Nedir? CA 15-3 Yüksekliği Ne Anlama Gelir?,https://www.memorial.com.tr/tani-ve-testler/ca-15-3-testi-nedir,"Ancak bilinmesi gereken önemli nokta; test sonucunun referans aralıklarda çıkması kanserin yok olduğu anlamını taşımaz. CA 15-3 Testi Hakkında Sık Sorulan Sorular CA 15-3 ne demek? CA 15-3, karsinoma antijeni 15-3 anlamına gelir ve başta meme kanseri olmak üzere yumurtalık, akciğer ve prostat gibi birçok kanser türü için bir tümör belirtecidir. CA 15-3 neyi gösterir? CA 15-3 değerleri meme kanserinin tedavi sürecindeki son durumu ve hastalığın nüksedip nüksetmemesini gösterir. Bir kanser antijeni ve tümör belirtecidir. CA 15-3 en fazla kaç olmalı? Kandaki CA 15-3 değerleri mililitre başına en fazla 30 U/ml olmalıdır. CA 15-3 kanser dışında neden yükselir? Meme kanseri, yumurtalık, akciğer ve prostat kanserinin dışında iyi huylu meme veya yumurtalık hastalığı, endometriozis, pelvik inflamatuar hastalık ve hepatit gibi durumlar kandaki CA 15-3 değerinin yükselmesine yol açabilir."
25,negative,Bir üçgenin alanı nasıl hesaplanır?,8,0.31403911113739014,0.6859608888626099,doc_0475_parent_002_child_001,doc_0475_parent_002,doc_0475,Ebeveynlerin Ateş Fobisi Çocuğa Zarar Veriyor,https://www.memorial.com.tr/saglik-rehberi/ebeveynlerin-ates-fobisi-cocuga-zarar-veriyor,"Ateş en doğru nasıl ölçülür? Çocukların vücut ısıları 37.2 dereceye kadar normal kabul edilir. Bunun üzerindeki ölçümlerde ateşli olduğunu düşünerek yakın takibi gerekir. Ancak en ufak ateşlenme durumunda endişeye kapılmak da doğru değildir. Her anne ve babanın, bakıcının ateş ölçümü konusunda bilgili olması gerekir. Çocukların ateşi, dijital derece ile koltuk altından, makattan, ağızdan veya özel cihazlarla alından ve kulaktan ölçülebilir. Bebeklerde koltuk altı ölçümü biraz zordur, makat ateşini ölçmek hem daha kolay hem de daha güvenilirdir. Bebek kucağa yatırılır, derecenin ucuna biraz krem sürülerek, gümüş kısmı makattan zorlamadan yerleştirilir. Kulaktan ateş ölçümü hastanın kulağı yukarı ve dışa çekildikten sonra cihazın ucu kulak yoluna yerleştirilerek düğmesine basılmalıdır. Alından ateş ölçmek her zaman doğru sonucu vermeyebilir. Soğukla temas etmesi, ateş nedeniyle terleme veya yüzünün yıkanması nedeniyle alından ölçülen ateş düşük çıkabilir ve yüksek ateşin varlığı gözden kaçabilir. Ateşin yükselmesi vücutta gelişen koruyucu olayların da bir göstergesi olduğu için; hastanın genel durumu iyiyse, ağızdan güzel sıvı alıyorsa telaşlanmadan ateş takibi yapmak uygun olur. 18 ayın altındaki çocuklarda ateş görüldüğünde sebebinin belirlenmesi için bir doktora başvurulması uygun olur, bu yaştaki çocuklarda ciddi hastalıkların belirtileri tam olarak görülmeyebilir."
25,negative,Bir üçgenin alanı nasıl hesaplanır?,9,0.3081855773925781,0.6918144226074219,doc_0280_parent_002_child_003,doc_0280_parent_002,doc_0280,"Hidrosefali Nedir? Hidrosefali Belirtileri, Nedenleri ve Tedavisi",https://www.memorial.com.tr/hastaliklar/hidrosefali-nedir-belirti-ve-tedavi-yontemleri-nelerdir,"Bu operasyonda hastanın beynine esnek bir tüp olan şant yerleştirilir. Şant işleminin dışında ilaç tedavisi ve endoskopik üçüncü ventrikülostomi işlemi de uygulanabilir. Tıbbi tedavi Normal basınçlı hidrosefali’de beyin omurilik salgısının azaltan bazı ilaçlar klinik bulgularda düzelme sağlayabilir. Cerrahi şant tedavisi Beyin boşlukları içerisindeki fazla beyin omurilik sıvısının, cilt altından, ince bir boru vasıtası ile diğer vucut boşluklarına iletilmesi işlemine şant tedavisi adı verilir. Şant, beyne yerleştirilen esnek bir tüptür ve bu operasyon sonrası kişinin sağlığına kavuşması kuvvetle muhtemeldir. Endoskopik üçüncü ventrikülostomi Bu yöntem şant bulunmaksızın beyin omurilik sıvısının dolaşım yollarındaki tıkanıklığın açılması (aquoduktoplasti) ya da yeni yol açılması (ventrikülostomi) yöntemidir. Hidrosefali Hakkında Sık Sorulan Sorular Hidrosefali bebeklerde nasıl oluşur? Bebeklikte, kafatası eklemleri kapanmadan önce gelişen hidrosefali, baş çevresinde belirgin artış ile gözlenir. Kafatasının genişlemesi kafa içi basıncı bir miktar azaltmaktadır. Kafa içi basınç kuvveti, genişlemiş beyin su yollarında, daha geniş bir alana dağılmakta ve buna bağlı olarak beyin parankimi daha az basınca maruz kalmaktadır."
25,negative,Bir üçgenin alanı nasıl hesaplanır?,10,0.2999366521835327,0.7000633478164673,doc_0150_parent_001_child_002,doc_0150_parent_001,doc_0150,CA 15-3 Testi Nedir? CA 15-3 Yüksekliği Ne Anlama Gelir?,https://www.memorial.com.tr/tani-ve-testler/ca-15-3-testi-nedir,"Bu değerlerin belirlenmesi için ise CA 15-3 testi yapılır. CA 15-3 Testi Nedir? Bir tümör belirteci olan CA 15-3 testi, özellikle meme kanserinde yükselen kandaki CA 15-3 kanser antijeninin değerini ölçmek için uygulanan bir testtir. Meme kanseri tedavisine hastanın verdiği yanıtı ve hastalığın tekrar nüksedip nüksetmediğini takip etmek için kullanılır. CA 15-3, vücudun savunma sistemini uyaran bir protein maddesidir. Bazı kanser hücreleri CA 15-3 antijenini kana salgılar CA 15-3 testi ise başta meme kanseri olmak üzere belirli kanser türlerini izlemek için uygulanır. Meme kanserinin tedavi süreci ve tedaviden sonra tekrar nükseden meme kanseri, kana CA 15-3 proteini salgılama olasılığı en yüksek kanser olarak değerlendirilir. Vücudun diğer bölgelerine yayılmış veya diğer adıyla metastaz yapmış meme kanseri teşhisi konduysa, CA 15-3 testi ile birlikte hormon reseptör testi ve HER2 durum testi gibi diğer testler de birlikte uygulanabilir. CA 15-3 testi sadece meme kanserinin tedavi sürecinde ve nüksetmiş vakalarda yapılır. Erken evre meme kanserinde CA 15-3 ölçümü yapılmaz çünkü bu proteinin düzeyleri bu evrede nadir olarak normalden daha yüksek değerler verir."
26,negative,Windows 11'de masaüstü arka planı nasıl değiştirilir?,1,0.3029822111129761,0.6970177888870239,doc_0336_parent_001_child_002,doc_0336_parent_001,doc_0336,MS hastalarının dikkat etmesi gereken 6 altın kural,https://www.memorial.com.tr/saglik-rehberi/ms-hastalarinin-dikkat-etmesi-gereken-6-altin-kural,"Beyin ve omuriliğin herhangi bir yerinde plakların ortaya çıkmasıyla tutulan bölgeye ait şikayet ve belirtiler oluşmaktadır. Tutulan bölge hastadan hastaya değişir, dolayısıyla her hastanın şikayeti birbirinden farklıdır. Hastalığın nedeni net olarak bilinmese de, yapılan farklı araştırmalar daha önce geçirilmiş viral enfeksiyonların, bazı çevresel zararlı maddelerle maruziyetin, beslenme alışkanlıklarının ve D vitamini eksikliğinin MS’e yakalanma riskini artırdığı göstermiştir. Belirtiler her hastada farklılık gösteriyor MS belirtileri etkilenen sinir sistemi bölgesine göre farklılık gösterir. Dolayısıyla belirtilerin şiddeti ve seyri de her hastada farklıdır. Sıklıkla ortaya çıkan belirtiler yorgunluk, bacak ve kollarda kuvvet kaybı, uyuşma, karıncalanma, his kaybı, baş dönmesi ve dengesizlik, çift görme, görme azlığı, konuşma bozukluğu, idrar kaçırma ya da idrar yapamamadır. MS 3 farklı tipte ortaya çıkıyor - En sık görülen formu hastaların yaklaşık %80’ini etkileyen, tekrarlayan ve düzelen yani relapsing-remitting MS (RRMS)’dir. İlk ataklarda düzelme kendiliğinden dahi olabilir. Ataklarda genellikle tam düzelme beklenir. - İkincil ilerleyici yani sekonder progresif MS (SPMS) ataklar ve iyileşme şeklinde başlasa da bir dönemden sonra ataklar sonrası kalıcı şikayetler ve giderek kötüleşme hali ile devam eder."
26,negative,Windows 11'de masaüstü arka planı nasıl değiştirilir?,2,0.2930629253387451,0.7069370746612549,doc_0256_parent_001_child_004,doc_0256_parent_001,doc_0256,Soğuk Havalarda Cildiniz Pul Pul Dökülmesin,https://www.memorial.com.tr/saglik-rehberi/soguk-havalarda-cildiniz-pul-pul-dokulmesin,Bu işlem ile yüz derisinin en üst tabakası komple soyulmaktadır. Bu süreçte kişinin direk güneş ışığına maruz kalmaması gerektiği için kış ayları bu işlem için uygundur. Mikroabrazyonlu medikal cilt bakımları ile ciltte çok yüzeysel soyulmalar sağlanıp yoğun nem serumu ve nem maskesi uygulamalarıyla kışın ciltte eksilen nem yerine konabilmektedir.
26,negative,Windows 11'de masaüstü arka planı nasıl değiştirilir?,3,0.2727659344673157,0.7272340655326843,doc_0350_parent_001_child_002,doc_0350_parent_001,doc_0350,Göz altı Işık Dolgusu Nedir? Göz altı Işık Dolgusu Nasıl Yapılır​?,https://www.memorial.com.tr/tedavi-yontemleri/gozalti-isik-dolgusu,"Göz altı bölgesine enjekte edildiğinde, koyu halkaları, torbaları veya çukurları doldurarak daha pürüzsüz ve aydınlık bir görünüm sağlamaktadır. Göz altı Işık Dolgusu Ne İşe Yarar? Göz altı ışık dolgusu, göz altlarında yağ dokusunun azalması sonucu ortaya çıkan yorgun ve çökük görünümü azaltmak için genellikle hyaluronik asit içerikli dolgu kullanılarak yapılan estetik prosedürüdür. Göz altı ışık dolgusu, kullanılan hyaluronik asit ile kaybedilen nemi, dolgunluğu geri getirme ve koyu halkaların görünümünü azaltmayı sağlar. Göz altındaki koyu halkaların tedavi edilmesi yorgun, yaşlı ve mutsuz görüntüyü değiştirerek daha mutlu ve genç bir ifade verir. Göz altı ışık dolgusu, estetik alanında kişiye şu avantajları sağlayabilir: - Göz altı ışık dolgusu koyu halkaları aydınlatır - Çökük halkaları aydınlatır - Cilt yapısını düzenler - Gençleştirici bir etkiye sahiptir - Yorgun görünümü yok eder - Hızlı ve efektif sonuçlar sağlar Koyu halkaları aydınlatır Göz altında genetik ya da çeşitli faktörlere bağlı olarak kararmış ve morarmış bölgelerde ışığın yansımasına yardımcı olan özel dolgu maddeleri kullanılarak cildin daha parlak ve aydınlık görülmesi hedeflenir. Çökük alanları doldurur Göz altında zamanla oluşan çukurlarda hacim kaybını doldurarak daha düzgün bir görünüm elde edilmesi sağlanır."
26,negative,Windows 11'de masaüstü arka planı nasıl değiştirilir?,4,0.27123838663101196,0.728761613368988,doc_0308_parent_002_child_002,doc_0308_parent_002,doc_0308,Göze İyi Gelen Besinler Nelerdir?,https://www.memorial.com.tr/saglik-rehberi/goze-iyi-gelen-besinler,"Ekran parlaklığını ayarlamak, arka plan ışığını düşürmek ve ekranla göz arasında mesafe bırakmak gözleri rahatlatır - Tütün ürünü kullanmak katarakt makula dejenerasyonu ve göz sinirine zarar verme riskini artmasına neden olur. Tütün ürünlerinden uzak durmaya çalışın - Gözleri ovalamak, mikrop bulaşmasına ve göz enfeksiyonlarına yol açabilir. Elleri her zaman temiz tutmak göz sağlığı açısından önemlidir - Gözlerin dinlenmesi ve yenilenmesi için her gece yeterli uyku almak gerekir - Bol su tüketmek ve göz damlasından yararlanmak göz sağlığını koruyarak göz kuruluğunu azaltır Göze İyi Gelen Besinler Hakkında Sık Sorular Gözün görme gücünü ne artırır? Göz sağlığını destekleyen ve iyi gelen A vitamini, C vitamini, E vitamini, lutein, zeaksantin ve omega-3 yağ asitlerinden yararlan görme gücünün artmasını sağlar. Göze en iyi gelen meyve hangisidir? Göze en iyi gelen meyve olarak yaban mersini bilinir. İçerisindeki güçlü antioksidanlar sayesinde göz hücrelerini serbest radikal hasarından korur."
26,negative,Windows 11'de masaüstü arka planı nasıl değiştirilir?,5,0.26688265800476074,0.7331173419952393,doc_0235_parent_003_child_001,doc_0235_parent_003,doc_0235,Ameliyatsız estetik uygulamalar nelerdir?,https://www.memorial.com.tr/tedavi-yontemleri/ameliyatsiz-estetik-uygulamalar-nelerdir,"Bir nevi içten cilt bakımı yapılır. Dermapen İçinde çok sayıda ve küçücük iğneler olan başlıklarla, cilde iğneleme yapılan bir sistemdir. Dermapen çalıştırıldığı zaman bu başlıklar belirli bir titreşimle bu iğneleri cilde sık sık batırır. Buradaki amaç, iğneler cilde battığı zaman cilt altındaki kolajen uyarılır. Uyarılan kolajen biraz daha sıkılaşarak iyileşir. Dolayısıyla dermapen sayesinde hem cilt sıkılaşır hem de dışarıdan uygulanan iğnelerle uyarılan deri sanki bir peeling etkisi yapmış gibi yenilenir. Kişiye dermapen yapıldığı zaman cildi uyararak cildin kendisini yenilenmesi sağlanır. Çok faydalı bir yöntemdir. İyileşme süresi 1 hafta sürer. İğneler nedeniyle kızaran cilt 1 haftada eski formuna kavuşur. Cilt tipine ve kişinin ihtiyaçlarına göre seanslar halinde yapmak gerekir. Dermapen akne izlerinde, güneş lekelerinde, renk değişikliklerinde, kırışıklıklar ve kuruluk tedavisinde kullanılabilir. Cilt yenilemek için ideal bir yöntemdir. Soğuk lipoliz soğuk bir cihazla yapılan bir işlemdir. Hasta bu cihaza bağlanarak, hedeflenen yağ dokusunda belli bir ısıya inerek yağ dokusunda çözülme olması sağlanır. Yağ dokusunu azaltmada belli miktarda etkilidir. Aşırı miktarda bir erime beklenmemesi gerekir. Seanslar halinde kişinin ihtiyacına göre uygulama yapılır."
26,negative,Windows 11'de masaüstü arka planı nasıl değiştirilir?,6,0.2557377815246582,0.7442622184753418,doc_0258_parent_001_child_004,doc_0258_parent_001,doc_0258,Albinizm (Albino) nedir? Tedavisi var mıdır?,https://www.memorial.com.tr/hastaliklar/albinizim-albino-nedir-tedavisi-var-midir,"Deri (Cilt-ten): • Çiller: Pigmentli veya genelde pembe renkli pigmentsiz benler görülebilir. Hastalarda mercimek büyüklüğünde çil benzeri noktalar da olabilmektedir. Çiller: • Saç: Hastanın saç rengi beyazdan kahverengiye kadar değişebilmektedir. Albinizm hastalığı olan Afrika veya Asya kökenli insanların saç renkleri sarı, kahverengi veya arasında bir tonda olabilir. Hastanın ilerleyen yaşlarında maruz kaldığı çevresel faktörlerden kaynaklı bazı mineraller, saçların lekelenmesine ya da yaşla birlikte daha koyu hale gelmesine sebep olabilir. Saç: • Göz rengi: Albino hastalarının kirpikleri ve kaşları genellikle soluktur. Göz rengi çok açık maviden kahverengiye kadar değişebilir. Gözlerin renkli kısmında yani iriste pigment eksikliği nedeniyle yarı saydam bir görünüm ortaya çıkabilir. İristeki bu durum hastanın gözlerine ışığın girmesini tamamen engelleyemediği ve ışığın içeri girerek de görme keskinliğinde azalmaya neden olduğu anlamına gelir. Bu nedenle çok açık renkli gözler bazı ışıklarda kırmızı olarak da görülebilirler. Göz rengi: • Görme bozukluğu: Albino hastaları için en önemli belirtilerden biridir. Albinizmde aşağıdaki göz problemleri ile karşılaşılmaktadır: Görme bozukluğu: ✓ Görme keskinliğinin azalması"
26,negative,Windows 11'de masaüstü arka planı nasıl değiştirilir?,7,0.25497615337371826,0.7450238466262817,doc_0004_parent_002_child_001,doc_0004_parent_002,doc_0004,Renkli Ultrason Nedir?,https://www.memorial.com.tr/teknolojiler/renkli-ultrason-nedir,"Renkli ultrason yapılması için herhangi bir zaman sınırı sınırlaması yoktur. İnsan vücuduna zarar veren radyasyon olmaması nedeni ile sıklık için herhangi bir sınırlama getirilmemiştir. Gereken herhangi bir zamanda tanı koymak amacı ile renkli ultrason yapılabilir. Renkli ultrason öncesinde nasıl bir hazırlık yapılır? Renkli ultrason öncesinde herhangi bir özel hazırlık yapılmasına gerek yoktur. Herhangi bir ultrasonografi tetkikte yapılması gereken hazırlıklardan bir farkı da bulunmamaktadır. - Vücudun test edilen bölgesindeki giysi ve takıları çıkartılmalıdır. - Testten 2 saat öncesine kadar sigara ve nikotin içeren ürünler kullanılmamalıdır. Çünkü nikotin kan damarlarının daralmasına neden olabilmektedir. - Bazı bölgelere yapılacak renkli ultrason için birkaç saat öncesinde başlayacak açlık istenebilmektedir. Renkli ultrason radyasyon yayar mı? Renkli ultrason gebeler için yapılan ultrasonografiden farklı olmadığından herhangi bir radyasyon yayma ihtimalide yoktur. Renkli ultrason, normal ultrasonugrafi ile aynı şekilde sadece ses dalgaları ile çalışmaktadır. Bu nedenle gebeler üzerinde güvenle yapılabilecek bir tetkiktir. Renkli ultrason gebeler için gerekli mi? Bazı durumlarda anne karnındaki bebekler için ya da anne adayının damar yapısını incelemek için renkli ultrason yapılması gerekebilmektedir. Anne karnındaki bebeğin beslenmesi işlevini yerine getiren göbek kordonundaki kan akımının sağlıklı olup olmadığını belirlemek için renkli ultrasonla inceleme yapılmalıdır."
26,negative,Windows 11'de masaüstü arka planı nasıl değiştirilir?,8,0.2520782947540283,0.7479217052459717,doc_0412_parent_001_child_004,doc_0412_parent_001,doc_0412,Küçük Yaşta Göz Muayenesi Neden Önemli?,https://www.memorial.com.tr/saglik-rehberi/kucuk-yasta-goz-muayenesi-neden-onemli,"Unutmayınız! Gözün numarası gözün kırıcılık değerinin sonucudur. Bu değeri korneanın eğimi ve gözün uzunluğu belirler. Gözün numarası herhangi bir alışkanlıkla değişmez. Yani gözlük kullanmak/kullanmamak, yüksek/düşük numaralı gözlük kullanmak, çok/az okumak gözlerin numaralarını yükseltmez, azaltmaz."
26,negative,Windows 11'de masaüstü arka planı nasıl değiştirilir?,9,0.2520451545715332,0.7479548454284668,doc_0222_parent_001_child_001,doc_0222_parent_001,doc_0222,Kısa Süren Görme ve Konuşma Bozukluklarına Dikkat!,https://www.memorial.com.tr/saglik-rehberi/kisa-suren-gorme-ve-konusma-bozukluklarina-dikkat,"Aniden ortaya çıkan ve birkaç gün sürüp düzelen görme, konuşma sorunları ya da yazının kötüleşmesi gibi belirtiler MS yani Multiple Skleroz hastalığının işareti olabiliyor. MS hastalarının daha sakin bir hayat için iş ve sosyal yaşamdan uzaklaşması ise atakları olumsuz etkileyebiliyor. 25 Mayıs Dünya MS günü öncesinde, Memorial Şişli Hastanesi Nöroloji Bölümü’nden Prof. Dr. Türker Şahiner, MS hastalığı ve yapılması gerekenler hakkında bilgi verdi. - Şikayetleriniz diğer MS hastalarının yakınmalarıyla aynı olmayabilir - Yazınız aniden kötüleştiyse MS ihtimalini göz ardı etmeyin - Farklı hastalıklarla karıştırılabiliyor - Sosyal yaşamdan uzaklaşmayın - MS hastalığı doğru tedavi ve yaşam tarzı düzenlemeleri ile kontrol altında tutulabilir. Hastaların bu 6 kurala mutlaka dikkat etmeleri gerekir. Şikayetleriniz diğer MS hastalarının yakınmalarıyla aynı olmayabilir Beyni ve omuriliği yani merkezi sinir sistemini etkileyen MS hastalığının neden ortaya çıktığı tam olarak bilinmemektedir. Bağışıklık sisteminin bilinmeyen bir nedenle sinir sistemini düşman olarak algılaması ve saldırmasıyla beynin farklı bölgelerinde hasarlar oluşabilmektedir. Genellikle ataklar halinde ilerleyen MS hastalığı, sinir sisteminin hasar gördüğü bölgeye göre kişiden kişiye farklı şiddet, sıklık ve bulgularla ortaya çıkmaktadır. Yazınız aniden kötüleştiyse MS ihtimalini göz ardı etmeyin MS teşhisi koymak için yapılan radyolojik görüntülemeler her zaman yeterli olmayabilmektedir."
26,negative,Windows 11'de masaüstü arka planı nasıl değiştirilir?,10,0.2514568567276001,0.7485431432723999,doc_0218_parent_002_child_005,doc_0218_parent_002,doc_0218,"Cilt (Deri) Kanseri Nedir? Belirtileri, Nedenleri ve Tedavisi",https://www.memorial.com.tr/saglik-rehberi/tatilde-cilt-sagliginiz-icin-onleminizi-alin,"Belirli maddelere maruz kalma: Cilt (Deri) Kanseri Belirtileri Nelerdir? Cilt kanserinin yaygın klinik belirtileri, ciltte oluşan yeni bir leke, lekenin boyutunda, şeklinde veya renginde değişiklik, yeni benler oluşması, benlerin anormal büyümesi, şekil değişimi ve 6 mm'den büyük olması, deride soyulmalar, şiş, kabuklu, kanayan ve bir kaç haftadır geçmeyen yaralar oluşmasıdır."
27,negative,GitHub'da yeni bir repository nasıl oluşturulur?,1,0.3059629797935486,0.6940370202064514,doc_0353_parent_001_child_001,doc_0353_parent_001,doc_0353,Kan Grupları Nelerdir? Kan Grupları Neyi İfade Eder?,https://www.memorial.com.tr/saglik-rehberi/kan-gruplari,"Kan grupları, A antijeni, B antijeni ya da AB antijeni içeren veya hiç birini içermeyen, A, B, AB ve 0 olmak üzere 4 ana kan grubundan oluşmaktadır. Rh faktörüne göre pozitif ve negatif olarak ayrıldığında toplamda 8 kan grubu ortaya çıkar. Kan grupları, aileden genetik olarak miras alınır, dolayısı ile kan gruplarında anne ve babanın kan grubu kişinin sahip olduğu kan grubu için belirleyicidir. Kan Grubu Nedir? Kan grupları, ABO sisteminde, A, B, 0 ve AB olacak şekilde 4 ana kan grubundan oluşur. Antijenlerine göre Rh faktörü dahil edildiğinde, A+, A- , B+, B- , 0+, 0- , AB+, AB- olacak şekilde 8 kan grubu ortaya çıkar. Yapısal özelliklerine bağlı olarak kan gruplarının kendi karakteristik özellikleri söz konusudur. Aynı zamanda az veya çok bulunması da kan gruplarının özellikleri arasındadır. Kan grupları aileden genetik olarak miras alınır ve hem anne hem de babanın kan grubu çocuğu doğrudan etkiler. Kan, plazma adı verilen bir sıvıda kırmızı kan hücreleri , beyaz kan hücreleri ve trombositlerden oluşur. Kan grupları da bu bağlamda kandaki antikorlar ve antijenler tarafından tanımlanır. Antikorlar plazmada bulunan proteinler olup vücudun doğal savunma sisteminin bir parçasıdır."
27,negative,GitHub'da yeni bir repository nasıl oluşturulur?,2,0.2989398241043091,0.7010601758956909,doc_0353_parent_003_child_001,doc_0353_parent_003,doc_0353,Kan Grupları Nelerdir? Kan Grupları Neyi İfade Eder?,https://www.memorial.com.tr/saglik-rehberi/kan-gruplari,En çok bulunan kan grubu hangisidir? Başta dünya geneli olmak üzere özellikle ülkemizde en çok bulunan kan grubu A Rh pozitif kan grubudur. AB Rh pozitif kan grubu özellikleri nelerdir? AB Rh pozitif kan grubunda hem A hem de B antijeni bulunur. Aynı zamanda Rh faktörü de kan grubunun içinde yer alır. Bu kan grubuna sahip kişiler genel alıcıdır. Hangi kan grupları birbirine kan verebilir? 0 Rh negatif kan grubu içeriğinde hiçbir antijeni bulundurmadığı için bütün kan gruplarına kan verebilir ve evrensel verici olarak ifade edilir. Evrensel alıcı olarak bilinen kan grubu ise AB pozitif (AB+) kan grubudur. İçeriğinde hem A hem de B antijenini bulundurduğu için tüm kan gruplarından kan alabilir. Kan grubu değişir mi? Kan grupları genellikle yaşam boyunca aynı kalır ve değişmez. Ancak bazı faktörler kan gruplarının nadir de olsa değişmesine sebebiyet verebilir. Bunlara örnek olarak kemik iliği nakli veya lösemi verilebilir. Bu iki durum kanın yapısında değişikliğe yol açabilir. Kan grubu kartı nasıl ve nereden alınır? Kan grubu testi yaptırmak için başvurduğunuz sağlık kuruluşundan aynı zamanda kan grubu kartını da temin edebilirsiniz. Bu kartın üstünde hangi kan grubuna sahip olduğunuz yazar.
27,negative,GitHub'da yeni bir repository nasıl oluşturulur?,3,0.2876884937286377,0.7123115062713623,doc_0353_parent_002_child_005,doc_0353_parent_002,doc_0353,Kan Grupları Nelerdir? Kan Grupları Neyi İfade Eder?,https://www.memorial.com.tr/saglik-rehberi/kan-gruplari,"0 Rh pozitif kan grubu özellikleri nelerdir? 0 Rh pozitif kan grubu, 0 tipi pozitif kan kritik öneme sahiptir. 0 Rh pozitif kana sahip kişiler, tüm Rh pozitif kan hücresine sahip kişilere kan verebilirler. Travma, acil kan ihtiyacı gibi durumlar için özellikle hastanelerin en çok ihtiyaç duyduğu kan grubudur. En yeni kan grubu hangisidir? Son olarak bilim insanları tarafından bulunan kan grubu MAL kan grubudur . MAL kan grubu adını Myelin and Lymphocyte Protein’den alır."
27,negative,GitHub'da yeni bir repository nasıl oluşturulur?,4,0.280520498752594,0.719479501247406,doc_0353_parent_001_child_003,doc_0353_parent_001,doc_0353,Kan Grupları Nelerdir? Kan Grupları Neyi İfade Eder?,https://www.memorial.com.tr/saglik-rehberi/kan-gruplari,"Negatif kan grupları genellikle az bulunan kan gruplarındandır. Pozitif (+): Kırmızı kan hücrelerinde RhD antijeni bulunur. Pozitif (+): Negatif (-): Kırmızı kan hücrelerinde RhD antijeni yoktur. Negatif (-): Kan grupları şu şekildedir: - A grubu (Kırmızı kan hücrelerinde yalnızca A antijeni bulunur) - B grubu (Kırmızı kan hücrelerinde yalnızca B antijeni yer alır) - AB grubu (Kırmızı kan hücrelerinde hem A hem de B antijenleri bulunur) - 0 grubu (Kırmızı kan hücrelerinde A veya B antijeni yer almaz) - Kan içinde RH faktörü (Pozitifte RhD antijeni bulunur, negatifte bulunmaz) A Rh Pozitif (+) Kan Grubu Özellikleri Nelerdir? A Rh pozitif (+) , kanda rhesus (Rh) faktörü adı verilen bir proteinin varlığıyla birlikte A tipi antijenler bulunduğu anlamına gelir. , Kırmızı kan hücrelerinde (eritrositler) yalnızca A grubunun bulunduğu kan grubu A grubudur. Kan gruplarının yanındaki pozitif veya negatif işarete Rhesus (Rh) faktörü adı verilir. Rh faktörü, kırmızı kan hücresinin yüzeyinde bulunabilen kalıtsal bir proteindir. Kan grubu pozitif ise kırmızı kan hücrelerinde Rh proteini bulunur. A Rh pozitif kan grubunun en temel özelliği kanda Rh faktörünün bulunmasıdır."
27,negative,GitHub'da yeni bir repository nasıl oluşturulur?,5,0.278914213180542,0.721085786819458,doc_0331_parent_001_child_005,doc_0331_parent_001,doc_0331,Gizli Şeker (Prediyabet) Nedir? Gizli Şeker Belirtileri Nelerdir?,https://www.memorial.com.tr/hastaliklar/gizli-seker-nedir,Gizli şeker hastası olan kişiler görüş açılarının bulanık olduğundan yakınırlar. Gizli Şeker Hastalığının Tanısı Nasıl Konulur? Açlık kan şekeri 100-125 mg/dsl arasında olan kişilere şeker yükleme testi (OGTT- Oral glukoz tolerans testi) yapılarak prediyabet araştırması yapılır. Bu testte en az sekiz saat veya gece boyunca aç kaldıktan sonra bir kan örneği alınır.
27,negative,GitHub'da yeni bir repository nasıl oluşturulur?,6,0.27607083320617676,0.7239291667938232,doc_0050_parent_001_child_001,doc_0050_parent_001,doc_0050,Hematopoez Nedir? Hematopoez Süreci Nasıl İşler?,https://www.memorial.com.tr/saglik-rehberi/hematopoez-nedir,"Hematopoez, kemik iliğinde meydana gelen, vücudun yeni kan hücreleri ve kan plazması ürettiği süreçlerin bütünüdür. Bu mekanizma ve süreç, organ ve dokulara oksijen taşınması, savunma ve kan pıhtılaşması için gerekli olan kırmızı ve beyaz kan hücreleriyle birlikte trombositleri üreterek vücut için önemli bir role sahiptir. Hematopoez aynı zamanda enfeksiyonla savaşmak (beyaz kan hücreleri) ve yaralanma meydana geldiğinde kanı pıhtılaştırmak (trombositler) için sağlıklı bir kan hücresi kaynağına sahip olunmasını sağlar. Hematopoez Nedir? Hematopoez, vücudun eski kan hücrelerinin yerini almak için sürekli olarak yeni kan hücreleri üretmesi durumudur. Bu kan hücrelerinin üretimi kemik iliğinde meydana gelir. Kan hücrelerinin üretimiyle birlikte vücutta sabit bir kan kaynağı olur. Kan hücreleri, vücudun yapı taşlarından biri olarak kabul edilir. Hematopoez ise kırmızı ve beyaz kan hücreleri olmak üzere tüm kan hücreleri tiplerinin üretiminden sorumludur. Bu üretim süreci vücuttaki kan akışının sorunsuz bir şekilde işlemesini sağlar. Hematopoez sürecinde meydana gelen kan hücreleri ve işlevleri şöyledir: Kırmızı kan hücreleri (eritrositler) Kırmızı kan hücreleri veya diğer adıyla eritrositler , akciğerlerden vücuttaki diğer organlara oksijen taşımakla görevlidir."
27,negative,GitHub'da yeni bir repository nasıl oluşturulur?,7,0.2754034996032715,0.7245965003967285,doc_0353_parent_002_child_001,doc_0353_parent_002,doc_0353,Kan Grupları Nelerdir? Kan Grupları Neyi İfade Eder?,https://www.memorial.com.tr/saglik-rehberi/kan-gruplari,"0 Rh negatif kan grubu antijen belirteçleri ve Rh faktörünü içermeyen kan grubudur. Ancak evrensel olarak bağışçı kabul edilir. Bu durum, başka bir kan grubuna sahip bir kişinin kanını güvenle alabileceği anlamına gelir. Diğer yanda O Rh negatif, kan grubunun bilinmediği durumlarda transfüzyon için kullanılan en yaygın kan grubu olarak da değerlendirilir. Bu nedenle travma, acil durum, ameliyat ve kan grubunun bilinmediği her durumda yaygın olarak kullanılır. 0 Rh negatif (-) kan grubu özellikleri şunlardır: 0 Rh negatif (-) kan grubu özellikleri şunlardır: - 0 rh negatif kan grubu antijen belirteçleri ve Rh faktörü içermez - Evrensel olarak bağışçı bir kan grubudur - Başka birinin kanını güvenle alabilir - Travma, acil durumlar ve ameliyatlarda yaygın olarak ihtiyaç duyulur AB0 Kan Sınıflaması Nedir? A kan grubu kırmızı kan hücrelerinde A antijenleri, plazmada ise anti-B antikorlarına sahiptir. B kan grubu, B antijenine plazmada ise anti-A antikorlarına sahiptir. 0 kan grubunun antijeni yoktur fakat plazmasında hem anti-A hem de anti-B antikoruna sahiptir. AB kan grubu plazmasız olur, hem A hem de B antijenine sahiptir. Kan gruplarını bilmek oldukça önemlidir çünkü yanlış bir kan grubunda kan almak yaşamı tehdit eden bir sağlık sorunu ile sonuçlanabilir."
27,negative,GitHub'da yeni bir repository nasıl oluşturulur?,8,0.2726322412490845,0.7273677587509155,doc_0353_parent_001_child_002,doc_0353_parent_001,doc_0353,Kan Grupları Nelerdir? Kan Grupları Neyi İfade Eder?,https://www.memorial.com.tr/saglik-rehberi/kan-gruplari,"Antikorlar plazmada bulunan proteinler olup vücudun doğal savunma sisteminin bir parçasıdır. Mikroplar ve bakteriler gibi yabancı maddeleri tanır ve onları yok eden bağışıklık sistemini uyarır. Antijenler ise kırmızı kan hücrelerinin yüzeyinde bulunan protein molekülleridir. Kan Grupları Nelerdir? Kan grupları, A, B, AB ve 0 kan gruplarından oluşur. Kendi içlerinde RH faktörleri ile negatif ve pozitif olarak ayrılırlar. A pozitif, A negatif, AB pozitif, AB negatif, B pozitif, B negatif, 0 pozitif 0 negatif olmak üzere 8 farklı kan grubu tanımlanmıştır. A grubu: Kırmızı kan hücrelerinde yalnızca A antijeninin bulunduğu kan grubudur. A grubu: B grubu: Kırmızı kan hücrelerinde yalnızca B antijeni yer alır. B grubu: AB Grubu: Eritrosit olarak adlandırılan kırmızı kan hücrelerinde hem A hem de B antijenleri bulunur. AB Grubu: 0 grubu: Kırmızı kan hücrelerinde A veya B antijeninin yer almadığı kan grubudur. 0 grubu: Kan grupları aynı zamanda Rh faktörünün D antijeninin var olup olmamasına bağlı olarak ""pozitif"" veya ""negatif"" olarak ikiye ayrılır. Bu durum Rh sistemi adıyla bilinir. Kan grubunda Rh pozitif olmak, Rh negatif olmaktan daha yaygındır. Negatif kan grupları genellikle az bulunan kan gruplarındandır."
27,negative,GitHub'da yeni bir repository nasıl oluşturulur?,9,0.2709606885910034,0.7290393114089966,doc_0050_parent_001_child_004,doc_0050_parent_001,doc_0050,Hematopoez Nedir? Hematopoez Süreci Nasıl İşler?,https://www.memorial.com.tr/saglik-rehberi/hematopoez-nedir,"Hamilelik sırasında hematopoezdeki önemli zaman dilimleri şöyledir: 3. Hafta: Erişkin dönemde üretilen kırmızı kan hücrelerinden biraz daha az gelişmiş bir kırmızı kan hücresi türü yumurta kesesinde üretilir. 3. Hafta: 2. ve 3. Aylar: Hamileliğin iki ve üçüncü ayında üretilen kırmızı kan hücreleri ve trombositler hem karaciğer hem de dalakta üretilir. Beyaz kan hücreleri ise karaciğer, dalak ve timüste üretilir. 2. ve 3. Aylar: 5. ay ve sonrası: Bu zaman dilimlerinde gerçekleşen hematopoez sürecindeki kan hücrelerinin çoğu kemik iliğinde üretilir. Timüs, dalak ve diğer lenf dokuları da bazı beyaz kan hücresi türlerini üretebilir. Doğumdan sonra gerçekleşen hematopoez süreci Kan hücrelerinin çoğunun üretimi bebeklikten yetişkinliğe kadar kemik iliğinde gerçekleşir. Lenfosit adı verilen belirli beyaz kan hücresi türleri timüste gelişir. Hastalık ise istisnai bir durum meydana getirir. Kemik iliğinin yeterli kan hücresi üretmesini engelleyen bir rahatsızlık söz konusuysa hematopoez doğumdan önceki kan hücresi üretim bölgelerine geçebilir."
27,negative,GitHub'da yeni bir repository nasıl oluşturulur?,10,0.2656189203262329,0.7343810796737671,doc_0439_parent_002_child_003,doc_0439_parent_002,doc_0439,Rahim İltihabı,https://www.memorial.com.tr/saglik-rehberi/rahim-iltihabi,Rahim İltihabı Koku Yapar mı? Rahim iltihabı vajinal akıntı ile birlikte ise koku olabilmektedir. Rahim İltihabı Muayenesi Nasıl Yapılır? Rahim iltihabının muayenesi jinekolojik muayene şeklinde olmaktadır. Rahim İltihabı Ultrasonda Belli olur mu? İltihap seviyesinde ise ultrason yardımcı olmamaktadır. Ancak apse gelişmiş ise yardımcı olabilir. Rahim İltihabı Sivilce Yapar mı? Rahim iltihabı sivilceye neden olmamaktadır. Rahim İltihabı Kanama Yapar mı? Rahim iltihabı; - Adet düzensizliği - Adet azlığı - Aşırı kanamaya sebep olabilir.
28,negative,Türk kahvesi kaç dakika pişirilmelidir?,1,0.5346479415893555,0.46535205841064453,doc_0354_parent_001_child_001,doc_0354_parent_001,doc_0354,Doğru Koşullarda Hazırlanmayan Turşu Zehirleyebilir,https://www.memorial.com.tr/saglik-rehberi/dogru-kosullarda-hazirlanmayan-tursu-zehirleyebilir,"Türk mutfağının vazgeçilmez lezzetlerinden biri olan turşu, doğru hazırlandığında hem sağlıklı hem de iştah açıcı özelliği ile öne çıkıyor. Turşu kurarken dikkat edilmesi gereken en önemli faktör ise hijyen. Turşuya eklenecek sebze ve meyvelerin çok iyi yıkanması gerekiyor. Aksi halde sağlıklı ve lezzetli bir yiyecek tüketmek isterken besin zehirlenmelerine maruz kalmak kaçınılmaz olabiliyor. Memorial Bahçelievler Hastanesi Enfeksiyon Hastalıkları ve Klinik Mikrobiyoloji Bölümü Uzmanları, turşu hazırlarken dikkat edilmesi gerekenler hakkında bilgi verdi. Türk mutfağının vazgeçilmez lezzetlerinden biri olan turşu, doğru hazırlandığında hem sağlıklı hem de iştah açıcı özelliği ile öne çıkıyor. Turşu kurarken dikkat edilmesi gereken en önemli faktör ise hijyen. Turşuya eklenecek sebze ve meyvelerin çok iyi yıkanması gerekiyor. Aksi halde sağlıklı ve lezzetli bir yiyecek tüketmek isterken besin zehirlenmelerine maruz kalmak kaçınılmaz olabiliyor. Memorial Bahçelievler Hastanesi Enfeksiyon Hastalıkları ve Klinik Mikrobiyoloji Bölümü Uzmanları, turşu hazırlarken dikkat edilmesi gerekenler hakkında bilgi verdi.- Tuz-su oranı çok önemli - Turşu tüketimi sonrası karın ağrısı, bulantı, kusma ve ishale dikkat! - Turşunuzun üzerinde beyazlıklar oluştuysa tüketmeyin! - Bağışıklık sistemi baskılanmış hastalar için riskli - Doğru turşu ishal ve bağırsak infeksiyonlarından koruyor"
28,negative,Türk kahvesi kaç dakika pişirilmelidir?,2,0.5305848121643066,0.46941518783569336,doc_0151_parent_001_child_004,doc_0151_parent_001,doc_0151,Peynirli Kabak Sandal Tarifi,https://www.memorial.com.tr/saglik-rehberi/peynirli-kabak-sandal-tarifi-blog,"Daha sonra boydan ikiye kesip ortadaki çekirdekli kısmı alın. Fırça yardımı ile zeytinyağı sürüp 15-20 dakika 180 derece önceden ısıtılmış fırında yumuşayana kadar pişirin. Ardından rendelenmiş peynir, dereotu, doğranmış kapya biber ve baharatları karıştırarak elde ettiğiniz harcı kabakların ortasına yerleştirin. 8-10 dakika daha bu şekilde pişirin. Afiyet olsun."
28,negative,Türk kahvesi kaç dakika pişirilmelidir?,3,0.5291762948036194,0.4708237051963806,doc_0472_parent_002_child_002,doc_0472_parent_002,doc_0472,Kafein Nedir? Kafein Nelerde Bulunur?,https://www.memorial.com.tr/saglik-rehberi/kafein-nedir,"Çayda kafein var mı? Sıklıkla tüketilen içecekler arasında yer alan çayda kafein vardır. Klasik bir çay bardağı demleme çayda 40-80 mg kafein bulunur. Kahve içmeden nasıl uyanırım? Gün içerisinde zinde hissetmek, sabahları uyanabilmek için kahve içmek genelde tercih edilenler arasında yer alıyor. Kahve içmeyi sevmeyenler veya kahvenin uyanmak için yeterli bulmayanlar sağlıklı ve doğal yöntemlere başvurulabilir. Bu yöntemlere örnek olarak; - Güneş almak - Duşu soğuk suyla tamamlamak - Sabah ılık su içmek - Portakal suyu tüketmek - Sağlıklı bir kahvaltı yapmak - Egzersiz yapmak - Müzik dinlemek verilebilir. Kafein ne kadar sürede vücuttan atılır? Kafein vücuda alındıktan bir saat sonra en üst seviyeye çıkar. 6 saatin ardından kafeinin yarısı vücuttan atılır. Kafeinin tamamen vücuttan temizlenebilmesi 10 saati bulabilir. Ne kadar kafein fazladır? 1 gram kafein tüketimi baş ağrısı ile birlikte kalp çarpıntısı gibi yan etkilere neden olabilir. 5 gram kafein tüketimi solunum yetmezliğine sebebiyet vererek komaya sürükleyebilir. Günlük 10 gramdan fazla kafein ise ölümcül olabilir. Yetişkinler için güvenli olarak tüketilebilecek kafein miktarının günde 300 mg'ı geçmemesi gerektiği söylenebilir."
28,negative,Türk kahvesi kaç dakika pişirilmelidir?,4,0.5193136930465698,0.4806863069534302,doc_0309_parent_001_child_003,doc_0309_parent_001,doc_0309,"Buzdolabında 9 Kurala Uyun, Sağlığınızdan Olmayın",https://www.memorial.com.tr/saglik-rehberi/buzdolabinda-9-kurala-uyun-sagliginizdan-olmayin,"Dondurucuda esas önemli olan bekleme süreleridir. Besinler dondurulduğunda içeriğindeki bakteriler de dondurulmuş olur. Yani ölmezler. Çözdürme işlemi başladığı andan itibaren de o bakteriler tekrar aktifleşmeye başlar. Bu nedenle besinlerin dondurucuda ne kadar kaldığı çok önemlidir. Çünkü besinlerin yapısı ve dokusu değişmeye başlar. Herhangi bir işleme tabii tutulmayan çiğ sebzeler dondurucuda 1 yıla kadar durabilirken pişirilerek saklanacak sebzeler en fazla 2-3 ay saklanmalıdır. Çözündürdükten sonra ise hemen tüketmek gerekir. Balık 2-3 ay, çiğ et ya da çiğ etten yapılmış kıyma 9-12 ay arasında kalabilmektedir. Pişmiş kırmızı et işlem gördüğü için 2-3 ay kalmalıdır. Tavuk ve hindi eti ise çiğ halinde olsalar bile en fazla 3 ay kadar dondurucuda saklanmalıdır. Etleri suda çözdürenler dikkat! 7. Çözdürme işlemi bir gün önceden buzluktan çıkarılarak soğuk dolapta yani buzdolabında yapılmalıdır. Suyun içerisinde çözdürmek sağlıklı değildir. Dondurucuda donan besinler çözünmenin başlamasıyla birlikte yeniden bozulmaya meyilli hale gelir. Besin zehirlenmesi riski de artar. Bu nedenle özellikle et, tavuk gibi potansiyel riskli besinleri çözdürürken herhangi bir müdahalede bulunmadan buzdolabında çözdürmek önemlidir."
28,negative,Türk kahvesi kaç dakika pişirilmelidir?,5,0.5182509422302246,0.4817490577697754,doc_0354_parent_001_child_003,doc_0354_parent_001,doc_0354,Doğru Koşullarda Hazırlanmayan Turşu Zehirleyebilir,https://www.memorial.com.tr/saglik-rehberi/dogru-kosullarda-hazirlanmayan-tursu-zehirleyebilir,"Sirke oranı ise yaklaşık yüzde 2,5-3 olarak ayarlanmalıdır. Turşu tüketimi sonrası karın ağrısı, bulantı, kusma ve ishale dikkat! Doğru hazırlanmayan turşu tüketimi sonrası nadiren toksin kaynaklı karın ağrısı, bulantı, kusma, ishal gibi klasik besin zehirlenmesi bulguları bildirilmiştir. Tuz ya da sirke oranının doğru ayarlanmamasından dolayı turşularda yumuşama olabilmektedir. Turşunun yumuşaması küflerin çoğaldığının belirtisidir. Bu küfler bağışıklığı baskılanmış hastalarda mantar infeksiyonlarına neden olabilir. Doğru hazırlanmayan turşu tüketimi sonrası nadiren toksin kaynaklı karın ağrısı, bulantı, kusma, ishal gibi klasik besin zehirlenmesi bulguları bildirilmiştir. Tuz ya da sirke oranının doğru ayarlanmamasından dolayı turşularda yumuşama olabilmektedir. Turşunun yumuşaması küflerin çoğaldığının belirtisidir. Bu küfler bağışıklığı baskılanmış hastalarda mantar infeksiyonlarına neden olabilir.Belirtiler başladığında hızlıca en yakın sağlık kuruluşuna başvurarak eksik sıvı-elektrolit dengesinin tamamlanması gerekmektedir. Besin zehirlenmesinde bulantı-kusma olabilir ve kusma refleksi baskılanmaya çalışılmamalıdır. Destek tedavisi uygulanarak kusma ya da ishal ile kaybedilen sıvı ve elektrolitlerin yerine konması sağlanmaktadır."
28,negative,Türk kahvesi kaç dakika pişirilmelidir?,6,0.5131677389144897,0.48683226108551025,doc_0122_parent_002_child_002,doc_0122_parent_002,doc_0122,Tatlı krizine son veren öneriler,https://www.memorial.com.tr/saglik-rehberi/tatli-krizine-son-veren-oneriler,"Tatlı krizini bastıracak yoğurt bar Yapılışı: Tatlı aşkına müsli 500 gram yulaf 1 çay bardağı pekmez, yarım çay bardağı bal 1 çay bardağı kıyılmış çiğ badem 1 su bardağı küçük küçük doğranmış kuru meyve Yapılışı: Pekmez ve balı karıştırıp kısık ateşte beş dakika kaynatın. Yulaf, badem ve kuru meyve karışımını başka bir kapta harmanlayın ve üzerine pekmezli karışımı ekleyip karıştırın. Yağlı kağıtla kapladığınız fırın tepsisine bu malzemeyi yayın. Önceden ısıtılmış fırında 200 derecede 15-20 dakika pişirin. Oda ısısında soğuttuğunuz karışımı elinizle ufak parçalar halinde ufalayın, ağzı kapalı cam bir kavanozda saklayın. Sonrasında ister sütle, ister yoğurtla tüketin. Tatlı aşkına müsli Yapılışı:"
28,negative,Türk kahvesi kaç dakika pişirilmelidir?,7,0.4921550154685974,0.5078449845314026,doc_0472_parent_002_child_003,doc_0472_parent_002,doc_0472,Kafein Nedir? Kafein Nelerde Bulunur?,https://www.memorial.com.tr/saglik-rehberi/kafein-nedir,"Yetişkinler için güvenli olarak tüketilebilecek kafein miktarının günde 300 mg'ı geçmemesi gerektiği söylenebilir. Kafeinsiz kahve işe yarar mı? Kafeinsiz kahvelerin içerisinde yok denecek kadar az miktarda kafein bulunur. Kafein miktarı oldukça az olduğu için kahvenin uyarıcı görevi kafeinli kahveye göre çok daha azdır. Ancak kafeinsiz kahve, kafeinli kahve kadar faydalıdır."
28,negative,Türk kahvesi kaç dakika pişirilmelidir?,8,0.48078370094299316,0.5192162990570068,doc_0122_parent_002_child_001,doc_0122_parent_002,doc_0122,Tatlı krizine son veren öneriler,https://www.memorial.com.tr/saglik-rehberi/tatli-krizine-son-veren-oneriler,"Destek şart: - Önce gözünüz doymalı: Görsel algının, tat duygusunu geliştirdiği bilinmektedir. Bu nedenle evde hazırlanabilecek sağlıklı ve güzel görünen tariflerle tatlı isteği bastırılabilir. Önce gözünüz doymalı: Tatlı krizini bastıracak yoğurt bar 250 gram yoğurt 5 yemek kaşığı bal Yarım su bardağı kırmızı meyve- Böğürtlen, yaban mersini veya frambuaz 4 yemek kaşığı yulaf ezmesi 2 yemek kaşığı antep fıstığı içi- İri kıyılmış ve tuzsuz olmalı Yapılışı: Yoğurt ve balı karıştırın. Bu karışımı pişirme kağıdı serdiğiniz 20*30 cm’lik düz tepsiye yayın. Üzerine yulaf, meyve ve antep fıstıklarını serpin. Karışımı 5 saat derin dondurucuda bekletin. Yeterince donduktan sonra keskin bir bıçak yardımıyla üçgen şeklinde kesip, bekletmeden tüketin. Tatlı krizini bastıracak yoğurt bar Yapılışı: Tatlı aşkına müsli 500 gram yulaf 1 çay bardağı pekmez, yarım çay bardağı bal 1 çay bardağı kıyılmış çiğ badem 1 su bardağı küçük küçük doğranmış kuru meyve Yapılışı: Pekmez ve balı karıştırıp kısık ateşte beş dakika kaynatın."
28,negative,Türk kahvesi kaç dakika pişirilmelidir?,9,0.48065173625946045,0.5193482637405396,doc_0206_parent_002_child_004,doc_0206_parent_002,doc_0206,Reçetesiz antibiyotik sarımsağı tüketirken dikkat,https://www.memorial.com.tr/saglik-rehberi/recetesiz-antibiyotik-sarimsagi-tuketirken-dikkat,"Çoğu zaman süt, zencefil, limon suyu ve nane şekeri en azından bir süreliğine sarımsak kokusunu bastırmaktadır. Sarımsak kış aylarında kilerde ya da kapalı balkonlarda, yazın ise buzdolabının sebze bölmesinde serin ve kuru bir ortamda tutulmalıdır. Bir yumru açıldıktan sonra kurumaması için 10 gün içinde tüketilmelidir. Çünkü temel olarak, ne kadar taze ve sulu olursa o kadar iyidir. Bir başka iyi saklama seçeneği de sarımsağı kavanoz içerisinde yağda bekletmektir."
28,negative,Türk kahvesi kaç dakika pişirilmelidir?,10,0.47341614961624146,0.5265838503837585,doc_0354_parent_001_child_002,doc_0354_parent_001,doc_0354,Doğru Koşullarda Hazırlanmayan Turşu Zehirleyebilir,https://www.memorial.com.tr/saglik-rehberi/dogru-kosullarda-hazirlanmayan-tursu-zehirleyebilir,"- Bağışıklık sistemi baskılanmış hastalar için riskli - Doğru turşu ishal ve bağırsak infeksiyonlarından koruyor Tuz-su oranı çok önemli Turşuya eklenecek sebze ve meyveler çok iyi yıkanmalıdır. İyi yıkanmadığı takdirde vücut için zararlı bakteriler tuzlu ve asidik ortamda ölse dahi toksinlerden kaynaklanan besin zehirlenmeleri yaşanabilmektedir. Bu nedenle turşunun hijyenik koşullarda hazırlanması önem taşımaktadır. Bir diğer önemli husus ise vücut için faydalı bakteri ve küflerin çoğalıp etkin mayalanmanın sağlanabileceği tuz/su oranının yüzde 5-8 aralığında olmasıdır. Örneğin yüzde 7 oranında karışım hazırlanmak isteniyorsa 1 litre su için 70 gram tuz kullanılmalıdır. Sirke oranı ise yaklaşık yüzde 2,5-3 olarak ayarlanmalıdır. Turşuya eklenecek sebze ve meyveler çok iyi yıkanmalıdır. İyi yıkanmadığı takdirde vücut için zararlı bakteriler tuzlu ve asidik ortamda ölse dahi toksinlerden kaynaklanan besin zehirlenmeleri yaşanabilmektedir. Bu nedenle turşunun hijyenik koşullarda hazırlanması önem taşımaktadır. Bir diğer önemli husus ise vücut için faydalı bakteri ve küflerin çoğalıp etkin mayalanmanın sağlanabileceği tuz/su oranının yüzde 5-8 aralığında olmasıdır. Örneğin yüzde 7 oranında karışım hazırlanmak isteniyorsa 1 litre su için 70 gram tuz kullanılmalıdır. Sirke oranı ise yaklaşık yüzde 2,5-3 olarak ayarlanmalıdır."
29,negative,Dünya'nın Güneş etrafındaki bir turu kaç gün sürer?,1,0.43119102716445923,0.5688089728355408,doc_0350_parent_001_child_005,doc_0350_parent_001,doc_0350,Göz altı Işık Dolgusu Nedir? Göz altı Işık Dolgusu Nasıl Yapılır​?,https://www.memorial.com.tr/tedavi-yontemleri/gozalti-isik-dolgusu,"- Gerektiği durumda dolgu miktarı eklenerek simetrik bir görünüm sağlanabilir. - Göz altı ışık dolgusu genellikle 15-30 dakika arasında yapılabilir - İşlem sonrasında hafif şişlik, morarma veya kızarıklık görülmesi normaldir. Bu görülen durumlar birkaç gün içerisinde geçer - Uygulama sonrası tedavi edilen bölgeyi ovuşturmaktan kaçınmak, aşırı sıcak ortamlar veya aşırı egzersizden uzak durmak önemlidir - İşlem sonrasında göz altı bölgesindeki kararmalar azalır, çökükler düzelir ve bölge daha aydınlık bir görüntüye ulaşır Göz altı Işık dolgusunun etkisi ne kadar sürer?"
29,negative,Dünya'nın Güneş etrafındaki bir turu kaç gün sürer?,2,0.43017327785491943,0.5698267221450806,doc_0027_parent_002_child_001,doc_0027_parent_002,doc_0027,Işın Tedavisi (Radyoterapi) Nedir? Işın Tedavisi Nasıl Yapılır?,https://www.memorial.com.tr/tedavi-yontemleri/isin-tedavisi-radyoterapi,"Işın tedavisi (radyoterapi) kanserin hangi evresinde uygulanır? Işın tedavisi (radyoterapi) tümör barındıran tüm organ hastalıklarında teşhis döneminden başlayarak son evresine kadar uygulanabilir. Işın tedavisi (radyoterapi) kaç seans olur? Bu süreç kanserin evresi ve mevcut koşullara olarak bağlı değişmektedir. Uzman hekimlerin idaresinde kararlar verilerek yürütülen bu süreç genellikle 10 ila 40 gün arasında belirli radyoterapi dozlarının küçük parçalara bölünerek her gün (hafta sonları hariç) verilmesi ile tamamlanmaktadır. Işın tedavisi (radyoterapi) ne kadar sürer? Radyoterapi bölge tedavisi ve hastalığın evresine bağlı olarak değişmekle birlikte, her gün yaklaşık 10-20 dakika süren bir tedavidir. Işın tedavisi (radyoterapi) sırasında ağrı hissedilir mi? Işın tedavisi (radyoterapi) esnasında herhangi bir ağrı, sızı hissedilmemektedir. Işın tedavisi gözle görülmemektedir. Görülmeyeceği gibi tat, koku veya işitme gerçekleşmemektedir. Işın tedavisi (radyoterapi) ne zaman sonuç verir? Işın tedavisinin genellikle çok hızlı ve ani sonuç vermesi beklenemez. Işın tedavisi kanserli hücre odaklarını hemen öldürmez. Kanserli hücrelerin ölmesi; gün, hafta ya da aylarla ifade edilebilmektedir. Hatta ışın tedavisi (radyoterapi) bittikten sonra da bu hücreler ölmeye devam eder."
29,negative,Dünya'nın Güneş etrafındaki bir turu kaç gün sürer?,3,0.4265866279602051,0.5734133720397949,doc_0116_parent_002_child_002,doc_0116_parent_002,doc_0116,PUVA tedavi yöntemi nedir?,https://www.memorial.com.tr/tedavi-yontemleri/puva-tedavi-yontemi-nedir,"dar-bant UVB tedavisinin PUVA tedavisinden farkı nedir? Dar-bant UVB ve PUVA fototerapi yöntemlerindendir. Dar-bant UVB tedavisi ile 311 nm dalga boyunda suni güneş ışığı da son yıllarda sedef hastalığı, atopik egzama gibi deri hastalıklarının tedavisinde güvenli ve etkili bir biçimde kullanılmaya başlanmıştır. sedef hastalığı, atopik egzama Bu tedavide ağızdan bir ilaç gerekmemesi, gebelik, emzirme, karaciğer ve böbrek hastalarının da kullanabilmesi, çocuklarda güvenli olması, tedavi sonrası göz korumasının gerekli olmaması, ucuz olması, deri kanseri riski nin daha az olması ve hastaneye yatış gerektirmemesi sebebiyle giderek hekimler tarafından tercih edilir olmuştur. deri kanseri riski PUVA tedavisi seansları ne kadar sürer? Haftalık 2-4 seans olarak başlanan PUVA tedavi yönteminde ortalama tedavi süresi genellikle 2-3 ay sürer. Yaklaşık 15-20 tedavi seansından sonra hastanın cilt hastalığında önemli bir iyileşme olması beklenebilir. Bir sorun olmadığı sürece, hastaya uygulanan doz, her seansta uygun şekilde artırılır. Yaklaşık 30 seanstan sonra tedavilere devam edilip edilmeyeceğine karar verilir. 30 seanstan sonra Tedavi süresince herhangi bir ilaç kullanılabilir mi? Kullanılan bazı ilaçlar derinin ışığa olan hassasiyetinde artışa ve kolay kızarmasına neden olabilmektedir."
29,negative,Dünya'nın Güneş etrafındaki bir turu kaç gün sürer?,4,0.3996847867965698,0.6003152132034302,doc_0241_parent_002_child_002,doc_0241_parent_002,doc_0241,Jawline (Çene) Dolgusu Nedir? Nasıl Uygulanır?,https://www.memorial.com.tr/tedavi-yontemleri/jawline-cene-dolgusu,"Enjekte edilen dolgu maddesi, hyaluronik asit ise kalıcılığı ortalama olarak 1-2 yıl sürmektedir. Çene dolgusu kimlere yapılmamalıdır? Enfeksiyona sahip olan, HPV virüsü taşıyan, lupus veya skleroderma gibi bağ dokusu hastalıkları bulunan ve kontrolsüz diyabeti olan kişilere çene dolgusu yapılması önerilmemektedir. Çene dolgusu işlemi ne kadar sürer? Jawline dolgusu, uygulama yapılacak olan bölgeye göre seansı da farklı olabilir. İşlem uygulandıktan sonraki muayenede düzeltmeler de yapılabilir. Çene dolgusu ortalama olarak 20 dakika sürer. Öncesinde de 15 dakikalık bir kremin uyuşma süresi olabilmektedir."
29,negative,Dünya'nın Güneş etrafındaki bir turu kaç gün sürer?,5,0.3931151032447815,0.6068848967552185,doc_0350_parent_003_child_002,doc_0350_parent_003,doc_0350,Göz altı Işık Dolgusu Nedir? Göz altı Işık Dolgusu Nasıl Yapılır​?,https://www.memorial.com.tr/tedavi-yontemleri/gozalti-isik-dolgusu,"Ancak alerjik reaksiyon gösterebilecek olan hastaların uzmanlar eşliğinde değerlendirilerek işleme başlaması önerilmektedir. Göz altı Işık Dolgusu Hakkında Sık Sorulan Sorular Göz altı ışık dolgusu sonrasında yüz yıkanabilir mi? En çok sorulan sorular arasında göz altı ışık dolgusu sonrasında yüz yıkanabilir mi sorusu yer almaktadır. Göz altı ışık dolgusu işleminden yarım saat sonra yüz yıkanabilmektedir. Yüzde kızarıklık, morluk veya şişlik oluşması yıkama için bir engel oluşturmamaktadır. Göz altı dolgusu göze zarar verir mi? Göz altı ışık dolgusunun göze veya göz çevresine zararı bulunmamaktadır. İşlem sonrası şişme, kızarıklık veya geçici morluk ortaya çıkabilmektedir. Ancak işlemden sonraki sürede bu yan etkiler de kendiliğinden 3-5 gün içinde geçmektedir. Ancak alerjik reaksiyon gösterebilecek olan hastaların uzmanlar eşliğinde değerlendirilerek işleme başlaması önerilmektedir. Göz altı ışık dolgusu uygulaması tüm cilt tiplerine uygun mu? Göz altı ışık dolgusu işlemi, her cilt tipine uygun olabilir. Fakat hassas cilde sahip olan kişilerde işlem sonrasında morarma ya da şişlik gelişebilir. Göz altı oluşan morarma ya da sarkma problemleri ne kadar şiddetli ise dolgu malzemesi de ona göre seçilir ve uygulanabilir. Göz altı ışık dolgusu kaç yıl gider? Göz altı ışık dolgusunun 1 yıl kadar kalıcılığı olabilmektedir. Hastanın deri yapısı veya ten rengine göre kalıcılık değişkenlik gösterebilmektedir."
29,negative,Dünya'nın Güneş etrafındaki bir turu kaç gün sürer?,6,0.3819648027420044,0.6180351972579956,doc_0105_parent_002_child_003,doc_0105_parent_002,doc_0105,Protetik Diş Tedavisi Nedir? Nasıl Yapılır?,https://www.memorial.com.tr/saglik-rehberi/protetik-dis-tedavisi,"Böylece, kişiye özel materyal ve tedavi şeklini kapsar. Protez dişlerin ömrü ne kadardır? Materyal ve bakıma göre değişkenlik gösterse de uzmanlar 5 yılda bir değiştirilmesini önerir. Protetik ve protez aynı şey mi? Protetik tüm işlemi kapsar, protez ise malzemeyi değerlendirir. Protetik diş tedavisi neye bakar? Mine ve yardımcı dokuların işlevi ve estetiğinin sağlanmasına olanak tanır. Protetik diş tedavisi ne kadar sürer? Protetik diş tedavisi süresi kişiden kişiye değişkenlik gösterir. Öncelikle, diş çekimi olacaksa doku ve boşluk alanın 2-3 ay gibi bir sürede sürece hazırlanması sağlanır. Sonrasında protez uygulaması ölçü ve prova ile beraber ortalama 4 seansta gerçekleştirilir. Bu süre genel anlamda 2-3 haftadır."
29,negative,Dünya'nın Güneş etrafındaki bir turu kaç gün sürer?,7,0.37918996810913086,0.6208100318908691,doc_0493_parent_001_child_004,doc_0493_parent_001,doc_0493,Sağlıklı Beslenin Selülitten Kurtulun,https://www.memorial.com.tr/saglik-rehberi/saglikli-beslenin-selulitsiz-bir-vucuda-kavusun,"İdeal olan bu miktarı yavaş yavaş artırarak günde 45 dakika - 1 saate ulaştırmaktır. - Yeterli ve Dengeli Beslenme” bir “puzzle” gibidir. Hiç bir öneri mucize yaratamaz. Dengeli beslenme için önemli olan tüm noktalar, puzzle için önemli parçalardır… Bunları uygulayabilmek ve kendinizi kontrol edebilmek için bir beslenme ve egzersiz günlüğü tutun. Yaptığınız küçük değişikliklerin başarılı sonuçlarını mutlaka takip edin…"
29,negative,Dünya'nın Güneş etrafındaki bir turu kaç gün sürer?,8,0.37786203622817993,0.6221379637718201,doc_0350_parent_001_child_004,doc_0350_parent_001,doc_0350,Göz altı Işık Dolgusu Nedir? Göz altı Işık Dolgusu Nasıl Yapılır​?,https://www.memorial.com.tr/tedavi-yontemleri/gozalti-isik-dolgusu,"İşlemden önce göz çevresine lokal anestezi veya topikal anestezik kremler kullanılarak sürecin daha konforlu olması sağlanabilirken, göz çevresi özel bir tonik ile silinmekte ve böylelikle göz ile göz çevresi makyaj veya herhangi bir kir olması durumunda arındırılmaktadır. Sonrasında, gereken tüm ufak dokunuşlarla dolgu işlemine başlanılır. Dolgu işlemi uygulanırken bölgeye yavaş bir şekilde ışık dolgusu verilir ve bu işlem süresi genellikle 15-30 dakika arasında değişmektedir. Göz altı ışık dolgusu 2 hafta içinde tamamen iyileşmektedir. Göz altı ışık dolgusu yapılırken şu aşamalar uygulanır: - İşlem öncesinde doktor kişinin göz altını değerlendirir. Bu noktada koyu halkalar, çökükler veya yaşa bağlı değişiklikler incelenir. - Kişinin alerjileri veya sağlık sorunları olup olmadığı konuşulur - Hangi bölgelerin tedavi edileceği planlanır - Uygulama yapılacak bölge, hijyenik bir şekilde temizlenir - Göz altı bölgesinin daha rahat bir şekilde tedavi edilebilmesi için, genellikle anestetik krem sürülür. - Dolgu maddesi, ince bir iğne yardımıyla göz altına dikkatlice enjekte edilir. - Dolgu, genellikle hyaluronik asit içerir. Bu dolgu göz altında yer alan çökük alanlara ve mor halkaların bulunduğu bölgelere enjekte edilir. - Uygulama sonrası doktor, dolgunun homojen bir şekilde dağılması için göz altı bölgesine nazikçe masaj yapabilir. - Gerektiği durumda dolgu miktarı eklenerek simetrik bir görünüm sağlanabilir."
29,negative,Dünya'nın Güneş etrafındaki bir turu kaç gün sürer?,9,0.3694511651992798,0.6305488348007202,doc_0143_parent_001_child_003,doc_0143_parent_001,doc_0143,Güneşin Cilt Kanserine Neden Olan Etkilerinden Korunun,https://www.memorial.com.tr/saglik-rehberi/gunesin-cilt-kanserine-neden-olan-etkilerinden-korunun,"Ancak güneş koruyucuların etkinlik süresi en fazla 4 saat olmaktadır. Bu sebeple 30 faktör üzeri korumaya sahip kremlerin 4 saatte bir yenilenmesi gerekmektedir. İyileşmeyen yara şüphe uyandırmalı! Deri kanserleri kendilerini genellikle cilt yüzeyinde kabarma şeklinde göstermektedir. En sık karşılaşılan bazal hücreli karsinoma denilen kanser türü, bir sivilce gibi başlar. Ardından o sivilce bir yara haline gelir, kabuklanır ve bir türlü iyileşmez. İnsanların, son dönemlerde vücutlarında gözlemledikleri hızlıca büyüyen, iyileşmeyen bir yara ya da kabartı benzeri bir oluşumlar varsa melanom olmayan deri kanserinden şüphelenilebilir. 50’den fazla beni olanlar dikkat! Hayati risk taşıyan melanom ise genellikle kendini kahverengi ya da siyah bir ben şeklinde gösterirken, çok nadiren var olan benlerin üzerinden de gelişim gösterebilmektedir. Bununla birlikte vücudumuzdaki bazı benlerin melanoma dönme riski de bulunmaktadır. Bu sebeple kişiler vücutlarını çok dikkatli incelemelidir. Özellikle 50 ‘den fazla beni olanların mutlaka dermatoloji uzmanı tarafından görülmesi ve bu benlerin “Dermoskop” cihazıyla incelenip kayıt altına alınması gerekmektedir. Melanom ağız içinde hatta bağırsakta bile görülebilir Deri kanserleri en sık güneşe maruz kalan bölgeler olan baş ve boyun kısmında görülmektedir. Hayati riske yol açan melanom ise kadınlarda en çok bacakta, erkeklerde ise sırtta görülmektedir. Ancak melanom her zaman güneşle alakalı olmamaktadır."
29,negative,Dünya'nın Güneş etrafındaki bir turu kaç gün sürer?,10,0.36638474464416504,0.633615255355835,doc_0252_parent_001_child_001,doc_0252_parent_001,doc_0252,Güneş Banyosunun Hemen Ardından Duş Almayın,https://www.memorial.com.tr/saglik-rehberi/gunes-banyosunun-hemen-ardindan-dus-almayin,"Güneşin kendisini iyice hissettirdiği yaz günlerinde güneşten doğru faydalanmak önemli konuların başında geliyor. D vitamini için en önemli kaynak olan güneşin altında uzun saatler kalmak hem cilt yaşlanmasını hem de cilt kanserini tetikleyebiliyor. D vitamini salınımı için dikkat edilmesi gereken konuların başında ise güneşlendikten sonra en az 1-2 saat duş almamak geliyor. Memorial Ataşehir Dermatoloji Bölümü Uzmanları, yaz aylarında güneşten doğru faydalanmak için yapılması gerekenler hakkında bilgi verdi. - Güneş cildimizi yaşlandırıyor - Bronzlaşmak için güneşlenmeyin - Güneş sonrası duş D vitamininden faydalanmanızı önler - Güneşlenirken bunlara dikkat edin Güneş cildimizi yaşlandırıyor Yazın kendini iyice hissettirmesiyle birlikte ister istemez herkes bir şekilde güneşe maruz kalmaktadır. Bu aylarda özellikle güneşin kendisini fazlasıyla hissettirdiği 10.00 -16.00 saatleri arasında daha dikkatli olunmalıdır. Güneşin başta D vitamini sentezi ve psikoloji üzerinde olumlu yanlarının yanında zararlı etkileri de bulunmaktadır. Özellikle kümülatif olarak değerlendirilen uzun süreli güneş maruziyeti hem cilt kanseri hem de cilt yaşlanması için risk oluşturmaktadır. Çocukluk çağından itibaren ciddi şekilde güneşe maruz kalan kişilerde bu riskler daha da artmaktadır. Uzun süreli ve yıllar boyunca güneşlenen kişi deri kanseri olmasa bile kesinlikle leke, damarlanma artışı ve kurulukla birlikte cilt yaşlanması yaşamaktadır."
30,negative,SQL'de iki tablo nasıl JOIN edilir?,1,0.2719516158103943,0.7280483841896057,doc_0428_parent_001_child_001,doc_0428_parent_001,doc_0428,Diplopi (Çift Görme) Nedir? Diplopi Neden Olur?,https://www.memorial.com.tr/saglik-rehberi/diplopi-nedir,"Çift görme olarak da tabir edilen diplopi, tek bir nesneye bakıldığında onun yatay, dikey veya bitişik şekilde iki görüntüsünü görme durumudur. Diplopi olan kişiler bir nesneyi, eşyayı veya bazen de kişiyi çift görürler. Bu çift görme durumu genellikle bulanık görüş ile karıştırılır. Çift görülen nesnelerden birinin daha net diğerinin ise hayali bir his yarattığı diplopi, altta yatan nedenlere bağlı olarak meydana gelir. Nesneleri veya herhangi bir şeyi çift görmeye başladığınız an doktora danışmanız tavsiye edilir ancak diplopi durumu çoğunlukla kısa süre içinde geçebilen bir problemdir. Diplopi (Çift Görme) Nedir? Diplopi, çift görme sorunu olup, bir tane olarak görülmesi gereken herhangi bir görüntünün birbirine bitişik biçimde yatay, dikey veya çapraz olarak görülmesidir. Bu birleşen iki görüntü yan yana veya üst üste gelebilir. Diplopi olan bireyler, baktıkları nesne, eşya ve kişileri yatay, dikey veya bitişik bir şekilde algılar. Meydana gelen bu görüntü aslında hayali bir görüntüdür ve genellikle bulanık görme ile karıştırılır. Hayali görüntü olmasının sebebi görüş açısındaki nesnelerden birinin net diğerinin daha silik bir his vermesidir."
30,negative,SQL'de iki tablo nasıl JOIN edilir?,2,0.2716144919395447,0.7283855080604553,doc_0110_parent_001_child_001,doc_0110_parent_001,doc_0110,Kaval Kemiği Nerededir? Kaval Kemiği Ağrısı Neden Olur?,https://www.memorial.com.tr/saglik-rehberi/kaval-kemigi,"Kaval kemiği, alt bacaktaki iki kemikten daha büyük, daha güçlü ve önde olandır. Dizi, ayak bileğine bağlayan, bacağın iç tarafında bulunan kaval kemiği, vücudun ağırlığının önemli bir bölümünü diğer ikinci kemik olan baldır kemiğinin de desteğiyle taşıyan kemiktir. Ayakta durmayı, hareket etmeyi, vücut ağırlığını desteklemeyi, diz ve ayak bileği kasları ile tendonları ve bağları vücudun geri kalanı ile bağlamayı sağlar. Bu bölgede yaşanan ağrılar kaval kemiği oalrak adlandırılır. Kaval Kemiği Nedir? Kaval kemiği, dizi ve ayak eklemini birbirine bağlayan vücudun en büyük ikinci kemiğidir. Baldır kemiği ile birlikte bacağı oluşturan iki kemikten biri olan kaval kemiği, diz ile ayak bileği arasındaki alt bacakta yer alır. Kaval kemiği, üstte diz ekleminin alt yarısını, altta ise ayak bileğinin iç çıkıntısını oluşturur. Diz ve ayak bileği eklemlerini birbirine bağlayan kaval kemiği vücudun ikinci büyük kemiğidir. Diz ile ayak bileği arasındaki alt bacakta meydana gelen ağrılar kaval kemiği ağrısı adını alır. Kaval kemiği ağrısı genellikle kaval kemiğinin (tibia) etrafındaki kas, tendon ve dokuların iltihaplanmasıyla oluşur."
30,negative,SQL'de iki tablo nasıl JOIN edilir?,3,0.2560122013092041,0.7439877986907959,doc_0433_parent_002_child_002,doc_0433_parent_002,doc_0433,Kükürt Nedir? Kükürt İçeren Besinler Nelerdir?,https://www.memorial.com.tr/saglik-rehberi/kukurt-iceren-besinler-nelerdir,"Cildin matlaşmasında etkili olarak yağlanmayı azaltır. Bu nedenle genellikle kükürt sabunu, özellikle yağlı ve problemli ciltler için önerilir. Sülfür ve kükürt aynı şey mi? Sülfür ve kükürt aynı şey olarak bilinir. Kükürtün latince kökenli adı sülfürdür. Bu nedenle kimyasal sembolü S olan bu element, sağlık, sanayi ve kozmetik gibi birçok alanda bu şekilde kullanılarak yararlanılır. Kükürt nerede bulunur? Kükürt, doğal kaynaklarda ve bazı gıdalarda bulunur. Sarımsak, soğan, brokoli, lahana, karnabahar ve turp gibi sebzelerde yer alan kükürt hayvansal gıdaların bazılarında ve kuruyemişlerde de yer alır."
30,negative,SQL'de iki tablo nasıl JOIN edilir?,4,0.25595080852508545,0.7440491914749146,doc_0192_parent_001_child_001,doc_0192_parent_001,doc_0192,Antibiyotik Nedir? Antibiyotik Ne İşe Yarar?,https://www.memorial.com.tr/saglik-rehberi/antibiyotikler-doktor-kontrolunde-kullanilmali,"Antibiyotikler, bakterileri öldüren ya da bakterilerin üremesini veya büyümesini durduran antimikrobiyal ilaç grubudur. Antibiyotikler, hastalık sürecinde bakterilerdeki hayati süreçleri bloke edip, öldürürek veya yayılmasını durdurarak vücudun doğal bağışıklık sisteminin enfeksiyonla savaşmasına yardım eder. Antibiyotik Nedir? Antibiyotikler, bakteriyel enfeksiyonlarla savaşarak, bakteriyel enfeksiyonları ve bunlara bağlı gelişen hastalıkları tedavi eden antimikrobiyal ilaç grubudur. Antibiyotikler bakterileri öldürür veya çoğalmalarını durdururlar. Özellikle bakterilerin çoğalmak için ihtiyaç duydukları proteinleri üretmelerini engellemeleri antibiyotiğin ne işe yaradığının cevabıdır. Antibiyotikler boğaz ağrısı ve idrar yolu enfeksiyonları başta olmak üzere enfeksiyona bağlı birçok hastalıkta devreye girer. Ancak antibiyotikler yalnızca bakterilerin neden olduğu enfeksiyonların önlenmesinde etkilidir. Virüslerin neden olduğu enfeksiyonlar için doğru bir tedavi değildir. Antibiyotik Formları Nelerdir? Bakterilerle savaşma konusunda etkili bir ilaç grubu olan antibiyotikler hap, enjeksiyon veya topikal şekilde kullanılır. Bunlar şu şekilde açıklanabilir: Antibiyotik hapları Tablet veya kapsül şeklinde olan antibiyotik hapları, mevcut hastalığın şiddetine göre tedavi amaçlı kullanılır. Antibiyotik enjeksiyonları Ciddi ve tehlike arz eden enfeksiyonlarda damar yoluyla antibiyotik enjeksiyonları tercih edilebilir."
30,negative,SQL'de iki tablo nasıl JOIN edilir?,5,0.25595080852508545,0.7440491914749146,doc_0315_parent_001_child_001,doc_0315_parent_001,doc_0315,Antibiyotik Nedir? Antibiyotik Ne İşe Yarar?,https://www.memorial.com.tr/saglik-rehberi/antibiyotik-nedir,"Antibiyotikler, bakterileri öldüren ya da bakterilerin üremesini veya büyümesini durduran antimikrobiyal ilaç grubudur. Antibiyotikler, hastalık sürecinde bakterilerdeki hayati süreçleri bloke edip, öldürürek veya yayılmasını durdurarak vücudun doğal bağışıklık sisteminin enfeksiyonla savaşmasına yardım eder. Antibiyotik Nedir? Antibiyotikler, bakteriyel enfeksiyonlarla savaşarak, bakteriyel enfeksiyonları ve bunlara bağlı gelişen hastalıkları tedavi eden antimikrobiyal ilaç grubudur. Antibiyotikler bakterileri öldürür veya çoğalmalarını durdururlar. Özellikle bakterilerin çoğalmak için ihtiyaç duydukları proteinleri üretmelerini engellemeleri antibiyotiğin ne işe yaradığının cevabıdır. Antibiyotikler boğaz ağrısı ve idrar yolu enfeksiyonları başta olmak üzere enfeksiyona bağlı birçok hastalıkta devreye girer. Ancak antibiyotikler yalnızca bakterilerin neden olduğu enfeksiyonların önlenmesinde etkilidir. Virüslerin neden olduğu enfeksiyonlar için doğru bir tedavi değildir. Antibiyotik Formları Nelerdir? Bakterilerle savaşma konusunda etkili bir ilaç grubu olan antibiyotikler hap, enjeksiyon veya topikal şekilde kullanılır. Bunlar şu şekilde açıklanabilir: Antibiyotik hapları Tablet veya kapsül şeklinde olan antibiyotik hapları, mevcut hastalığın şiddetine göre tedavi amaçlı kullanılır. Antibiyotik enjeksiyonları Ciddi ve tehlike arz eden enfeksiyonlarda damar yoluyla antibiyotik enjeksiyonları tercih edilebilir."
30,negative,SQL'de iki tablo nasıl JOIN edilir?,6,0.2555112838745117,0.7444887161254883,doc_0225_parent_001_child_002,doc_0225_parent_001,doc_0225,Kalp Romatizması Her Yaşta Kalbi Vurabilir,https://www.memorial.com.tr/saglik-rehberi/bogaz-enfeksiyonlari-kalbi-vuruyor,"Oldukça ağrılı seyreden bu eklem tutulması tablosu genellikle hastalık kalıntısı bırakmadan iyileşir. Daha az görülen diğer bulgular ise kalbin etkilendiği göğüs ağrısı, nefes darlığı ve çarpıntı gibi şikayetler ile kendini gösteren kardit tablosu, geç dönemde görülen beyin ve santral sinir sisteminin etkilenmesi ile oluşan (korea) tablolar ve bazı cilt bulguları (eritemamarginatum ve subkutan nodüller) tablolardır. Her ne kadar eklemlerin etkilenmesi ile oluşan artrit vücutta hasar bırakmadan iyileşiyor olsa bile, kalp ve beyin tutulması sonrası kalıcı hasar görülebilir. Akut romatizmal ateş genç yaşta da ortaya çıkabilir Kalp tutulumu tüm akut romatizmal ateş geçiren hastaların %50 kadarında görülür ve kalp tutulumu gelişen hastaların da yaklaşık olarak %70’inde ileriki yıllarda daha belirginleşerek kalp kapak hasarları ortaya çıkar. Enfeksiyonun görülme yaşları genellikle çocukluk dönemidir (5-15 yaşları arasında). Erken dönemdeki sıkıntılar geçtikten sonra hastaların uzun bir süre herhangi bir şikayeti olmaz. Kapak harabiyetine bağlı nefes darlığı, çabuk yorulma çarpıntı gibi şikayetler orta yaşlarda ortaya çıkmaya başlar. Buradan da anlaşılacağı gibi bu hastalık oldukça yavaş ilerleyen bir karaktere sahiptir. Ancak sık tekrarlayan boğaz enfeksiyonu atakları hastalığın seyrini hızlandırıp daha erken yaşlarda şikayetlerin ortaya çıkmasına sebep olabilir."
30,negative,SQL'de iki tablo nasıl JOIN edilir?,7,0.25466054677963257,0.7453394532203674,doc_0382_parent_001_child_005,doc_0382_parent_001,doc_0382,Kardiyojenik Şok Nedir? Kardiyojenik Şok Tedavisi,https://www.memorial.com.tr/saglik-rehberi/kardiyojenik-sok,Kardiyojenik şok ve septik şok arasındaki fark nedir? Her ikisi de şok biçimi de organların ve dokuların ihtiyaç duyduğu oksijeni vücuda alamazlar. Fakat genellikle kalp krizleri kardiyojenik şoka neden olurken enfeksiyonlar septik şoka sebebiyet verir. Kardiyojenik şokta ne yapılır? Kardiyojenik şok durumu görüldüğü anda hava yolunun açık kalması gerekir. Bu durum yeterli olmazsa kişiye nazal oksijen sağlanır.
30,negative,SQL'de iki tablo nasıl JOIN edilir?,8,0.2541179060935974,0.7458820939064026,doc_0212_parent_001_child_003,doc_0212_parent_001,doc_0212,Kilo Verememenize Neden Olan 6 Hata,https://www.memorial.com.tr/saglik-rehberi/kilo-verememenize-neden-olan-6-hata,"Vücut ağırlığının azalmasına yönelik olacağı düşünülen bu iki besinin birlikte tüketildiğinde tolerans sağlayacağı bilgisi yanlıştır. Vücut hiçbir besinin belirli öğelerini yakıp belirli öğelerini atık olarak kullanmaz. Ayrıca süt ve süt grubunu karbonhidrat grubu içeren bir besin öğesiyle birlikte tükettiğimizde bölgesel zayıflamaya yardımcı olduğu pek çok çalışmada karşımıza çıkmaktadır. Dolayısıyla vücuda gerekli enerjiyi sağlarken, vitamin ve minerallerin yeterli miktarda alınması için bu iki grup birlikte tüketilebilir ve ağırlık kaybı sağlanabilir. Yalnızca protein ağırlıklı beslenmek kan şekeri dengemizi bozar ve insülin salgımızda istenmeyen tablolar yaratabilir, aşırı alınması vücuda gereğinden fazla kan pompalanmasına neden olarak kalp sorunları oluşturabilir, yalnızca karbonhidrat ağırlıklı beslenmek ise kas kayıpları, doku bütünlüğünün bozulması, bağışıklık sisteminin çökmesi ve sahip olduğumuz kronik hastalıkların ilerlemesi sorunlarını beraberinde getirir. 4- “Ekmek ve Pilav Kesinlikle Kilo Verdirir” Sağlıklı zayıflamada esas olan vücut dengesini bozmadan ve yağ dokusundan belirli oranlarda zayıflamak olmalıdır. Ancak günlük alınması gereken besin grupları beslenme listesinden çıkarıldığında vücutta oluşan açlık doğru dokulardan sağlanamayabilir. Doğru olan her bir besin grubunun belirli oranlarda tüketilmesi ve egzersizle birlikte yakılmaya çalışılmasıdır."
30,negative,SQL'de iki tablo nasıl JOIN edilir?,9,0.25361961126327515,0.7463803887367249,doc_0343_parent_001_child_002,doc_0343_parent_001,doc_0343,Kolon Kanserinde Patolojinin Önemi,https://www.memorial.com.tr/saglik-rehberi/kolon-kanserinde-patolojinin-onemi,"İnce bağırsağın son kısmı olan ileumdan itibaren, çekum, çıkan kolon, transvers kolon, inen kolon, sigmoid kolon ve rektum adı verilen bölümlerden oluşur. Rektumdan sonra anal kanal ve anüs adı verilen yapılar ile sonlanır. Karın boşluğunun sağ alt köşesinden başlayarak önce karaciğere doğru, sonra yatay biçimde dalağa doğru, en sonunda da aşağı yönelerek kıvrımlı (S harfi biçiminde) bir seyir gösterir. Karın içi ve karın zarının arkasında kalan organlardan böbrekler, böbrek üstü bezleri, ana atar ve toplardamarlar, karaciğer, dalak, pankreas, mide ve genital organlarla yakın komşulukları bulunur. Kalın Bağırsak (Kolon) Kanserleri/ Kolorektal Kanserler Diğer organ ve organ sistemlerinde olduğu gibi, kalın bağırsakta da doğumsal, enfeksiyöz, inflamatuar hastalıklar ile tümörler görülmektedir. Gerek görülme sıklığı, gerek hayati öneme sahip olması, gerekse getirdiği psikososyal stres nedeniyle, kalın bağırsak kanserleri dünya genelinde önemli sağlık problemleri arasında ilk sıralarda yer almaktadır. Dünya genelinde, her iki cinsiyette de yeni kanser vakaları arasında görülme sıklığı bakımından üçüncü sırada olan kolon kanseri, kansere bağlı ölüm nedenleri arasında, akciğerden sonra ikinci sırada yer alır."
30,negative,SQL'de iki tablo nasıl JOIN edilir?,10,0.25314611196517944,0.7468538880348206,doc_0200_parent_003_child_003,doc_0200_parent_003,doc_0200,"Kolit ve Ülseratif Kolit Nedir? Nedenleri, Belirtileri ve Tedavisi",https://www.memorial.com.tr/hastaliklar/kolit-ve-ulseratif-kolit-nedir,"- Kan ve dışkı testi : Kansızlık varlığı, yeterli alyuvar olup olmadığı, kanda enfeksiyon olup olmadığı, dışkıda beyaz kan hücresi varlığı basit testlerle belirlenebilir. Kan ve dışkı testi : - Endoskopi ve kolonoskopi: Mide, yemek borusu, ince bağırsak ve kalın bağırsak incelenir. İşlem sırasında parça alınarak detaylı inceleme yapılabilir. Endoskopi ve kolonoskopi: - Esnek sigmoidoskopi: Kalın bağırsağın son kısmı olan rektum ince, esnek ve ışıklı bir tüp ile incelenir. Esnek sigmoidoskopi: - Bilgisayarlı tomografi(BT) ve Manyetik Rezonans (MR) Röntgen ülseratif kolit teşhisinde az kullanılan bir görüntüleme yöntemidir ancak özel durumlarda röntgen çekilebilir. Röntgen tetkiki yapılmadan önce baryumlu lavman yapılarak bağırsakların daha net görülmesi sağlanmaktadır. Kolit Tedavisi Nasıl Yapılır? Kolit tedavisi hastalığın nedeni ve tipine göre farklılık göstermektedir. İşte kolit tedavisinde uygulanan tedavi yöntemleri: Psödomembranöz kolit tedavisi Kullanılan ilaçların neden olduğu Psödomembranöz kolit tedavisinde neden olan ilacın kesilmesi birinci adımdır. Psödomembranöz kolit tedavisine başladığınızda, belirtiler ve semptomlar birkaç gün içinde iyileşmeye başlayabilir."
