article_id,parent_id,child_id,title,url,chunk_token_count,question_count,dash_question_count,possible_internal_duplicate,questions,chunk_text
doc_0001,doc_0001_parent_002,doc_0001_parent_002_child_001,Angelman Sendromu,https://www.memorial.com.tr/hastaliklar/angelman-sendromu-nedir-belirtileri-nelerdir,302,5,0,False,"['Angelman sendromu genetik bir hastalık mıdır?', 'Angelman sendromu daha çok anneden mi babadan mı kaynaklanır?', 'Angelman sendromu sadece doğuştan gelen bir hastalık mıdır, yoksa sonradan oluşur mu?', 'Angelman sendromu taşıyıcı kadın ya da erkek anne baba olabilir mi?', 'Angelman sendromu nasıl önlenir?']","Angelman sendromu genetik bir hastalık mıdır? Angelman sendromu genetik geçişli bir hastalıktır. Angelman sendromdan sorumlu UBE3A geni 15q11-q13 bölgesinde yer alır. Angelman sendromu daha çok anneden mi babadan mı kaynaklanır? Olguların büyük kısmında anneden ya da babadan aktarılması beklenmemektedir. Angelman sendromu sadece doğuştan gelen bir hastalık mıdır, yoksa sonradan oluşur mu? Angelman sendromunun klinik bulguları yenidoğan döneminde hemen ortaya çıkmasa da genetik olarak doğuştan gelen bir hastalık olduğu bilinmektedir. Bu nedenle hastalığın sonradan ortaya çıkmadığı görülmektedir. Angelman sendromu taşıyıcı kadın ya da erkek anne baba olabilir mi? Angelman sendromunda nadir durumlarda taşıyıcılık söz konusu olabilir. Bu durumda erkek ya da kadın için taşıyıcı olma riski eşittir. Angelman sendromu nasıl önlenir? Angelman sendromunun olgulardaki tekrarlama riski %1’in altındadır. Daha önce genetik anomali bildirilmiş aileler prenatal tanı seçenekleri ile test yaptırabilirler. Ailesel olma ihtimali daha yüksek olan durumlarda (içeren kromozomal anomali/yeniden düzenlemeler, imprinting defektlerinde ve UBE3A nokta mutasyonu) preimplantasyon genetik tanı- moleküler (PGT-M) ile genetik seçilimli tüp bebek tedavisi ile Angelman sendromu önlenebilir."
doc_0002,doc_0002_parent_002,doc_0002_parent_002_child_001,Anensefali Nedir? Anensefali Neden Olur?,https://www.memorial.com.tr/saglik-rehberi/anensefali,216,3,0,False,"['Manyetik rezonans görüntüleme (MR): Anensefali Nasıl Tedavi Edilir?', 'Anensefali Hakkında Sık Sorulan Sorular Anensefali ne zaman belli olur?', 'Anensefali bebek ne kadar yaşar?']","Ultrason: Manyetik rezonans görüntüleme (MR): Beyni ve omurgayı daha ayrıntılı görmek için doktor MR görüntüleme testini isteyebilir. MR , doku ve kemiklerin görüntülerini üretmek için yüksek güçlü mıknatıslardan yararlanır. Manyetik rezonans görüntüleme (MR): Anensefali Nasıl Tedavi Edilir? Anensefali için önlenebilir ya da mevcut bir tedavi bulunmamaktadır. Anensefaliye sahip olan bebeklerin bir çoğunluğu ya anne karnında ya da doğduktan birkaç saat sonra yaşamanı yitirir. Anensefali Hakkında Sık Sorulan Sorular Anensefali ne zaman belli olur? Anasefali hastalığı ilk olarak 8.haftada görülebilir. Bulgular gözlemlenir ve testler yapılarak 12-14.haftalarda anensefali tanısı konulabilir. Anensefali bebek ne kadar yaşar? Anensefali hastası bebekler genellikle doğumdan birkaç saat ya da gün sonra beyin gelişimi olmadığından yaşamlarını yitirirler."
doc_0003,doc_0003_parent_002,doc_0003_parent_002_child_001,Bademcik Ameliyatı Nedir? Ameliyat Sonrası Beslenme Nasıl Olmalı?,https://www.memorial.com.tr/tedavi-yontemleri/bademcik-ameliyati,289,5,0,False,"['Bademcik ameliyatı kaç günde iyileşir?', 'Bademcik ameliyatında dikiş var mı?', 'Bademcik ameliyatı sonrası küçük dil şişer mi?', 'Bademcik ameliyatı için yaş sınırı nedir?', 'Bademcik ameliyatı ağrılı mıdır?']","Bademcik ameliyatı kaç günde iyileşir? Bademcik ameliyatından sonraki ilk on günden sonra hastalar çoğunlukla normal yaşantısına dönebilmektedir. Genel iyileşme süresi, geçirdiğiniz operasyonun tipi, vücudunuzun iyileşme kapasitesi ve herhangi bir komplikasyon yaşayıp yaşamadığınız gibi çeşitli faktörlere bağlı olarak değişebilmektedir. Bademcik ameliyatında dikiş var mı? Bademcik ameliyatlarında çoğunlukla dikiş kullanılmaz. Nadiren bademcik dokularının çıkarıldığı alanlara kanama kontrolü amacı ile 1-2 dikiş atılabilir. Bu dikişler dışardan fark edilmez ve hastaya ekstra bir rahatsızlık vermez. Bademcik ameliyatı sonrası küçük dil şişer mi? Bademcik ameliyatlarından sonra küçük dilde çoğunlukla önemli olmayan derecelerde şişme (ödem) meydana gelebilir. Bademcik ameliyatı için yaş sınırı nedir? Bademcik ameliyatı için kesin bir yaş sınırı yoktur. Gerekli görülen durumlarda tüm yaş gruplarında bademcik ameliyatları yapılabilir. Ancak genel kabul gören uygulama 3 yaş sonrası olgularda bademcik operasyonu yapılmasıdır. Bademcik ameliyatı ağrılı mıdır? Bademcik ameliyatından sonra değişik seviyelerde ağrı hissedilebilir. Genel olarak, yetişkinler için iyileşme süreci çocuklardan daha zor ve ağrılı geçer. Ağrı gün geçtikçe azalır ve 10."
doc_0004,doc_0004_parent_002,doc_0004_parent_002_child_001,Renkli Ultrason Nedir?,https://www.memorial.com.tr/teknolojiler/renkli-ultrason-nedir,307,3,1,False,"['Renkli ultrason öncesinde nasıl bir hazırlık yapılır?', 'Renkli ultrason radyasyon yayar mı?', 'Renkli ultrason gebeler için gerekli mi?']","Renkli ultrason yapılması için herhangi bir zaman sınırı sınırlaması yoktur. İnsan vücuduna zarar veren radyasyon olmaması nedeni ile sıklık için herhangi bir sınırlama getirilmemiştir. Gereken herhangi bir zamanda tanı koymak amacı ile renkli ultrason yapılabilir. Renkli ultrason öncesinde nasıl bir hazırlık yapılır? Renkli ultrason öncesinde herhangi bir özel hazırlık yapılmasına gerek yoktur. Herhangi bir ultrasonografi tetkikte yapılması gereken hazırlıklardan bir farkı da bulunmamaktadır. - Vücudun test edilen bölgesindeki giysi ve takıları çıkartılmalıdır. - Testten 2 saat öncesine kadar sigara ve nikotin içeren ürünler kullanılmamalıdır. Çünkü nikotin kan damarlarının daralmasına neden olabilmektedir. - Bazı bölgelere yapılacak renkli ultrason için birkaç saat öncesinde başlayacak açlık istenebilmektedir. Renkli ultrason radyasyon yayar mı? Renkli ultrason gebeler için yapılan ultrasonografiden farklı olmadığından herhangi bir radyasyon yayma ihtimalide yoktur. Renkli ultrason, normal ultrasonugrafi ile aynı şekilde sadece ses dalgaları ile çalışmaktadır. Bu nedenle gebeler üzerinde güvenle yapılabilecek bir tetkiktir. Renkli ultrason gebeler için gerekli mi? Bazı durumlarda anne karnındaki bebekler için ya da anne adayının damar yapısını incelemek için renkli ultrason yapılması gerekebilmektedir. Anne karnındaki bebeğin beslenmesi işlevini yerine getiren göbek kordonundaki kan akımının sağlıklı olup olmadığını belirlemek için renkli ultrasonla inceleme yapılmalıdır."
doc_0004,doc_0004_parent_002,doc_0004_parent_002_child_002,Renkli Ultrason Nedir?,https://www.memorial.com.tr/teknolojiler/renkli-ultrason-nedir,219,3,1,False,"['Renkli ultrason ile ne amaçlanmaktadır?', 'Renkli ultrason (doppler) gebeliğin kaçıncı haftasında çekilir?', 'Renkli ultrason ile hangi sorunlar görülmez?']","Anne karnındaki bebeğin beslenmesi işlevini yerine getiren göbek kordonundaki kan akımının sağlıklı olup olmadığını belirlemek için renkli ultrasonla inceleme yapılmalıdır. Aynı şekilde bebek beyin damarları ve bebek karaciğer damarları ile bebek kalp ve ana damar yapıları renkli ultrason ile kontrol edilebilmektedir. Renkli ultrason ile ne amaçlanmaktadır? - Bir arterde tıkanıklık veya pıhtı olduğu, - Daralmış kan damarlarının belirlenmesi, - Anormal kan akışı olup olmadığı. Renkli ultrason (doppler) gebeliğin kaçıncı haftasında çekilir? Gebeliğin varlığı belli olduktan sonra bebeğin gelişimi, anne ve bebek arasındaki damarsa durumu inceleyerek olası sorunlara müdahale edebilmek için renkli ultrason gebeliğin her haftasında çekilebilmektedir. Renkli ultrason ile hangi sorunlar görülmez? Yetişkin beyin damar yapıları renkli ultrasonla görülemez. Bunun için beyin tomografisi ya da beyin MR’ı çekilmesi gerekebilir."
doc_0009,doc_0009_parent_001,doc_0009_parent_001_child_004,Üretrit Nedir? Üretrit Belirtileri Nelerdir?,https://www.memorial.com.tr/saglik-rehberi/uretrit-nedir,259,4,0,False,"['Üretrit Tedavisi Nasıl Yapılır?', 'Üretrit Hakkında Sık Sorulan Sorular Üretrit ne anlama gelir?', 'Üretrit bulaşıcı mı?', 'Üretrit tehlikeli mi?']","Bu testler aracılığıyla olası bir enfeksiyonun varlığı tespit edilir ve uygun tedavi sürecine geçilir. Üretrit Tedavisi Nasıl Yapılır? Üretrit için uygulanan temel tedavi antibiyotiklerdir . Testler sonucunda üretritin varlığı kesinleşmeden önce bile doktor tarafından antibiyotik tedavi önerilebilir. Antibiyotik dışında kişinin ağrı kesici alması da önerilebilir. Bunun dışında dar kıyafetler veya kişisel bakım kaynaklı bir üretra iltihaplanması söz konusuysa daha rahat kıyafetler giyilmesi ve özellikle sabun gibi ürünler yoluyla üretranın zorlanmaması kişiye iletilir. Üretrit Hakkında Sık Sorulan Sorular Üretrit ne anlama gelir? Üretrit kısaca üretranın iltihap kapmasıdır. Üretranın vücuttaki temel görevi idrarı mesaneden vücudun dışına taşımasıdır. Üretrit bulaşıcı mı? Üretrite yol açan enfeksiyonların bulaşıcılık özelliği vardır. Bu yüzden özellikle cinsel ilişki sırasında korunmak gerekir. Üretrit tehlikeli mi? Şikayetlerle ortaya çıkan üretrit vakaları antibiyotik yoluyla tedavi edilmelidir. Tedavi edilmeyen üretrit, zamanla kronikleşip başta kısırlık olmak üzere bazı sorunlara sebep olabilir."
doc_0010,doc_0010_parent_001,doc_0010_parent_001_child_002,Potasyum Nedir? Potasyum Yüksekliği Ne Anlama Gelir?,https://www.memorial.com.tr/saglik-rehberi/potasyum-ne-ise-yarar-hangi-besinlerde-bulunur,313,3,0,False,"['Potasyum Ne İşe Yarar?', 'Potasyumun Faydaları Nelerdir?', 'Potasyum Kaç Olursa Tehlikeli Olur?']","Potasyumun eksikliği ve fazlalığı ciddi semptomlara yol açabilir. Besinler ile alınan potasyum ince bağırsaklardan emilirken, atımı böbrekler tarafından gerçekleştirilir. Yetişkinlerin günde en az 2 gram potasyum alması gerekmektedir. Potasyum Ne İşe Yarar? Potasyum vücutta sodyum ile birlikte çalışarak sıvı dengesini ve hücre içi sıvının devamlılığını sağlar. Vücutta iskelet ve kalp kası aktivitesi için potasyuma ihtiyaç duyulmaktadır. Bunun yanı sıra temel besin öğelerinden karbonhidrat ve protein metabolizmasında yer alan potasyum vücudun temel enerji kaynağı olan glikozun glikojen şeklinde depolanmasını ve protein biyosentezini sağlamaktadır. Ayrıca potasyum eletrokimyasal uyarıların iletimini sağlamakta ve kas kasılmasını düzenlemektedir. Potasyumun Faydaları Nelerdir? Yapılan çalışmalar potasyumun hipertansiyon ile kalp ve damar hastalıklarının önlenmesinde önemli bir role sahip olduğunu vurgulamaktadır. Potasyumdan zengin besinlerin tüketiminin felç riskini azaltabileceği bildirilmiştir. Ayrıca insülin direnci veya diyabeti olan kişilerde kan glikoz seviyelerinin düzenlenmesinde potasyumun olumlu etkileri mevcuttur. Potasyum Kaç Olursa Tehlikeli Olur? Kandaki potasyum seviyesinin 3.5 mEq/L- 5 mEq/L değerleri arasında olması gerekmektedir."
doc_0010,doc_0010_parent_001,doc_0010_parent_001_child_003,Potasyum Nedir? Potasyum Yüksekliği Ne Anlama Gelir?,https://www.memorial.com.tr/saglik-rehberi/potasyum-ne-ise-yarar-hangi-besinlerde-bulunur,292,4,0,False,"['Potasyum Kaç Olursa Tehlikeli Olur?', 'Potasyum Eksikliği (Hipokalemi) Nedir?', 'Potasyum Eksikliği Belirtileri Nelerdir?', 'Potasyum Eksikliği Nasıl Tedavi Edilir?']","Potasyum Kaç Olursa Tehlikeli Olur? Kandaki potasyum seviyesinin 3.5 mEq/L- 5 mEq/L değerleri arasında olması gerekmektedir. 3.5 mEq/L’nin altına düşmesine hipokalemi; 5.5 mEq/L’nin üzerinde olması ise hiperkalemi olarak adlandırılmaktadır. Potasyum yüksekliğinde 6.5 mEq/L üzeri bir potasyum yüksekliği doktor kontrolü ve tedavisi gerektirir. Potasyum Eksikliği (Hipokalemi) Nedir? Kanda potasyum seviyesinin 3.5 mEq/L’nin altına düşmesine hipokalemi denir. Kusma , ishal, diüretiklerin (idrar söktürücü ilaçlar) kullanımı ve diyabetik ketoasidoz hipokalemiye yol açabilmektedir. Ayrıca potasyum atımını sağlayan aldosteron hormonunun yüksek olması (hiperaldesteronizm) da hipokalemiye yol açmaktadır. Potasyum Eksikliği Belirtileri Nelerdir? Potasyum eksikliği kas zayıflığı ve paraliz, aritmi , iştahsızlık , bulantı ve kusmaya yol açabilmektedir. Potasyum Eksikliği Nasıl Tedavi Edilir? Hipokalemi, kişiye damar yolu ile potasyum verilerek tedavi edilir. Ayrıca beslenmenin potasyumdan zengin besinler içermesi önerilmektedir."
doc_0010,doc_0010_parent_003,doc_0010_parent_003_child_003,Potasyum Nedir? Potasyum Yüksekliği Ne Anlama Gelir?,https://www.memorial.com.tr/saglik-rehberi/potasyum-ne-ise-yarar-hangi-besinlerde-bulunur,311,6,0,False,"['Hangi hastalıklar potasyum yüksekliğine yol açar?', 'Potasyum değeri kaç olmalıdır?', 'Günlük potasyum ihtiyacı nasıl karşılanır?', 'Potasyum takviyesi almak sağlıklı mıdır?', 'Bebeklerde potasyum yüksekliği görülür mü?', 'Potasyumdan kısıtlı diyette nelere dikkat edilmelidir?']","Hangi hastalıklar potasyum yüksekliğine yol açar? Potasyum yüksekliği, kalp yetmezliği, böbrek yetmezliği, addison hastalığı ve diyabet gibi hastalıklar sebebiyle kandaki potasyum değerinin normalin üstüne çıkmasıdır. Potasyum değeri kaç olmalıdır? Kandaki potasyum seviyesinin 3.5 mEq/L-5 mEq/L değerleri arasında olması gerekmektedir. Referans değerler sağlık kuruluşları arasında bir miktar farklılık gösterebilmektedir. Günlük potasyum ihtiyacı nasıl karşılanır? Günlük potasyum ihtiyacı sebze, meyve, kurubaklagiller, kuruyemişler ve esmer undan yapılmış tahıllı ürünlerin tüketimi ile karşılanmaktadır. Yetişkinler için potasyumun günlük yeterli alım düzeyi 4.7 gramdır. Potasyum takviyesi almak sağlıklı mıdır? Potasyum eksikliği tespit edilmeden ve hekim önerisi olmadan potasyum takviyesi almak sağlıklı değildir. Bebeklerde potasyum yüksekliği görülür mü? Yenidoğan bebeklerde böbrek üstü bezlerinde aşırı büyümeye neden olan doğumsal sorunlar nedeniyle potasyum yüksekliği görülebilmektedir. Potasyumdan kısıtlı diyette nelere dikkat edilmelidir? Potasyumdan kısıtlı diyette günlük potasyum alımı günde 1500-2000 mg’ı geçmemelidir. Bu nedenle yeşil yapraklı sebzeler ve salataların tüketiminden kaçınılmalı, patates ve kurubaklagillerden mümkün olduğunca uzak durulmalıdır."
doc_0010,doc_0010_parent_004,doc_0010_parent_004_child_001,Potasyum Nedir? Potasyum Yüksekliği Ne Anlama Gelir?,https://www.memorial.com.tr/saglik-rehberi/potasyum-ne-ise-yarar-hangi-besinlerde-bulunur,209,3,0,False,"['Potasyum yüksekliği tehlikeli mi?', 'Hiperkalemi nasıl düzeltilir?', 'Hiperkalemi ve hipokalemi arasındaki fark nedir?']","Özellikle muz, erik, avokado, ıspanak, maydanoz, marul ve patates gibi besinlerden bu süreçte uzak durmak önemlidir. Potasyum yüksekliği tehlikeli mi? Potasyum değerlerinin çok yükseldiği durumlar tehlike arz edebilir. Bu tehlikelerin başında da kalp ritminin bozulmasıyla ortaya çıkabilecek kalp çarpıntısı, zamanla kalp krizi ve felç gibi durumlar gelir. Hiperkalemi nasıl düzeltilir? Hiperkalemi bir diğer adıyla potasyum yüksekliğidir ve bu yüksekliğin normale dönmesi için kandaki potasyum miktarını azaltabilecek ilaçlar reçete edilebilir. Bunun dışında potasyum içeren gıdalardan uzak durmak da potasyum değerlerini normale döndürmek için yapılması gerekenlerin başında gelir. Hiperkalemi ve hipokalemi arasındaki fark nedir? Hipokalemi kandaki potasyum seviyesinin normal değerlerin altına düşmesi durumudur. Hiperkalemi ise kandaki potasyum yüksekliğidir."
doc_0012,doc_0012_parent_002,doc_0012_parent_002_child_003,Böbrekte Kist Nedir? Böbrek Kisti Belirtileri Nelerdir?,https://www.memorial.com.tr/saglik-rehberi/bobrekte-kist,159,4,0,False,"['Böbrekteki kistin kanaması: Böbrekte Kist Hakkında Sık Sorulan Sorular Böbrek kisti kaç cm olunca alınır?', 'Böbrek kistine ne iyi gelir?', 'Böbrekte kist kanser midir?', 'Böbrekte kiste hangi doktor bakar?']","Böbrekteki kistin kanaması: Böbrekte Kist Hakkında Sık Sorulan Sorular Böbrek kisti kaç cm olunca alınır? Böbrek kistleri genellikle iyi huyludur ancak boyut itibarıyla 3-4 cm’i geçen böbrek kistlerinin cerrahi işlemle alınması gerekebilir. Böbrek kistine ne iyi gelir? Böbrek kistlerinin enfekte olduğu vakalar antibiyotik tedavisini içerebilir ancak kistler alınacak boyuta ulaştıysa cerrahi operasyona başvurulabilir. Böbrekte kist kanser midir? Böbrekte meydana gelen kistler genellikle iyi huyludur ve kanser değildir. Böbrekte kiste hangi doktor bakar? Böbrekte kist, nefroloji bölümü doktorlarının uzmanlık alanına girer."
doc_0018,doc_0018_parent_001,doc_0018_parent_001_child_001,CRISPR-CAS9 Nedir? Hangi Alanlarda Kullanılır?,https://www.memorial.com.tr/saglik-rehberi/crispr-cas9-nedir,303,4,4,False,"['CRISPR-CAS9 Nedir?', 'CRISPR-Cas9 Sistemi Nasıl Çalışır?', 'CRISPR Teknolojisinin Kullanım Alanları Nelerdir?', 'CRISPR-Cas9 ile Tedavi Edilmesi Hedeflenen Hastalıklar - CRISPR-Cas9 Teknolojisinin Avantajları ve Sınırlamaları - CRISPR-Cas9 ile İlgili Sıkça Sorulan Sorular CRISPR-CAS9 Nedir?']","CRISPR-CAS9, DNA üzerinde tabiri caizse ameliyat yapabilmeyi sağlayan bir teknolojidir. Zararlı mutasyonları kalıcı olarak düzelterek veya hastalığa neden olan genleri kesmeyi sağlayarak hastalıkları tedavi etmeyi amaçlamaktadır. Bu teknoloji hemen hemen her organizmada bölgeye özgü genomik hedeflemeye olanak tanır. Kalıtsal hastalıkların tedavisi yanı sıra tarım ve hayvancılık alanında kullanılabilir. - CRISPR-CAS9 Nedir? - CRISPR-Cas9 Sistemi Nasıl Çalışır? - CRISPR Teknolojisinin Kullanım Alanları Nelerdir? - CRISPR-Cas9 ile Tedavi Edilmesi Hedeflenen Hastalıklar - CRISPR-Cas9 Teknolojisinin Avantajları ve Sınırlamaları - CRISPR-Cas9 ile İlgili Sıkça Sorulan Sorular CRISPR-CAS9 Nedir? CRISPR (Clustered Regularly Interspaced Short Palindromic Repeats) ve CAS9 (Crispr-associated system) ifadelerinin kısaltması olup, düzenli aralıklarla bölünmüş palindromik tekrar kümeleri ve Crispr ilişkili sistem anlamına gelmektedir. CRISPR-CASP9, genetik yapıda değişiklik yapabilmeyi sağlayan, bakterilerde doğal olarak yer alan ve Cas9 enzimi ile birlikte bakterilerin virüslere karşı savunma sistemini oluşturan gen bölgesini ifade etmektedir. Temelde iki ana bileşen üzerinde işleyen CRISPR teknolojisi, CAS9 proteini ve Rehber DNA ile çalışır."
doc_0018,doc_0018_parent_002,doc_0018_parent_002_child_004,CRISPR-CAS9 Nedir? Hangi Alanlarda Kullanılır?,https://www.memorial.com.tr/saglik-rehberi/crispr-cas9-nedir,292,4,0,False,"['CRISPR-Cas9 ile İlgili Sıkça Sorulan Sorular CRISPR-Cas9 teknolojisi insanlarda kullanılıyor mu?', ""CRISPR ile doğrudan DNA'mı değiştirebilir miyim?"", 'CRISPR etik mi, yasal mı?', 'CRISPR-Cas9 ile GDO üretimi yapılabilir mi?']","Bu durum gen terapisi olarak adlandırılır. Sentetik Biyoloji ve CRISPR 3.0 Son dönemde geliştirilen CRISPR 3.O teknolojisi, DNA üzerinde yalnızca kesme işlemi gerçekleştirilmesini değil aynı zamanda yeni bilgiler yazma kabiliyetine de sahiptir. Bu sayede DNA’ya yeni kodlamalar yapılabilir. Fakat şu an için etik açıdan uluslararası alanda kabul görmüş bir uygulama değildir. CRISPR-Cas9 ile İlgili Sıkça Sorulan Sorular CRISPR-Cas9 teknolojisi insanlarda kullanılıyor mu? İlgili teknoloji kanser ve diğer genetik hastalıkların tedavisinde kullanılabilir. Fakat çeşitli prosedürlerin izlenmesi gerekir. Uygun görülmesi halinde CRISPR-CAS9 tedavisinden faydalanmak mümkündür. CRISPR ile doğrudan DNA'mı değiştirebilir miyim? Genom değiştirme ve onarımı tedavisi ile DNA değiştirilebilir fakat uluslararası alanda etik olarak kabul edilmiş değildir. Bu işlem için etik ve yasal onayın olması gerekir. CRISPR etik mi, yasal mı? CRISPR etik mi sorusuna verilen yanıt ülke bazında değişim gösterebilir. ABD’de çeşitli uygulamalar gerçekleştirilmiş olsa da tüm ülkelerde aynı durum söz konusu değildir. CRISPR-Cas9 ile GDO üretimi yapılabilir mi? CRISPR-Cas9 gen kesme işlemi ile GDO üretimi gerçekleştirilebilir. Tarım biyoteknolojisinin bir parçası olan CRISPR-CAS9, çeşitli ilaçlara olan ihtiyacın azalması adına son derece önemli bir yere sahiptir."
doc_0020,doc_0020_parent_001,doc_0020_parent_001_child_002,Lökosit Esteraz Nedir? Lökosit Esteraz Pozitif Ne Anlama Gelir?,https://www.memorial.com.tr/tani-ve-testler/lokosit-esteraz-nedir,319,4,0,False,"['Lökosit Esteraz Testi Nedir?', 'Lökosit Esteraz Normal Değerleri Nelerdir?', 'Lökosit Esteraz Negatif Ne Anlama Gelir?', 'Lökosit Esteraz Pozitif Ne Anlama Gelir?']","Bu sonucu kesinleştirmek için doktor tarafından idrar kültürü ve ek testler istenebilir. Lökosit Esteraz Testi Nedir? Lökosit esteraz testi, idrar yolu enfeksiyonu olup olmadığını anlamak için beyaz kan hücrelerinde bulunan bir enzim olan lökosit esterazın idrardaki varlığının tespiti için yapılan bir tarama testidir. Lökosit esteraz testinin negatif veya pozitif sonuçları idrar yolu enfeksiyonu konusunda bir sonucu varılmasına yardımcı olur. Lökosit Esteraz Normal Değerleri Nelerdir? İdrarda beyaz kan hücrelerinin varlığı normal karşılanır. Eğer idrardaki beyaz kan hücrelerinin değerleri 0 ile 10 arasında çıkıyorsa bu değerler standart ve normaldir. Ancak 10 değerinin üstünde çıkan beyaz kan hücresi değeri lökosit esteraz yüksekliğine işaret edebilir ve idrarda enfeksiyon varlığından şüphelenilir. Lökosit Esteraz Negatif Ne Anlama Gelir? Lökosit esteraz testinin sonucunda lökosit esteraz değeri negatif çıktıysa bu durum idrar yollarının sağlıklı olduğunun göstergesidir. İdrar yollarında herhangi bir tıkanıklık veya enfeksiyona işaret eden bir bulgu söz konusu değildir ve herhangi bir tedavi gerektirecek durum yoktur. Lökosit Esteraz Pozitif Ne Anlama Gelir? TLökosit esteraz pozitif sonucu idrarda lökosit esteraz enzimi bulunduğunu gösterir ve bu durum idrar yolu enfeksiyonu, böbrek taşı, yaralanma ya da enfeksiyon olabileceği anlamına gelir."
doc_0020,doc_0020_parent_001,doc_0020_parent_001_child_003,Lökosit Esteraz Nedir? Lökosit Esteraz Pozitif Ne Anlama Gelir?,https://www.memorial.com.tr/tani-ve-testler/lokosit-esteraz-nedir,295,3,0,False,"['Lökosit Esteraz Pozitif Ne Anlama Gelir?', 'Lökosit Esteraz Pozitif Çıkarsa Ne Yapılmalıdır?', 'Lökosit Esteraz Hakkında Sık Sorulan Sorular Lökosit esteraz ne demek?']","Lökosit Esteraz Pozitif Ne Anlama Gelir? TLökosit esteraz pozitif sonucu idrarda lökosit esteraz enzimi bulunduğunu gösterir ve bu durum idrar yolu enfeksiyonu, böbrek taşı, yaralanma ya da enfeksiyon olabileceği anlamına gelir. Lökosit esteraz testi pozitif çıktıktan sonra sonucu teyit etmek ve tanıyı kesinleştirmek için idrar kültürü ve idrar mikroskopisi gibi test yöntemlerine de başvurulabilir. Özellikle idrar kültürü enfeksiyona neden olan bakterinin belirlenmesi konusunda faydalı bir yöntemdir. Lökosit Esteraz Pozitif Çıkarsa Ne Yapılmalıdır? Lökosit esteraz sonucunun pozitif çıkması sonucunda doktor idrar yolu enfeksiyonu tanısı için bir süreç başlatır. İdrar yolu enfeksiyonu tanısının kesinleşmesi için idrar kültürü ve idrar mikroskopisi yöntemleri devreye girer. Eğer bu testler sonrası idrar yolu enfeksiyonu tanısı kesinleşirse enfeksiyonunun tedavisi için süreç başlar. İdrar yolu enfeksiyonu genellikle antibiyotik ilaçlarla tedavi edilmeye çalışılır. Eğer enfeksiyona neden olan bakteri veya enfeksiyonun şiddeti farklıysa doktor tarafından farklı bir tedavi yöntemi de değerlendirilebilir. Lökosit Esteraz Hakkında Sık Sorulan Sorular Lökosit esteraz ne demek? Lökosit esteraz, idrar yolu enfeksiyonunun varlığında yardımcı olan bir beyaz kan hücresi enzimidir."
doc_0020,doc_0020_parent_001,doc_0020_parent_001_child_004,Lökosit Esteraz Nedir? Lökosit Esteraz Pozitif Ne Anlama Gelir?,https://www.memorial.com.tr/tani-ve-testler/lokosit-esteraz-nedir,178,3,0,False,"['Lökosit esteraz pozitif, semptom gösterir mi?', 'Lökosit esteraz testi kısa sürede sonuç verir mi?', 'Lökosit esteraz pozitif tehlikeli mi?']","Lökosit esteraz, idrar yolu enfeksiyonunun varlığında yardımcı olan bir beyaz kan hücresi enzimidir. Lökosit esteraz pozitif, semptom gösterir mi? Lökosit esteraz pozitif sonucu genellikle idrar yolu enfeksiyonuna yorulur. Ancak sonuç belli olmadan önce bu durum idrar yolu enfeksiyonunun en belirgin semptomlarından olan sık idrara çıkma ve idrarda yanma gibi belirtiler gösterebilir. Lökosit esteraz testi kısa sürede sonuç verir mi? Lökosit esteraz testi, idrar örneği alındıktan kısa bir süre sonra sonuç verir. Lökosit esteraz pozitif tehlikeli mi? Lökosit esteraz testinin pozitif çıkması idrar yolu enfeksiyonunun bir göstergesidir ve ekstra testlerle tanı kesinleştiğinde genellikle antibiyotik tedavisiyle enfeksiyon giderilir."
doc_0021,doc_0021_parent_001,doc_0021_parent_001_child_002,CTO (Kronik Total Oklüzyon) tedavisi nasıl yapılır?,https://www.memorial.com.tr/tedavi-yontemleri/cto-kronik-total-okluzyon-tedavisi-nasil-yapilir,291,3,0,False,"['CTO (Kronik Total Oklüzyon) tedavisi hangi hastalıklarda kullanılır?', 'CTO (Kronik Total Oklüzyon) tedavisi nasıl yapılır?', '/ uygulanır?']","CTO (Kronik Total Oklüzyon) tedavisi hangi hastalıklarda kullanılır? Kalbe giden ana damarlardaki tıkanıklık, ‘ koroner arter ’ hastalığıdır ve bu durumun geliştiği hastalarda; yol yürürken, merdiven çıkarken ve hatta ilerleyen formlarda günlük aktiviteler sırasında göğüs ağrısı, nefes darlığı, erken yorulma ve çarpıntı şeklinde şikayetler görülebilmektedir. Ana damarların tıkanması durumunda kalbe kan akışı, “kollateral” adı verilen doğal ince damarlar ile sağlanmaktadır. Ancak kalbin yeterince beslenemediği bu tablonun uzun süre devam etmesi ve gerekli tedavinin sağlanmaması, geri dönüşü olmayan kalp yetersizlikleri ile sonuçlanabilmektedir. CTO (Kronik Total Oklüzyon) tedavisi nasıl yapılır?/ uygulanır? Tam tıkalı damarların girişimsel yöntemler ile tedavisinde, bazen işlem öncesi bilgisayarlı tomografi ile ön inceleme yapılmaktadır. Daha sonra işleme alınan hastanın; çok kireçli, taşlaşmış ve ağır damar sertliği plakları bulunan damarlarına bu işleme özel üretilen tel, balon ve stentlerle müdahale edilmektedir. Anjiyo benzeri bu girişimsel uygulamayla hasta uyutulmadan ve kasıktan iğne ile girilip kalbe ulaşılarak tıkalı olan damarlar açılmaktadır."
doc_0021,doc_0021_parent_001,doc_0021_parent_001_child_003,CTO (Kronik Total Oklüzyon) tedavisi nasıl yapılır?,https://www.memorial.com.tr/tedavi-yontemleri/cto-kronik-total-okluzyon-tedavisi-nasil-yapilir,292,3,0,False,"['Kronik total oklüzyon (CTO)” tam tıkalı damarların açılması tedavisinin avantajları nelerdir?', 'CTO (Kronik Total Oklüzyon) tedavisi hakkında sık sorulan sorular ➢ “Kronik total oklüzyon (CTO)” belirtileri nelerdir?', '➢ “Kronik total oklüzyon (CTO)” tam tıkalı damarların açılmasında uygulanan tedavi yöntemleri nelerdir?']","Anjiyo benzeri bu girişimsel uygulamayla hasta uyutulmadan ve kasıktan iğne ile girilip kalbe ulaşılarak tıkalı olan damarlar açılmaktadır. Kronik total oklüzyon (CTO)” tam tıkalı damarların açılması tedavisinin avantajları nelerdir? CTO damarı açılmış hastaların kalp kasılma gücü artar, göğüs ağrısı ve nefes darlığı başta olmak üzere kardiyak şikayetleri büyük oranda iyileşir, efor kapasitesi düzelir, kalp yetmezliği sorunu önlenir ve açık kalp ameliyatı (CABG) ihtiyacı ortadan kalkar. Hastanın yaşam süresi ve konforu da artmaktadır. CTO (Kronik Total Oklüzyon) tedavisi hakkında sık sorulan sorular ➢ “Kronik total oklüzyon (CTO)” belirtileri nelerdir? Koroner damarlarda gelişen tıkanıklık ani olarak gelişebildiği gibi uzun bir süreç içinde de ortaya çıkabilir. Yıllar içinde kendini gösteren bu durum, hastada hiçbir belirtiye yol açmadan sessizce ilerleyebilir. Damarların ani olarak tıkanmasıyla ortaya çıkan tablo ise kalp krizidir ve acil müdahale gerektirir. ➢ “Kronik total oklüzyon (CTO)” tam tıkalı damarların açılmasında uygulanan tedavi yöntemleri nelerdir?"
doc_0022,doc_0022_parent_001,doc_0022_parent_001_child_001,Depresyon Nedir? Depresyon Belirtileri Nelerdir?,https://www.memorial.com.tr/saglik-rehberi/depresyon-nedir,307,8,8,False,"['Depresyon Nedir?', 'Depresyon Belirtileri Nelerdir?', 'Depresyon Neden Olur?', 'Depresyon Türleri Nelerdir?', 'Depresyon Kimleri Etkiler?', 'Depresyon Nasıl Geçer?', 'Depresyon Tedavisi - Depresyona Ne İyi Gelir?', 'Depresyon Hakkında Sık Sorulan Sorular Depresyon Nedir?']","Depresyon, kişide üzüntü hissi yaratarak, düşünme, ilgi duyma, uyuma, yeme-içme gibi davranış şekline etki eden zihinsel ve psikolojik bir rahatsızlıktır. Bir kişinin depresyona girme nedeni yaygın olarak bir yakının vefatı, ilişkinin sonlanması, hastalık, iş ve para kaygısı gibi üzen ve stres yaratan sebeplere dayanır. Dünyada yaklaşık 280 milyon kişinin depresyona yakalandığı düşünülmektedir. Kadınlarda bu oran erkeklere göre yaklaşık %50 daha fazladır. Kendisini değersiz veya umutsuz hissetmek, sürekli mutsuz ve üzgün bir ruh halinde olmak,herhangi bir şeyin ilgi çekmemeye başlaması depresyonun en yaygın belirtileridir. - Depresyon Nedir? - Depresyon Belirtileri Nelerdir? - Depresyon Neden Olur? - Depresyon Türleri Nelerdir? - Depresyon Kimleri Etkiler? - Depresyon Nasıl Geçer? Depresyon Tedavisi - Depresyona Ne İyi Gelir? - Depresyon Hakkında Sık Sorulan Sorular Depresyon Nedir? Depresyon, sürekli üzüntü, karamsarlık ve mutsuzluk, herhangi bir şeyden zevk alamama gibi ilgi kaybının yaşandığı ruhsal çöküntü ile karakterize duyguduyum bozukluğudur . Depresyonda olan kişilerde uyku ve iştah sorunları yanı sıra düşünme ve hafıza sorunları da yaşanır."
doc_0022,doc_0022_parent_002,doc_0022_parent_002_child_003,Depresyon Nedir? Depresyon Belirtileri Nelerdir?,https://www.memorial.com.tr/saglik-rehberi/depresyon-nedir,308,4,1,False,"['Beyin stimülasyon tedavisi: Depresyona Ne İyi Gelir?', 'ğlıklı beslenmek - Çevrenizle ve değer verdiğiniz insanlarla vakit geçirmek - Stresle başa çıkma yöntemlerinden yararlanmak Depresyon Hakkında Sık Sorulan Sorular Depresif ne demek?', 'Depresyonda olup olmadığını nasıl anlarım?', 'Depresyon iyileşme belirtileri Nelerdir?']","Bu durumda uzman doktorla görüşüp ilaç kullanımına yön vermesi istenir. İlaçlar: Beyin stimülasyon tedavisi: Özellikle şiddetli depresyonu olan yani majör depresyona sahip olan kişilerde bu yöntem uygulanabilir. Beyin stimülasyon tedavisi: Depresyona Ne İyi Gelir? Depresyonun yarattığı mutsuzluk, isteksizlik ya da günlük aktivitelerini yerine getirememe gibi belirtilerden kurtulmak ve depresyondan çıkmak için bazı yöntemlerden yararlanabilirsiniz. Depresyona iyi gelen yöntemler şöyle sıralanır: - Düzenli olarak egzersiz ve spor yapmak - Uyku kalitesine önem vermek - Sağlıklı beslenmek - Çevrenizle ve değer verdiğiniz insanlarla vakit geçirmek - Stresle başa çıkma yöntemlerinden yararlanmak Depresyon Hakkında Sık Sorulan Sorular Depresif ne demek? Depresif, devamlı olarak mutsuz ve kaygılı olma, umutsuz hissetme gibi belirtiler içeren depresyonda olma durumunu tanımlamak için kullanılır. Depresyonda olup olmadığını nasıl anlarım? Sürekli üzgün hissetme, daha önce ilgi duyulan konulara karşı ilgi kaybı, uyku ve iştah alışkanlıklarında değişiklik, enerji kaybı, konsantrasyon sorunları, özgüven kaybı ve değersizlik hissine eşlik eden intihar düşüncesi depresyonla ilişkilendirilebilir. Depresyon iyileşme belirtileri Nelerdir? Depresyon belirtileri, duygusal ve fiziksel de olarak ortaya çıkabilir."
doc_0023,doc_0023_parent_001,doc_0023_parent_001_child_001,Çocuk Doktorlarına En Sık Sorulan 10 Önemli Soru,https://www.memorial.com.tr/saglik-rehberi/cocuk-doktorlarina-en-sik-sorulan-10-onemli-soru,291,5,3,False,"['Ne yapmalıyım?', 'Çocuğumun tuvalet eğitimine ne zaman başlamalıyım?', 'Aşıların yan etkisi var mı?', 'Sünnet için en uygun yaş grubu nedir?', 'Bebeğimi nasıl giydirmeliyim?']","Anne baba adayları için gebelik süreci her zaman heyecanlı, bir o kadar da stresli geçiyor. Doğum gerçekleştikten sonra ise ebeveynler; bebeğin gelişimi, beslenmesi ve genel sağlık durumu ile ilgili pek çok konu hakkındaki sorunun yanıtını arıyor, endişelerini çocuk doktorlarına aktarıyor. Ailelerin yaşamını kabusa çevirebilen pek çok konu, aslında basit bir sorundan ibaret olabiliyor. Memorial Dicle Hastanesi Çocuk Sağlığı ve Hastalıkları Bölümü’nden Doç. Dr. Mustafa Taşkesen, ebeveynler tarafından en çok sorulan 10 soru hakkında bilgi verdi. Ne yapmalıyım? - Çocuğumun tuvalet eğitimine ne zaman başlamalıyım? - Aşıların yan etkisi var mı? - Sünnet için en uygun yaş grubu nedir? Bebeğimi nasıl giydirmeliyim? Tüm bebeklerin el ve ayakları, vücudun diğer bölgelerinden daha soğuktur. Ensesi ve giysilerin altında kalan bölgeler yeterince sıcak, bebek de huzurlu ise ortam ısısı ve giysileri yeterli demektir. Anne babalar nasıl giyiniyorsa, bebeklerini bir kat fazla giydirmelidir. Oda ısısı gündüz 24-25°C, gece 22-23°C olmalıdır. Daha yüksek sıcaklıklarda kuru ve ısınmış hava, burun mukozasını kurutur. Bu durumda kısa süreli 1-2 saat kadar oda nemlendiricileri kullanılabilir."
doc_0023,doc_0023_parent_001,doc_0023_parent_001_child_004,Çocuk Doktorlarına En Sık Sorulan 10 Önemli Soru,https://www.memorial.com.tr/saglik-rehberi/cocuk-doktorlarina-en-sik-sorulan-10-onemli-soru,309,3,0,False,"['Kanguru ve yürüteç kullanmakta sakınca var mı?', 'Ne yapmalıyım?', 'Ne yapmalıyım?']","Bebeğin gündüz uykusu süresi çok uzun tutulmamalı ve akşam uykusunun da erken saatlerde olmasına dikkat edilmelidir. Bebeğin odası sık sık havalandırılmalı ve uyku esnasında perde ile hafif karartılmalıdır. Kanguru ve yürüteç kullanmakta sakınca var mı? Bebekler, annenin göğüs bölgesi ile temas etmelerine olanak sağladığı için kanguru ile taşınabilir. Burada dikkat edilmesi gereken nokta, bebeğin başının destekli olmasıdır. Kanguru, bebek 5-6 aylık olana kadar kullanılabilir. Çocuk yürümeye başlamadan yürüteç kullanılması ise yürümenin gecikmesine ve bazı kazalara neden olabileceğinden önerilmemektedir. Bebeğimin ateşi çıktı! Ne yapmalıyım? Bebeğimin ateşi çıktı! Ne yapmalıyım? Kulak, koltuk altı veya alından ateş ölçerler ile bebeğin ateşi ölçülebilir. Kulak ve alından yapılan ölçümde 37,4 °C, koltuk altı ölçümünde ise 37°C’nin üstünde olması, bebek için kritik ateş düzeyidir. 38°C ve üzerinde seyrediyorsa ateş düşürücü verilebilir. Ateş düşürücüler dört saatte bir yenilenebilir. 39 °C ve üzeri ise yüksek ateş olarak değerlendirilir. Bu durumda önce bebeğin üzerindeki giysiler çıkarılır, koltuk altına ve kasıklarına ılık suya batırılmış pamuk uygulanır. Buna rağmen ateş hala 39 °C ve üzerinde seyrediyorsa, en yakın sağlık merkezine başvurulmalıdır."
doc_0023,doc_0023_parent_002,doc_0023_parent_002_child_001,Çocuk Doktorlarına En Sık Sorulan 10 Önemli Soru,https://www.memorial.com.tr/saglik-rehberi/cocuk-doktorlarina-en-sik-sorulan-10-onemli-soru,313,3,0,False,"['Çocuğumun tuvalet eğitimine ne zaman başlamalıyım?', 'Aşıların yan etkisi var mı?', 'Sünnet için en uygun yaş grubu nedir?']","Çocuğumun tuvalet eğitimine ne zaman başlamalıyım? Çocuk iki yaşını doldurduktan sonra tuvalet eğitimi verilebilir. Çocuk tuvalet konusunda kendini ifade edebiliyorsa, tuvalet konusu ile ilgili sorular sorabiliyorsa, kirli bezden rahatsız oluyorsa, durup ve bekleyerek tuvaletini yapıyorsa, gündüz uykusundan kuru kalkmaya başlamışsa, çocuk tuvalet eğitimine hazır demektir. Aşıların yan etkisi var mı? Bütün ilaç ve aşıların yan etkileri olabilir. Bu etkiler hafif veya ciddi düzeyde görülebilir. Ağrı, ateş ve aşının yapıldığı yerde kızarıklık gibi hafif yan etkiler daha sık görülür. Ciddi yan etkiler ise nadiren ortaya çıkmaktadır. Tüm çocuklar aşı öncesi risk faktörleri açısından değerlendirilmelidir. Ayrıca aşılama öncesi ağrı kesici, ateş düşürücü gibi herhangi bir ilaç verilmesi gerekli değildir. Aşı sonrası bebekte huzursuzluk ve ateş oluşursa o zaman doktora danışarak ilaç takviyesi yapılabilir. Sünnet için en uygun yaş grubu nedir? Sünnetin bir cerrahi işlem olduğu unutulmamalıdır. Bu yüzden hastane şartlarında ilgili branş cerrahları tarafından yapılmalıdır. Sünnet için en uygun zaman 6-9 ay arası kabul edilir. 2-6 yaş cinsel gelişim dönemi olduğu için sünnet sakıncalıdır. Önerilen yaş dönemi kaçırıldığında ise çocuğun hem cerrahi işlemi, hem de toplumsal değerleri daha gerçekçi olarak değerlendirebileceği 7-10 yaşları arasında da önerilmektedir."
doc_0026,doc_0026_parent_001,doc_0026_parent_001_child_003,Yumurta Dondurma İşlemi Nedir? Kimlere Yapılabilir?,https://www.memorial.com.tr/saglik-rehberi/yumurta-dondurma-islemi-nedir-kimlere-yapilabilir,314,5,0,False,"['Sıkça sorulan sorular Yumurta dondurma işlemi doğacak bebeğe zarar verir mi?', 'Bekar kadınlar yumurta dondurma işlemi yaptırabilir mi, evli olmak şart mı?', ""Yumurta dondurma Türkiye'de yasal mı?"", 'Tüp bebekte dondurulmuş embriyo ile gebe kalan var mı?', 'Kaç yaşına kadar yumurta dondurma işlemi yapılabilir?']","Bu işlem sonrasında toplanan yumurta hücreleri vitrifikasyon (hızlı) dondurma yöntemi ile dondurulur. Dondurulan yumurta hücreleri -196 C de sıvı nitrojen içeren özel saklama tanklarında 5 yıl süreyle saklanabilir. Sıkça sorulan sorular Yumurta dondurma işlemi doğacak bebeğe zarar verir mi? Yumurta dondurma işlemi doğacak bebeğe zarar vermez. 1986 yılında dondurulmuş oositlerle yapılan ilk tüp bebek denemesinden bu yana konjenital anomali olmaksızın binden fazla canlı doğum gerçekleştirilmiştir. Bekar kadınlar yumurta dondurma işlemi yaptırabilir mi, evli olmak şart mı? Sağlık Bakanlığı’nın 2014 yılında yayınladığı yönetmelik ile bazı özel koşullarda, bekar kadınların doğurganlığının korunması için yumurta dondurulmasına izin verilmiştir. Yumurta dondurma Türkiye'de yasal mı? Evet, Sağlık Bakanlığı’nın 2014 yılında yayınladığı yönetmelik ile bazı özel koşullarda, kadınların doğurganlığının korunması için yumurta dondurulmasına izin verilmiştir. Tüp bebekte dondurulmuş embriyo ile gebe kalan var mı? 1986 yılında dondurulmuş oositlerle yapılan ilk tüp bebek denemesinden bu yana konjenital anomali olmaksızın binden fazla canlı doğum gerçekleştirilmiştir. Kaç yaşına kadar yumurta dondurma işlemi yapılabilir? 35-38 yaş altında 8-10 olgun yumurta dondurulması yeterli iken 40 yaşın üstünde daha fazla olgun yumurta gerekmektedir. Bundan dolayı işlemin birkaç kez yapılması gerekebilmektedir."
doc_0026,doc_0026_parent_001,doc_0026_parent_001_child_004,Yumurta Dondurma İşlemi Nedir? Kimlere Yapılabilir?,https://www.memorial.com.tr/saglik-rehberi/yumurta-dondurma-islemi-nedir-kimlere-yapilabilir,266,4,0,False,"['Herkes yumurta dondurma işlemi yaptırabilir mi?', 'Evli bir kadın yumurta dondurma işlemi yaptırabilir mi?', 'Yumurta dondurma adetin kaçıncı günü yapılabilir?', '5 yılın sonunda dondurulan yumurtalar kullanılmazsa ne olur?']","Bundan dolayı işlemin birkaç kez yapılması gerekebilmektedir. Herkes yumurta dondurma işlemi yaptırabilir mi? Hayır, herkes yumurta donduramaz. Sağlık Bakanlığı’nın 2014 yılında yayınladığı yönetmelik ile bazı özel koşullarda, kadınların doğurganlığının korunması için yumurta dondurulmasına izin verilmiştir. Kısırlığa yol açabilen radyoterapi, kemoterapi gibi kanser tedavisi öncesi üreme kapasitesinin korunması, yumurtalıkların rezervinin azalmasına veya kaybolmasına yol açabilecek cerrahi operasyonlar öncesi, ailesinde yakınlarında (annesi, teyzesi, kız kardeşi gibi)erken menopoz öyküsü olması, yumurtalıkların alınmasını gerektiren bir hastalık varlığında yumurta dondurulma işlemi yapılabilir. Evli bir kadın yumurta dondurma işlemi yaptırabilir mi? Şu andaki yönetmelik gereği evli kadın yumurta donduramaz, embriyo dondurabilir. Yumurta dondurma adetin kaçıncı günü yapılabilir? Adetin 2-3. günü yumurta uyarılması tedavisine başlanması idealdir. Ama bazı özel durumlarda kanser tedavisi gibi süreç gören kadınlarda farlı uygulamalar da yapılabilir. 5 yılın sonunda dondurulan yumurtalar kullanılmazsa ne olur? 5 yıldan daha uzun süre uzatmak istenilirse Sağlık Bakanlığı onayı gerekmektedir."
doc_0027,doc_0027_parent_002,doc_0027_parent_002_child_001,Işın Tedavisi (Radyoterapi) Nedir? Işın Tedavisi Nasıl Yapılır?,https://www.memorial.com.tr/tedavi-yontemleri/isin-tedavisi-radyoterapi,311,5,0,False,"['Işın tedavisi (radyoterapi) kanserin hangi evresinde uygulanır?', 'Işın tedavisi (radyoterapi) kaç seans olur?', 'Işın tedavisi (radyoterapi) ne kadar sürer?', 'Işın tedavisi (radyoterapi) sırasında ağrı hissedilir mi?', 'Işın tedavisi (radyoterapi) ne zaman sonuç verir?']","Işın tedavisi (radyoterapi) kanserin hangi evresinde uygulanır? Işın tedavisi (radyoterapi) tümör barındıran tüm organ hastalıklarında teşhis döneminden başlayarak son evresine kadar uygulanabilir. Işın tedavisi (radyoterapi) kaç seans olur? Bu süreç kanserin evresi ve mevcut koşullara olarak bağlı değişmektedir. Uzman hekimlerin idaresinde kararlar verilerek yürütülen bu süreç genellikle 10 ila 40 gün arasında belirli radyoterapi dozlarının küçük parçalara bölünerek her gün (hafta sonları hariç) verilmesi ile tamamlanmaktadır. Işın tedavisi (radyoterapi) ne kadar sürer? Radyoterapi bölge tedavisi ve hastalığın evresine bağlı olarak değişmekle birlikte, her gün yaklaşık 10-20 dakika süren bir tedavidir. Işın tedavisi (radyoterapi) sırasında ağrı hissedilir mi? Işın tedavisi (radyoterapi) esnasında herhangi bir ağrı, sızı hissedilmemektedir. Işın tedavisi gözle görülmemektedir. Görülmeyeceği gibi tat, koku veya işitme gerçekleşmemektedir. Işın tedavisi (radyoterapi) ne zaman sonuç verir? Işın tedavisinin genellikle çok hızlı ve ani sonuç vermesi beklenemez. Işın tedavisi kanserli hücre odaklarını hemen öldürmez. Kanserli hücrelerin ölmesi; gün, hafta ya da aylarla ifade edilebilmektedir. Hatta ışın tedavisi (radyoterapi) bittikten sonra da bu hücreler ölmeye devam eder."
doc_0027,doc_0027_parent_002,doc_0027_parent_002_child_002,Işın Tedavisi (Radyoterapi) Nedir? Işın Tedavisi Nasıl Yapılır?,https://www.memorial.com.tr/tedavi-yontemleri/isin-tedavisi-radyoterapi,317,3,0,False,"['Işın tedavisi (radyoterapi) alan hasta nasıl beslenmeli?', 'Işın tedavisi (radyoterapi) alan hasta radyasyon yayar mı?', 'Işın tedavisi (radyoterapi) alan bir kişi ne yapmalı?']","Hatta ışın tedavisi (radyoterapi) bittikten sonra da bu hücreler ölmeye devam eder. Işın tedavisi (radyoterapi) alan hasta nasıl beslenmeli? Işın tedavisi alan hastaların protein içeriği zengin besinler tüketmesi önemlidir. Tedavi evresinde iştah kaybı görülebilmektedir. İştah problemi her bireyde olmayabilir, ancak boğaz ağrıları, kusma, yorgunluk, bitkinlik, diş ve diş eti sorunları, tat almada yaşanan değişimler beslenme sorunlarına yol açabilir. Dokuların yenilenmesi için protein tüketiminin önemi kadar bu evrede halsizlik ve yorgunluk hissi ile savaşmanın önemi için ise vücuda enerji sağlayan karbonhidrat tüketimi oldukça önemlidir. Işın tedavisi sürecinde ağız ve diş bakımına, bağırsak sağlığına çok dikkat edilmelidir. Işın tedavisi (radyoterapi) alan hasta radyasyon yayar mı? Bu durum toplumda sıkça yanlış bilinen bilgiler arasındadır. Işın tedavi alımı sonrası kişilerin radyasyon yayması olanaksızdır. Işın tedavisi (radyoterapi) alan bir kişi ne yapmalı? Öncelikle ilk aşamada hastalığın takibini sağlayan hekimin tavsiyelerine mutlaka uyulmalıdır. Genel olarak ideal kilonun altına ya da üstüne çıkılmamalıdır. Tüm sağlıklı bireylerde olduğu gibi sıvı tüketimi başta olmak üzere vitamin, protein, karbonhidrat vb. gıda alımları ile vücuda enerji sağlaması önemlidir. Bu süreçte hücre yenilenmesini sağlayan besinlerin tüketimine önem gösterilmelidir."
doc_0027,doc_0027_parent_002,doc_0027_parent_002_child_004,Işın Tedavisi (Radyoterapi) Nedir? Işın Tedavisi Nasıl Yapılır?,https://www.memorial.com.tr/tedavi-yontemleri/isin-tedavisi-radyoterapi,274,3,0,False,"['Işın tedavisi (radyoterapi) yarım kalırsa ne olur?', 'Işın tedavisi ( radyoterapi) nerede uygulanır?', 'Işın tedavisinde hangi cihazlar kullanılmaktadır?']","Bunun gibi her bölgenin uygulanan tedavi sonrası oluşabilecek yan etkileri birbirinden farklılık gösterebilir. Bunlarla beraber bilinmesi gereken noktalardan bir diğeri ise radyoterapi seansı esnasında günlük yaşantıya rahatlıkla devam edilebileceğidir. Işın tedavisi (radyoterapi) yarım kalırsa ne olur? Radyoterapi kanser türü, evresine göre farklı doz ve süreler içeren bir tedavi olup, genellikle hafta içi uygulanır. Tedavinin teknik nedenler dışında bu şartlarda aralıksız uygulanması başarısı açısından önemlidir. Ancak bazen oluşabilecek yan etkileri azaltabilmek için hekim kontrolünde ara verileceği gibi, teknik aksaklıklar nedeni ile tedavi uygulamasına ara verilmesi halinde yine aynı şekilde hekim kontrolünde gerekli hesaplamalar yapılarak tedavi süresinde revizyon yapılabilir. Işın tedavisi ( radyoterapi) nerede uygulanır? Işın tedavisi gelişmiş kanser merkezlerinde uygulanmaktadır. Kanser hastaları tıbbi onkoloji, radyasyon onkolojisi, nükleer tıp ve ilgili branş doktorlarının da yer aldığı ekipler tarafından multidisipliner yaklaşımlarla tedavi edilebilir. Işın tedavisinde hangi cihazlar kullanılmaktadır? Işın tedavisi yani radyoterapi için Memorial Sağlık Grubu’nda Electa Versa Hd, Elecra Versa Signature ve TrueBeam STx gibi gelişmiş teknolojilerden yararlanılmaktadır."
doc_0029,doc_0029_parent_001,doc_0029_parent_001_child_004,Proteinüri (İdrarda Protein Yüksekliği) Nedir? Belirtileri Nelerdir?,https://www.memorial.com.tr/saglik-rehberi/proteinuri-nedir,315,3,0,False,"['Proteinüri (İdrarda Protein Yüksekliği) Nasıl Teşhis Edilir?', 'Proteinüri (İdrarda Protein Yüksekliği) Tedavisi Nasıl Yapılır?', 'Proteinüri (İdrarda Protein Yüksekliği) Hakkında Sık Sorulan Sorular Proteinüri ne anlama gelir?']","Proteinüri (İdrarda Protein Yüksekliği) Nasıl Teşhis Edilir? İdrardaki protein miktarını ölçmek için temel teşhis yöntemi idrar tahlilidir. İdrar tahlilinde idrar renginin koyulaşması proteinüriye işaret edebilir ancak kesin tanı için tahlil sonuçları önemlidir. Bu bağlamda idrar tahlili sayesinde idrardaki protein miktarı belirlenir ve standart değerlerin üstünde çıkan sonuçlar için proteinüri tanısı konulabilir. Bunun yanı sıra böbrek hastalığının varlığının aranması açısından kreatinin temizleme testi, Glomerüler filtrasyon hızı (GFR) kan testi, idrar protein elektroforezi, immünfiksasyon kan testi ve böbrek biyopsisi de yapılabilir ancak bunların yapılması için proteinüriden şüphelenilen sebebin olası böbrek hastalıkları olması gerekir. Proteinüri (İdrarda Protein Yüksekliği) Tedavisi Nasıl Yapılır? İdrardaki protein yüksekliğinin tedavisi altta yatan nedene bağlıdır. Bir böbrek problemi söz konusuysa ilaç tedavisi uygulanabilir. Diyabet, yüksek tansiyon, düşük tansiyon ve hamilelik gibi faktörler söz konusuysa bu durumlara yönelik tedavi yöntemleri de idrardaki protein miktarını normal seviyelere çekmek için işe yarayabilir. Proteinüri (İdrarda Protein Yüksekliği) Hakkında Sık Sorulan Sorular Proteinüri ne anlama gelir? Protein tıbbi olarak aynı zamanda albüminüri olarak da adlandırılır ve idrardaki protein miktarının olması gerekenin çok üstünde değerlere çıkmasıdır."
doc_0029,doc_0029_parent_002,doc_0029_parent_002_child_001,Proteinüri (İdrarda Protein Yüksekliği) Nedir? Belirtileri Nelerdir?,https://www.memorial.com.tr/saglik-rehberi/proteinuri-nedir,254,5,0,False,"['Protein kaçağı neden olur?', 'Proteinüri düzelir mi?', 'Proteinüri ağrı yapar mı?', 'Çok su içmek idrardaki proteini azaltır mı?', 'Proteinüri olan kişiler nasıl beslenmeli?']","Protein kaçağı neden olur? İdrarda protein kaçağının nedenleri genellikle susuzluk, aşırı egzersiz gibi geçici nedenlerle birlikte, diyabetik nefropati ve glomerülonefrit gibi böbrek hastalıkları, hipertansiyon, gebelik zehirlenmesi ve lupus gibi bağışıklıkla ilgili bozukluklardır. Proteinüri düzelir mi? Proteinüri için altta yatan nedenlere bağlı olarak tedavi yöntemi uygulanır ve genellikle ilaç tedavisiyle sonuca ulaşılır. Proteinüri ağrı yapar mı? Proteinürinin yaygın belirtisi sık idrara çıkmaktır. İdrara çıkarken ağrı meydana gelen proteinüri vakaları da olabilir. Çok su içmek idrardaki proteini azaltır mı? Çok su içmek sık idrara çıkmaya neden olur. İdrara her çıkıldığında protein miktarı azalır gibi olsa da böbrek problemi söz konusuysa çok su içmek böbreklerden idrara sızan proteini engelleyemez. Proteinüri olan kişiler nasıl beslenmeli? Proteinüri teşhisi sonrasında bir süre protein miktarını azaltmak, tuz alımını sınırlandırmak, lif bakımından zengin gıdalar tüketmek ve ayrıca düzenli egzersiz yapmak gerekir."
doc_0030,doc_0030_parent_001,doc_0030_parent_001_child_004,Peteşi Nedir? Peteşi Neden Olur?,https://www.memorial.com.tr/saglik-rehberi/petesi-nedir,314,3,0,False,"['Peteşi Nerelerde Görülür?', 'Peteşi Nasıl Teşhis Edilir?', 'Peteşi Tedavisi Nasıl Yapılır?']","Bu belirtilerin yanı sıra mononükleoz aynı zamanda peteşi meydana getirir. Vaskülit Kan damarlarındaki iltihaplanma olan vaskülit de peteşiye yol açabilir. C vitamini eksikliği Vücut yeterli düzeyde C vitamini alamadığı zamanda bazı komplikasyonlar ortaya çıkabilir. Bunlardan biri de peteşidir. Lösemi Kan ve kemik iliği kanseri anlamına gelen lösemi, ciltte küçük kırmızı lekeler şeklinde ifade edilen peteşilere neden olabilir. Peteşi Nerelerde Görülür? Peteşi daha çok deri altı ve mukozalarda görülen küçük, noktasal, kırmızı, mor veya kahverengi renkte lekelerdir. Genellikle deri altı ve mukozada görülen peteşilere ayrıca karın, ağız içi, kollar, bacaklar ve kalçalarda da rastlanabilir. Peteşi Nasıl Teşhis Edilir? Peteşi daha çok vücuttaki kırmızı lekeler ve döküntü gibi belirtiler incelenerek doktor tarafından tespit edilebilir. Fiziki muayenenin dışında kan ve idrar testleri, göğüs röntgeni , lomber ponksiyon, karaciğer fonksiyon testleri ve vitamin eksikliklerini belirleyen testler de peteşi tanısında başvurulan yöntemler arasındadır. Peteşi Tedavisi Nasıl Yapılır? Deri altı veya mukozadaki kanamalara bağlı olarak ortaya küçük kırmızı lekeler olan peteşi, altında yatan nedene bağlı olarak tedavi edilir."
doc_0030,doc_0030_parent_002,doc_0030_parent_002_child_001,Peteşi Nedir? Peteşi Neden Olur?,https://www.memorial.com.tr/saglik-rehberi/petesi-nedir,320,4,2,False,"['erini azaltabilirsiniz: - Etkilenen bölgelere soğuk kompres uygulamak - Bol bol sıvı tüketmek - Nonsteroid antiinflamatuar ilaçlar - Mümkün olduğunca dinlenmek Peteşi Nasıl Önlenir?', 'şın - Sık temas edilen yüzeyleri yıkayın - Hasta olan kişilerden kaçının - Güneşin zararlı ışınlarından korunmak için önlem alın Peteşi Hakkında Sık Sorulan Sorular Peteşi ne demek?', 'Peteşi kanser mi?', 'Peteşi kendiliğinden geçer mi?']","- Lösemiyi tedavi etmek için veya kemik iliği nakli - Kan damarlarındaki iltihaplanma için kortikosteroid ilaçlar - Bağışıklık sistemini baskılayan ilaçlar - C vitamini takviyeleri Tıbbi tedavilerin dışında evde uygulanacak yöntemlerle de peteşi şikayetlerini azaltabilirsiniz: - Etkilenen bölgelere soğuk kompres uygulamak - Bol bol sıvı tüketmek - Nonsteroid antiinflamatuar ilaçlar - Mümkün olduğunca dinlenmek Peteşi Nasıl Önlenir? Peteşiyi önlemenin temel yolu, peteşiye neden olan durumlara yakalanmaktan kaçınmaktır. Peteşiden korunmanın yolları şöyledir: - El hijyenine dikkat edin - Kişisel eşyalarınızı paylaşmamaya çalışın - Sık temas edilen yüzeyleri yıkayın - Hasta olan kişilerden kaçının - Güneşin zararlı ışınlarından korunmak için önlem alın Peteşi Hakkında Sık Sorulan Sorular Peteşi ne demek? Peteşi, travma, pıhtılaşma bozukluğu gibi nedenlerle kılcal damarların yırtılması sonucu deri veya mukoza altında meydana gelen nokta büyüklüğündeki kanamalardır. Peteşi kanser mi? Peteşi, lösemi kaynaklı meydana gelen kanama kaynaklı kırmızı lekelerdir. Tek başına kanser anlamına gelmeyen peteşi, kanser kaynaklı meydana gelebilir. Peteşi kendiliğinden geçer mi? Hafif peteşiler genellikle kısa süre içinde kendiliğinden geçer."
doc_0033,doc_0033_parent_001,doc_0033_parent_001_child_001,Gebelik Dönemindeki Şikâyetleri Önlemek İçin Pratik Öneriler,https://www.memorial.com.tr/saglik-rehberi/gebelik-donemindeki-sikayetleri-onlemek-icin-pratik-oneriler,298,2,2,False,"['Hamilelikte mide sorunları neden olur?', 'Sorunlarını Artırır - Sağlığı Tehdit Edecek Boyutlara Ulaşabilir - Balayı Dönemi - Hamilelik Döneminde Mide Sorunlarını Daha Az Yaşamak İçin; Hamilelikte mide sorunları neden olur?']","Hamileliğin ilk ayları çoğu kadın için mide sorunlarıyla dolu günlerin de başlangıcıdır. İlk dönemdeki mide bulantıları ve sonrasında yaşanan yanma şikayetleri bazı kadınların bu dönemini kabusa çevirebilmektedir. Memorial Hastanesi Gastroenteroloji Bölümü Uzmanları, gebelik döneminde yaşanan mide sorunları ve dikkat edilmesi gerekenler hakkında bilgi verdi. - Hamilelikte mide sorunları neden olur? - Duygusallık Mide Sorunlarını Artırır - Sağlığı Tehdit Edecek Boyutlara Ulaşabilir - Balayı Dönemi - Hamilelik Döneminde Mide Sorunlarını Daha Az Yaşamak İçin; Hamilelikte mide sorunları neden olur? Gebelik , hem hormonel değişimlere bağlı olarak, hem de özellikle son aylarda bebeğin artan kütlesinin baskısıyla sindirim sistemi sorunlarının ortaya çıkmasına neden olabilmektedir. Gebeliğin ilk ayları anne adayı için yeni bir dönemin başlangıcıdır. Gebelik hormonlarının etkisi ile bulantı, midede dolgunluk-yanma, bazı gıdalardan tiksinme, karında şişkinlik ve gaz hissi sık yaşanan şikayetlerdir. Bu şikayetler bazen günlük hayatı etkileyecek ve yaşam kalitesini bozacak düzeylerde olabilir. Duygusallık Mide Sorunlarını Artırır Bayanların büyük kısmı bu dönemde daha duygusal, daha hassas olurlar ve sıkıntılar karşısında daha kolay umutsuzluğa kapılabilirler."
doc_0036,doc_0036_parent_002,doc_0036_parent_002_child_002,"Tiroid Nedir? Tiroid Belirtileri, Nedenleri ve Tedavisi",https://www.memorial.com.tr/hastaliklar/tiroid-nedir,316,3,2,False,"['Adet dönemlerinde düzensizlik ve ağrı - Kabızlık - Cilt kuruluğu ve tırnakların kırılganlaşması Tiroid Krizi Belirtileri Nelerdir?', 'mdan fazla atması (taşikardi) - Endişe ve tedirginlik hissi - Bilinçte bulanıklık - Titreme - İshal - Kilo kaybı - Kaslarda zayıflık - Adet düzeninin bozulması Tiroid Kanseri Nedir?', 'Tiroid Kanseri Belirtileri Nelerdir?']","- Adet dönemlerinde düzensizlik ve ağrı - Kabızlık - Cilt kuruluğu ve tırnakların kırılganlaşması Tiroid Krizi Belirtileri Nelerdir? Tiroid krizinde ritim bozukluğu yanı sıra kalp atım hızının dakikada 140 atımı geçmesi (taşikardi), yüksek ateş, devamlı terleme, kilo kaybı, solunum sıkıntısı ve özellikle yaşlılarda aşırı yorgunluk ortaya çıkar. Tiroid krizinin belirtileri şunlardır: - 40 derece ve üzeri yüksek ateş - Kalbin dakikada 140 atımdan fazla atması (taşikardi) - Endişe ve tedirginlik hissi - Bilinçte bulanıklık - Titreme - İshal - Kilo kaybı - Kaslarda zayıflık - Adet düzeninin bozulması Tiroid Kanseri Nedir? En az ölümcül hastalıklar arasında yer alan ve tedavi başarısı çok yüksek olan tiroid kanseri, tiroid bezindeki hücrelerin kansere dönüşmesiyle meydana gelen bir hastalık olarak kabul edilir. Boyunda şişlik, yumru ve tiroid nodülü semptomlarıyla ortaya çıkan tiroid kanseri, teşhiş edildiğinde çoğunlukla ameliyatla tedavi edilir. Ameliyatın ardından radyoaktif iyot tedavisi ve bazı durumlarda harici radyasyon tedavisi uygulandığı durumlar da yaşanır. Tiroid Kanseri Belirtileri Nelerdir? Tiroid kanserinin gözle görülen en net belirtisi, boyunda meydana gelen şişlik, büyüme ve yumrulardır."
doc_0036,doc_0036_parent_005,doc_0036_parent_005_child_003,"Tiroid Nedir? Tiroid Belirtileri, Nedenleri ve Tedavisi",https://www.memorial.com.tr/hastaliklar/tiroid-nedir,282,4,0,False,"['Tiroid az çalışırsa ne olur?', 'Tiroid nodülü olanlar nelere dikkat etmeli?', 'Tiroid tehlikeli bir hastalık mı?', 'Tiroid ilerlerse ne olur?']","Tiroid bezinin az çalıştığı durumda vücutta yorgunluk, halsizlik, sürekli kilo alınması, cilt kuruluğu, saç dökülmesi ve depresyon gibi belirtiler ortaya çıkar. Tiroid az çalışırsa ne olur? Tiroidin az çalışması az tiroid hormonu üretmesi ve salgılanması anlamına gelir ve bu durum hipotiroid olarak tanımlanır. Bu hormonların metabolizma hızı düzenleme etkisi olduğu için az hormon salgılandığında vücutta halsizlik, yorgunluk ve ses boğuklaşması gibi belirtiler gösterir ve tedavi edilmesi gerekir. Tiroid nodülü olanlar nelere dikkat etmeli? Tiroid nodülü iyi huylu olduğunda nefes darlığı ve boğazda takılma hissi yaşatır. Nodül büyük olursa da estetik anlamda ameliyatı gerekebilir. Tiroid nodülü olanlar nodülleri düzenli aralıklarla takip ettirmelidir. Tiroid tehlikeli bir hastalık mı? Tiroidin az veya çok çalışması bazı hastalıkların habercisi olabilir. O yüzden hipotiroid veya hipertiroid teşhisi konulduktan sonra mutlaka tedavi ettirilmesi gerekir. Tiroid ilerlerse ne olur? Özellikle hipertiroid (aşırı aktif tiroid) olan kişiler, tedavi görmediği ve hastalık ilerlediği takdirde kalp hastalıkları riski başta olmak üzere vücuttaki kilo kaybı da devam eder, daha ciddi sağlık sorunları da oluşabilir."
doc_0036,doc_0036_parent_005,doc_0036_parent_005_child_004,"Tiroid Nedir? Tiroid Belirtileri, Nedenleri ve Tedavisi",https://www.memorial.com.tr/hastaliklar/tiroid-nedir,281,4,0,False,"['Tiroid ilerlerse ne olur?', 'Tiroid iyi gelmeyen yiyecekler nelerdir?', 'Tiroidin temel görevi nedir?', 'Tiroid hastalıkları yutkunma güçlüğü yapar mı?']","Tiroid ilerlerse ne olur? Özellikle hipertiroid (aşırı aktif tiroid) olan kişiler, tedavi görmediği ve hastalık ilerlediği takdirde kalp hastalıkları riski başta olmak üzere vücuttaki kilo kaybı da devam eder, daha ciddi sağlık sorunları da oluşabilir. Tiroid iyi gelmeyen yiyecekler nelerdir? Hipertiroid hastalığı olan insanlar iyot ve iyotlu gıdalardan mümkün olduğunda uzak durmalı, çay-kahve tüketmemeli ve sigarayı hayatlarından çıkarmalıdır. Tiroidin temel görevi nedir? Tiroidin temel görevi, vücudun tüketilen yiyecekleri enerjiye dönüştürme süreci olan metabolizmanın hızını (metabolik oran) kontrol etmektir. Vücuttaki tüm hücrelerin işlevsel bir şekilde çalışabilmesi için enerjiye ihtiyacı vardır. Tiroid düzgün çalışmadığında ise başta enerji seviyesi ve metabolizma hızı olmak üzere vücudun birçok bölümü etkilenebilir. Tiroid hastalıkları yutkunma güçlüğü yapar mı? Tiroid hastalıklarının yaygın belirtilerinden biri de yutkunma güçlüğüdür. Kişi bir şey yiyip içmediği sırada yutkunduğunda veya yemek sırasında yutkunurken tiroid bezlerinin de etkisiyle yutkunma güçlüğü hissedebilir. Bu güçlük ağrı ile de birleşebilir. Yutkunma güçlüğü ve ağrının uzun süre devam etmesi durumunda doktora danışmak gerekebilir."
doc_0038,doc_0038_parent_001,doc_0038_parent_001_child_003,Beta HCG Nedir? Gebelikte Hafta Hafta Beta HCG Değerleri,https://www.memorial.com.tr/tani-ve-testler/beta-hcg-nedir,316,3,0,False,"['Beta HCG Kaç Olmalı?', 'Beta HCG Hormonunun Yapısı Nasıldır?', 'Beta HCG Testi Nasıl Yapılır?']","Beta HCG Kaç Olmalı? Beta HCG değeri gebe olmayan kadınlarda normal Beta HCG değeri 5 mIU/mL seviyesinden düşüktür, hormonal bir sorun olmayan sağlıklı erkeklerde Beta HCG değeri ise 2 mIU/mL değerinden daha az olmalıdır. 5 ile 25 mIU/mL arası bir seviye gebelik ihtimalini ortaya koyarken, 25 mIU/mL ve üstü bir sonuç kesin olarak kadınlarda hamileliği göstermektedir. Beta HCG Hormonunun Yapısı Nasıldır? HCG, hamilelik ile ilişkili hormondur. İnsan koryonik gonadotropin anlamına gelen HCG, tipik olarak bir kadın hamileyken vücutta üretilir. Bazı durumlarda ise HCG, ciddi hormonal değişikliklere neden olan belirli hastalıkların bir sonucu olarak da vücutta ortaya çıkmaktadır. İnsan koryonik gonadotropin (HCG), hamilelik sırasında plasenta tarafından üretilen bir hormondur. Hamileliği desteklemedeki benzersiz rolü nedeniyle bazen hamilelik hormonu olarak adlandırılır. HCG, gebe kaldıktan yaklaşık 10 ila 11 gün sonra (bir sperm bir yumurtayı döllediğinde) idrarda veya kanda bulunur. HCG düzeyleri ilk üç aylık dönemin (hamileliğin 10. haftası) sonuna doğru en yüksek seviyededir, ardından hamileliğin geri kalanında düşmektedir. Beta HCG Testi Nasıl Yapılır? Yaygın olarak yapılan iki tür HCG testi vardır. HCG kan testi Kandaki HCG seviyelerini belirlemeye yardımcı olur."
doc_0038,doc_0038_parent_002,doc_0038_parent_002_child_001,Beta HCG Nedir? Gebelikte Hafta Hafta Beta HCG Değerleri,https://www.memorial.com.tr/tani-ve-testler/beta-hcg-nedir,310,3,0,False,"['Yüksek ve Düşük Beta HCG Değerleri Ne Anlama Geliyor?', 'Beta HCG Testi Ne Zaman Yapılmalıdır?', 'Beta HCG ile İlgili Sık Sorulan Sorular Beta hCG ne demek?']","Hamilelik Haftalarına Göre Beta HCG Değerleri Hamilelik sırasında HCG düzeyleri vücutta tipik aralıklarla artar. Her hamilelik farklı olduğu için bu aralıklar sadece kılavuz niteliğindedir. İlişki tarihi itibariyla düşünürsek; HCG düzeylerinin gebelik boyunca hafta hafta aşağıdaki gibi olması beklenir: Zaman Değer Hormon seviyesinin yüksek veya düşük olması, sağlıklı bir hamileliğin temel göstergesi değildir. Bunun nedeni, anne adayının sigara içmesi, kilosu, etnik kökeni, doğum sayısı ve hiperemezis gravidarum (şiddetli sabah bulantısı) dahil olmak üzere birçok faktörün HCG düzeylerini etkileyebilmesidir. Yüksek ve Düşük Beta HCG Değerleri Ne Anlama Geliyor? Hormon seviyesinin yüksek veya düşük olması, sağlıklı bir hamileliğin temel göstergesi değildir. Bunun nedeni, anne adayının sigara içmesi, kilosu, etnik kökeni, doğum sayısı ve hiperemezis gravidarum (şiddetli sabah bulantısı) dahil olmak üzere birçok faktörün HCG düzeylerini etkileyebilmesidir. Beta HCG Testi Ne Zaman Yapılmalıdır? Hamileliği belirlemeye yardımcı olmak için gebe kaldıktan sonraki 10 gün içinde HCG testi yapılabilir. HCG’nin ölçülmesi, gebelik sırasındaki komplikasyonları belirlemeye de yardımcı olmaktadır. Beta HCG ile İlgili Sık Sorulan Sorular Beta hCG ne demek? Beta hCG, hamilelik döneminde oluşan plasenta tarafından üretilen hormondur."
doc_0038,doc_0038_parent_002,doc_0038_parent_002_child_002,Beta HCG Nedir? Gebelikte Hafta Hafta Beta HCG Değerleri,https://www.memorial.com.tr/tani-ve-testler/beta-hcg-nedir,318,5,0,False,"['1 haftalık gebelikte beta hcg değeri nedir?', '4 haftalık gebelikte beta hcg değeri nedir?', 'Beta HCG değerleri ne anlama gelir?', 'Beta HCG ne zaman yükselir?', 'Beta HCG testi yanıltıcı olabilir mi?']","Beta hCG, hamilelik döneminde oluşan plasenta tarafından üretilen hormondur. Yumurta döllendikten sonra embriyonun etrafını saran trofoblast dokusu tarafından üretilir. Bu hormon adet gecikmesinden birkaç gün sonra kanda tespit edilebilir ve hamileliği belirlemek için kullanılır. 1 haftalık gebelikte beta hcg değeri nedir? 1 haftalık gebelikte beta hCG seviyeleri hala çok düşüktür ve 5 mIU/mL'den az olacaktır. Beta HCG değeri döllenme sonrasında yani 3. hafta ile birlikte artmaya başlar. 4 haftalık gebelikte beta hcg değeri nedir? 4. hafta gebelikte beta-hCG seviyeleri genellikle mililitre başına 5 ile 426 mili-uluslararası birim (mIU/mL) olacaktır. Beta HCG değerleri ne anlama gelir? Beta HCG hamilelik hormonudur. Test sonucunda Beta HCG değerinin 0-5 mIU/ml arasında olması hamile olunmadığını, 10 mIU/ml üzerinde muhtemel hamileliği, 25 mIU/ml üzerinde olunması kesinliği daha yüksek olacak şekilde hamile olunduğu anlamına gelir. Beta HCG ne zaman yükselir? Beta HCG hamilelik döneminde artar. Beta HCG hamilelik hormonu olup, plasenta tarafından üretilen insan koryonik gonadotropin (hCG) düzeyinin tespit edildiği bir tür hamilelik testidir. Beta HCG testi yanıltıcı olabilir mi? Evde yapılan idrar testleri bazen yanıltıcı olabilmektedir."
doc_0038,doc_0038_parent_002,doc_0038_parent_002_child_003,Beta HCG Nedir? Gebelikte Hafta Hafta Beta HCG Değerleri,https://www.memorial.com.tr/tani-ve-testler/beta-hcg-nedir,316,5,0,False,"['Beta HCG testi yanıltıcı olabilir mi?', 'Beta HCG ne zaman pozitif olur?', 'Beta HCG testi erkeklere yapılır mı?', 'HCG hormonu sadece hamilelikte mi yükselir?', 'Beta HCG değerlerinin normal aralıkları nasıldır?']","Beta HCG testi yanıltıcı olabilir mi? Evde yapılan idrar testleri bazen yanıltıcı olabilmektedir. Nadir de olsa kan testlerinde de yanlış sonuçlar elde edilebilmektedir. İdrardan yapılan test için önerilen süre beklenildiğinde test büyük oranda doğru sonuç verecektir. HCG, hamileliğin çok erken evrelerinde birkaç günde bir iki katına çıkar. İdrarın seyreltilmesi (dengesizleşmesi) veya testin çok erken yapılması durumunda testler yanlış sonuç verecektir. Beta HCG ne zaman pozitif olur? İdrar testi, ilk adetin oluşmadığında HCG’yi saptayabilir. HCG kan testi ise hamileliği daha erken yani gebe kaldıktan yaklaşık 1 hafta tamamlandıktan sonra tespit edebilir. Beta HCG testi erkeklere yapılır mı? Erkeklerde beta HCG seviyeleri 2 mIU/mL’nin altındadır. Beta-HCG seviyesi bundan daha yüksekse, bir tümörün varlığına işaret edebilir. Çoğu testis kanseri vakasında belirteç görevi gördükleri için beta HCG testleri yapılır. Uzman hekim testis kanserinden şüpheleniyorsa, bu test tanıyı doğrulamak için kullanılır. HCG hormonu sadece hamilelikte mi yükselir? hCG hormonu yaygın olarak hamilelik döneminde plasenta tarafından üretilse de, bazı kanser hücreleri tarafından da üretilmektedir. Beta HCG değerlerinin normal aralıkları nasıldır? Hamilelik sırasında HCG düzeyleri vücutta tipik aralıklarla artar."
doc_0038,doc_0038_parent_002,doc_0038_parent_002_child_004,Beta HCG Nedir? Gebelikte Hafta Hafta Beta HCG Değerleri,https://www.memorial.com.tr/tani-ve-testler/beta-hcg-nedir,187,3,0,False,"['Beta HCG değerlerinin normal aralıkları nasıldır?', 'İlişki tarihi itibariyle düşünürsek; Beta HCG testi sonucu ne zaman çıkar?', 'Beta HCG değerleri ne zaman artar ve azalır?']","Beta HCG değerlerinin normal aralıkları nasıldır? Hamilelik sırasında HCG düzeyleri vücutta tipik aralıklarla artar. Her hamilelik farklı olduğu için bu aralıklar sadece kılavuz niteliğindedir. İlişki tarihi itibariyle düşünürsek; Beta HCG testi sonucu ne zaman çıkar? Kan ve idrar testleri aynı gün çıkacaktır. Test ise gebe kaldıktan 10 gün sonra gebeliği belirlemektedir. Beta HCG değerleri ne zaman artar ve azalır? Gebeliğin 8-10. haftalarında HCG seviyelerinde yavaş bir artış veya düşüş hızı oluşurken, gebeliğin ilk aşamalarında meydana gelen ve döllenmiş yumurtadan (zigottan) farklılaşan ilk hücrelerin yani trofoblastik dokunun ölümünü de gösterebilir. Canlı olmayan intrauterin gebeliği de işaret edebilmektedir. Yani seri kantitatif HCG değerlerinin artması ya da azalması ayrı ayrı değerlendirilmelidir."
doc_0040,doc_0040_parent_001,doc_0040_parent_001_child_003,Hyaluronik Asit Nedir? Hyaluronik Asit Faydaları Nelerdir?,https://www.memorial.com.tr/saglik-rehberi/hyaluronik-asit-nedir,290,4,0,False,"['Hyaluronik Asit Nasıl Kullanılır?', 'Hyaluronik Asit Kimler Kullanabilir?', 'Hyaluronik asit kaç yaşında kullanılır?', 'Hyaluronik Asit Cilde Nasıl Uygulanır?']","Hyaluronik Asit Nasıl Kullanılır? Hyaluronik asit nemlendirici, serum gibi farklı formlarda karşımıza çıkabilir. Uzman doktor ya da dermatolog kişinin cilt hasarı varsa ya da neme ihtiyaç duyan bir cilt yapısı varsa krem, merhem ve serum önerebilmektedir. Hyaluronik asit ürünleri direkt olarak cilde uygulanabilir. Kas ya da eklemler için oral tablet şeklinde bir kullanımı olabilir. Göz kuruluğundan şikayetçi olan kişiler göz damlası formunda kullanabilmektedir. Hyaluronik Asit Kimler Kullanabilir? Hyalüronik asit herkes tarafından kullanılabilir. Doğru kullanımı ile tüm cilt tipleri için uygun bir yapıdadır. Tahriş edici özelliği bulunmayan hyaluronik asit, sivilce, gül hastalığı (rosacea) ya da alerjik durumları tetiklememektedir. Hyaluronik asit kaç yaşında kullanılır? Hyalüronik asidi krem, serum ya da nemlendirici şeklinde kullanan kişilerin en az 25 yaş ve üstü olması gerekmektedir. 25 yaş altındaki kişilerin cilt yapısı hassas olabileceğinden hyalüronik asit uygulamaması önerilir. Hyaluronik Asit Cilde Nasıl Uygulanır? Cildin neme doymasını sağlayan hyaluronik asidin kullanımı ve uygulanışı kişinin cilt yapısına göre değişiklik gösterebilir. Bu noktada uzman desteği almak oldukça önemlidir."
doc_0040,doc_0040_parent_001,doc_0040_parent_001_child_004,Hyaluronik Asit Nedir? Hyaluronik Asit Faydaları Nelerdir?,https://www.memorial.com.tr/saglik-rehberi/hyaluronik-asit-nedir,274,3,0,False,"['Hyaluronik Asitin Kullanıldığı Alanlar Nelerdir?', 'Hyaluronik Asitin Yan Etkisi Var mıdır?', 'Hyaluronik Asit Kullanırken Nelere Dikkat Etmeli?']","Bu noktada uzman desteği almak oldukça önemlidir. Hyaluronik Asitin Kullanıldığı Alanlar Nelerdir? Hyaluronik asit, tıbbi ve estetik uygulamalarında, cilt bakımı ürünlerinde sıklıkla kullanılan bir bileşiktir. Cildin nemli, genç ve dolgun görünmesine yardımcı olmak için cilt dolgusu, cilt bakım ürünlerinde nemlendirici, kuru göz sendromuna karşı göz damlası, eklem rahatsızlıklarında sıvıyı artırıcı olarak yararlanılmasının yanında ortopedik cerrahi, plastik cerrahi ve oftalmoloji gibi alanlarda hyaluronik asit bazlı ürünler kullanılabilir. Hyaluronik Asitin Yan Etkisi Var mıdır? Hyaluronik asit kullanımından sonra geçici şişlik ve kızarıklık, morarma, enfeksiyon riski, alerjik reaksiyonlar gibi yan etkiler görülebilir. Kişinin hassasiyetine göre bu yan etkiler değişiklik gösterebilir fakat genellikle hafif ve geçici olmaktadır. Hyaluronik Asit Kullanırken Nelere Dikkat Etmeli? Hyaluronik asit kullanırken aşağıdaki konulara dikkat etmek gereklidir: - Hyaluronik asit enjeksiyonları, dermatologlar, plastik cerrahlar veya diğer uzman sağlık profesyonelleri tarafından uygulanmalıdır - Hyaluronik asit enjeksiyonları, hijyenik koşullarda yapılmalıdır."
doc_0040,doc_0040_parent_002,doc_0040_parent_002_child_002,Hyaluronik Asit Nedir? Hyaluronik Asit Faydaları Nelerdir?,https://www.memorial.com.tr/saglik-rehberi/hyaluronik-asit-nedir,320,6,0,False,"['Hyaluronik asit ciltte ne işe yarar?', 'Hyaluronik asit gündüz kullanılır mı?', 'Hyaluronik asit cildi soyar mı?', 'Hyaluronik asit nereye sürülür?', 'Hyaluronik asit her gün kullanılır mı?', 'Hyaluronik asidin cilde faydaları nelerdir?']","Cildin nemini sağlayarak iltihaplanma, tahriş ve aknelere karşı korur. Hyaluronik asit ciltte ne işe yarar? Hyalüronik asit, cilt dokularının yağlanmasını sağlayarak cildin nemini korumasına yardımcı olur. Bunların yanında ciltte nemlendirici görevi görür. Hyaluronik asit gündüz kullanılır mı? Hyalüronik asit uyguladıktan sonra güneşe maruz kalmamak için gece kullanılması tercih edilmelidir. Hyaluronik asit cildi soyar mı? Hyaluronik asit, cilt yüzeyini soyan bir moleküle sahip değildir. Asit olarak bilinse de kimyasal yapısından dolayı cildi soyan bir etkisi bulunmamaktadır. Hyaluronik asit nereye sürülür? Cildi nemlendirme etkisi, kırışıklık ve yaşlılık karşıtı özellikleri düşünüldüğünde hyaluronik asit genellikle yüz bölgesine uygulanır. Yüz ile birlikte boyun bölgesine de sürülebilir. Hyaluronik asit her gün kullanılır mı? Kalıcı etkisinin görülmesi için hyaluronik asit günlük olarak cilde uygulanabilir. Daha sağlıklı ve verimli sonuçlar açısından doktor kontrolünde uygulanması önerilir. Hyaluronik asidin cilde faydaları nelerdir? Hyaluronik asit cildi nemlendirir, kırışıklığı önler, yaşlılık karşıtıdır, cilde genç bir görünüm kazandırır ve esneklik sağlar. Bu faydaları düşünüldüğünde düzenli olarak kullanılması ciltte kalıcı faydalar oluşturur."
doc_0041,doc_0041_parent_001,doc_0041_parent_001_child_004,Demiyelinizan Hastalıklar Nedir? Belirtileri ve Tedavisi,https://www.memorial.com.tr/saglik-rehberi/demiyelinizan-hastaliklar,192,2,2,False,"['Beyinde oksijen kaybı Demiyelinizan Hastalıklar Nasıl Teşhis Edilir?', 'ası - Lomber ponksiyon (LP) - Optik koherens tomografi (OCT) - Elektromiyografi (EMG) - Kan testleri - Uyarılmış potansiyeller testi Demiyelinizan Hastalıkların Tedavisi Nasıl Olur?']","- Beyinde oksijen kaybı Demiyelinizan Hastalıklar Nasıl Teşhis Edilir? Uzman doktor fiziki muayene esnasında demiyelinizan hastalıkların teşhisi için belirtileri gözden geçirir. Tıbbi geçmişi de göz önünde bulundurarak demiyelinizan bir hastalıktan şüphelendiği durumda kişiyi nöroloğa yönlendirebilir. Nörolog, kişiye nörolojik muayene ve testler yapacaktır. Demiyelinizasyonu teşhis edebilecek şu yöntemlerden yararlanılır: MR (manyetik rezonans görüntüleme) taraması - Lomber ponksiyon (LP) - Optik koherens tomografi (OCT) - Elektromiyografi (EMG) - Kan testleri - Uyarılmış potansiyeller testi Demiyelinizan Hastalıkların Tedavisi Nasıl Olur? Demiyelinizan hastalıkların tedavisi, kişinin semptomlarına ve sahip olduğu duruma göre değişiklik gösterir."
doc_0045,doc_0045_parent_001,doc_0045_parent_001_child_001,Ardıç Tohumu Faydaları Nelerdir?,https://www.memorial.com.tr/saglik-rehberi/ardic-tohumu-faydalari,310,3,3,False,"['Ardıç Tohumu Faydaları Nelerdir?', 'Ardıç Yağının Faydaları Nelerdir?', 'Ardıç Yağının Faydaları Hakkında Sık Sorulan Sorular Ardıç Tohumu Faydaları Nelerdir?']","Ardıç tohumu, antioksidan özellikleri sayesinde vücudu serbest radikallere karşı korur. Ayrıca, idrar yolu enfeksiyonlarına iyi gelir, sindirim sistemini düzenler ve bağışıklık sistemini güçlendirir. İdrar söktürücü olarak da vücutta fazla suyun atılmasına yardımcı olan ardıç tohumu, antiseptik özellikleri sayesinde yara ve kesiklerin iyileşmesini hızlandırır. - Ardıç Tohumu Faydaları Nelerdir? - Ardıç Yağının Faydaları Nelerdir? - Ardıç Yağının Faydaları Hakkında Sık Sorulan Sorular Ardıç Tohumu Faydaları Nelerdir? Ardıç meyvesi, ılıman ve soğuk bölgelerde yetişen bir bitkidir. Genellikle; Asya, Avrupa ile Kuzey Amerika'nın bazı yerlerinde yetiştirilir. Bitkiler, yüzyıllardan beri geleneksel tıpta yerini alır ve pek çok tedavi için kullanılır. Özellikle ardıç meyvesi faydaları nedeniyle geleneksel tıpta yerini almıştır. Ruhsal, psikolojik ve fiziksel açıdan fayda sağlaması sayesinde günümüzde de yaygın olarak kullanılır. Acı bir tadı olan ardıç daha çok kurutularak tüketilir. Ancak, pek çok şekilde karşınıza çıkar. Esansiyel yağ, baharat ve toz olarak da tercih edilir. Ardıç tohumu faydaları şu şekilde sıralanabilir: - Oksidatif stresi azaltmaya yardımcı olur - Ardıç meyvesi, antibakteriyel ve antifungal özelliğe sahiptir - Cilt sağlığını destekler ve cilt sorunlarını önlemeye yardımcı olur."
doc_0047,doc_0047_parent_001,doc_0047_parent_001_child_001,Poligrafi nedir? Kimlere yapılır?,https://www.memorial.com.tr/tani-ve-testler/poligrafi-nedir-kimlere-yapilir,288,3,1,False,"['Poligrafi nedir?', 'Poligrafi sırasında hangi değerler ölçülür?', 'unum yollarındaki hava akışı - Uykuda solunum durması ve oranı - Horlama - Kan oksijen düzeyleri - Vücut pozisyonu - Nabız sayısı - Kandaki oksijen düzeyi Poligrafi kimlere yapılır?']","Evde yapılan uyku testi yani poligrafi, uyku sırasında kişinin farkında olmadan horlama, uykuda nefes durması gibi birçok sorunun belirlenmesinde önemli rol oynuyor. Yaşam süresinin üçte birini oluşturan uyku, yeterli ve düzenli olmadığı takdirde birçok sağlık sorunu ortaya çıkabiliyor. Kişide uyku bozuklukları, obezite, hipertansiyon, diyabet, kalp krizi veya inme gibi çeşitli ciddi sağlık sorunları görülebiliyor. Evde de yapılabilen (poligrafi) uyku testinin sonucunda daha net teşhis konulabiliyor. Memorial Kayseri Hastanesi Nöroloji Bölümü Uzmanları, evde uyku testi hakkında bilgi verdi. Poligrafi nedir? Poligrafi yani evde yapılan uyku testi, uykunun kalitesini belirlemek ve uyku bozukluğunun nedeni bulmak için bütün gece boyunca seyyar bir cihaz yardımıyla veri kaydı yapılan bir işlemdir. İşlem sonucunda elde edilen verilerle, özellikle solunumun ritmi ile derinliği, horlama sıklığı ve düzeyi, solunum durması ve süresi, kandaki oksijen düzeyi ölçülmektedir. Poligrafi sırasında hangi değerler ölçülür? - Solunum yollarındaki hava akışı - Uykuda solunum durması ve oranı - Horlama - Kan oksijen düzeyleri - Vücut pozisyonu - Nabız sayısı - Kandaki oksijen düzeyi Poligrafi kimlere yapılır? Evde uyku testi en çok aşağıda belirtilen durumlarda yapılmaktadır:"
doc_0047,doc_0047_parent_001,doc_0047_parent_001_child_003,Poligrafi nedir? Kimlere yapılır?,https://www.memorial.com.tr/tani-ve-testler/poligrafi-nedir-kimlere-yapilir,301,5,0,False,"['Horlama ve uyku apnesi: Poligrafi nasıl yapılır?', 'Poligrafi hakkında sık sorulan sorular Poligrafi ne kadar sürer?', 'Poligrafi öncesi ne yapılmalı?', 'Poligrafinin riski var mı?', 'Poligrafi çocuklara yapılır mı?']","Horlama ve uyku apnesi: Poligrafi nasıl yapılır? Genelde sağlık kuruluşlarında yapılan polisomnografi (uyku testi) günlük uyku alanı dışında başka bir yerde uyumanın uykusuzluğa neden olabileceği nedeniyle evlerde de yapılmaktadır. Poligrafi olarak bilinen evde uyku testinde hastanın konforunu, gece yataktaki hareketlerini ve uyku kalitesini bozmayacak şekilde tasarlanmış uyku cihazları kullanılmaktadır. Bu cihazların nasıl kullanılacağı hastaya tarif edilmektedir. Hastalar evlerine götürdükleri cihazların elektrotlarını kolayca vücutlarına bağlayabilmektedir. Cihaz bir sonraki gün tekrar hastaneye götürülmektedir. Veriler uzman hekim tarafından değerlendirilmektedir. Poligrafi hakkında sık sorulan sorular Poligrafi ne kadar sürer? Poligrafi diğer testler gibi kısa süreli değildir. Testin süresi kişinin uyku süresi kadardır. Gece çalışanlar için ise gündüz de uygulanabilmektedir. Poligrafi öncesi ne yapılmalı? Hasta herhangi bir ilaç kullanıyorsa, doktora bu konuda bilgi verilmelidir. Test günü uykusuzluğa neden olan alkol, sigara, çay, kahve ve gazlı içecekler tüketilmemelidir. Akşam yemeğinde ağır besinlerden uzak durulmalı, ancak aç kalınmamalıdır. Poligrafinin riski var mı? Poligrafinin sağlık açısından kesinlikle bir riski yoktur. Evde yapılan poligrafi sırasında kullanılan cihazlar son derece güvenilirdir. Poligrafi çocuklara yapılır mı? Evde uyku testi, çocukluk çağı obstrüktif uyku apne sendromu (OSAS) tanısında da kullanılmaktadır."
doc_0047,doc_0047_parent_001,doc_0047_parent_001_child_004,Poligrafi nedir? Kimlere yapılır?,https://www.memorial.com.tr/tani-ve-testler/poligrafi-nedir-kimlere-yapilir,310,5,1,False,"['Poligrafi çocuklara yapılır mı?', 'Poligrafi hamilelere yapılır mı?', 'Poligrafi yapılmadan önce nelere dikkat edilmeli?', 'Poligrafi sonucunda uyku apnesi tanısı konulursa ne yapılır?', 'Poligrafiden önce düzenli içilen ilaçlar kullanılır mı?']","Poligrafi çocuklara yapılır mı? Evde uyku testi, çocukluk çağı obstrüktif uyku apne sendromu (OSAS) tanısında da kullanılmaktadır. Poligrafi hamilelere yapılır mı? Gebelerde uyku ile ilgili solunum bozuklukları, uyku bozukluklarına neden olabilmektedir. Gebeliğe bağlı fizyolojik ve hormonal değişiklikler uyku apnesine yol açabilmektedir. Poligrafi güvenli bir şekilde kullanılmaktadır. Kullanılan cihazların anne karnındaki bebeğe bir zararı yoktur. Poligrafi yapılmadan önce nelere dikkat edilmeli? - Uyku testi yapılacak gecenin gündüzünde uyunmamalıdır. - Uyku testi yapılacak gecenin gündüzünde aşırı çay, kahve ve alkol tüketilmemelidir. - Uyumak için kullanılan herhangi bir ilaç var ise bu ilaçlar kullanılmamalıdır. Poligrafi sonucunda uyku apnesi tanısı konulursa ne yapılır? Uyku testi sonucunda uyku apnesi tanısı konulması halinde, uzman hekimin önereceği ileri tetkiklerin (hastanede uyku testi- PSG) yanı sıra; tedavi amacı ile kilo verme, ağız içi apareyler, kulak- burun boğaz ve göğüs hastalıkları uzmanının görüşü ve CPAP tedavisi de kullanılabilir. Poligrafiden önce düzenli içilen ilaçlar kullanılır mı? Poligrafiden önce düzenli kullanılan ilaçların içilmesinde herhangi bir sakınca yoktur. Ama bu ilaçlar konusunda uzman hekime bilgi verilmesi gerekir. Herhangi bir tıbbi özel durum olması halinde, hekim bazı ilaçların o gün kullanılmasını istemeyebilir."
doc_0049,doc_0049_parent_001,doc_0049_parent_001_child_004,Kemik Erimesine Karşı Önleminizi Genç Yaşlarda Alın,https://www.memorial.com.tr/saglik-rehberi/kemik-erimesine-karsi-onleminizi-genc-yaslarda-alin,193,11,10,False,"['Anne veya babanızda basit bir zorlanma veya hafif bir düşme sonrasında kalça kırığı oldu mu?', 'Sırtında kamburluk gelişti mi?', 'Kendinizde hafif zorlanma sonucunda kırık oluştu mu?', '45 yaşından önce menopoza girdiniz mi?', '(Kadınlar için) - Son bir yıl içinde boyunuz 3 santimetreden fazla kısaldı mı?', 'Vücut kütle indeksiniz 19 kg/m 2 ’nin altında mı?', 'Üç aydan daha uzun süre kortizon içeren ilaç kullandınız mı?', 'Romatoid artrit hastalığınız var mı?', 'Günlük süt veya süt ürünleri tüketiminiz yetersiz mi?', 'Günlük direkt güneş ışığına maruz kalma süreniz 10 dakikadan az mı?', 'Sigara içiyor musunuz?']","Bu kişiler vakit kaybetmeden uzmana başvurarak, fiziksel muayene, kan-idrar testleri, röntgen ve kemik yoğunluğu ölçümü yaptırmalıdır. - Anne veya babanızda basit bir zorlanma veya hafif bir düşme sonrasında kalça kırığı oldu mu? Sırtında kamburluk gelişti mi? - Kendinizde hafif zorlanma sonucunda kırık oluştu mu? - 45 yaşından önce menopoza girdiniz mi? (Kadınlar için) - Son bir yıl içinde boyunuz 3 santimetreden fazla kısaldı mı? - Vücut kütle indeksiniz 19 kg/m 2 ’nin altında mı? - Üç aydan daha uzun süre kortizon içeren ilaç kullandınız mı? - Romatoid artrit hastalığınız var mı? - Günlük süt veya süt ürünleri tüketiminiz yetersiz mi? - Günlük direkt güneş ışığına maruz kalma süreniz 10 dakikadan az mı? - Sigara içiyor musunuz?"
doc_0050,doc_0050_parent_002,doc_0050_parent_002_child_002,Hematopoez Nedir? Hematopoez Süreci Nasıl İşler?,https://www.memorial.com.tr/saglik-rehberi/hematopoez-nedir,201,3,0,False,"['Hemotopoez Hakkında Sık Sorulan Sorular Hematopoez ne demek?', 'H3: Hematopoez evreleri nelerdir?', 'H3: Hematopoez ne zaman başlar?']","Bu durum nötropeni olarak ifade edilir. Bununla birlikte düşük kan hücresi sayıları, farklı ilaçların yan etkisi olarak da ortaya çıkabilir. Hemotopoez Hakkında Sık Sorulan Sorular Hematopoez ne demek? Hematopoez, kan hücresi bileşenlerinin oluşumudur. Bu süreç, embriyonik gelişim sırasında ve yetişkinlik boyunca kan hücrelerini yenileyerek üretmek için gerçekleşir. H3: Hematopoez evreleri nelerdir? Özellikle fetal gelişim sırasında hematopoez, medüller ve ekstramedüller evrelerden geçer. Kemik iliğinde meydana gelen hematopoez süreci medüller hematopoez olurken karaciğer, dalak ve lenf düğümlerinde gerçekleşen süreç ise ekstramedüller hematopoezdir. H3: Hematopoez ne zaman başlar? Hematopoez insan vücudundan doğumdan önce başlar ve yaşam boyunca devam eden bir süreçtir."
doc_0051,doc_0051_parent_001,doc_0051_parent_001_child_002,Bayılma (Senkop) Nedir? Bayılma Neden Olur?,https://www.memorial.com.tr/saglik-rehberi/senkop-bayilma-nedir,287,0,0,True,[],"- Kalp dışı nedenler. Kalbe bağlı bayılma nedenleri Kalp ritim bozuklukları: Ritim bozukluklarında, kalbin çalışmasında düzensizlik, yavaş (bradikardi) veya hızlı çalışması (taşikardi), kalp blokları, senkop nedeni olabilir. Ve en sık görülen kalp ilgili nedenler arasındadır. Kalp ritim bozuklukları: Kan basıncının düşük olması (hipotansiyon): Değişik nedenlerle oluşur. En sık nedenlerden biri pozisyondaki ani değişiklikler yani uzun bir süre yatar pozisyonda kalmanın ardından aniden ayağa kalkma gibi durumlarda kan basıncında ki hızlı düşüşler senkop nedeni olabilir. Kan basıncının düşük olması (hipotansiyon): Kalp kapak hastalıkları ve kalp kası hastalıkları ve kalp hastalıkları : Kalp kapak hastalıkları ve kalp kası hastalıkları ve kalp hastalıkları için kullanılan bazı ilaçlar yine benzer nedenlerde beynin kanlanmasını bozarak senkopa neden olabilmektedir. Kalp kapak hastalıkları ve kalp kası hastalıkları ve kalp hastalıkları Kalbe bağlı olmayan bayılma nedenleri Vazomotor senkop (nörokardiyojenik senkop): Senkop vakalarının %80 den fazlası vazovagal senkoptur. Vazovagal senkop en sık görülen senkop nedenidir. Kanın bacaklarda göllenmesi ve beyin kan akımının azalması senkopa neden olur."
doc_0051,doc_0051_parent_002,doc_0051_parent_002_child_003,Bayılma (Senkop) Nedir? Bayılma Neden Olur?,https://www.memorial.com.tr/saglik-rehberi/senkop-bayilma-nedir,303,4,0,False,"['Senkop Tedavisi Nasıldır?', 'Bayılma (Senkop) ile İlgili Sık Sorulan Sorular Tıp dilinde senkop ne demek?', 'Senkop ve bayılma ne demek?', 'Vazovagal bayılma neden olur?']","Senkop Tedavisi Nasıldır? Senkop tedavisi hastanın ve hastalığın özelliklerine göre değişmektedir. Özellikle hastanın yaşına, bayılma sırasındaki şikayetlerine ve altta yatan hastalıklara göre değişmektedir. Genelde çoğu kişide senkop nedensiz ve bir kereye mahsus yaşanabilmektedir. Ancak sık tekrarlayan vakalarda altta yatan neden kalp damar hastalıklarıyla veya diğer başka hastalıklarla bağlantılı ise bu hastalıklar tedavi edilmektedir. Bayılma (Senkop) ile İlgili Sık Sorulan Sorular Tıp dilinde senkop ne demek? Senkop (bayılma) kan akımının beyinde geçici olarak azalması sonucu şuur ve postür kaybıyla sonuçlanan durumdur. Senkop yaygın görülen bir sorundur. Hayatının bir noktasında erkeklerin %3'ü ve kadınların %3,5'i bayılma yaşamaktadır. Yaşlandıkça daha sık görülen bayılma durumu, 75 yaş üstü kişilerin %6'sını etkiler. Senkop her yaşta ortaya çıkabilir ve başka tıbbi sorunları olan ve olmayan kişilerde görülebilir. Senkop ve bayılma ne demek? Senkop bayılma için kullanılan tıbbi terimdir. Beyne giden kan miktarındaki geçici bir düşüş nedeniyle ortaya çıkmaktadır. Şuur ve postür kaybı sonucu kişi düşer. Vazovagal bayılma neden olur? Kanın bacaklarda göllenmesi ve beyin kan akımının azalması senkopa neden olur."
doc_0051,doc_0051_parent_002,doc_0051_parent_002_child_004,Bayılma (Senkop) Nedir? Bayılma Neden Olur?,https://www.memorial.com.tr/saglik-rehberi/senkop-bayilma-nedir,301,3,0,False,"['Vazovagal bayılma neden olur?', 'Bayılma neden meydana gelir?', 'Senkop hayat nasıl etkiler?']","Vazovagal bayılma neden olur? Kanın bacaklarda göllenmesi ve beyin kan akımının azalması senkopa neden olur. Susuz kalma veya su kaybı, ilaçlar ve diyabet ve diyabetin neden olduğu polinöropati ve otonom disfonksiyonlar, otonom sinir sisteminin etkilendiği diğer nörolojik ve sistemik hastalıklar vazovagal senkop gelişimini kolaylaştırmaktadır. Vazovagal senkoplu bazı hastalarda ortostatik hipotansiyon adı verilen bir durum görülmektedir. Bu durum, hasta ayağa kalktığında kan damarlarının olması gerektiği gibi küçülmesini engeller. Bu da, kanın bacaklarda birikmesine ve kan basıncının hızlı şekilde düşmesine neden olmaktadır. Bayılma neden meydana gelir? Bayılma, bacaklarda kanın göllenmesi ve beyindeki kan akımının ileri derecede azalması sonucu kişide meydana gelen şuur ve bilinç kaybı genellikle kalp ile ilgili nedenler ve kalp dışı nedenler olarak 2 şekilde ele alınmaktadır. Birçok kişide sinir sistemini veya kalbi etkileyen bilinen veya bilinmeyen altta yatan hastalıklar sonucu senkop durumunu yaşamaktadır. Bununla birlikte vücuttaki kan akışını etkileyen ve pozisyon değiştirildiğinde kan basıncının düşmesine neden olan rahatsızlıklara da işaret edebilmektedir. Senkop hayat nasıl etkiler? Doğru tanı ve tedavi planlaması ile senkop yönetilebilir ve kontrol altına alınabilir tıbbi bir sorundur."
doc_0053,doc_0053_parent_001,doc_0053_parent_001_child_001,Atel Nedir? Atel Neden Kullanılır ve Ne İşe Yarar?,https://www.memorial.com.tr/saglik-rehberi/atel-nedir,307,8,7,False,"['Atel Nedir?', 'Atel Neden Kullanılır?', 'Atel Ne İşe Yarar?', 'Atel Ne Zaman Kullanılır?', 'Atel Uygulaması Nasıl Yapılır?', 'Atel Bakımı Nasıl Yapılır?', 'Atel Kullanımı Konusunda Dikkat Edilmesi Gerekenler - Atel Komplikasyonları Nelerdir?', 'Atel Hakkında Sıkça Sorulan Sorular Atel Nedir?']","Günlük hayatta insanların yaşadığı kaza sonucu oluşan incinmeler ve kırıklar kişileri zor durumda bırakan olayların başında gelir ve hareket alanını büyük oranda kısıtlar. Meydana gelen kırıklar ve incinmiş dokular için en önemli noktalardan biri hareketsiz kalmalarıdır. Kırıkarın hareketsiz kalması için de uygulanan yöntemlerden biri ateldir. Atel işlemi; alçı ve sargı bezi yardımıyla sabitleme ve hareketsiz kalma yöntemidir. - Atel Nedir? - Atel Neden Kullanılır? Atel Ne İşe Yarar? - Atel Ne Zaman Kullanılır? - Atel Uygulaması Nasıl Yapılır? - Atel Bakımı Nasıl Yapılır? Atel Kullanımı Konusunda Dikkat Edilmesi Gerekenler - Atel Komplikasyonları Nelerdir? - Atel Hakkında Sıkça Sorulan Sorular Atel Nedir? Atel, kırık veya yaralanmış ekstremite veya dokuların korunması veya ağrıyı azaltmak için vücudun bir bölümünü sabitlemek suretiyle hareketsiz hale getirmek için kullanılan destekleyici bir ekipmandır. Atel işlemi genellikle kırık bir kemiğin sabitlenmesi ve hareketsiz kalması için tercih edilirken daha şiddetli vakalarda hastanın tedavisi doktor kontrolünde yapılır. Kırılmanın yanı sıra incinme veya burkulma durumlarında da atel kullanılabilir. Düzgün yerleştirildiği durumlarda sert bir atel, yaralanan bölgenin hareketsiz kalmasını ve acısının hafiflemesini sağlar."
doc_0053,doc_0053_parent_001,doc_0053_parent_001_child_002,Atel Nedir? Atel Neden Kullanılır ve Ne İşe Yarar?,https://www.memorial.com.tr/saglik-rehberi/atel-nedir,299,3,1,False,"['Atel Neden Kullanılır?', 'Atel Ne İşe Yarar?', 'Atel şunların tedavisinde kullanılır: - Kemik kırıkları - Burkulmalar - Karpal Tünel Sendromu - Çıkık kemikler - Tendon kopmaları Atel Ne Zaman Kullanılır?']","Düzgün yerleştirildiği durumlarda sert bir atel, yaralanan bölgenin hareketsiz kalmasını ve acısının hafiflemesini sağlar. Bunlarla birlikte yaralanan kişinin ihtiyaç duyduğu atel türü, yaranın durumu ve şiddetine bağlı olarak değişecektir. Atel Neden Kullanılır? Atel Ne İşe Yarar? Atel, kırık, incinme ve burkulmalar gibi farklı yaralanma çeşitlerinin tedavisinde ilgili noktanın daha fazla zarar görmemesi veya ağrıyı hafifletmek amacıyla zarar gören noktayı hareketsiz tutmak için kullanılır. Alçıyla birlikte destekleyici olarak da tercih edilen atel, bazen alçıdan önce kullanılmasıyla birlikte bazen de tek başına tercih edilir. Ayrıca yarım alçı olarak da adlandırılan atel, alçılara göre daha az destek sağlar ancak kullanımı daha hızlı, pratik ve kolaydır. Yaralanan bölgedeki ağrı ve şişliklerin arttığı durumlarda kolayca sıkılıp gevşetilebilir. Atel şunların tedavisinde kullanılır: - Kemik kırıkları - Burkulmalar - Karpal Tünel Sendromu - Çıkık kemikler - Tendon kopmaları Atel Ne Zaman Kullanılır? Özellikle kemik kırıkları yaşandığı zaman alçıyla birlikte atel kullanımı tercih edilir. Bununla birlikte ortopedik cerrahi sonrasında da kullanılan atel, yaralanma sonrası etkilenen bölgenin şişmesi durumlarında da acil ihtiyaç olarak takılır. Şişlik indikten sonra da yaralı bölgeye tam alçı uygulaması yapılır."
doc_0053,doc_0053_parent_002,doc_0053_parent_002_child_002,Atel Nedir? Atel Neden Kullanılır ve Ne İşe Yarar?,https://www.memorial.com.tr/saglik-rehberi/atel-nedir,124,3,0,False,"['Atel Hakkında Sıkça Sorulan Sorular Ayakta atel ne demek?', 'Atel takılmazsa ne olur?', 'Kaç çeşit atel vardır?']","Atel Hakkında Sıkça Sorulan Sorular Ayakta atel ne demek? Ayakta atel işlemi, ayakta meydana gelen yaralanmalar sonucu yaşanan semptomların azalması ve ayağı sağlıklı duruma geri getirmek için uygulanan tıbbi ve ortopedik bir tedavi seçeneğidir. Atel takılmazsa ne olur? Yaralanma sonucu kırılma ve çeşitli sorunlar yaşanan bölgeye atel takılmazsa yaralanan bölgedeki hasar büyür ve iyileşme süresi gecikebilir. Kaç çeşit atel vardır? Atel çeşitleri; statik, dinamik ve seri atel şeklindedir."
doc_0059,doc_0059_parent_002,doc_0059_parent_002_child_001,Sedasyon Nedir? Sedasyon Kimlere Uygulanır?,https://www.memorial.com.tr/saglik-rehberi/sedasyon-nedir,214,4,0,False,"['Sedasyon Hakkında Sıkça Sorulan Sorular Sedasyonda Acı Hissedilir mi?', 'Sedasyon yan etkileri var mıdır?', 'Sedasyon hangi durumlarda yapılmaz?', 'Sedasyon uyutur mu?']","Bazı kişilerde hastalığın durumuna göre uyku hali iki ya da üç saat sürebilmektedir. Sedasyon Hakkında Sıkça Sorulan Sorular Sedasyonda Acı Hissedilir mi? Sedasyon işlemi sırasında hastanın bilinci açıktır, bu işlem sayesinde ağrı ve acı hissi bastırılır. Sedasyon yan etkileri var mıdır? Güvenli ve daha kolay bir uyutma işlemi olan sedasyonun yan etkileri genel anesteziye göre daha azdır. Bazı kişilerde sedasyon sonrası baş ağrısı, yorgunluk, tansiyon değişikliği, kısa süreli hafıza problemleri gibi semptomlar görülebilir. Sedasyon hangi durumlarda yapılmaz? Kalp rahatsızlığı yaşayan ve akciğer problemi olan, solunum sıkıntısı yaşayan kişilere sedasyon uygulaması yapılması tercih edilmemektedir. Diş problemlerinde ise diş hekimi kontrolünde gerçekleşir. Sedasyon uyutur mu? Sedasyon uygulanan kişi derin uykuya girse de bilinci açık olduğu için söylenenleri anlayarak komutlara cevap verebilir düzeyde olmaktadır."
doc_0060,doc_0060_parent_002,doc_0060_parent_002_child_002,Ventriküler Fibrilasyon Nedir? Belirtileri Nelerdir?,https://www.memorial.com.tr/saglik-rehberi/ventrikuler-fibrilasyon-nedir,319,3,0,False,"['Ventriküler taşikardi nedir?', 'Ventriküler fibrilasyon tehlikeli mi?', 'Ventriküler fibrilasyon ne kadar sürer?']","Kalbin normal pompalama sekansında bir arıza meydana gelmesi olan ventriküler fibrilasyon en basit tanımıyla bir tür düzensiz kalp ritmidir. Ventriküler taşikardi nedir? Ventriküler taşikardi, kalbin düzensiz ritimde işlev görmesi yerine, daha organize bir düzende çok hızlı bir şekilde atmasıdır. Ventriküler taşikardi atakları, ventriküler fibrilasyon ataklarına ve buna bağlı olarak kalp durmasına neden olabilir. Ventriküler fibrilasyon tehlikeli mi? Ventriküler fibrilasyon durumu kişi sağlığı için tehlikeli bir durumdur. Acil müdahale olmadığı takdirde ilk birkaç dakika içinde hasta hayatını kaybedebilir. Ventriküler fibrilasyon nedeni ile ortaya çıkan düzensiz kalp atışları kalbin vücuda kan pompalamasının durmasına yol açar. Böyle bir durumda kan basıncı aniden ve ciddi ölçüde düşüş gösterir. Vücuda pompalanması gereken kanın, pompalanmama süresi ne kadar uzarsa, beyin ve diğer organların hasar alma riski de o kadar artar. Ventriküler fibrilasyon ne kadar sürer? Ventriküler fibrilasyon anında tıbbi yardım alınmadığı takdirde birkaç dakika gibi çok kısa bir sürede ölüme neden olur. Bu bilgiden de anlaşılacağı üzere ventriküler fibrilasyon atağının hastane dışında geçirilmesi halinde, acil müdahaleye geçilse bile hastanın uzun süre hayatta kalma ihtimali azdır."
doc_0061,doc_0061_parent_002,doc_0061_parent_002_child_001,L Theanine Nedir​? L Theanine Faydaları Nelerdir?,https://www.memorial.com.tr/saglik-rehberi/l-theanine-faydalari,310,3,1,False,"['L Theanine Nelerde Bulunur?', 'cha çayı - Bazı mantar türleri - Çay tüketmeyen kişiler için kapsül, tablet veya toz formunda L Theanine Hakkında Sık Sorulan Sorular L theanine kimler kullanırken dikkat etmelidir?', 'L theanine kilo verdirir mi?']","- L-theaninein hamilelik veya emzirme esnasında güvenli olup olmadığına dair yeterli veri yoktur. Bu nedenle doktora sorulmadan tüketilmemesi gerekir - Kan şekeri seviyelerini etkileyebileceğinden diyabet hastalarının dikkatli tüketmesi gerekir. - Nadiren de olsa L-theanine, alerjik reaksiyonlar yaratabilir. Bu da kişide ciltte döküntü, nefes almada güçlük ya da kaşıntı gibi belirtiler görülebilir. L Theanine Nelerde Bulunur? L-theanine, çay yapraklarında doğal olarak yer alarak rahatlatıcı etkilerde bulunur. Yeşil çay, matcha çayı gibi çay türlerinden yer alır. L-theanine içeren doğal besinler şöyle sıralanabilir: - Yeşil çay - Siyah çay - Oolong çay - Beyaz çay - Matcha çayı - Bazı mantar türleri - Çay tüketmeyen kişiler için kapsül, tablet veya toz formunda L Theanine Hakkında Sık Sorulan Sorular L theanine kimler kullanırken dikkat etmelidir? L-theanineni vücuda almadan önce mutlaka doktordan görüş almak gerekebilir. Özellikle tansiyon veya kan şekeri düzenleyici ilaç kullananlar, hamile veya emziren ve kronik hastalığı olan kişilerin kullanımına dikkat etmesi önemlidir. L theanine kilo verdirir mi? L-theanineinn kilo kaybına doğruda etkisi olmasa da stres kaynaklı olarak görülen aşır yeme duygusunun önüne geçebilir."
doc_0063,doc_0063_parent_002,doc_0063_parent_002_child_002,Love Bombing Nedir? Love Bombing Nasıl Fark Edilir?,https://www.memorial.com.tr/saglik-rehberi/love-bombing-nedir,276,3,0,False,"['Love bombing ve gerçek sevgi nasıl ayırt edilir?', 'Love bombing yapan kişiler narsist midir?', 'Erkekler mi kadınlar mı daha çok love bombing yapar?']","Bu davranış genellikle istismarcı ve narsist ilişkilerde görülür ve mağdurun hızlı bir şekilde ilişkiye bağlanmasını sağlamak için kullanılır. Love bombing, psikolojik ve duygusal istismarın bir biçimi olup, aşırı iltifat, şefkat, abartılı hediyeleşme ve sürekli iletişim gibi davranışlarla kendini gösterir. Love bombing ve gerçek sevgi nasıl ayırt edilir? Gerçek sevgide manipülasyon olmaz. Love bombing durumunda ise ilgi, sevgi, şefkat vardır ancak zamanla ciddi bir manipülasyon söz konusudur. Kişinin bunu fark etmesi için birlikte ne kadar zaman geçirdiğine ve diğer kişiye hayatıyla ilgili ne kadar bilgi verdiğine dikkat etmesi gerekir. Kişi bu bilgilerle yetinmeyip daha fazlası için baskı yapmaya başlarsa veya açıkça partnerinin sınırlarını ihlal etmeye kalkarsa bu bir uyarı işareti olabilir. Love bombing yapan kişiler narsist midir? İlişkideki gücü ve kontrolü elinde bulundurmak için love bombing yapan kişiler aynı zamanda narsist kişilik özellikleri de taşır. Çünkü narsist kişiler de gücün kendi ellerinde olmasını ister. Erkekler mi kadınlar mı daha çok love bombing yapar? Kesin bir verisi olmasa da erkeklerin özellikle duygusal ilişkilerde daha çok love bombing yaptığı değerlendirilir. Çünkü erkeklerin, kadınlar üzerinde gücü elinde bulundurma gibi bir niyetleri olabilir."
doc_0065,doc_0065_parent_001,doc_0065_parent_001_child_001,Hamilelik Belirtileri Nelerdir? Gebelikte İlk Belirtiler,https://www.memorial.com.tr/saglik-rehberi/gebelere-yaz-tatili-onerileri,313,6,6,False,"['Hamileliğin İlk Haftasında Neler Yaşanır?', 'Hamilelik Belirtileri Ne Zaman Başlar?', 'Hamilelik (Gebelik) Belirtileri Nelerdir?', 'Hamilelikte Görülen Kanama (Lekelenme) Nedir?', 'Hamilelik Dönemleri Nelerdir?', 'Hafta -) - Hamilelik Belirtileri Hakkında Sık Sorulan Sorular Hamileliğin İlk Haftasında Neler Yaşanır?']","Hamilelik, sperm ve yumurtanın döllenmesi ile fetüs yani bebeğin gelişiminin başladığı, normal şartlarda 9 ay süren bir dönemdir. Anne karnında bebeğin gelişmeye başlaması anne adayında fiziksel bazı belirtilerin gelişmesine neden olur. Her hamilelikte aynı semptomlar yaşanmayabilir ancak genel olarak hamilelikte ortaya çıkan tipik belirtiler söz konusudur. En erken hamilelik belirtisi adet gecikmesidir. Hamileliğin ilk haftalarında sabah bulantısı, alt karın bölgesinde kramp, hazımsızlık, göğüslerde şişme, yorgunluk, bulantı ve kusma, sırt ağrısı, koku hassasiyetinde artış, ruh halinde değişiklik ve sık idrara çıkma gibi belirtiler görülür. - Hamileliğin İlk Haftasında Neler Yaşanır? - Hamilelik Belirtileri Ne Zaman Başlar? - Hamilelik (Gebelik) Belirtileri Nelerdir? - Hamilelikte Görülen Kanama (Lekelenme) Nedir? - Hamilelik Dönemleri Nelerdir? - 1. Trimester (İlk 12 Hafta) - 2. Trimester (13-28. Hafta) - 3 Trimester (29. Hafta -) - Hamilelik Belirtileri Hakkında Sık Sorulan Sorular Hamileliğin İlk Haftasında Neler Yaşanır? Hamileliğin ilk haftası döllenme ve yumurtlama işlemi henüz tamamlanmadığı için bebek oluşmamıştır. Yumurta olgunlaşma sürecindedir."
doc_0065,doc_0065_parent_003,doc_0065_parent_003_child_003,Hamilelik Belirtileri Nelerdir? Gebelikte İlk Belirtiler,https://www.memorial.com.tr/saglik-rehberi/gebelere-yaz-tatili-onerileri,300,3,0,False,"['Hamileliğin ilk haftası kanama olur mu?', 'Hamileliğin ilk haftalarında yapılmaması gerekenler nelerdir?', 'Hamileliğin ilk haftası testte çıkar mı?']","Gebelik planlaması yapan kadınlar beslenme ve egzersiz gibi düzenlemelerini yapması gerekir. Sağlıklı beslenme, düzenli yaşam, hafif egzersizlerle hamileliğe hazırlık yapılabilir. Tabii ki folik asit kullanımına dikkat edilmelidir. Doktorun önerdiği ölçüde folik asit alımı yapılmalıdır. Hamileliğin ilk haftası kanama olur mu? Spermin yola çıkmasından yumurtaya ulaşmasına kadar geçen süre yaklaşık 12 saattir. Gebelikte 1 hafta içinde yüzlerce sperm yumurtaya yönelir, ancak sadece bir tanesi yumurtanın dış yüzeyinden içeri girer. Gebeliğin ilk günleri görülen hafif kanama, hamileliğin başladığının işaretidir. Hamileliğin ilk haftalarında yapılmaması gerekenler nelerdir? Radyasyona maruz kalınabilecek ortamlarda bulunmak, sağlıksız beslenmek, ağır işler yapmak, doktorun önermediği ilaçları kullanmak, enfeksiyona karşı korunmamak, alkol ve sigara kullanmak gebelikte yapılmaması gereken şeylerdendir. Hamileliğin ilk haftası testte çıkar mı? Adet gecikmesinden yaklaşık 8 gün sonra evde yapılan testlerde hamilelik çıkabilir. Eğer adet gecikmesinden bir iki gün sonra test yaparsanız pozitif sonucunu göremeyebilirsiniz çünkü idrarda yeterli miktarda hCG olmayabilir. hCG, sadece hamile kadınların kanında ve idrarında bulunan bir hormondur. Kan testleri hCG'yi idrar testinden daha erken tespit edilebilir."
doc_0065,doc_0065_parent_003,doc_0065_parent_003_child_004,Hamilelik Belirtileri Nelerdir? Gebelikte İlk Belirtiler,https://www.memorial.com.tr/saglik-rehberi/gebelere-yaz-tatili-onerileri,303,5,0,False,"['Hamileliğin ilk haftası bebek ultrasonda görülür mü?', '“Hamileliğin ilk haftası yani bir haftalık hamilelik ultrasonda görünür mü?', 'Hamileliğin ilk haftası baş ağrısı olur mu?', 'Östrojen ve progesteron hormonu gebelikte neden önemli?', 'Hamileliğin ilk haftası beslenme önemli midir?']","Kan testleri hCG'yi idrar testinden daha erken tespit edilebilir. Kan testleri yumurtlamadan 6-8 gün sonra pozitif sonuç verirken, idrar testleri yumurtlamadan yaklaşık 3 hafta sonra pozitif sonuç verebilir. Kan testi genelde klinik ortamda yapılır. İdrar testinde pozitif sonuç elde edildiyse mutlaka doktordan randevu almalısınız. Hamileliğin ilk haftası bebek ultrasonda görülür mü? “Hamileliğin ilk haftası yani bir haftalık hamilelik ultrasonda görünür mü?” şeklinde internetten araştırma yapanlara bu sorunun yanıtı “Hayır” olur. Gebelik testi pozitif çıkan bir kadının 4 haftalık hamileyken ultrasonda gebelik kesesi görülebilir. Beş ya da altıncı haftalık hamilelikte de kalp atışları ultrasondan duyulabilir. Hamileliğin ilk haftası baş ağrısı olur mu? Bazı kadınlar birinci haftalık gebelikte baş ağrısı yaşayabilirler. Bu hormonal değişimlerden kaynaklanır. Östrojen ve progesteron hormonu gebelikte neden önemli? Bu iki hormon vücudun gebeliğe hazır olmasını sağlar. Bu iki hormonun artışı rahim duvarını da gebelik için hazırlar. Bunun için iki hormon gebeliğin oluşmasında önemlidir. Hamileliğin ilk haftası beslenme önemli midir? Hamilelikte aşırı kilo almaya gerek yoktur. Sağlıklı beslenmek hamilelikte bebeğin gelişimi ve annenin sağlığı için büyük önem taşır."
doc_0065,doc_0065_parent_004,doc_0065_parent_004_child_001,Hamilelik Belirtileri Nelerdir? Gebelikte İlk Belirtiler,https://www.memorial.com.tr/saglik-rehberi/gebelere-yaz-tatili-onerileri,283,4,0,False,"['Hamilelik belirtileri ilk ne zaman görülmeye başlar?', 'Hamilelikte vajinal akıntı nasıl olur?', 'Hamileliğin ilk haftası kanama yaşanır mı?', 'Hamileliğin ilk haftası bulantı veya kusma yaşanır mı?']","Protein açısından zengin, lifli besinlerden oluşan, taze meyve ile sebzeden oluşan beslenme en iyisi olabilir. Hamilelik belirtileri ilk ne zaman görülmeye başlar? Adet gecikmesi, yorgunluk, mide bulantısı ve göğüslerde hassasiyet gibi erken hamilelik belirtileri yumurtanın döllenmesinden bir hafta sonra başlar. Hamilelikte vajinal akıntı nasıl olur? Hamilelikte normalden daha fazla vajinal akıntı yaşanır. Genellikle berrak veya beyaz görünür ve ağır bir kokusu yoktur . Östrojen ve progesteron hormonlarının daha yüksek düzeyde olması bu vajinal akıntıda ki artışın nedenidir. Hamileliğin ilk haftası kanama yaşanır mı? Hamileliğin ilk haftasında çok net belirtiler görülmeyebilir ancak bazı anne adaylarında pembe veya kahverengi renkte adet kanamasından farklı olarak hafif implantasyon kanamaları yaşanabilir. Hamileliğin ilk haftası bulantı veya kusma yaşanır mı? ‘Sabah bulantısı’ olarak ifade edilen mide bulantısı hamileliğin ilk haftasında birçok anne adayında görülebilen bir hamilelik belirtisidir. Sabah bulantısına kusma da eşlik ettiğinde kişi hamilelik ihtimalini değerlendirmeye başlayabilir ve kesin sonuç için hamilelik testine başvurmalıdır."
doc_0065,doc_0065_parent_004,doc_0065_parent_004_child_002,Hamilelik Belirtileri Nelerdir? Gebelikte İlk Belirtiler,https://www.memorial.com.tr/saglik-rehberi/gebelere-yaz-tatili-onerileri,308,4,0,False,"['Hamileliğin ilk haftası karın ağrısı yaşanır mı?', 'Hamileliğin ilk haftası baş dönmesi yaşanır mı?', 'Hamileliğin ilk haftası baş ağrısı yaşanır mı?', 'Yüzde yüz hamilelik belirtileri nelerdir?']","Sabah bulantısına kusma da eşlik ettiğinde kişi hamilelik ihtimalini değerlendirmeye başlayabilir ve kesin sonuç için hamilelik testine başvurmalıdır. Hamileliğin ilk haftası karın ağrısı yaşanır mı? Adet ağrılarına benzeyen kramplar, hamileliğin erken dönemlerinde ve ilk haftalarında ortaya çıkabilir. Bunlar genellikle hormon değişimleri ve büyüyen rahimden kaynaklanır. Genellikle ilk haftada hafif ağrı ve kramp yaşanırken hamilelik ilerledikçe bu ağrılar daha da şiddetlenebilir. Hamileliğin ilk haftası baş dönmesi yaşanır mı? Hamileliğin ilk haftasında baş dönmesi belirtisi çok yaygın görülen bir belirti değildir ancak bazı kişilerde ortaya çıktığı görülmüştür. Bunun nedeni hem vücuttaki hormonal değişiklikler hem de artan kan hacminizdir. Haftalar ilerledikçe baş dönmesi şikayetleri daha da artabilir. Hamileliğin ilk haftası baş ağrısı yaşanır mı? Hamileliğin ilk haftası hafif baş ağrıları görülebilir ancak bu durum yaygın değildir. Haftalar ilerledikçe baş ağrısı şikayetlerinin daha da artması beklenir. Yüzde yüz hamilelik belirtileri nelerdir? Gebelik belirtileri kadından kadına değişebilir, bir anne adayı aşerme gibi bir belirti yaşarken, bir başka anne adayı o belirtiyi yaşamayabilir. Bu sebeple yüzde yüz hamilelik belirtisi kesin olarak yoktur. Ancak hamile kalan her kadın adet dönemini kaçıracaktır."
doc_0065,doc_0065_parent_004,doc_0065_parent_004_child_003,Hamilelik Belirtileri Nelerdir? Gebelikte İlk Belirtiler,https://www.memorial.com.tr/saglik-rehberi/gebelere-yaz-tatili-onerileri,314,4,0,False,"['Cinsel ilişkiden kaç gün sonra hamilelik belli olur?', 'Cinsel ilişkiden kaç gün sonra hamilelik belirtileri ortaya çıkar?', '1 haftalık hamilelik testte çıkar mı?', 'Adetten önce yaşanabilecek erken hamilelik belirtileri nelerdir?']","Ancak hamile kalan her kadın adet dönemini kaçıracaktır. Hamile miyim sorusunu soran bir anne adayında adet döngüsü bozulduysa, idrar sıklığında artış başladıysa, göğüslerde hassasiyet yaşanıyorsa, duygusal değişimler ve bulantı hissi varsa bunlar hamilelik belirtisi olarak görülebilir. Cinsel ilişkiden kaç gün sonra hamilelik belli olur? Hamilelik cinsel ilişkinin gerçekleştiği gün hemen başlamaz. Aslında cinsel ilişki sonrası hamile kalmayı sağlayan döllenme süreci 1-3 hafta arasında sürebilir. Sperm ve yumurtanın döllenmesi ilişkiden sonraki 6 gün içinde gerçekleşir. Cinsel ilişkiden kaç gün sonra hamilelik belirtileri ortaya çıkar? Hamilelik korunmasız cinsel ilişki sonrasında yaklaşık 2 ila 3 hafta içinde meydana gelir. Bazı kadınlar hamilelik belirtilerini hamileliğin başlamasından bir hafta sonra, yani döllenmiş bir yumurta rahminizin duvarına yapıştığında ortaya çıkan yerleşme kanaması ile fark edebilir. 1 haftalık hamilelik testte çıkar mı? Hamileliğin ilk haftasında kan testi yaptırılarak gebe olup olmadığınız ortaya çıkabilir. Kan değerleri bu noktada doğru sonucu sizlere verecektir. Adetten önce yaşanabilecek erken hamilelik belirtileri nelerdir? Adet dönemi yaklaşırken hamileliğini henüz fark etmeyen anne adaylarında, ruh hali değişimi, memelerde hassasiyet ve ağrı, yorgunluk, kanama(implantasyon), baş ağrısı ve iştah değişikliği görülebilir."
doc_0065,doc_0065_parent_004,doc_0065_parent_004_child_004,Hamilelik Belirtileri Nelerdir? Gebelikte İlk Belirtiler,https://www.memorial.com.tr/saglik-rehberi/gebelere-yaz-tatili-onerileri,296,4,1,False,"['Adetten önce yaşanabilecek erken hamilelik belirtileri nelerdir?', '3 günlük hamilelik belirtileri nelerdir?', 'hafta hamilelik belirtileri nelerdir?', 'hafta hamilelik belirtileri nelerdir?']","Adetten önce yaşanabilecek erken hamilelik belirtileri nelerdir? Adet dönemi yaklaşırken hamileliğini henüz fark etmeyen anne adaylarında, ruh hali değişimi, memelerde hassasiyet ve ağrı, yorgunluk, kanama(implantasyon), baş ağrısı ve iştah değişikliği görülebilir. Özellikle mide bulantısı, meme ucunun koyulaşması ve adetin gecikmesi erken dönem belirtilerdir. 3 günlük hamilelik belirtileri nelerdir? Hamileliğin 3. günü ile birlikte her kadında görülmeyebilen bazı belirtiler ortaya çıkabilir. 3 günlük hamilelik belirtileri, vajinadaki akıntı artışı, lekelenme, sık idrara çıkma ve göğüs bölgesindeki hassasiyettir. 3 günlük hamilelikte görülebilecek belirtiler şunlardır: - Vajinada olağan dışı artan akıntı - Yerleşme kanaması olarak da bilinen lekelenme - Sık sık idrara çıkma ve tuvalet ihtiyacı - Göğüs bölgesinde ağrı, şişlik ve hassasiyet - Ruh halinde meydana gelen dalgalanmalar - Hareket etmeyi zorlaştıracak şekilde kasık krampları - Mide yanması ve hassasiyet 1. hafta hamilelik belirtileri nelerdir? 1. hafta hamilelik belirtileri nelerdir? Hamilelik hesaplaması ile ilgili yanılgı hamileliğin haftası ile ilgili de kafa karışıklığı yaratabilmektedir. 1."
doc_0065,doc_0065_parent_005,doc_0065_parent_005_child_002,Hamilelik Belirtileri Nelerdir? Gebelikte İlk Belirtiler,https://www.memorial.com.tr/saglik-rehberi/gebelere-yaz-tatili-onerileri,316,5,1,False,"['Hamilelikte mide bulantısı ne zaman başlar?', 'Hamilelik baş ağrısına ve baş dönmesine neden olur mu?', 'Hamilelikte burun tıkanıklığı yaşanır mı?', 'Hamilelikte karşılaşılan tuhaf belirtiler nelerdir?', 'si - Mide yanması - Saçların daha hızlı uzaması - Koku alma duyusunda artış - Nefes darlığı - Burun kanaması - Akne oluşumu Hamileliğin ilk haftasında karın ve kasık ağrısı olur mu?']","Hamilelikte mide bulantısı ne zaman başlar? Bazı anne adaylarında mide bulantısı zamanı değişkenlik gösterebildiği gibi genel olarak hamilelikte mide bulantısı hormonal değişimlere bağlı olarak hamileliğin 6 ila 10. haftaları arasında yani trimester döneminde görülmeye başlar. Hamilelik baş ağrısına ve baş dönmesine neden olur mu? Baş ağrısı hamileliğin erken dönemlerinde görülen belirtilerdendir. Vücuttaki hormonal değişiklikler ve artan kan hacmi baş ağrısı ve baş dönmesinin nedenidir. Hamilelikte burun tıkanıklığı yaşanır mı? Bazı anne adaylarında hormon seviyelerindeki ve kandaki artışa bağlı olarak hamileliğin erken döneminde burun tıkanıklığı görünür. Burun mukozalarında ki kuruma burunda kanamayada neden olabilir. Hamilelikte karşılaşılan tuhaf belirtiler nelerdir? Hamilelikte anne adaylarının karşılaşılabileceği tuhaf hamilelik belirtileri şöyledir: - Gıda dışı maddeleri yeme ihtiyacı - Kabızlık - Baş ağrısı - Bağışıklığın düşmesi - Mide yanması - Saçların daha hızlı uzaması - Koku alma duyusunda artış - Nefes darlığı - Burun kanaması - Akne oluşumu Hamileliğin ilk haftasında karın ve kasık ağrısı olur mu? Gebeliğin ilk haftalarında kasık ağrısı , karın ağrısı olması normaldir. Gebeliğin oluşmasıyla birlikte vücutta bir takım değişikliklerin olması doğaldır."
doc_0065,doc_0065_parent_005,doc_0065_parent_005_child_003,Hamilelik Belirtileri Nelerdir? Gebelikte İlk Belirtiler,https://www.memorial.com.tr/saglik-rehberi/gebelere-yaz-tatili-onerileri,286,7,0,False,"['Hamileliğin ilk haftası akıntı olur mu?', 'Hamileliğin ilk haftası mide bulantısı olur mu?', 'Hamileliğin ilk haftası yapılan diyetle cinsiyet belirlenebilir mi?', 'Hamileliğin ilk haftalarında cinsel ilişki önerilir mi?', 'Hamileliğin ilk haftası antibiyotik kullanımı olmalı mı?', 'Trimester nedir?', 'Hamilelikte sürecinde tükürük salgısı nasıl olur?']",Gebeliğin oluşmasıyla birlikte vücutta bir takım değişikliklerin olması doğaldır. Hamileliğin ilk haftası akıntı olur mu? Hamileliğin ilk haftasında akıntı görülür. Bu akıntının rengi genellikle berrak veya süt beyazıdır. Hamileliğin ilk haftası mide bulantısı olur mu? Hamileliğin ilk haftası hormonal değişimler nedeniyle mide bulantısı olabilir. Hamileliğin ilk haftası yapılan diyetle cinsiyet belirlenebilir mi? Bir diyet ile bebeğin cinsiyetini ayarlamak mümkün değildir. Hamileliğin ilk haftalarında cinsel ilişki önerilir mi? Hamilelik cinsel hayat için bir engel değildir. Ancak anne adayının düşük ya da erken doğum gibi riskleri varsa bu kısıtlanabilir. Hamileliğin ilk haftası antibiyotik kullanımı olmalı mı? Hamilelik planlandığından itibaren doktorun önermediği hiçbir ilacı kullanmamak gerekir. Trimester nedir? Hamileliğin süresi tıbbi olarak 40 hafta kabul edilmektedir. Gebeliğin her üç aylık bölümlerine de trimester denilmektedir. Hamilelikte ilk hafta birinci trimester içinde yer almaktadır. Hamilelikte sürecinde tükürük salgısı nasıl olur? Hamilelikte sürecinde meydana gelen belirgin semptomların yanında tükürük salgısında da değişim yaşanabilir. Bu süreçte anne adayının tükürüğü daha kalın veya aşırı olur.
doc_0065,doc_0065_parent_006,doc_0065_parent_006_child_001,Hamilelik Belirtileri Nelerdir? Gebelikte İlk Belirtiler,https://www.memorial.com.tr/saglik-rehberi/gebelere-yaz-tatili-onerileri,319,3,0,False,"['Hamilelikte ruh hali değişimi yaşanır mı?', 'Hamilelikte bebek hareketleri ne zaman hissedilmeye başlanır?', 'Hamilelik cildi nasıl etkiler?']","Hamilelikte ruh hali değişimi yaşanır mı? Hamilelikte anne adayının ruh halinde dalgalanmalar yaşanması çok yaygındır. Özelliklle İlk üç aylık dönemde ve üçüncü üç aylık dönemin sonuna doğru bu değişimler sıklaşır. Her şeyden alınan, kolayca üzülüp ağlayabilen, hormonlar kaynaklı duyguların tavan yaptığı anlar görülür. Hatta birçok hamile kadın hamilelik sırasında depresyona da girebilir. Ruh hali değişimleri yanı sıra, uyku sorunları ve yeme alışkanlıklarında değişikliklerde görülür. Hamilelikte bebek hareketleri ne zaman hissedilmeye başlanır? Anne adayları genelde bebeğin hareketlerini hamileliğin 20. haftası ile birlikte hissetmeye başlar. Hamilelik cildi nasıl etkiler? Hamilelikte kan hacmi arttığı için rahim ve diğer organlara, özellikle de böbreklere ekstra kan akışı söz konusudur. Buna bağlı olarak kadınlarda melazma adı verilen kahverengimsi lekeler meydana gelebilir. Kimi anne adaylarında ise karnın ortasında Bazıları karnın ortasında koyu bir çizgiler oluşur. Pigment üretiminin artmasına bağlı meme uçlarında, cinsel organın dış çevresinde ve anal bölgede cilt koyulaşması görülebilir. Yine artan kan akışı nedeniyle damarlara daha fazla kan gelmesi, yağ bezi salgısınının artması ile sonuçlanır. Bu durum sivilce çıkmasına neden olur çünkü cildin yağ bezleri artık daha fazla yağ üretiyordur. Hamilelikten önce sahip olduğunuz benler veya çiller büyüyüp koyulaşabilir."
doc_0066,doc_0066_parent_001,doc_0066_parent_001_child_001,Kanser Riskinizi Öğrenmeyi İhmal Etmeyin,https://www.memorial.com.tr/saglik-rehberi/kanser-riskinizi-ogrenmeyi-ihmal-etmeyin,301,3,2,False,"['1-Kanser taraması nasıl yapılır?', 'Fizik muayene - Laboratuvar testleri - Görüntüleme yöntemleri - Genetik testler 2-Kimler kanser taraması için daha uygundur?', 'ukluklara sahip olanlar - Kanser oluşumuna sebep olabilecek tütün kullanımı veya kimyasal maddelere maruz kalanlar - İleri yaştakiler 3-Hangi kanserler için düzenli tarama önerilir?']","Çağın hastalığı olarak tanımlanan kanser her geçen gün yaygınlaşıyor. Bununla birlikte her hangi bir belirti ortaya çıkmadan önce hastalığın erken dönemde yakalanması ve tedavi başarısının artmasına olanak sağlayan kanser taramaları hayati önem taşıyor. Yapılan muayene ve tetkikler sonunda kanser riski belirlenen hastalarda tanı için daha detaylı işlemler yapılabiliyor. Memorial Ataşehir Hastanesi İç Hastalıkları Bölümü’nden Uz. Dr. Halil Öztürk, kanser taramasının önemi hakkında bilgi verdi. Erken tanı tedavi şansını artırıyor Her hastalıkta olduğu gibi kanser tedavisinde de erken tanı büyük önem taşımaktadır. Herhangi bir belirti oluşmadan hastalığın teşhis edilmesini amaçlayan kanser taramalarını özellikle riskli gruptaki kişilerin ihmal etmemesi gerekmektedir. Kanser taramalarını 4 ana başlık altında değerlendirmek mümkündür. 1-Kanser taraması nasıl yapılır? - Fizik muayene - Laboratuvar testleri - Görüntüleme yöntemleri - Genetik testler 2-Kimler kanser taraması için daha uygundur? - Ailesinde ve kendi geçmişinde kanser öyküsü olanlar - Kanser ile ilişkili olabilecek bazı genetik bozukluklara sahip olanlar - Kanser oluşumuna sebep olabilecek tütün kullanımı veya kimyasal maddelere maruz kalanlar - İleri yaştakiler 3-Hangi kanserler için düzenli tarama önerilir? - Meme Kanseri: Mamografi ile yapılan taramaların özellikle 40-70 yaş arasındaki kadınlarda meme kanserine bağlı ölümlerin belirgin olarak azalttığı gösterilmiştir."
doc_0067,doc_0067_parent_001,doc_0067_parent_001_child_001,27. hafta gebelik - Hamileliğin 27. haftası için bilinmesi gerekenler,https://www.memorial.com.tr/saglik-rehberi/27-hafta-gebelik,296,5,1,False,"['hafta gebelik şeker yüklemesi yapılır mı?', '27 haftalık gebelikte yolculuk yapılabilir mi?', '27 hafta gebelik kaç aylık eder?', '27 hafta gebelik doğuma ne kadar var?', '27 hafta gebelikte bebeğin boy ve kilosu ne kadardır?']","Hamilelik anne baba adayları için heyecanlı bir bekleyiş olduğu gibi yaşanan sorunlar bir takım endişeleri de beraberinde getirmektedir. Özellikle ilk gebeliğini yaşayan anne adayları yaşanan ağrılar, şikayetler ve değişimler karşısında endişe yaşayabilmektedir. Memorial Ataşehir Hastanesi Kadın Hastalıkları ve Doğum Bölümü’nden Op. Dr. Banu Mat hamileliğin 27 haftası ile ilgili merak edilenler hakkında bilgi verdi. hafta gebelik şeker yüklemesi yapılır mı? - 27 haftalık gebelikte yolculuk yapılabilir mi? 27 hafta gebelik kaç aylık eder? Anne babalar hamilelik haftalarının kaç aylık hamilelik olduğunu merak etmektedir. 27 hafta hamilelik gebeliğin son 3 ayının başladığı haftadır. 27 hafta gebelik yaklaşık olarak 6 ay 9 günlüktür. 27 hafta gebelik doğuma ne kadar var? Anne karnındaki bebeğin dünyaya ne zaman geleceği hem anne babaların hem de yakın çevresindekilerin en merak ettiği konuların başında gelmektedir. Gebelik süresi ortalama 40 hafta kabul edilmektedir. Ancak doğum hamileliğin 38-42 haftalar arasında da gerçekleşebilmektedir. 27 hafta hamilelikte doğuma yaklaşık 13 hafta kadar zaman vardır. 27 hafta gebelikte bebeğin boy ve kilosu ne kadardır? Rutin hamilelik kontrollerinde anne babaların en sık sorduğu soruların arasında bebeğin boyu ve kilosu gelmektedir. 27 haftalık bebeğin boyu; 28-33 cm arasında, ağırlığı ise 850-950 gram arasındadır."
doc_0067,doc_0067_parent_001,doc_0067_parent_001_child_002,27. hafta gebelik - Hamileliğin 27. haftası için bilinmesi gerekenler,https://www.memorial.com.tr/saglik-rehberi/27-hafta-gebelik,298,3,0,False,"['27 haftalık gebelikte hangi testler yapılır?', '27 hafta gebelikte bebek ultrasonda nasıl görülür?', '27 hafta gebelikte annede yaşanan değişimler nelerdir?']","27 haftalık bebeğin boyu; 28-33 cm arasında, ağırlığı ise 850-950 gram arasındadır. Ancak her bebeğin büyüme eğrisi farklı olabileceğinden dolayı, gebeliği takip eden doktorun “ büyümesi beklenen düzeyde “ demesi de yeterli büyüme için iyi bir göstergedir. 27 haftalık gebelikte hangi testler yapılır? 28 gebelik haftasına kadar şeker yükleme testi yapılmadıysa yapılabilir. Eğer kan uyuşmazlığı varsa indirect coombs testi yapılırken uyuşmazlık için koruyucu iğne yapılır. Bir de klinik anlamda takip eden hekimin gerekli gördüğü testler yapılabilir. 27 hafta gebelikte bebek ultrasonda nasıl görülür? 27 hafta hamilelikte ultrason görüntülemelerinde bebek minik bir insan görünümündedir. Bütün organları gelişmiştin ancak hala gelişme devam etmektedir. 27 hafta gebelikte bebeğin göz kırpması gibi hareketlerini gözlemlemek mümkündür. Bebek bu dönemde hareketli olduğu için el kol hareketlerini veya parmağını emdiği görüntülenebilir. 27 hafta gebelikte annede yaşanan değişimler nelerdir? Hamilelik sürecinde anne adayında hormonal değişimler ve kilo alımı yüzünden bir çok değişiklik yaşanmaktadır. 27 hafta gebelikte anne adayında yaşanan değişimler genel olarak şu şekilde sıralanabilir; - Gebeliğin son 3 ayına girildiği 27 hafta hamilelikte; bebeğin anne karnında kapladığı alanın artmasına bağlı anne adayında birtakım şikayetler olabilir."
doc_0067,doc_0067_parent_002,doc_0067_parent_002_child_004,27. hafta gebelik - Hamileliğin 27. haftası için bilinmesi gerekenler,https://www.memorial.com.tr/saglik-rehberi/27-hafta-gebelik,297,3,1,False,"['hafta gebelik cinsellik yaşanabilir mi?', '27 haftalık gebelik cinsiyet yanılması olur mu?', '27 haftalık gebelikte çatı ağrısı yaşanır mı?']","- Haftada 1-2 gün balık tüketimi ( özellikle küçük balıklar) önerilir. 27.hafta gebelik cinsellik yaşanabilir mi? Anne babalar bebeğe zararı olabileceği korkusuyla hamilelikte cinsel ilişkiden çekinebilmektedir. 27 hafta gebelikte riskli bir durum tespit edilmemiş gebeliklerde, gebeliğin son 4 haftasına kadar ilişki açısından bir kısıtlama yoktur. 27 haftalık gebelik cinsiyet yanılması olur mu? Genellikle gebeliğin 16. Haftasında cinsiyet tespiti net ifade edilir. Ancak her zaman yanılma payı olabilir. Bebeğin duruş şekline göre net görülemeyebilir, ya da annenin kilosu fazla ise de yanılma olabilir. 27 haftalık gebelikte çatı ağrısı yaşanır mı? Hamilelik döneminde pubik bölge ya da çatı kemiği olarak bilinen tüylenmesin olduğu bölgede ağrılar hissedilebilir. Hormonların etkisiyle, aslında hareketsiz olan eklemler yumuşamaya- oynamaya başlar, eklem aralıklarındaki oynamanın açılmanın sonucunda ağrı hissedilebilir. Bu ağrı her her iki kasık bölgesinde ve uyluklarda, kalçanın arkasına doğru yayılan bir ağrı şeklindedir. Ağır kaldırmak, çok yürümek, çok ayakta durmak, iri bebek olması, çok sayıda doğum yapmış olmak, zor doğum öyküsü, geçirilmiş ameliyatlar, kaza ya da o bölgeye olan travmalar çatı ağrısının sebepleri arasında sayılabilir."
doc_0067,doc_0067_parent_003,doc_0067_parent_003_child_001,27. hafta gebelik - Hamileliğin 27. haftası için bilinmesi gerekenler,https://www.memorial.com.tr/saglik-rehberi/27-hafta-gebelik,296,3,0,False,"['27 haftalık gebelikte diş çekimi yapılabilir mi?', '27 hafta gebelikte dikkat edilmesi gerekenler nelerdir?', '27 haftalık gebelikte erken doğum belirtileri nelerdir?']","Tansiyonun düşmesi de kalp hızını artıran bir sebeptir. 27 haftalık gebelikte diş çekimi yapılabilir mi? Hamileliğin ikinci 3 aylık dönemi yani 13 ve 27 haftalar arası, diş çekimi yapılması için en uygun- güvenilir zamandır. 27 hafta gebelikte dikkat edilmesi gerekenler nelerdir? Düzenli dengeli beslenmeye özen göstermek gerekir. Az az ve sık sık beslenmeye devam edilip bol bol sıvı alınması gereklidir. Fazla kilo alımından kaçınmaya çalışmak gerekir. Kalsiyum içerikli gıdalar bolca tüketilmelidir. Fazla ayakta kalmamaya çalışılmalı, sırt bel ağrısı olursa bel bölgesine yastıkla destek yapılarak ağrının önüne geçilmeye çalışılmalıdır. Düzenli egzersiz yapılmasına lifli gıdalar tüketilmesi barsak hareketlerini de düzenlemeye yardımcı olacaktır. Ilık duşlar alınıp, burun tıkanıklığı için buhar banyosu yapılabilir. 27 haftalık gebelikte erken doğum belirtileri nelerdir? Hem ebeveynler hem de doktor tarafından en istenmeyen durumların başında erken doğum gelmektedir. 27 haftalık hamilelikte erken doğum belirtileri şu şekilde sıralanabilir; - Kasık kemiğinin üzerinde hissedilen menstruel-adet dönemi ağrıları, ishal, vajinal akıntı miktarında artış ve renginde değişiklik olması erken doğum belirtisi olabilir."
doc_0067,doc_0067_parent_003,doc_0067_parent_003_child_002,27. hafta gebelik - Hamileliğin 27. haftası için bilinmesi gerekenler,https://www.memorial.com.tr/saglik-rehberi/27-hafta-gebelik,296,3,0,False,"['27 haftalık gebelikte egzersiz nasıl olmalıdır?', '27 haftalık gebelikte el ayak şişmesi normal midir?', '27 haftalık gebelikte fl kaç olmalıdır?']","27 haftalık hamilelikte erken doğum belirtileri şu şekilde sıralanabilir; - Kasık kemiğinin üzerinde hissedilen menstruel-adet dönemi ağrıları, ishal, vajinal akıntı miktarında artış ve renginde değişiklik olması erken doğum belirtisi olabilir. - 27 hafta hamilelikte kalça, uyluk kasıklara doğru hissedilen basınç hissi, bel sırt ağrıları, erken doğum belirtileri olarak sayılabilir. - Takiplerde yapılan düzenli ultrason kontrollerinde rahim ağzı boyu 25 mm altında olması halinde erken doğum riskinden bahsedilebilir. 27 haftalık gebelikte egzersiz nasıl olmalıdır? 27 haftalık gebelikte egzersiz; sağlıklı olmak ve bedeni rahatlatmak için yapılmalıdır. Hafif tempolu yürüyüş, yoga, pilates , yüzme, esneme hareketleri yapılabilir. 27 haftalık gebelikte el ayak şişmesi normal midir? Anne karnındaki bebek büyüdükçe, annenin damarlarına yaptığı basıdan dolayı, kanın bacaklardan kalbe geri dönüşü kısmen zorlanır ve bacaklarda ödem olabilir. Eş zamanlı yine ilerleyen haftalarda damarlardaki büyüme ve genişleme sebebiyle, damar içindeki sıvı dokulara geçer ve yine ödeme sebep olur. 27 haftalık gebelikte fl kaç olmalıdır? Femur Length – FL ölçümü 45-54 mm arasında, aralama 49 mm dir."
doc_0067,doc_0067_parent_003,doc_0067_parent_003_child_003,27. hafta gebelik - Hamileliğin 27. haftası için bilinmesi gerekenler,https://www.memorial.com.tr/saglik-rehberi/27-hafta-gebelik,318,4,0,False,"['27 haftalık gebelikte fl kaç olmalıdır?', '27 haftalık gebelikte suyun fazla olması ne anlama gelir?', '27 haftalık gebelik halsizlik yaşanır mı?', 'hafta gebelikte ishal normal midir?']","27 haftalık gebelikte fl kaç olmalıdır? Femur Length – FL ölçümü 45-54 mm arasında, aralama 49 mm dir. 27 haftalık gebelikte suyun fazla olması ne anlama gelir? Suyun fazla olması durumuna polihidramnios denir. Amnion sıvısı geç gebelik dönemlerinde bebeğin yaptığı idrar ve bebeğin akciğerlerindeki sıvının dışarıya sızmasıyla oluşur. Tüm gebeliklerin %1 inde polihidramnios gelişir. Muhtemel sebepleri arasında; annede diabet varlığı, bebekte sinir sistemi ve sindirim sisteminde problem olması, ikiz bebekler arasında kan geçişinin olduğu durumlar sayılabilir. 27 haftalık gebelik halsizlik yaşanır mı? Artan hormon seviyeleri, tansiyon düşmesi, kaliteli uyku uyunamaması, sindirim sistemi ile ilgili problemler, gebeliğin yarattığı gerginlik durumu, bel- sırt- kasık ağrıları, gebelik sürecindeki halsizliğin sebeplerindendir. 27.hafta gebelikte ishal normal midir? Gebelik hormonlarından kaynaklı annenin bağırsak hareketlerinde artma/ ishal ya da azalma/ kabızlık normal olarak görülebilir. İshal günlük dışkılama sayısında artma ( günde 3 kereden fazla) olarak tarif edilir. Gebelik sürecinde normal olarak kabul edilebileceği gibi eşlik eden şikayetler varsa; kramp tarzında ağrı, koku renk kıvam değişikliği olması, bulantı eşlik etmesi gibi, doktor kontrolü gerekebilir."
doc_0067,doc_0067_parent_003,doc_0067_parent_003_child_004,27. hafta gebelik - Hamileliğin 27. haftası için bilinmesi gerekenler,https://www.memorial.com.tr/saglik-rehberi/27-hafta-gebelik,291,3,0,False,"['27 haftalık gebelikte idrar yolu enfeksiyonu yaşanır mı?', '27 haftalık gebelikte iştahsızlık neden olur?', 'hafta gebelikte mide bulantısı, yanması veya ağrısı yaşanır mı?']","Gebelik sürecinde normal olarak kabul edilebileceği gibi eşlik eden şikayetler varsa; kramp tarzında ağrı, koku renk kıvam değişikliği olması, bulantı eşlik etmesi gibi, doktor kontrolü gerekebilir. 27 haftalık gebelikte idrar yolu enfeksiyonu yaşanır mı? Gebelikte yaşanan hormonal değişimler ve dolaşan kan hacminin artması nedeniyle böbrekler daha hızlı çalışır ve büyüyen bebeğin rahime yaptığı baskıdan dolayı sık idrara çıkma şikayeti olacaktır. Ancak eşlik eden ateş yüksekliği, ağrı-yanma hissi, yan ağrısı varsa enfeksiyon varlığı açısından değerlendirilmelidir. 27 haftalık gebelikte iştahsızlık neden olur? Gebeliğin ilk 3 ayında iştahsızlık normal kabul edilir. Ancak ilk trimester sonrasında iştahın normale dönmesi beklenir. İştahsızlığın sebepleri arasında hormonal değişikliklerin sindirim sistemini yavaşlatması, kabızlık gelişmesi ve tok hissetmeye sebep olması sayılabilir. Bebek büyüdükçe mideye bası yapar ve tokluk hissi uyandırır. 27.hafta gebelikte mide bulantısı, yanması veya ağrısı yaşanır mı? Bebek büyüdükçe rahimin anne karnında kapladığı alan arttıkça mideye baskı olur, mide yukarı doğru hareketlenir ve mide içeriğinin yemek borusundan ağız yönünde kaçak olmasına sebep olur ve reflü denilen yanma hissi olur."
doc_0067,doc_0067_parent_003,doc_0067_parent_003_child_005,27. hafta gebelik - Hamileliğin 27. haftası için bilinmesi gerekenler,https://www.memorial.com.tr/saglik-rehberi/27-hafta-gebelik,205,3,0,False,"['hafta gebelikte mide bulantısı, yanması veya ağrısı yaşanır mı?', '27 haftalık gebelikte memeden süt gelmesi normal midir?', '27 haftalık gebelik nasıl yatış pozisyonu nasıl olmalıdır?']","27.hafta gebelikte mide bulantısı, yanması veya ağrısı yaşanır mı? Bebek büyüdükçe rahimin anne karnında kapladığı alan arttıkça mideye baskı olur, mide yukarı doğru hareketlenir ve mide içeriğinin yemek borusundan ağız yönünde kaçak olmasına sebep olur ve reflü denilen yanma hissi olur. Yükselen hormonlar mide bağırsak hareketini yavaşlattığı için sindirim işlevi daha geç ve zor olur, mide ağrısı hissedilebilir. 27 haftalık gebelikte memeden süt gelmesi normal midir? Doğumdan sonra bebeği beslemek için süt kanalları gelişir, genişler büyür ve süt üretimi başlayabilir. Özellikle son aylarda süt gelmesi problem olarak kabul edilmez ancak kanlı- kokulu- renkli- iltihaplı gibiyse gelen sıvı, doktora danışılması gerekir. 27 haftalık gebelik nasıl yatış pozisyonu nasıl olmalıdır? En çok önerilen sol yan yatış pozisyonudur."
doc_0067,doc_0067_parent_004,doc_0067_parent_004_child_001,27. hafta gebelik - Hamileliğin 27. haftası için bilinmesi gerekenler,https://www.memorial.com.tr/saglik-rehberi/27-hafta-gebelik,311,4,0,False,"['27 haftalık gebelikte oruç tutulur mu?', '27 haftalık gebelik sonlandırılır mı?', '27 haftalık gebelik su gelmesi riskli midir?', 'hafta gebelik şeker yüklemesi yapılır mı?']","Bu pozisyonda, hem bebeğe giden kan akımı artar, bebek güzel beslenir hem de kan annenin böbreklerinden daha kolay süzülür ve ödem azalır. 27 haftalık gebelikte oruç tutulur mu? Tüm gebelik haftaları için oruç tutma konusundaki genel öneri; sık aralıklarla az az beslenip bol sıvı alınması şeklindedir. Çünkü gebelik sürecinde annenin kan şekeri ve tansiyonu hızlı düşme eğilimindedir ve bundan dolayı uzun süren açlık süreleri tıbbi olarak uygun değildir. 27 haftalık gebelik sonlandırılır mı? Anne hayatını tehdit eden ya da edecek durumlarda ve doğacak çocuk ile onu takip edecek nesiller için ağır maluliyet doğuracak durumlarda, ilgili doktorların onaylayarak imzaladığı gerekçeli raporlar eşliğinde gebelik sonlandırılabilir. 27 haftalık gebelik su gelmesi riskli midir? Gebeliklerin %10 kadarında, doğum eylemi başlamadan önce su gelişi olabilir. En sık sebebi; vajina ve rahim ağzında olan enfeksiyonlar ve amnion zarına taşıyabileceğinden fazla yük binmesidir ( ikiz gebelik , polihidramnios gibi durumlar) . Su gelişinin yarattığı risk, açılan zarlardan mikroorganizmaların geçerek, bebekte ve annede enfeksiyon oluşturmasıdır. İkinci olarak da kese bütünlüğünün bozulması yüzünden rahim kasılmaları başlayıp erken doğuma sebep olabilir. 27. hafta gebelik şeker yüklemesi yapılır mı? 27."
doc_0067,doc_0067_parent_004,doc_0067_parent_004_child_002,27. hafta gebelik - Hamileliğin 27. haftası için bilinmesi gerekenler,https://www.memorial.com.tr/saglik-rehberi/27-hafta-gebelik,102,3,0,False,"['hafta gebelik şeker yüklemesi yapılır mı?', 'hafta gebelik şeker yüklemesi yapılır mı?', '27 haftalık gebelikte yolculuk yapılabilir mi?']","hafta gebelik şeker yüklemesi yapılır mı? 27. hafta gebelik şeker yüklemesi yapılır mı? 28. Gebelik haftasına kadar şeker yükleme testi yapılabilir. 27 haftalık gebelikte yolculuk yapılabilir mi? Hamilelik süresince seyahat etmek çoğu kadın için güvenilirdir. Riskli bir gebelik ya da tıbbi bir engel olmadığı durumlarda, hamileliğin 36. Haftasına kadar yolculuk yapılabilir. 14-28 . Gebelik haftaları arası seyahat için en uygun zamanlardır."
doc_0068,doc_0068_parent_001,doc_0068_parent_001_child_004,BPA nedir? BPA Zararları nelerdir?,https://www.memorial.com.tr/saglik-rehberi/bpa-nedir-bpa-zararlari-nelerdir,292,3,0,False,"['Pet şişelerde BPA var mıdır?', 'BPA Free nedir?', ""BPA'dan nasıl kaçınılır?""]","BPA gibi endokrin bozucuların, normal üreme ve tiroid fonksiyonunu bozduğu gibi, D vitamininin vücutta çalışma biçimini de engellediği bilinmektedir. Pet şişelerde BPA var mıdır? Bisfenol A, polietilen tereftalat (PET) plastik su şişelerinin üretiminde kullanılmamaktadır. Pet şişelerde BPA bulunmamaktadır. Su, süt ve diğer daha esnek görünümlü gıda ambalajlarında bu madde bulunmaz. BPA Free nedir? BPA Free ne demek sorusu bu konuda sık sorulan sorulardan biridir . BPA Free BPA içermez anlamına gelmektedir. BPA’sız damacana, BPA’sız şişe, BPA free plastik gibi söylemlerle günümüzde pek çok ürün satışa sunulmaktadır. Bisfenol A içermeyen plastik ambalajlarının da sağlığa zarar verebileceğine dair çalışmalar bulunmaktadır. . BPA'dan nasıl kaçınılır? Günümüzde BPA'ya maruz kalmaktan kaçınmak zordur çünkü polikarbonat içeren plastiğin kullanıldığı her üründe bulunmaktadır. Mutfaklarda cam ve gıdaya uygun paslanmaz çelik kaplar kullanmak BPA’dan kaçınmak için en iyi yoldur. Her iki malzeme sağlık için güvenlidir ve yaygın olarak bulunur. Plastik kapları kademeli olarak gıdaya uygun paslanmaz çelik ve camdan yapılmış sağlıklı kaplarla değiştirmekte fayda vardır."
doc_0069,doc_0069_parent_003,doc_0069_parent_003_child_001,Hantavirüs Nedir? Belirtileri Nelerdir?,https://www.memorial.com.tr/saglik-rehberi/hantavirus-nedir-belirtileri-nelerdir,207,3,0,False,"['Hantavirüs insandan insana bulaşır mı?', 'Hantavirüs hangi hayvanlardan bulaşır?', 'Hantavirüs için aşı var mı?']","Ancak hızlı tanı ve destekleyici tedavi ile bu risk azaltılabilir. Hantavirüs insandan insana bulaşır mı? Hantavirüs genellikle insandan insana bulaşmaz. Ancak bazı nadir vakalarda Güney Amerika'da insandan insana bulaşma rapor edilmiştir. Bu durum istisnai olup bulaşın temel kaynağı kemirgenlerdir. Hantavirüs hangi hayvanlardan bulaşır? Virüsün temel taşıyıcıları fare ve sıçan gibi kemirgenlerdir. Özellikle kırsal alanlarda yaşayan ve ev içlerine girebilen kemirgenler risk oluşturur. Bu hayvanların idrar, dışkı ve salyası virüs içerebilir. Hantavirüs için aşı var mı? Günümüzde hantavirüse karşı onaylanmış bir aşı bulunmamaktadır. Bazı ülkelerde klinik çalışmalar sürmektedir. Ancak henüz yaygın kullanıma girmiş bir koruyucu aşı mevcut değildir. Bu nedenle korunmada en etkili yöntem, kemirgen teması ve kontamine alanlardan uzak durmaktır."
doc_0070,doc_0070_parent_002,doc_0070_parent_002_child_002,Böbrek Yetmezliği Nedir? Böbrek Yetmezliği Belirtileri Nelerdir?,https://www.memorial.com.tr/saglik-rehberi/sicak-havada-az-su-icmek-bobrekleri-yoruyor,302,2,2,False,"['Bazı kanser türleri veya kemoterapi ilaçları - Gereksiz ilaç kullanımı Böbrek Yetmezliği Belirtileri Nelerdir?', 'lerde ereksiyon sorunları - Uyku sorunları - Göz çevresinde şişlik - Baş ağrısı - Göğüs ağrısı ve nefes darlığı - Kan basıncında yükselme Böbrek Yetmezliği Hangi Sorunlara Yol Açar?']","- Bazı kanser türleri veya kemoterapi ilaçları - Gereksiz ilaç kullanımı Böbrek Yetmezliği Belirtileri Nelerdir? Böbrek yetmezliği çok fazla veya çok az idrara çıkma, idrar miktarında azalma, bulantı ve kusma, iştah kaybı, ayaklarda ve ayak bileklerinde ödem, halsizlik, cilte kuruma, kaşıntı, nefes darlığı, uyku sorunları ve koma gibi belirtilere neden olur. Böbrek yetmezliği belirtileri genel olarak şunlardır: - İdrar miktarında azalma - Ödem (özellikle ayaklarda) - Aşırı yorgun hissetme - Mide bulantısı ve kusma - İştahsızlık - Kilo kaybı - İdrar görünümünde köpüklü olma gibi değişikler - Kas krampları - Ciltte kuruluk ve kaşıntı - Konsantrasyon bozukluğu - Erkeklerde ereksiyon sorunları - Uyku sorunları - Göz çevresinde şişlik - Baş ağrısı - Göğüs ağrısı ve nefes darlığı - Kan basıncında yükselme Böbrek Yetmezliği Hangi Sorunlara Yol Açar? Böbrek yetmezliği kalp damar hastalıklarından akciğer sorunlarına kadar birçok rahatsızlığına yol açabilmektedir. - Gut: Kronik böbrek yetmezliği yaşayan kişilerde en sık görülen rahatsızlıkların başında Gut hastalığı gelmektedir. Ürik asit böbrekten süzüldüğü için iki hastalık birbiriyle alakalıdır."
doc_0070,doc_0070_parent_004,doc_0070_parent_004_child_004,Böbrek Yetmezliği Nedir? Böbrek Yetmezliği Belirtileri Nelerdir?,https://www.memorial.com.tr/saglik-rehberi/sicak-havada-az-su-icmek-bobrekleri-yoruyor,302,4,0,False,"['Akut böbrek yetmezliği belirtileri nelerdir?', 'Kronik böbrek yetmezliği belirtileri nelerdir?', 'Kronik böbrek yetmezliği için hangi doktora gidilmelidir?', 'Kronik böbrek yetmezliği kimlerde daha fazla görülür?']","Akut böbrek yetmezliği belirtileri nelerdir? Akut böbrek yetmezliği, idrar miktarında azalma, özellikle ayak bileklerinde olmak üzere sıvı tutulmasına bağlı ödem, zihinsel keskinliğin azalması, bulantı, kusma, bitkinlik, iştahsızlık ve nefes darlığı gibi belirtiler yaşanmasına neden olur. Kronik böbrek yetmezliği belirtileri nelerdir? Kronik böbrek yetmezliğinin belirtileri, yüksek tansiyon, ödem, özellikle geceleri çoğalan sık idrara çıkma ihtiyacı, idrarda kan, yorgunluk, mide bulantısı ve kusma, kaşıntı ve nefes darlığıdır. Kronik böbrek yetmezliği için hangi doktora gidilmelidir? Böbreklerle ilgili rahatsızlıklar için Nefroloji doktoruna gidilmelidir. Nefrit ve pyelonefrit gibi böbrek iltihapları, akut ve kronik böbrek yetmezliği, idrar yolu enfeksiyonları, böbrek kaynaklı hipertansiyon, albümin gibi böbrek hastalıklarının tedavisini nefroloji doktoru takip etmelidir. Özellikle kronik böbrek yetmezliğinin bir sonucu olarak ortaya çıkan böbrek nakli konusunda uzman olan nefroloji doktorlarının tercih edilmesi önemlidir. Kronik böbrek yetmezliği kimlerde daha fazla görülür? Kronik böbrek yetmezliği için risk grubu şu şekilde sıralanabilmektedir; - Diyabet yani şeker hastası olanlar."
doc_0070,doc_0070_parent_005,doc_0070_parent_005_child_002,Böbrek Yetmezliği Nedir? Böbrek Yetmezliği Belirtileri Nelerdir?,https://www.memorial.com.tr/saglik-rehberi/sicak-havada-az-su-icmek-bobrekleri-yoruyor,307,3,0,False,"['Diyaliz diyetinde hangi ekmek seçilmelidir?', 'Diyaliz beslenmesinde portakal suyu içilebilir mi?', 'Böbrek yetmezliği hastaları patates tüketebilir mi?']","Tedavi edilmeyen kronik böbrek yetmezliği tedavi edilmezse böbrek fonksiyonlarının tamamen kaybedilmesine diyaliz veya böbrek nakline giden süreç yaşanabiliyor. Diyaliz diyetinde hangi ekmek seçilmelidir? Diyaliz diyeti yaparken doğru ekmeği seçmek kafa karıştırıcı olabilir. Genellikle sağlıklı bireyler için, rafine beyaz un ekmeği yerine kepekli veya tam buğday ekmek tavsiye edilir. Tam buğday ekmeği yüksek lif oranı bakımından besleyici ve sağlıklı bir tercihtir. Ancak, kronik böbrek hastalarının fosfor ve potasyum bakımından zengin olan tam tahıllı ekmekleri tüketmesi sorunlara yol açabilir. Aynı şekilde kahverengi pirinç de, beyaz pirince oranla daha fazla potasyum ve fosfor içermektedir. Diyaliz beslenmesinde portakal suyu içilebilir mi? Portakal ve portakal suyu tartışmasız en iyi C vitamini depolarından biridir. Ancak portakal aynı zamanda çok iyi bir potasyum kaynağıdır. Potasyum içeriği göz önüne alındığında, portakal ve portakal suyunun böbrek diyetinde kısıtlanması gerekmektedir. Portakal suyu yerine daha az potasyum içeren, üzüm, elma veya kızılcık suyu tercih edilebilir. Portakal gibi kayısının da yüksek potasyum içerdiği bilinmelidir. Özellikle diyalizde kuru kayısıdan uzak durulması önemlidir. Böbrek yetmezliği hastaları patates tüketebilir mi? Patates potasyum bakımından oldukça zengindir."
doc_0071,doc_0071_parent_001,doc_0071_parent_001_child_001,Kök Hücre Nakli Lösemi ile Mücadelede Önemli Rol Oynuyor,https://www.memorial.com.tr/saglik-rehberi/kok-hucre-nakli-losemi-ile-mucadelede-onemli-rol-oynuyor,320,1,1,True,['Akut kan kanserlerinin tekrarlamaması tedavi sonrası yakın takibe bağlı - Kan kanserlerinde en etkin tedavi kök hücre nakli - Kök hücre nakli nedir?'],"Yaşam kalitesini azaltan ve hayati kayıplara neden olabilen kan kanserleri yani lösemiler, yeni gelişen teknolojilerin kullanıldığı kök hücre nakli sayesinde kontrol altına alınabiliyor. Hastaların işlem sonrası kısa sürede iş ve sosyal yaşamına devam edebildiği kök hücre nakli avantajları ile dikkat çekiyor. Memorial Ankara Hastanesi Kemik İliği Nakli Merkezi’nden Prof. Dr. Türker Çetin ve Prof. Dr. Ferit Avcu , kan kanserlerinin tedavisinde kök hücre nakli hakkında bilgi verdi. - Hastalık hızlı seyrediyorsa haftalar içinde hayati kayıplara neden olabilir - Beklenmeyen kanamalar ve ciltte sık ortaya çıkan morarmalara dikkat! - Akut kan kanserlerinin tekrarlamaması tedavi sonrası yakın takibe bağlı - Kan kanserlerinde en etkin tedavi kök hücre nakli - Kök hücre nakli nedir? - Nakil için tam uygun verici bulamayanlar çaresiz değil - Kök hücre naklinde uygun vaka seçimine dikkat edilmeli Hastalık hızlı seyrediyorsa haftalar içinde hayati kayıplara neden olabilir Lösemiler, vücudun kan üretim sistemi olan kemik iliği ve lenfatik sistemi etkileyen, tedavi edilmezse ilerleyici seyir gösteren kötü huylu hastalıklardır. Lösemi ; olgunlaşmış akyuvarların kontrolsüz artışına bağlı oluşursa kronik ve yavaş seyirlidir. Olgunlaşmamış akyuvarların kontrolsüz artışına bağlı gelişenler ise akut yani hızlı seyirli olarak tanımlanır."
doc_0072,doc_0072_parent_002,doc_0072_parent_002_child_002,Badem Yağı Nedir? Badem Yağı Faydaları Nelerdir?,https://www.memorial.com.tr/saglik-rehberi/badem-yagi-faydalari,277,3,1,False,"['mli saça uygulayarak nemlendirici bir saç maskesi yapın - Esansiyel yağları cilde uygularken seyreltmek için badem yağını taşıyıcı yağ olarak kullanın Badem Yağı Zararları Nelerdir?', 'Badem Yağı Hakkında Sık Sorulan Sorular Badem yağı nerelere uygulanır?', 'Tatlı badem yağı nelere iyi gelir?']","- Badem yağı hassas ciltlerde nemlendirici olarak yararlanın - Badem yağını dirseklere, ayaklara ve kurumaya eğilimli diğer bölgelere sürün - Badem yağını nemli saça uygulayarak nemlendirici bir saç maskesi yapın - Esansiyel yağları cilde uygularken seyreltmek için badem yağını taşıyıcı yağ olarak kullanın Badem Yağı Zararları Nelerdir? Badem yağı, doğal olduğundan dozunda kullanıldığı durumda ciddi bir zararı bulunmamaktadır. Fakat hassas ya da alerjen yapıya sahip olan kişilerin alerjik reaksiyona karşı doktor tavsiyesiyle kullanması önerilir. Aynı zamanda badem yağı, cilde aşırı derecede uygulandığında tüylenmeye yol açabilir. Badem Yağı Hakkında Sık Sorulan Sorular Badem yağı nerelere uygulanır? Badem yağı, vücutta birçok bölgeye nemlendirme için uygulanabilir. Saça, kaşa, kirpiğe, sakala, tırnaklara el ve ayaklara badem yağı sürülebilir. Tatlı badem yağı nelere iyi gelir? Tatlı badem yağı, içeriğinde yer alan E vitamini sayesinde ciltteki çatlaklara ve kuru bölgelere iyi gelir. Ciltte meydana gelen yara, egzama, kaşıntı gibi cilt sorunlarına karşı da kullanılabilir."
doc_0074,doc_0074_parent_002,doc_0074_parent_002_child_002,Atrofi Nedir? Atrofi Nedenleri ve Tedavisi,https://www.memorial.com.tr/hastaliklar/atrofi-nedir,311,3,1,False,"['Atrofi Nasıl Teşhis Edilir?', 'testi - Kas ya da sinir biyopsisi - Elektromiyografi (EMG) - Sinir iletim çalışmaları - Bilgisayarlı tomografi (BT) - Manyetik rezonans görüntüleme (MR) Atrofi Tedavisi Nasıl Olur?', 'Atrofi Hakkında Sık Sorulan Sorular Atrofi nerelerde görülür?']","Atrofi Nasıl Teşhis Edilir? Atrofi teşhisi için uzman doktorun yapacağı fiziksel bir muayenenin ardından sağlık geçmişinize bakılarak çeşitli testler uygulanabilir. Kol ve bacaklara bakılarak kas kütleniz ölçülür. Atrofi teşhisi için şu yöntemlerden yararlanılabilir: - Kan testi - Kas ya da sinir biyopsisi - Elektromiyografi (EMG) - Sinir iletim çalışmaları - Bilgisayarlı tomografi (BT) - Manyetik rezonans görüntüleme (MR) Atrofi Tedavisi Nasıl Olur? Atrofi, altta yatan nedenlere bağlı olarak rehabilitasyon, fizyoterapi, konuşma terapisi ve ortoptik yöntemlerle tedavi edilebilir. Atrofiye sebep olan faktörlerin belirlenmesi ve tedavi yöntemlerinin buna yönelik uygulanması önemlidir. Atrofi tedavisi için en yaygın olarak kullanılan yöntemler şöyle sıralanır: - Hormonal dengesizliklerin yol açtığı atrofi durumunda hormon replasman tedavisi - Beslenme eksikliklerinden kaynaklı ise uygun bir beslenme programı veya takviyeler - Kas atrofisinde düzenli fiziksel aktivite ve kas güçlendirme egzersizleri - Hareket kısıtlılığı veya zayıflık durumlarında fizyoterapi - SMA gibi bazı kas hastalıklarında ya da sinir hasarında, spesifik ilaçlar - Sinir sıkışması ya da kalıtsal bozukluklar durumlarında cerrahi uygulamalardan yararlanılabilir. Atrofi Hakkında Sık Sorulan Sorular Atrofi nerelerde görülür?"
doc_0074,doc_0074_parent_002,doc_0074_parent_002_child_003,Atrofi Nedir? Atrofi Nedenleri ve Tedavisi,https://www.memorial.com.tr/hastaliklar/atrofi-nedir,143,3,0,False,"['Atrofi Hakkında Sık Sorulan Sorular Atrofi nerelerde görülür?', 'Atrofi kalıcı mıdır?', 'Atrofi hangi yaş gruplarında daha yaygındır?']","Atrofi Hakkında Sık Sorulan Sorular Atrofi nerelerde görülür? Atrofi vücuttaki kasları ve kas gruplarını etkiler, tek bir kası etkileyebileceği gibi tüm kasları da hedef alabilir. Atrofi kalıcı mıdır? Atrofinin kalıcı olup olmadığı temelindeki kaynağın tedavisine göre değişiklik gösterir. Her atrofi çeşidi farklı sonuçlar gösterebilir. Atrofi hangi yaş gruplarında daha yaygındır? Atrofi her yaş grubundan kişilerde görülebilir ve farklı nedenlere bağlı olarak değişir. Özellikle spinal müsküler atrofi(SMA) gibi hastalıklar, erken yaşlarda atrofi semptomlarına yol açabilir."
doc_0075,doc_0075_parent_001,doc_0075_parent_001_child_004,Kriyoterapi Nedir?,https://www.memorial.com.tr/saglik-rehberi/kriyoterapi-nedir,307,3,2,False,"['Kriyoterapinin Avantajları Nelerdir?', 'arar görmesini engeller - Siğil ve benzeri cilt dışında oluşan sorunların tekrar görülme riskini azaltır - Minimal kesi olduğundan anestezi uygulanmaz Kriyoterapi Riskleri Nelerdir?', 'riyoterapi sonrası kanama, kramp veya ağrı - Kemik kırıkları - Duygu kaybıyla sonuçlanan sinir hasarı - Enfeksiyon - Ödem - Kabuklanma Kriyoterapi Öncesi ve Sonrası Neler Yapılmalı?']","Doku cildin dışında bulunuyorsa, dondurucu maddeyi uygulamak için genellikle bir püskürtme cihazı veya pamuklu çubuk kullanır. Kanser öncesi hücreler veya tümör gibi vücudun içindeki koşulları tedavi etmek için ise kriyoprob adı verilen bir aletten yararlanılır. Bu prob ciltte küçük bir kesi açılarak uygulanır. Kriyoterapinin Avantajları Nelerdir? Kriyoterapi, bazı durumlarda kesi gerektirmediği için geleneksel işleme göre daha avantajlıdır. Minimal invaziv yöntemiyle uygulanan kriyoterapi, bazı kişilerde sadece püskürtme yöntemiyle tedavi edilmektedir. Kriyoterapinin avantajları şöyle sıralanabilir: - Anormal olarak oluşan hasarlı dolguyu hedefleyerek çevre dokuların zarar görmesini engeller - Siğil ve benzeri cilt dışında oluşan sorunların tekrar görülme riskini azaltır - Minimal kesi olduğundan anestezi uygulanmaz Kriyoterapi Riskleri Nelerdir? Kriyoterapinin geleneksel cerrahi yönteme riskleri küçüktür fakat komplikasyonlar ortaya çıkabilir. Bu komplikasyonlar şunları içerebilir: - Şişlik, yara izi ve cilt enfeksiyonu - Rahim ağzı çevresinde kriyoterapi sonrası kanama, kramp veya ağrı - Kemik kırıkları - Duygu kaybıyla sonuçlanan sinir hasarı - Enfeksiyon - Ödem - Kabuklanma Kriyoterapi Öncesi ve Sonrası Neler Yapılmalı? Birçok kişinin ciltte uygulanacak olan kriyoterapi hazırlığında özel bir şey yapmasına gerek yoktur."
doc_0075,doc_0075_parent_002,doc_0075_parent_002_child_001,Kriyoterapi Nedir?,https://www.memorial.com.tr/saglik-rehberi/kriyoterapi-nedir,203,3,0,False,"['Kriyoterapi Hakkında Sık Sorulan Sorular Kriyoterapi siğili yok eder mi?', 'Kriyoterapi kaç günde iyileşir?', 'Kriyoterapi sonrası iz kalır mı?']","Uzman doktor, kriyoterapi öncesinde hazırlanmanıza yardımcı olacak talimatlar verecektir. Dahili kriyoterapi tedavisinde ise birkaç gün önce aspirin veya kan sulandırıcılar gibi bazı ilaçları almayı bırakmak gerekebilir. Bunun yanında işlem öncesinde ne kadar yemenizi veya içmenizi sınırlandırmanız istenebilir. Kriyoterapi Hakkında Sık Sorulan Sorular Kriyoterapi siğili yok eder mi? Kriyoterapi hasarlı dokunun olduğu bölgeye gaz püskürtmesiyle uygulanarak siğil problemine karşı kullanılan etkili yöntemler arasında yer alır. Kriyoterapi kaç günde iyileşir? Kriyoterapi sonrasında iyileşme süreci 1 ila 4 hafta arasında değişiklik gösterir. Uygulama sonrasında yaralar iyileşme süreci boyunca kendiliğinden dökülerek yeni dokunun oluşmasını sağlar. Kriyoterapi sonrası iz kalır mı? Kriyoterapi uygulamasında dokulara zarar verildiği için küçük izler olabilir. Bunun yanında cilt rengi açılması sebebiyle lekelenmeler görülebilir."
doc_0077,doc_0077_parent_002,doc_0077_parent_002_child_002,Adem Elması Nedir? Adem Elması Ne İşe Yarar?,https://www.memorial.com.tr/saglik-rehberi/adem-elmasi,318,3,2,False,"['ardır: - Larenjit (gırtlak iltihabı) - Guatr (tiroid bezinin büyümesi) - Boğaz ağrısı - Tiroid kanseri - Gırtlak kanseri Adem Elmasının Etkilendiği Durumda Hangi Belirtiler Görülür?', 'Öksürük - Hırıltı - Tükenmişlik - Yutma güçlüğü (disfaji) - Nefes darlığı (dispne) - Aşırı terleme (hiperhidroz) Adem Elması Hakkında Sık Sorulan Sorular Adem elması kimlerde olur?', 'Adem elması hangi organa aittir?']","Aynı zamanda gırtlağı etkileyerek adem elmasının olduğu bölgede şişliğe neden olan durumlar da yer alır. Bu danormalden daha büyük bir Adem elmasının görülmesine neden olur. Gırtlağı bu şekilde etkileyebilecek durumlar ise şunlardır: - Larenjit (gırtlak iltihabı) - Guatr (tiroid bezinin büyümesi) - Boğaz ağrısı - Tiroid kanseri - Gırtlak kanseri Adem Elmasının Etkilendiği Durumda Hangi Belirtiler Görülür? Adem elmasının diğer kişilere oranla daha büyük olması kişinin tıbbi rahatsızlığı olduğu anlamına gelmemektedir. Fakat adem elmasının ağrıması ve şişmesi durumunda altta yatan sorunu araştırmak gerekir. Adem elmasının etkilendiği durumda kişide şu belirtiler görülebilir: - Boğaz ağrısı - Öksürük - Hırıltı - Tükenmişlik - Yutma güçlüğü (disfaji) - Nefes darlığı (dispne) - Aşırı terleme (hiperhidroz) Adem Elması Hakkında Sık Sorulan Sorular Adem elması kimlerde olur? Adem elması erkeklerde daha belirgin şekilde görülen özellikle ergenlik dönemlerinde belirginleşmeye başlayan bir yapıdır. Kadınlarda da yer alsa da erkeklere oranla daha az belirgindir. Adem elması hangi organa aittir? Adem elması, gırtlağın bir kıkırdağı olan tiroidin üst çıkıntısına aittir ve o bölgede yer alır."
doc_0077,doc_0077_parent_002,doc_0077_parent_002_child_003,Adem Elması Nedir? Adem Elması Ne İşe Yarar?,https://www.memorial.com.tr/saglik-rehberi/adem-elmasi,276,4,0,False,"['Adem elması hangi organa aittir?', 'Adem elması kaç yaşında çıkar?', 'Adem elması ağrısı neden olur?', 'Kadınlarda adem elması olur mu\u200b?']","Adem elması hangi organa aittir? Adem elması, gırtlağın bir kıkırdağı olan tiroidin üst çıkıntısına aittir ve o bölgede yer alır. Adem elması kaç yaşında çıkar? Adem elması her yaştan kişide görülse de genellikle ergenlik döneminde yani 10 yaş üstündeki kişilerde belirginleşmeye başlar. Adem elması ağrısı neden olur?​ Gırtlak bölgesinde yer alan adem elması, genel olarak gırtlak enfeksiyonları ve tiroid bezi ile ilgili problemlerden dolayı ağrıyabilir. Bademcik iltihabı, boğaz enfeskiyonları ve farenjit gibi hastalıklar bu bölgede ağrıya sebebiyet verir. Ayrıca bir travma sonrasında darbeye bağlı olarak yumuşak dokularda hasar meydana gelebilir. Nadir de olsa kist ve tümör gibi durumlar adem elması ağrısı oluşturur. Kadınlarda adem elması olur mu​? Adem elması, kadınlarda bulunur ancak genellikle daha küçük ve belirsiz bir yapıdadır. Erkeklerdeki gibi öne doğru çıkıntı yapmadığı için genelde dikkat çekmeyen adem elması, erkeklerde ergenlik döneminde testosteron hormonu etkisiyle gırtlağın büyümesinden kaynaklanır. Kadınlarda ise gırtlak büyümesi daha az olduğu için adem elması belirgin hale gelmez."
doc_0078,doc_0078_parent_001,doc_0078_parent_001_child_001,Azospermi Nedir? Belirtileri ve Tedavisi,https://www.memorial.com.tr/hastaliklar/azospermi,315,3,0,False,"['Azospermi nedir?', 'Azospermi belirtileri nelerdir?', 'Azospermi nedenleri nelerdir?']","Menide hiç sperm olmaması durumu olarak tanımlanan azospermi sorunu, çiftlerin bebek sahibi olma hayallerinin önündeki önemli engellerden biri olarak görülüyor. Ancak azospermi, altında yatan nedene bağlı olarak medikal ilaç ya da cerrahi yöntemle tedavisi bulunuyor. Memorial Bahçelievler Hastanesi Tüp Bebek Bölümü’nden Doç. Dr. Arzu Yurci, azospermi ve tedavi yöntemleri hakkında bilgi verdi. Azospermi nedir? Azospermi meni örneğinde hiç sperm olmaması durumudur. Azospermi tıkanıklığa bağlı olan ve olmayan olmak üzere iki grupta incelenir. Tıkanıklığa bağlı azospermi doğuştan sperm kanallarının bir bölümünün eksikliği veya genital enfeksiyonlar nedeniyle ya da cerrahi girişimler sonrası oluşmaktadır. Azospermi belirtileri nelerdir? Azosperminin kişide görünen hiçbir belirtisi yoktur. Hastanın kendi kendine anlayabileceği bir durum değildir. Çünkü orgazm sonucu meni ortaya çıkar ancak içerisinde sperm hücresi yoktur. Hasta sadece çocuğu olmadığı için başvurursa yapılan spermiogram testi sonucu ile anlaşılmaktadır. Azospermi nedenleri nelerdir? Azospermi 2 sebepten dolayı olabilir. Tıkanıklıktan dolayı ya da hiç sperm üretiminin olmamasından kaynaklı olabilmektedir. Doğuştan kanalların olmamasının yanında geçirilen bir cerrahinin ya da bir enfeksiyonun sebep olduğu tıkanıklıklar da olabilir. Eğer böyle bir durum varsa bu da azospermiye sebep olabilir."
doc_0078,doc_0078_parent_001,doc_0078_parent_001_child_003,Azospermi Nedir? Belirtileri ve Tedavisi,https://www.memorial.com.tr/hastaliklar/azospermi,299,3,0,False,"['Azospermi hakkında sık sorulan sorular Azospermi olup çocuğu olanlar neler yapmalıdır?', 'Azospermi bitkisel tedavisi var mı?', 'Azospermi tedavisi var mı?']","Bu nedenle bu hasta grubunda sperm bulma olasılığı yüksek olmaktadır. Bazen de hipo-hipo adı verilen azospermik hastalarda ise hormonel bozukluklara bağlı sorunlar olabilmektedir. Bu hasta grubunun tedavisinde dışarıdan hormonel ilaçlarla eksiklik tamamlanarak gerçekleştirilmektedir. Bu hasta grubu tedavi sonunda doğal yoldan dahi çocuk sahibi olabilmektedir. Bazense ortada herhangi bir sebep yokken de hastada azospermi bulunabilmektedir. Bu durumda da tek tedavi yöntemi cerrahi yoldan mikro-tese yöntemiyle sperm bulunup ardından tüp bebek yapılabilmektedir. Hastada mikro-tese yöntemi uygulanır ve sperm bulunursa bu kişilerin çocuk sahibi olma şansları çok yüksektir. O nedenle bu hasta gruplarını, bebek sahibi olup olamayacağının bu ameliyatın sonuca bağlı olduğu konusunda bilgilendirmek gerekmektedir. Azospermi hakkında sık sorulan sorular Azospermi olup çocuğu olanlar neler yapmalıdır? Sonradan travma sonucu azospermi gelişmiş hastaların yapabileceği şey tüp bebek yöntemine başvurmaktır. Mikro-tese yöntemiyle sperm bulunup tüp bebek yöntemi uygulanmalıdır. Azospermi bitkisel tedavisi var mı? Azospermi tedavisi ya cerrahi olarak ya da hormonel olarak yapılması gerekmektedir. Herhangi bir bitkisel tedavinin başarı göstermesi olanaklı değildir. Azospermi tedavisi var mı? Evet, vardır, altta yatan sebep araştırılıp bulunduktan sonra hasta gruplarına gerekli tedavi yöntemleri uygulanmaktadır."
doc_0079,doc_0079_parent_003,doc_0079_parent_003_child_001,Civa Zehirlenmesi Nedir? Belirtileri Nelerdir?,https://www.memorial.com.tr/saglik-rehberi/civa-zehirlenmesi-nedir-belirtileri-ve-tedavisi,318,3,0,False,"['Balık tüketimi güvenli midir?', 'Amalgam dolgular riskli midir?', 'Civa zehirlenmesi nasıl anlaşılır?']","Fakat civa zehirlenmesine bağlı olarak kalıcı sağlık problemlerinin ortaya çıkma ihtimali söz konusudur. Bu nedenle civa zehirlenmesi belirtileri görülüyor ise direkt olarak sağlık kuruluşlarına başvurulması gerekir. Balık tüketimi güvenli midir? Balık tüketimi güvenlidir. Fakat her balık türünün tüketilmemesi gerekir. Özellikle köpek balığı tüketiminden kaçınılmalıdır. Tuna balığında ve uskumruda da civa bulunur. Kirli sularda yetişen balık türlerinde civa olduğu bilinir. Bu tür balıkların aşırı tüketilmesi halinde civa zehirlenmesi meydana gelir. Bu balık türlerinin tüketiminden mümkün oldukça kaçınılması gerekir. Amalgam dolgular riskli midir? Amalgam diş dolguları içerisinde az miktarda civa yer alır. Bu durum genellikle insan sağlığına zarar vermez. Nadiren de olsa bazı kişilerde amalgam dolgu nedeni ile civa zehirlenmesi yaşadığı görülür. Amalgam dolgular her ne kadar zararsız olsa da mümkün olmadıkça kullanılmaması gerekir. Civa zehirlenmesi nasıl anlaşılır? Civa zehirlenmesi meydana geldiğinde kişilerde genellikle mide bulantısı başlar. Buna ek olarak ise baş ağrısı ve baş dönmesi görülür. Örneğin termometre kırılması halinde, termometrenin kırıldığı ortamdan uzaklaşılması gerekir. Fazla civa solunumu, kişinin bayılmasına neden olabilir. Civa zehirlenmesi belirtileri göz önüne alınarak zehirlenme durumunuz olup olmadığını fark edebilirsiniz. Kesin bir tanı için ise hastanede test yaptırmak gerekir."
doc_0080,doc_0080_parent_001,doc_0080_parent_001_child_003,3 Tesla MR Nedir? Uygulama Alanları Nelerdir?,https://www.memorial.com.tr/teknolojiler/3-tesla-mr-nedir-uygulama-alanlari-nelerdir,242,2,2,False,"['3 Tesla MR Uygulama Süreci Nasıldır?', '3 Tesla MR’ın Uygulama Alanları Nelerdir?']","- Prostatın multiparametrik görüntülemesinde bu cihazın kullanımı yaygınlaşmıştır. - Yağı baskıladığı için karaciğer görüntülemelerinde bilgi edinilmesini sağlamaktadır. - Meme MR incelemelerinde yüksek sinyal gücü, küçük lezyonların saptanabilmektedir. 3 Tesla MR Uygulama Süreci Nasıldır? - İşlem öncesi hastanın üzerinde kolye, küpe, saat, yüzük gibi hiçbir metal bulunmamalıdır. Ekip tarafından hastadan öncelikle üzerindeki tüm metalleri çıkarması istenir. - Hasta MR cihazına uzanır ve görüntüleme yapılacak bölgeye göre yatış pozisyonu ekip tarafından hastaya gösterilir. - Hasta işlem sırasında gerekli uyarıları kulağına takılan kulaklık vasıtasıyla duyar ve gerçekleştirir. Kulaklık aynı zamanda hastanın cihazın sesinden az etkilenmesini sağlamaktadır. - Hastanın elinde, herhangi bir problem ihtimaline karşı ekibi hızlıca çağırabilmesi için bir buton bulunmaktadır. - Çekim süresi, görüntülenecek bölgeye ve hastalık türüne göre değişmektedir. 3 Tesla MR’ın Uygulama Alanları Nelerdir? 3 Tesla MR, vücudun farklı bölgelerindeki organ ve sistemlerin görüntülenmesinde uygulanabilmektedir."
doc_0080,doc_0080_parent_001,doc_0080_parent_001_child_004,3 Tesla MR Nedir? Uygulama Alanları Nelerdir?,https://www.memorial.com.tr/teknolojiler/3-tesla-mr-nedir-uygulama-alanlari-nelerdir,319,5,0,False,"['3 Tesla MR’ın Uygulama Alanları Nelerdir?', '3 Tesla MR Fiyatları Nedir?', '3 Tesla MR Hakkında Sık Sorulan Sorular 3 Tesla MR kimlere uygulanmaz?', '3 Tesla MR’da radyasyon var mı?', '3 Tesla MR açık mıdır?']","3 Tesla MR’ın Uygulama Alanları Nelerdir? 3 Tesla MR, vücudun farklı bölgelerindeki organ ve sistemlerin görüntülenmesinde uygulanabilmektedir. Beyin tümörü, epilepsi, migren gibi nörolojik rahatsızlıklar, göz rahatsızlıkları, kulak rahatsızlıkları, çene problemleri, omurga hastalıkları, omuz ve diz gibi eklem ve bağ görüntülemelerinin yanında kemiklerle ilgili birçok sorunun tespitinde, kalbi besleyen koroner damarların görüntülenmesi ve tüm vücut görüntülemede 3 Tesla MR’a başvurulmaktadır. 3 Tesla MR Fiyatları Nedir? 3 Tesla MR fiyatları MR çektirmek durumunda olan kişilerin merak ettiği konular arasındadır. 3 Tesla MR fiyatı, çekimin yapılacağı merkeze göre değişiklik göstermektedir. Manyetik Rezonans Görüntüleme (MR) teknoloji cihazları ile yapılmaktadır. Cihazın özellikleri ile birlikte değerlendirmeyi yapacak ekiplerin de rolü büyüktür. Doğru tanının hastalıkların tedavisinde ve iyileşme sürecinde hayati öneme sahip olduğu unutulmamalıdır. 3 Tesla MR Hakkında Sık Sorulan Sorular 3 Tesla MR kimlere uygulanmaz? 3 Tesla MR yüksek manyetik alan etkisi oluşturduğu için kalp pili ve bazı özel protez takılı hastalar için uygun görülmemektedir. Ancak MR uyumlu protez takılı hastalar için sorun olmamaktadır. 3 Tesla MR’da radyasyon var mı? Hayır yoktur. Bu sayede kanserin evrelendirilmesinde de kullanılabilmektedir. 3 Tesla MR açık mıdır? Hayır, 3 Tesla MR kapalı bir cihazdır ancak yeterli genişlik alanı vardır."
doc_0081,doc_0081_parent_001,doc_0081_parent_001_child_001,"Diş Kisti Nedir? Dişte Kist Neden Olur, Belirtileri Nelerdir?",https://www.memorial.com.tr/saglik-rehberi/dis-kisti,285,4,4,False,"['Diş Kisti Nedir?', 'Dişte Kist Neden Olur?', 'Diş Kisti Belirtileri Nelerdir?', 'Diş Kistlerinin Olası Komplikasyonları - Diş Kistlerinin Tanısı - Dişte Kist Tedavisi - Diş Kisti Hakkında Sık Sorulan Sorular Diş Kisti Nedir?']","Diş kistleri, çene kemiği ve yumuşak dokularda henüz çıkmamış bir dişin içi sıvı dolu bir kese ile kaplı olması durumunda meydana gelir. Aynı zamanda bir çene kisti türü olan diş kistleri kanserli yapılar değildir ancak yakındaki dişlere zarar verecek kadar büyüme gösterebilir. Tedavi edilmeyen diş kistleri enfeksiyonlar, diş kaybı ve çene kırıkları gibi komplikasyonlara yol açabilir. Genellikle ağız cerrahisi en yaygın tedavi yöntemi olarak kabul edilir. - Diş Kisti Nedir? - Dişte Kist Neden Olur? - Diş Kisti Belirtileri Nelerdir? - Diş Kistlerinin Olası Komplikasyonları - Diş Kistlerinin Tanısı - Dişte Kist Tedavisi - Diş Kisti Hakkında Sık Sorulan Sorular Diş Kisti Nedir? Diş kistleri, henüz tam olarak çıkmamış yetişkin bir dişin etrafında oluşan içi sıvı dolu bir kese olup aynı zamanda bir çene kisti türüdür. Dentigeröz kist veya foliküler kist olarak da ifade edilen diş kistleri genellikle bir dişteki enfeksiyondan kaynaklanan kistik lezyonlardır. Diğer bir adı dentigeröz kist olan diş kistleri en sık olarak gömülü yirmi yaş dişlerini etkiler. Ancak çene kemiğinde hala sıkışmış olan herhangi bir dişin etrafında da meydana gelebilir."
doc_0081,doc_0081_parent_002,doc_0081_parent_002_child_001,"Diş Kisti Nedir? Dişte Kist Neden Olur, Belirtileri Nelerdir?",https://www.memorial.com.tr/saglik-rehberi/dis-kisti,251,3,0,False,"['Diş Kisti Hakkında Sık Sorulan Sorular Diş kistleri tehlikeli midir?', 'Diş kistleri kansere dönüşür mü?', 'Dişteki kist nasıl geçer?']","Ancak ihtiyaç duyulan cerrahi tür dişteki kistin durumuna bağlıdır. Daha küçük dentigeröz kistler için, cerrah tarafından kist ve etkilenen diş çıkarılır. Daha büyük kistler ise marsupializasyon adı verilen bir işlemi gerektirebilir. Her iki yaklaşım da diş kistlerinin tekrar oluşmasını önlemeye yöneliktir. Diş kisti tedavisi gören kişiler birkaç gün içinde normal rutinlerine dönebilir. Bu süreç biraz daha uzayabilir ancak uzamaması adına düzenli doktor kontrollerinin yaptırılması önemlidir. Diş Kisti Hakkında Sık Sorulan Sorular Diş kistleri tehlikeli midir? Diş kistleri kişi tarafından diş muayenesi dışında fark edilemeyebilir. Bu da zamanla diş kaybına yol açabilir. Diş kaybının veya farklı komplikasyonların yaşanmaması adına belirti yaşandığı takdirde uzman bir diş hekimine başvurmak gerekir. Diş kistleri kansere dönüşür mü? Diş kistlerinin kötü huylu tümöre dönüşme durumu çok ama çok nadirdir. Dişteki kist nasıl geçer? Dişteki kistin geçmesi için yaygın tedavi prosedürü ağız cerrahisidir. Kistin büyüklüğüne bağlı olarak farklı cerrahi operasyon uygulanabilir. Bu operasyonlar kistin alınmasını içeren operasyonlardır."
doc_0084,doc_0084_parent_002,doc_0084_parent_002_child_001,Kasık fıtık Total Ekstraperitoneal (TEP) ameliyatı,https://www.memorial.com.tr/saglik-rehberi/kasik-fitik-total-ekstraperitoneal-tep-ameliyati,308,3,1,False,"['siyon - Sigara kullanımı - Kronik öksürük - Kasık fıtığının boyutu - Cerrahi sırasında kullanılan malzemeler Kasık fıtık Total Ekstraperitoneal (TEP) ameliyatı kaç saat sürmektedir?', 'Kasık fıtığı ameliyatı için hangi bölüme gidilmelidir?', 'Kasık fıtığı ameliyatından sonra iz kalır mı?']","Laparoskopik yöntemlerde kasık fıtığının nüks etme düşüktür. Kasık fıtık Total Ekstraperitoneal (TEP) ameliyatından sonra tekrarlama riskini artıran faktörler şu şekilde sıralanabilir; - Cerrahın kasık fıtığı konusundaki tecrübesi - Yüksen tansiyon - Enfeksiyon - Sigara kullanımı - Kronik öksürük - Kasık fıtığının boyutu - Cerrahi sırasında kullanılan malzemeler Kasık fıtık Total Ekstraperitoneal (TEP) ameliyatı kaç saat sürmektedir? Kasık fıtığı ameliyatı genel anestezi altında ve ameliyathane ortamında gerçekleştirilmektedir. Tek taraflı kasık fıtığı ameliyatı yaklaşık 30 dakika sürmektedir. Ancak hastanın ameliyathaneye girmesi, anesteziden uyanması gibi faktörler göz önünde bulundurulmalıdır. Çitf taraflı kasık fıtığı ameliyatlarında süre biraz daha uzamaktadır. Kasık fıtığı ameliyatı için hangi bölüme gidilmelidir? Kasık fıtığı ameliyatlarını genel cerrahi bölümüne gidilmelidir. Ameliyatı yapacak doktorun kasık fıtığı konusunda tecrübeli olmasına dikkat edilmelidir. Kasık fıtığı ameliyatından sonra iz kalır mı? Bütün cerrahi işlemlerin ardından ciltte iz kalmaktadır. Ancak Laparoskopik Total Ekstraperitoneal (TEP) kasık fıtığı ameliyatında operasyon 3 küçük kesi ile gerçekleştirilmektedir. Ameliyattan sonra küçük karın kesileri bir veya iki dikişle veya cerrahi bantla kapatılır."
doc_0086,doc_0086_parent_001,doc_0086_parent_001_child_004,Elektronik Sigara Hastalığı (EVALI) Nedir? Belirtileri Nelerdir?,https://www.memorial.com.tr/saglik-rehberi/elektronik-sigara-hastaligi-evali-nedir,310,4,0,False,"['Elektronik Sigara Hastalığı (EVALI) Tedavisi Nasıl Yapılır?', 'Elektronik Sigara Hastalığı (EVALI) Hakkında Sık Sorulan Sorular Elektronik sigara hastalığı ne demek?', 'Elektronik sigara nefes darlığı yapar mı?', 'Elektronik sigara mı daha zararlı sigara mı?']","Bu tüketimin ardından nefes darlığı, öksürük ve göğüs ağrısı gibi yaygın belirtiler görülüyorsa EVALI hastalığının incelemesi ve tanısı yapılabilir. Elektronik Sigara Hastalığı (EVALI) Tedavisi Nasıl Yapılır? EVALI hastalığı tipik olarak akciğerlerde hasara neden olduğu için öncelikli tedavi yöntemi akciğerlere yönelik olmalıdır. Bu doğrultuda kişiye antibiyotik tedavisi ve antiviral ilaçlar uygulanabilir. Bunun dışında inflamasyonu azaltmak için kortikosteroid ilaçlar da reçete edilebilir. Eğer kişideki EVALI belirtileri şiddetliyse hastaneye yatış da gerekebilir. Hastaneye yatışın ardından oksijen desteği, solunum destek cihazları ve doktorun uygun göreceği tıbbi müdahaleler yapılır. Bunların yanı sıra alternatif tedavi yöntemlerinden biri olan hiperbarik oksijen tedavisi de elektronik sigara hastalığı tedavisinde tercih edilebilir. Elektronik Sigara Hastalığı (EVALI) Hakkında Sık Sorulan Sorular Elektronik sigara hastalığı ne demek? Elektronik sigara hastalığı EVALI olarak tanımlanır ve akciğerlerde iltihaplanmaya neden olan inflamatuar bir hastalıktır. Elektronik sigara nefes darlığı yapar mı? Elektronik sigara hastalığının yaygın belirtileri arasında nefes darlığı da yer alır. Elektronik sigara mı daha zararlı sigara mı? Elektronik sigara ve normal sigaradan hangisinin daha zararlı olduğu konusunda net bir bilimsel açıklama bulunmasa da elektronik sigaranın içinde kimyasalların en az sigarada olduğu kadar zararlı olduğu belirlenmiştir."
doc_0087,doc_0087_parent_001,doc_0087_parent_001_child_001,Bradikardi (yavaş kalp hızı) nedir?,https://www.memorial.com.tr/hastaliklar/bradikardi-yavas-kalp-hizi-nedir,310,8,6,False,"['Bradikardi nedir?', 'Bradikardi belirtileri nelerdir?', 'Bradikardi neden olur?', 'Risk faktörleri nelerdir?', 'Bradikardi tanısı nasıl konulur?', 'Bradikardi tedavisi nasıldır?', 'Bradikardi Hakkında Sık Sorulan Sorular Bradikardi nedir?', 'Bradikardi belirtileri nelerdir?']","Düşük kalp hızı olarak da bilinen bradikardi günümüzde pek çok insanda görülüyor. Sık bayılma, kalp yetmezliği, ani kalp durması gibi ciddi problemlere neden olabilen bradikardi konusunda mutlaka bir uzmana danışılması gerekiyor. Memorial Bahçelievler Hastanesi Kardiyoloji Bölümü’nden Uz. Dr. Gülsüm Bingöl, bradikardi ve tedavi yöntemleri hakkında bilgi verdi. - Bradikardi nedir? - Bradikardi belirtileri nelerdir? - Bradikardi neden olur? Risk faktörleri nelerdir? - Bradikardi tanısı nasıl konulur? - Bradikardi tedavisi nasıldır? - Bradikardi Hakkında Sık Sorulan Sorular Bradikardi nedir? Bradikardi, düşük (yavaş) kalp atış hızı anlamına gelmektedir. Hareketsiz halde oturan bir yetişkinin normal kalp atış hızı dakikada 60-100 seviyelerinde olması gerekmektedir. Bradikardi varlığında nabız 60’ın altındadır. Bradikardi bazı insanlarda herhangi bir soruna ya da şikayete neden olmamaktadır. Bazen de ciddi sonuçları olabilir. Düşük nabız, kalpte bulunan elektrik sistemlerindeki bir sorundan kaynaklanıyor olabileceği için bir uzmana danışılması önem taşımaktadır. Bradikardi belirtileri nelerdir? Çok yavaş bir kalp hızı beyne yetersiz kan gitmesine neden olabilir ve genellikle belirtiler buna bağlı oluşur. Bradikardi belirtileri şöyle sıralanmaktadır: - Yorgunluk veya halsizlik"
doc_0087,doc_0087_parent_002,doc_0087_parent_002_child_001,Bradikardi (yavaş kalp hızı) nedir?,https://www.memorial.com.tr/hastaliklar/bradikardi-yavas-kalp-hizi-nedir,311,3,0,False,"[""Nabız 50'nin altına düşerse ne olur?"", 'Bradikardi müdahale sınırı nedir?', 'Gençlerde bradikardi neden olur?']","Nabız 50'nin altına düşerse ne olur? Bradikardi kalp hızının 60 altında olmasıdır ancak şikâyetler genelde kalp hızı 50'nin altında iken ortaya çıkar. Bu hız 40'ın altına düşerse ya da 60’ın altında iken belirtilere yola açıyorsa tehlikelidir ve müdahale etmek gerekir. Sporcularda, uykuda, düzenli egzersiz yapanlarda istirahatte hiç şikâyet olmadan bu değerin altında nabızlar görülebilir. Bradikardi müdahale sınırı nedir? Bradikardinin tedavisinin esasını altta yatan nedenin tedavisi oluşturur. Altta yatan tiroid bezinin az çalışması, uyku apnesi, elektrolit bozukluğu gibi durumlar varsa önce bunların tedavisi yapılır; ilaçlara bağlı bradikardi söz konusuysa ilaçların dozlarının değiştirilmesi gerekir. Eğer tehlikeli boyutta bir yavaşlama söz konusuysa kalp pili takmak gerekebilir. Genellikle dakikada 40'in altındaki ya da 60 altı da olsa şikâyete yol açan kalp hızı düşüklüklerine müdahale gerekir. Bunun yanında kalp hızı dışında elektrokardiyografide ritmin şekli ileti yollarındaki sorunun ciddiyetini belirlemede ve müdahale kararında etkilidir. Gençlerde bradikardi neden olur? Yavaş bir kalp hızı her zaman bir sorun olduğu anlamına gelmez. Örneğin, dinlenme sırasında dakikada 40 ila 60 arasında bir kalp hızı uyku sırasında ve bazı insanlarda, özellikle sağlıklı genç yetişkinlerde ve eğitimli sporcularda oldukça yaygındır."
doc_0093,doc_0093_parent_001,doc_0093_parent_001_child_001,Lipaz (LPS) Nedir? Lipaz Yüksekliği ve Düşüklüğü,https://www.memorial.com.tr/tani-ve-testler/lipaz-nedir,282,4,2,False,"['Neden Olur?', 'Lipaz (LPS) Düşüklüğü Nedir?', 'Neden Olur?', 'Lipaz (LPS) Hakkında Sık Sorulan Sorular Lipaz (LPS) Nedir?']","Sindirim suyu olarak bilinen lipaz, vücutta yağların sindirilmesine yardımcı olan enzimdir. Pankreasta bulunan lipaz, aynı zamanda midede ve tükürük bezlerinde de yer alır. Kanda lipaz görülmesi normal olarak kabul edilir. Pankreasın zarar görmesi durumunda lipaz miktarı artabilir. Lipaz (LPS) testi ile ortaya çıkan değerler pankreatit ve şişmiş pankreas hastalığının göstergesi olarak kabul edilir. Bu test hastalıkların teşhisi için önemlidir. Neden Olur? - Lipaz (LPS) Düşüklüğü Nedir? Neden Olur? - Lipaz (LPS) Hakkında Sık Sorulan Sorular Lipaz (LPS) Nedir? Lipaz (LPS), vücudun, besinlerdeki yağları bağırsaklarda emilebilmesi için parçalayıp kullandığı, pankreas tarafından ince bağırsağa salınan bir enzimdir. Lipaz, yağları küçük yağ asitlerine ve gliserol gibi moleküllere dönüştürerek emilimi kolaylaştırır. Bu da vücuda enerji sağlanmasını ve yağda çözünen vitaminlerin emilmesini sağlar. Kanda lipaz değerinin yüksek olması vücutta bakteriyel bir enfeksiyon olduğunun göstergesidir. Bu değer lipaz (LPS) testi ile ortaya çıkarılarak hastalıklara karşı önlem alınmasına destek olur."
doc_0093,doc_0093_parent_001,doc_0093_parent_001_child_003,Lipaz (LPS) Nedir? Lipaz Yüksekliği ve Düşüklüğü,https://www.memorial.com.tr/tani-ve-testler/lipaz-nedir,312,3,1,False,"['çıkarılmasında da lipaz testinde yararlanılır: - Peritonit - Bağırsak düğümlenmesi - Pankreas kisti - Kistik fibroz - Crohn hastalığı - Çölyak hastalığı Normal Lipaz Aralığı Nedir?', 'Lipaz (LPS) Yüksekliği Nedir?', 'Neden Olur?']","Akut ya da kronik pankreatit teşhisi konulan kişilerin takibi için düzenli olarak lipaz testi istenebilir. Böylelikle lipaz değerindeki yükseliş ve düşüş gözlemlenmiş olur. Bunların yanında şu hastalıkların ortaya çıkarılmasında da lipaz testinde yararlanılır: - Peritonit - Bağırsak düğümlenmesi - Pankreas kisti - Kistik fibroz - Crohn hastalığı - Çölyak hastalığı Normal Lipaz Aralığı Nedir? Normal lipaz değeri birim hacimde kanda yer alan miktar 0-160 birim aralığında değişir. 60 yaş ve altı yetişkinler için normal aralık 10-140 U/L, 60 yaş ve üzeri için ise 24-151 U/L arasında yer alır. Değerler laboratuvarlar arasında farklılık gösterebilir. Lipaz (LPS) Yüksekliği Nedir? Neden Olur? Test sonucunda değerin 140 U/L üstü olduğu lipaz yüksekliği, akut pankreatit, pankreas iltihaplanması, safra sorunları veya enfeksiyon bulunduğu anlamına gelir. Sindirim sisteminde yer alan bakterilerin neden olduğu enfeksiyonlar kandaki lipaz seviyesini yükselterek lipaz yüksekliğine neden olur. Bunun yanında kandaki lipaz, normal değerden 3 ila 10 katı yüksekse akut (ani gelişen) pankreatit atağının belirtisi olabilir. Böbrek yetmezliği, bağırsak sorunları ve siroz gibi sağlık sorunları da lipoz değerini yükselten nedenler arasında sayılır."
doc_0093,doc_0093_parent_001,doc_0093_parent_001_child_004,Lipaz (LPS) Nedir? Lipaz Yüksekliği ve Düşüklüğü,https://www.memorial.com.tr/tani-ve-testler/lipaz-nedir,256,3,2,False,"['lığı - Ülser - Safrakesesi rahatsızlıkları - Tıkalı bağırsak gibi bağırsak sorunları - Diyabet - Tükürük bezi bozuklukları - Alkol kullanım bozukluğu Lipaz Yüksekliği Nasıl Önlenir?', 'lkol tüketmeyin - Size dokunan ilaçları tespit ederek kullanımını durdurun - Sağlıklı beslenerek az yağlı besinler tüketin ve sebze, meyveden yararlanın Lipaz (LPS) Düşüklüğü Nedir?', 'Neden Olur?']","Böbrek yetmezliği, bağırsak sorunları ve siroz gibi sağlık sorunları da lipoz değerini yükselten nedenler arasında sayılır. Lipaz yüksekliği nedenleri şöyle sıralanabilir: - Pankreas kanseri dahil olmak üzere pankreas hastalıkları - Kronik böbrek hastalığı - Ülser - Safrakesesi rahatsızlıkları - Tıkalı bağırsak gibi bağırsak sorunları - Diyabet - Tükürük bezi bozuklukları - Alkol kullanım bozukluğu Lipaz Yüksekliği Nasıl Önlenir? Lipaz değerine etki ederek yükselmesine neden olan bazı faktörler bulunur. Lipaz yüksekliğine karşı şu önlemleri alabilirsiniz: - Gün içerisinde bol sıvı tüketimine dikkat edin - Düzenli olarak lipaz testi yaptırın ve doktor kontrolüne gidin - Alkol tüketmeyin - Size dokunan ilaçları tespit ederek kullanımını durdurun - Sağlıklı beslenerek az yağlı besinler tüketin ve sebze, meyveden yararlanın Lipaz (LPS) Düşüklüğü Nedir? Neden Olur? Lipaz düşüklüğü, kanda enfeksiyon olmadığının bir göstergesi olarak kabul edilir. Sağlıklı bireylerde lipaz değerleri düşük olmaktadır. Fakat bazı durumlarda lipaz düşüklüğü semptomlarla birlikte görülebilir."
doc_0093,doc_0093_parent_002,doc_0093_parent_002_child_001,Lipaz (LPS) Nedir? Lipaz Yüksekliği ve Düşüklüğü,https://www.memorial.com.tr/tani-ve-testler/lipaz-nedir,235,3,0,False,"['Yüksek düzeyde lipaz olarak kabul edilen değer nedir?', 'Yüksek lipazın belirtileri nelerdir?', 'Lipaz test sonucu kaç olmalı?']","Lipaz (LPS) testi, iştahsızlık, ateş, kusma, mide bulantısı, sırt ve karın ağrısı görüldüğü durumlarda yaptırılarak pankreas sorunlarının, obezite, safra kesesi sorunlarının ortaya çıkarılmasını sağlar. Yüksek düzeyde lipaz olarak kabul edilen değer nedir? Normalden değerden daha yüksek lipaz seviyeleri, normal üst sınırın üç katından fazla olması durumudur. Bununla birlikte, lipaz seviyesindeki yükseklik her zaman pankreas bozuklukları ile ilişkili olmayabilir. Doğum kontrol hapları, diüretikler veya kodein gibi ilaçlardan dolayı da görülebilir. Yüksek lipazın belirtileri nelerdir? Yağlı dışkı, karın ve sırt ağrısı, iştah kaybı, mide bulantısı, ateş ve ani kilo kaybı lipaz yüksekliği belirtileri arasında yer alır. Lipaz test sonucu kaç olmalı? 60 yaşından küçük yetişkinler için referans aralığı 10 ila 140 U/L'dir. 60 yaş ve üstü yetişkinler için ise normal kabul edilen değerler 24 ila 151 U/L'dir"
doc_0094,doc_0094_parent_001,doc_0094_parent_001_child_001,Diyete Başlamadan Önce Metabolizmanızın Gerçek Hızını Ölçtürün,https://www.memorial.com.tr/saglik-rehberi/diyete-baslamadan-once-metabolizmanizin-gercek-hizini-olcturun,297,3,3,False,"['Metabolizma hızı ne demektir?', 'Metabolizma hızı ölçümü nasıl yapılır?', 'Metabolizma Hızı Yavaş Olan Ve Yediklerine Dikkat Etmeyen Birçok Kişide Kilo Problemi Kaçınılmazdır Metabolizma hızı ne demektir?']","Ataşehir Memorial Tıp Merkezi Beslenme ve Diyet Bölümü Uzmanları,“Metabolizma hızının kilo yönetimi üzerindeki etkisi” hakkında bilgi verdi. - Metabolizma hızı ne demektir? - Metabolizma hızı ölçümü nasıl yapılır? - Metabolizma Hızı Yavaş Olan Ve Yediklerine Dikkat Etmeyen Birçok Kişide Kilo Problemi Kaçınılmazdır Metabolizma hızı ne demektir? Bazal metabolizma hızı (BMH) , fiziksel olarak tamamen dinlenir durumdayken vücudun harcadığı enerji miktarıdır. Bir başka deyişle 24 saat içinde hiç hareket etmeden dinlenir vaziyette hayati fonksiyonların devamı için harcanan enerjidir. Bu değere günlük yaşamsal aktiviteler ( ev işleri, yemek yeme, yürüyüşler ) eklenerek günlük enerji ihtiyacı hesaplanır. Bazal metabolizma hızının bilinmesi, kalori ihtiyacını belirlemek ve kilo kontrolünü sağlamak için çok önemlidir. Metabolizma hızı kişiden kişiye değişir ve pek çok faktörün etkisine açıktır. Yaşam boyu sağlıklı kilo verimi, kilo kazanımı ve kilo koruma için metabolizma hızının bilinmesi gerekmektedir. “Su içsem yarıyor, benim metabolizmam yavaş” cümlesi oldukça sık dile getirilir fakat öncesinde metabolizmayı etkileyebilecek faktörleri kişinin kendisinde değerlendirmesi gerekmektedir. Bunlar; yaş, cinsiyet, hormonal durumlar, menopoz, kişinin egzersiz seviyesi ve kalıtımsal özellikleridir."
doc_0095,doc_0095_parent_001,doc_0095_parent_001_child_001,"Tiroidit: Ani Kilo Kaybı, Ağrı Ve Yutma Güçlüğü Belirtilerine Dikkat!",https://www.memorial.com.tr/saglik-rehberi/ani-kilo-kaybi-agri-ve-yutma-guclugu-subakut-tiroidite-isaret-edebilir,295,2,2,False,"['Tiroidit Nedir?', 'Subakut tiroidit ağrılı bir enfeksiyon tablosuyla ortaya çıkıyor - Teşhis için elle muayene ve bazı kan testleri çok önemli - Erken dönemde tedavi önemli Tiroidit Nedir?']","Subakut tiroidit, tiroid bölgesinde ağrı ve rahatsızlığa neden olan nadir bir tiroidit türüdür. Bu duruma sahip kişilerde ayrıca hipertiroidizm belirtileri de görülür ve daha sonra hipotiroidizm belirtileri gelişir. Subakut tiroidit sıklıkla geçici olsa da tedavi edilmezse kalıcı komplikasyonlara neden olabilir. Memorial Ataşehir Hastanesi İç Hastalıkları Bölümü’nden Prof. Dr. Murat Hakan Terekeci, subakut tiroidit hastalığı ve tedavisi hakkında bilgi verdi. - Tiroidit Nedir? - Subakut tiroidit ağrılı bir enfeksiyon tablosuyla ortaya çıkıyor - Teşhis için elle muayene ve bazı kan testleri çok önemli - Erken dönemde tedavi önemli Tiroidit Nedir? Tiroidit, tiroid iltihabı anlamına gelir. Çoğu tiroidit türü tipik olarak hipertiroidizme veya hipotiroidizme yol açar. Hipertiroidizm, tiroidin aşırı aktif olduğu ve çok fazla hormon ürettiği bir hastalıktır. Hipotiroidizm, tiroidin az çalıştığı ve yeterli hormon üretemediği bir durumdur. Bu koşulların her ikisi de kilo değişikliklerine, kaygıya ve yorgunluğa neden olabilir. Diğer tiroidit türlerinden farklı olarak subakut tiroiditin viral bir enfeksiyonla bağlantılı olduğu düşünülmektedir. Genellikle grip veya kabakulak gibi üst solunum yolu enfeksiyonlarından sonra ortaya çıkar."
doc_0096,doc_0096_parent_002,doc_0096_parent_002_child_001,Uyluk Kemiği Ağrısı Nedir? Uyluk Kemiği Ağrısı Neden Olur?,https://www.memorial.com.tr/saglik-rehberi/uyluk-kemigi-agrisi,204,3,0,False,"['Uyluk Kemiği Ağrısı Hakkında Sıkça Sorulan Sorular Uyluk neresidir?', 'Ani başlayan uyluk ağrısı nasıl geçer?', 'Uyluk kemiği için ağrısı için hangi doktora gidilir?']","Uygun bir şekilde tedavi edilmezse kas zayıflığı, hareket kısıtlılığı, dirençli geçmeyen kronik kas kemik ağrıları, bacak boy kısalıkları ve yürümede zorluk şikayetleri oluşabilmektedir. Uyluk Kemiği Ağrısı Hakkında Sıkça Sorulan Sorular Uyluk neresidir? Femur yani uyluk kemiği olarak da bilinen uyluk, alt bacak kemiklerini (diz eklemi) pelvik kemiğine (kalça eklemi) bağlayan büyük üst bacak kemiğidir. Kalça ve diz eklemleri arasındaki boşluğu kaplayan vücuttaki en uzun, en güçlü kemiktir. Ayakta durma ve hareket etmede kritik rol oynar. Ani başlayan uyluk ağrısı nasıl geçer? Ani başlayan uyluk ağrısını geçirmek için ısı ve buz kompresi yapılabilir. Uyluk kemiği için ağrısı için hangi doktora gidilir? Uyluk kemiği ağrısı yaşayan kişiler ortopedi bölümü doktorlarından randevu almalıdır."
doc_0104,doc_0104_parent_002,doc_0104_parent_002_child_001,"Bademcik Taşı Nedir? Belirtileri, Nedenleri ve Tedavisi",https://www.memorial.com.tr/hastaliklar/bademcik-tasi-nedir,311,3,1,False,"['Bademcik Taşı Oluşumu Nasıl Engellenir?', 'Bademcik Taşı Nasıl Temizlenir?', 'Bademcik Taşı Hakkında Sorulan Sorular Bademcik taşının diğer adı nedir?']","Bademcik Taşı Oluşumu Nasıl Engellenir? Bademcik taşı oluşumunu engellemek için bağışıklık sistemini güçlendirmenin yanı sıra dış çevresel faktörlerin de etkisi göz önünde bulundurulmalıdır. Sağlık sorunlarının pek çoğunda bağışıklık sisteminin güçsüzlüğü yatmaktadır. Sık tekrarlayan bademcik enfeksiyonları taş oluşumunda en temel nedenler arasında yer almaktadır. Alınacak bazı önlemler ile taş oluşumu engellenebilir. Önlemler kısaca şunları içerir; - Beslenme sonrası dişlerin düzenli fırçalanması veya gargara - Düzenli ağız ve diş sağlığı kontrollerinin sağlanmasıyla, - Tütün ürünü kullanımından kaçınmak, - Düzenli ve yeteri kadar beslenme, - Bağışıklık sistemini güçlendirerek, - Bağışıklığı baskılayan bazı ilaçların kullanımını minimum seviyede tutarak bademcik taşı oluşumu engellenebilir. Bademcik Taşı Nasıl Temizlenir? Hekim muayenesinin ardından bademcik taşı temizleme yöntemine karar verilmektedir. Kulak Burun Boğaz hekimin uygun gördüğü durumlarda tuzlu su ile gargara yapılabilir. Bazı durumlarda bademciğin tamamen alınması da önerilmektedir. Bademcik taşlarının kendiliğinden düşmediği ve gerekli görülen durumlarda ise cerrahi yöntem ile temizlik sağlanmaktadır. Taşların oluşum gösterdiği yerler koblatör ya da lazer gibi yöntemlerle tedavi edilebilmektedir. Bademcik Taşı Hakkında Sorulan Sorular Bademcik taşının diğer adı nedir?"
doc_0104,doc_0104_parent_002,doc_0104_parent_002_child_002,"Bademcik Taşı Nedir? Belirtileri, Nedenleri ve Tedavisi",https://www.memorial.com.tr/hastaliklar/bademcik-tasi-nedir,300,4,0,False,"['Bademcik Taşı Hakkında Sorulan Sorular Bademcik taşının diğer adı nedir?', 'Bademcik taşı nasıl geçer?', 'Bademcik taşı için hangi doktora gidilir?', 'Bademcik taşı geçici midir?']","Bademcik Taşı Hakkında Sorulan Sorular Bademcik taşının diğer adı nedir? Bademcik taşı, tonsillolit olarak da bilinir ve bademcikte sıkışmış, sertleşmiş bir madde yığını şeklinde tanımlanır. Bazı bademciklerde yiyecek veya mukusun sıkıştığı küçük çukurlar oluşur. Çukurda toplanan parçalarda bakteri ve mikroplar büyür. Bademcik taşının belirtileri arasında boğazda bir şey takılmış hissi, kötü nefes ve ağızda kötü tat yer alabilir. Diğer belirtiler ise uzun süreli veya tekrarlayan boğaz ağrısı olabilir. Bazı kişilerde hiçbir belirti göstermeyen bademcik taşlarının tedaviye ihtiyacı olmaz. Ancak büyük taşlar ameliyatla çıkarılabilir. Bademcik taşı nasıl geçer? Bademcik taşları genellikle tedavi olmaksızın kendiliğinden düşer. Bu süreci hızlandırmanın en etkili doğal yolu tuzlu su gargarası yaparak kuvvetlice öksürmektir. Bademcik taşı için hangi doktora gidilir? Bademcik taşlarının tanı ve takibi için Kulak Burun Boğaz Hastalıkları Uzmanlarına başvurulmalıdır. Bademcik taşı geçici midir? Taş oluşumunun cerrahi veya cerrahi dışı yöntemlerle ortadan kaldırıldıktan sonra tekrar görülmesi mümkündür. Bağışıklık sistemi, ağız hijyeni, sık tekrarlayan bademcik enfeksiyonları ve bazı belirleyici nedenlere bağlı tekrar bademcik taşı oluşabilir."
doc_0104,doc_0104_parent_002,doc_0104_parent_002_child_003,"Bademcik Taşı Nedir? Belirtileri, Nedenleri ve Tedavisi",https://www.memorial.com.tr/hastaliklar/bademcik-tasi-nedir,287,4,0,False,"['Bademcik taşı ses kısıklığı yapar mı?', 'Bademcik taşı tekrarlar mı?', 'Bademcik taşı çıkarma zararlı mı?', 'Bademcik taşı yutulursa ne olur?']","Bağışıklık sistemi, ağız hijyeni, sık tekrarlayan bademcik enfeksiyonları ve bazı belirleyici nedenlere bağlı tekrar bademcik taşı oluşabilir. Bademcik taşı ses kısıklığı yapar mı? Bademcik taşı yeni oluştuğu süreçte boğazı tahriş ederek nadir olarak geçici bir ses kısıklığına yol açabilir. Ses kısıklığı boğazı ilgilendiren pek çok farklı hastalık kaynaklı geçici olarak yaşanabilir. Genellikle tütün ürünü kullanımı, alerjik durumlar, enfeksiyon ve guatr hastalığı vb. nedenlere bağlı görülebilir. Bademcik taşı tekrarlar mı? Ağız ve diş bakımına özen gösterilmediği ve kronikleşen enfeksiyon kaynaklı bademcik şişmesi, iltihabı gibi sağlık sorunlarının olması tekrarlamasına yol açabilir. Bademcik taşı çıkarma zararlı mı? Bademcik taşları nadir olarak ciddi sorunlara yol açmaktadır. Ancak boğazda yarattığı rahatsızlık hissi ve ağız kokusu bireyleri oldukça rahatsız etmektedir. Bademcik taşı oluşumunu engellemek için alınacak bazı basit önlemler sayesinde tedavi veya cerrahi gerektiren bu taşların oluşumunu minimum seviyeye indirilebilir. Bademcik taşı yutulursa ne olur? Bademcik taşlarının yutulduktan sonra mideye veya farklı bir organa zarar vermesi nadir görülen durumlar arasındadır."
doc_0105,doc_0105_parent_002,doc_0105_parent_002_child_003,Protetik Diş Tedavisi Nedir? Nasıl Yapılır?,https://www.memorial.com.tr/saglik-rehberi/protetik-dis-tedavisi,169,4,0,False,"['Protez dişlerin ömrü ne kadardır?', 'Protetik ve protez aynı şey mi?', 'Protetik diş tedavisi neye bakar?', 'Protetik diş tedavisi ne kadar sürer?']","Böylece, kişiye özel materyal ve tedavi şeklini kapsar. Protez dişlerin ömrü ne kadardır? Materyal ve bakıma göre değişkenlik gösterse de uzmanlar 5 yılda bir değiştirilmesini önerir. Protetik ve protez aynı şey mi? Protetik tüm işlemi kapsar, protez ise malzemeyi değerlendirir. Protetik diş tedavisi neye bakar? Mine ve yardımcı dokuların işlevi ve estetiğinin sağlanmasına olanak tanır. Protetik diş tedavisi ne kadar sürer? Protetik diş tedavisi süresi kişiden kişiye değişkenlik gösterir. Öncelikle, diş çekimi olacaksa doku ve boşluk alanın 2-3 ay gibi bir sürede sürece hazırlanması sağlanır. Sonrasında protez uygulaması ölçü ve prova ile beraber ortalama 4 seansta gerçekleştirilir. Bu süre genel anlamda 2-3 haftadır."
doc_0106,doc_0106_parent_002,doc_0106_parent_002_child_002,Pulmoner Fibrozis (Akciğer Sertleşmesi) Bedir? Belirtileri ve Tedavisi,https://www.memorial.com.tr/hastaliklar/pulmoner-fibrozis-akciger-sertlesmesi,305,4,0,False,"['Pulmoner Fibrozis (Akciğer Sertleşmesi) Nasıl Tedavi Edilir?', 'Pulmoner Fibrozis (Akciğer Sertleşmesi) ile İlgili Sık Sorulan Sorular Pulmoner fibrosis (akciğer sertleşmesi) kanser midir?', 'Pulmoner fibrosis (akciğer sertleşmesi) tehlikeli midir?', 'Pulmoner fibrozisin (akciğer sertleşmesi) risk faktörleri nelerdir?']","Bronkoskopi Bazen tanı için ağız veya burundan ucunda ışık bulunan ince bir tüple girilerek (bronkoskopi) veya genel anestezi altında akciğerden parça alınabilir. Pulmoner Fibrozis (Akciğer Sertleşmesi) Nasıl Tedavi Edilir? Pulmoner fibrozda meydana gelen akciğer hasarı geri döndürülemez ancak yeni geliştirilen ilaçlarla hastalığın ilerlemesi yavaşlatılabilir. Bazı tedaviler şikayetleri azaltmaya ve yaşam kalitesini artırmaya yöneliktir. Pulmoner Fibrozis (Akciğer Sertleşmesi) ile İlgili Sık Sorulan Sorular Pulmoner fibrosis (akciğer sertleşmesi) kanser midir? Pulmoner fibrosis kanser değildir. Ancak bu zeminde kanser gelişebilir. Pulmoner fibrosis (akciğer sertleşmesi) tehlikeli midir? Pulmoner fibrozis gerekli önlemler alınmadığı takdirde tehlikeli bir rahatsızlıktır. Erken tanı konulup kontrol altına alınmazsa, akciğer ve kalp yetmezliğine neden olabilir. Pulmoner fibrozisin (akciğer sertleşmesi) risk faktörleri nelerdir? Pulmoner fibrozisin risk faktörleri arasında bulunan; virüsler, tütün dumanına maruz kalma, genetik yatkınlık ve gastroözofageal reflü hastalığı yer almaktadır. Bunların nedeni bilinmeyen pulmoner fibrozisde etkili olabileceği düşünülmektedir."
doc_0106,doc_0106_parent_002,doc_0106_parent_002_child_003,Pulmoner Fibrozis (Akciğer Sertleşmesi) Bedir? Belirtileri ve Tedavisi,https://www.memorial.com.tr/hastaliklar/pulmoner-fibrozis-akciger-sertlesmesi,288,5,0,False,"['Pulmoner fibrozis (akciğer sertleşmesi) ilerleyici bir hastalık mıdır?', 'Pulmoner fibrozis hastalarına akciğer nakli yapılabilir mi?', 'Akciğer sertleşmesine hangi bölüm bakar?', 'Akciğer sertleşmesinin ilaç dışı tedavisi var mı?', 'Pulmoner fibrosis (akciğer sertleşmesi) ölümcül bir hastalık mıdır?']","Bunların nedeni bilinmeyen pulmoner fibrozisde etkili olabileceği düşünülmektedir. Orta yaş ve ileri yaşlarda, erkeklerde, sigara içenlerde, amfizemli hastalarda, madencilik, çiftçilik veya inşaat işlerinde çalışanlarda, kanser tedavilerinde göğüs kısmına radyasyon tedavisi alanlarda pulmoner fibrozis gelişme riski artmaktadır. Pulmoner fibrozis (akciğer sertleşmesi) ilerleyici bir hastalık mıdır? Pulmoner fibrosis hastalığı ilerleyici bir hastalıktır. Ancak son yıllarda geliştirilen ilaçlarla bu ilerlemenin yavaşlatılması amaçlanmaktadır. Pulmoner fibrozis hastalarına akciğer nakli yapılabilir mi? Pulmoner fibrosis hastalarına akciğer nakli yapılabilir. Bazı kriterlere uygunsa en etkili tedavi şekli akciğer nakli olabilir. Akciğer sertleşmesine hangi bölüm bakar? Bu hastalığın tanısı Göğüs Hastalıkları bölümü tarafından konulur. Tedavi ve takip süreci sertleşmeye neden olan hastalığa göre değişir. Akciğer sertleşmesinin ilaç dışı tedavisi var mı? Evet, akciğer nakli diğer tedavi seçeneğidir. Pulmoner fibrosis (akciğer sertleşmesi) ölümcül bir hastalık mıdır? Erken tanısı konup yakın takip edilmeyen bir çok hastalık ölümcül olabilir. Pulmoner fibrosis de bu hastalıklardan bir tanesidir."
doc_0107,doc_0107_parent_001,doc_0107_parent_001_child_004,Hemoroidal arter ligasyonu (Bağlaması) doppler hemoroid tedavisi nedir?,https://www.memorial.com.tr/tedavi-yontemleri/hemoroidal-arter-ligasyonu-baglamasi-doppler-hemoroid-tedavisi-nedir,237,3,0,False,"['Hemoroidal Arter Ligasyonu (Bağlaması) Doppler Hemoroid Tedavisi Hakkında sıkça sorulan sorular Hemoroidal Arter Ligasyonu (Bağlaması) Doppler Hemoroid Tedavisinde ağrı olur mu?', 'Hemoroidal Arter Ligasyonu (Bağlaması) Doppler Hemoroid Tedavisi sonrası nüks olur mu?', 'Hemoroidal Arter Ligasyonu (Bağlaması) Doppler Hemoroid Tedavisi sonrası günlük hayatıma, iş hayatıma ne zaman dönerim?']","1 haftanın sonunda herhangi bir diyet kısıtlaması kalmamaktadır. Hemoroidal Arter Ligasyonu (Bağlaması) Doppler Hemoroid Tedavisi Hakkında sıkça sorulan sorular Hemoroidal Arter Ligasyonu (Bağlaması) Doppler Hemoroid Tedavisinde ağrı olur mu? Çoğu hastada herhangi bir ağrı olmamaktadır. Bazen de basit ağrı kesicilerle kolaylıkla giderebilecek kadar hafif yaşanabilmektedir. Hemoroidal Arter Ligasyonu (Bağlaması) Doppler Hemoroid Tedavisi sonrası nüks olur mu? İşlemde tüm hemoroidlere müdahale edildiği için şu ana kadar kaydedilmiş bir nüks vakası yaşanmamıştır. Bu konuda deneyimli uzmanlar atarfından teknik açıdan doğru bir şekilde yapıldığında sorunun nüks etmeyeceği öngörülen bir yöntemdir. Hemoroidal Arter Ligasyonu (Bağlaması) Doppler Hemoroid Tedavisi sonrası günlük hayatıma, iş hayatıma ne zaman dönerim? Ağrısız, kesisiz bir yöntem olması sebebiyle işlemin ertesi günü araba kullanmak, yürüyüş yapmak gibi aktivitelerle iş ve sosyal yaşama dönmek mümkündür."
doc_0108,doc_0108_parent_001,doc_0108_parent_001_child_003,Noktüri Nedir? Noktüri Neden Olur?,https://www.memorial.com.tr/saglik-rehberi/nokturi-nedir,299,2,2,False,"['m - İyi huylu prostat hiperplazisi veya prostat tıkanıklığı - Kalp hastalığı veya konjestif kalp yetmezliği - Obstrüktif uyku apnesi veya uyku bozukluğu Noktüri Nasıl Teşhis Edilir?', 'ebilir: - Böbrek fonksiyonlarını kontrol etmek için kan testi - Mesanenin dolup dolmadığını ya da boşaldığını görmek için görüntüleme testi - Sistoskopi Noktüri Tedavisi Nasıl Olur?']","- Ödem - İyi huylu prostat hiperplazisi veya prostat tıkanıklığı - Kalp hastalığı veya konjestif kalp yetmezliği - Obstrüktif uyku apnesi veya uyku bozukluğu Noktüri Nasıl Teşhis Edilir? Uzman doktor, noktüri teşhisi için sizden günlük olarak ne kadar sıklıkla idrara çıktığınızı not etmenizi isteyebilir. Bunun yanında ne kadar sıvı tükettiğiniz, ne sıklıkla idrara çıktığınız, saatin kaç gibi durumları da içerebilir. Uzman doktor noktürinin olası nedenlerini ve tedavisini belirlemek için günlüğü inceler. Buna bağlı olarak ilaç yazabilir. Noktürinin neden kaynaklı olduğunu ortaya çıkarmak için ise şu testleri isteyebilir: - Böbrek fonksiyonlarını kontrol etmek için kan testi - Mesanenin dolup dolmadığını ya da boşaldığını görmek için görüntüleme testi - Sistoskopi Noktüri Tedavisi Nasıl Olur? Noktüri, yaşam tarzında değişikliğe giderek ya da destekleyici ilaçlarla beraber düzelebilir. Günlük hayatınızda yapacağınız planlamayla noktürinin önüne geçebilirsiniz. Noktüri tedavisi şöyle açıklanabilir: Yatmadan önce ve geceleri sıvı alımını kısıtlayın Gün boyunca bol miktarda sıvı tüketseniz bile uyumadan yaklaşım 2-4 saat öncesinde sıvı tüketimini sınırlayın. Su dışında çay, kahve ve soda gibi içecekleri de sınırlamak önemlidir."
doc_0110,doc_0110_parent_002,doc_0110_parent_002_child_001,Kaval Kemiği Nerededir? Kaval Kemiği Ağrısı Neden Olur?,https://www.memorial.com.tr/saglik-rehberi/kaval-kemigi,208,4,0,False,"['Kaval Kemiği Ağrısı Nasıl Önlenir?', 'Kaval Kemiği Hakkında Sık Sorulan Sorular Kaval kemiği neresidir?', 'Kaval kemiği neden ağrır?', 'Kaval kemiği ağrısına hangi bölüm bakar?']","Kaval Kemiği Ağrısı Nasıl Önlenir? Kaval kemiğinde ağrı oluşumunu önlemek için kemikleri güçlü tutmakla birlikte kemiği çok zorla zorlamamak önemlidir. Bunun için sağlıklı beslenmek, gerektiğinde ayağı dinlendirmek, egzersiz sırasında kemiği çok fazla zorlamamak ve yaralanmalara karşı dikkatli olmak gerekir. Kaval Kemiği Hakkında Sık Sorulan Sorular Kaval kemiği neresidir? Tibia olarak da bilinen kaval kemiği, diz ile ayak bileği arasındaki alt bacağın ön kısmıdır ve bacağı oluşturan iki kemikten biridir. Kaval kemiği, dizin hemen altından ayak bileğine kadar uzanır. Kaval kemiği neden ağrır? Kaval kemiği ağrısı genellikle tendos, kas ve doku iltihabı ile birlikte yaralanmalar ve kemiğin aşırı zorlanması ile meydana gelir. Kaval kemiği ağrısına hangi bölüm bakar? Kaval kemiği ağrısı şikayetiniz varsa ortopedi ve travmatoloji bölümü doktorlarından randevu alabilirsiniz."
doc_0113,doc_0113_parent_002,doc_0113_parent_002_child_001,SPO2 Nedir? SPO2 Değeri Kaç Olmalı?,https://www.memorial.com.tr/tani-ve-testler/spo2-nedir,304,4,0,False,"['SPO2 Hakkında Sık Sorulan Sorular SPO2 ne anlama gelir?', 'SPO2 kaç olursa tehlikeli?', 'Kan oksijen seviyesi testini kim yapar?', 'SPO2 düşüklüğü covid belirtisi midir?']","Kan oksijen seviyesini artırmak için oksijen ile yakın temas içinde olmak gerekir. Bunun için de kişinin temiz hava soluması önemlidir. Bununla birlikte en kısa zamanda sigaranın bırakılması şarttır. Diğer yandan nefes egzersizleri de kan oksijen seviyesinin artmasına yardımcı olur. SPO2 Hakkında Sık Sorulan Sorular SPO2 ne anlama gelir? SPO2, kan oksijen seviyesinin ölçümündeki değer aralığını ifade etmek kullanılan bir kısaltmadır. SPO2 kaç olursa tehlikeli? Genellikle nabız oksimetresi ve arteriyel kan testi ile ölçülen kandaki oksijen seviyeleri yüzde 90’ın altına indiğinde doktor kontrolü gerekebilir. Kan oksijen seviyesi testini kim yapar? Uzman bir solunum terapisti veya hastanelerde bu alandaki uzman kişiler kandaki oksijen seviyesini ölçebilir. Diğer yandan nabız oksimetresi temin ederek kişi evde kendisi de oksijen seviyesinin sonucunu öğrenebilir. SPO2 düşüklüğü covid belirtisi midir? COVID-19 insanları farklı şekillerde etkiler ve farklı belirtiler ortaya çıkarabilir. Enfekte kişilerde hafif semptomlardan şiddetli belirtilere kadar birçok komplikasyon meydana gelebilir. COVID-19'a yakalanan bazı kişilerde düşük kan oksijen seviyelerine rastlanmıştır. Ancak her düşük değer COVİD-19 anlamına gelmez. Aynı şekilde oksijen seviyeleri yüksek olup hastalığa yakalanan kişiler de olabilir."
doc_0114,doc_0114_parent_003,doc_0114_parent_003_child_003,"Aort Anevrizması Nedir? Belirtileri, Nedenleri ve Tedavisi",https://www.memorial.com.tr/hastaliklar/aort-anevrizmasi,303,4,0,False,"['Aort anevrizma ameliyatı riskleri nelerdir?', 'Aort anevrizma taraması neden önemlidir?', 'Aort anevrizması neden acil bir durumdur?', 'Aort anevrizması kendi kendine geçer mi?']","Aort anevrizma ameliyatı riskleri nelerdir? Aort anevrizma ameliyatlarındaki en büyük risk, anevrizmanın operasyon sırasında yırtılmasıdır. Anevrizmanın yerleşimi ve hayati organlara yakın olması, inme, kalp krizi, böbrek ve karaciğer yetmezliği gibi birtakım ciddi riskler oluştursa da gelişmiş operasyon teknikleri ve ekipmanlar sayesinde bu riskler günümüzde %1-5’in altına düşürülmüştür. Aort anevrizma taraması neden önemlidir? Aort anevrizma taraması bilgisayarlı tomografi ile yapılabilir. Ülkemizde tansiyon ve damar sertliği probleminin yaygın olması nedeniyle, bu hasta grubunda en az bir kere aort anevrizma taramasının yapılması hayat kurtarıcı olabilir. Aort anevrizması neden acil bir durumdur? Aort anevrizmasının kendisi değil neden olabileceği komplikasyonlar acildir. Aort anevrizmasına bağlı olarak gelişebilen ani iç kanama , hayati organlara ve uzuvlara pıhtı atması, ani gelişen organ yetmezliği, inme gibi durumlarda hastanın acil olarak değerlendirilmesi ve uygun tedavi seçeneğinin uygulanması gerekir. Aort anevrizması kendi kendine geçer mi? Aort anevrizma gelişimi uygun ilaç tedavileri ve takip ile durdurulabilir ancak kendiliğinden aort damarının genişlemesinin düzelmesi mümkün değildir."
doc_0114,doc_0114_parent_003,doc_0114_parent_003_child_004,"Aort Anevrizması Nedir? Belirtileri, Nedenleri ve Tedavisi",https://www.memorial.com.tr/hastaliklar/aort-anevrizmasi,319,3,0,False,"['Aort anevrizması kendi kendine geçer mi?', 'Aort anevrizması ameliyatı sonrası komplikasyonlar nelerdir?', 'Aort anevrizması tedavi edilmezse ne olur?']","Aort anevrizması kendi kendine geçer mi? Aort anevrizma gelişimi uygun ilaç tedavileri ve takip ile durdurulabilir ancak kendiliğinden aort damarının genişlemesinin düzelmesi mümkün değildir. Aort anevrizması ameliyatı sonrası komplikasyonlar nelerdir? Aort anevrizma ameliyatı sonrası kanama, enfeksiyon, organ ve uzuvlara pıhtı atması, inme, geçici veya kalıcı organ yetmezlikleri görülebilir. Ancak günümüz teknolojileri ile bu komplikasyon oranları son derece düşük oranlara çekilmiş olup, hastanın operasyon yapılmaması durumunda içinde bulunacağı hayati risklerle karşılaştırılamayacak kadar düşüktür. Aort anevrizması tedavi edilmezse ne olur? Tedavi edilmeyen aort anevrizmalarının çoğunda ne yazık ki sonuç aynıdır. Anevrizmanın beklenmedik bir zamanda yırtılması. Bu durum acil müdahale gerektiren bir durum olmasına rağmen ne yazık ki sadece deneyimli büyük merkezlerde bu operasyonlar yapılabilmektedir. Bu nedenle, aort damarında yırtılma olan hastaların neredeyse yüzde 50-60’ı hastaneye ulaşabilse dahi hayatını kaybetmektedir. Bu nedenle hastanın, anevrizma yırtılması olmadan önce bu konuda deneyimli bir merkezde takipte olması ve gerekiyorsa girişim planlanması hayati öneme sahiptir. Aort anevrizmaları tedavi edilmediği taktirde gelişebilecek bir diğer komplikasyon, anevrizma kesesi içerisinde pıhtı oluşumudur."
doc_0116,doc_0116_parent_002,doc_0116_parent_002_child_001,PUVA tedavi yöntemi nedir?,https://www.memorial.com.tr/tedavi-yontemleri/puva-tedavi-yontemi-nedir,304,4,0,False,"['karaciğer ve böbrek yetmezliği PUVA tedavisinin uygun olmadığı deri hastalıkları nelerdir?', 'Lupus, rosacea PUVA tedavi yönteminin yan etkileri var mıdır?', 'PUVA tedavisi ne kadar etkilidir?', 'dar-bant UVB tedavisinin PUVA tedavisinden farkı nedir?']","karaciğer ve böbrek yetmezliği PUVA tedavisinin uygun olmadığı deri hastalıkları nelerdir? Lupus, rosacea gibi bazı deri hastalıklarının güneşe duyarlılıkları vardır. PUVA tedavisi bu tür deri hastalıklarında kullanılmaz. Lupus, rosacea PUVA tedavi yönteminin yan etkileri var mıdır? PUVA, tedavisi sırasında meydana gelebilecek olası yan etkiler şunlardır; - Uzun süren tedavilerde; deride kuruluk, lekeler, deri yaşlanması, - Ten renginin koyulaşması, çillenme, - Ciltte kaşıntı, baş ağrısı, - Karaciğer enzimlerinde yükselme, - Mide bulantısı, kusma, - Baş ağrısı, bazı kişilerde uçuk enfeksiyonları. Tedavi sırasında gözlenen şiddetli kızarıklık ve deride su dolu kabarcıkların gelişmesi gibi yan etkilerde tedaviye kısa süreli ara verilir. Bu tür durumların oluşumunda tedaviden sorumlu hekime mutlaka bilgi verilmesi gerekmektedir. PUVA tedavisi ne kadar etkilidir? PUVA tedavi yöntemi özellikle sedef hastalığı için güvenli ve etkili bir tedavidir. Son zamanlarda, "" dar-bant UVB "" adı verilen farklı bir ışık dalga boyu kullanarak yapılan fototerapi PUVA tedavi yönteminin yerini almaya başlamıştır. Her iki tedavi türünün de etkinlikleri neredeyse benzer oranlarda denilebilir. dar-bant UVB tedavisinin PUVA tedavisinden farkı nedir? Dar-bant UVB ve PUVA fototerapi yöntemlerindendir."
doc_0116,doc_0116_parent_002,doc_0116_parent_002_child_002,PUVA tedavi yöntemi nedir?,https://www.memorial.com.tr/tedavi-yontemleri/puva-tedavi-yontemi-nedir,282,3,0,False,"['dar-bant UVB tedavisinin PUVA tedavisinden farkı nedir?', 'deri kanseri riski PUVA tedavisi seansları ne kadar sürer?', '30 seanstan sonra Tedavi süresince herhangi bir ilaç kullanılabilir mi?']","dar-bant UVB tedavisinin PUVA tedavisinden farkı nedir? Dar-bant UVB ve PUVA fototerapi yöntemlerindendir. Dar-bant UVB tedavisi ile 311 nm dalga boyunda suni güneş ışığı da son yıllarda sedef hastalığı, atopik egzama gibi deri hastalıklarının tedavisinde güvenli ve etkili bir biçimde kullanılmaya başlanmıştır. sedef hastalığı, atopik egzama Bu tedavide ağızdan bir ilaç gerekmemesi, gebelik, emzirme, karaciğer ve böbrek hastalarının da kullanabilmesi, çocuklarda güvenli olması, tedavi sonrası göz korumasının gerekli olmaması, ucuz olması, deri kanseri riski nin daha az olması ve hastaneye yatış gerektirmemesi sebebiyle giderek hekimler tarafından tercih edilir olmuştur. deri kanseri riski PUVA tedavisi seansları ne kadar sürer? Haftalık 2-4 seans olarak başlanan PUVA tedavi yönteminde ortalama tedavi süresi genellikle 2-3 ay sürer. Yaklaşık 15-20 tedavi seansından sonra hastanın cilt hastalığında önemli bir iyileşme olması beklenebilir. Bir sorun olmadığı sürece, hastaya uygulanan doz, her seansta uygun şekilde artırılır. Yaklaşık 30 seanstan sonra tedavilere devam edilip edilmeyeceğine karar verilir. 30 seanstan sonra Tedavi süresince herhangi bir ilaç kullanılabilir mi? Kullanılan bazı ilaçlar derinin ışığa olan hassasiyetinde artışa ve kolay kızarmasına neden olabilmektedir."
doc_0117,doc_0117_parent_002,doc_0117_parent_002_child_001,"Fabry Hastalığı Nedir? Nedenleri, Belirtileri ve Tedavisi",https://www.memorial.com.tr/hastaliklar/fabry-hastaligi,210,3,0,False,"['Oral şaperon tedavisi: Fabry Hastalığı Hakkında Sık Sorulan Sorular Fabry hastalığı ne demek?', 'Fabry hastalığı hangi enzim eksikliği?', 'Fabry hastalığı için hangi doktora gidilir?']","Bu tedavi yöntemiyle fabry hastalığının etkisinin azaltılması amaçlanır. Enzim replasman tedavisi: Oral şaperon tedavisi: Bu tedavideki şaperonlar, hatalı alfa-GAL enzimlerini onaran küçük moleküllerdir. Onarılan enzimler daha sonra yağlı maddeyi parçalayarak hastalığın etkisini azaltabilir. Oral şaperon tedavisi: Fabry Hastalığı Hakkında Sık Sorulan Sorular Fabry hastalığı ne demek? Depolama bozukluğu olarak da ifade edilen fabry hastalığı, vücut hücrelerinde globotriaosilseramid adı verilen bir tür yağ birikmesinden kaynaklanan ve nadir görülen genetik bir hastalıktır. Fabry hastalığı hangi enzim eksikliği? Fabry hastalığına neden olan faktör, alfa-galaktosidaz-A enziminin eksikliğidir. Fabry hastalığı için hangi doktora gidilir? Fabry hastalığı genellikle Endokrinoloji, Nefroloji, Dermatoloji ve Kardiyoloji bölümü doktorlarının alanına girer."
doc_0118,doc_0118_parent_001,doc_0118_parent_001_child_001,5 aylık bebek gelişimi nasıl olur?,https://www.memorial.com.tr/saglik-rehberi/5-aylik-bebek-gelisimi-nasil-olur,319,5,1,False,"['ayda gece beslenmesi nasıl olmalıdır?', '5 aylık bebek için hangi oyuncaklar alınmalı?', '5 aylık bebek gelişimi nasıl olur?', '5 aylık bebek anne ve babasını tanıyabilir mi?', '5 aylık bebek hangi sesleri çıkarır?']","5. ay bebeklerin hareketlendiği, el ve kol hareketlerini kontrol edebildiği bir dönemdir. Bu dönemde nesnelere uzanan bebekler, iki elleriyle oyuncakları kavrayabilir, dik oturabilir, anne ve babalarını diğer insanlardan ayırabilirler. 5 aylık bebeklere zeka ve bilinç düzeylerini yükseltecek oyuncaklar verilerek gelişmeleri sağlanmalıdır. Memorial Kayseri Hastanesi Çocuk Sağlığı ve Hastalıkları Bölümü’nden Uz. Dr. Aslı Mutlugün Alpay, 5 aylık bebeklerin gelişimi hakkında bilgi verdi. ayda gece beslenmesi nasıl olmalıdır? - 5 aylık bebek için hangi oyuncaklar alınmalı? 5 aylık bebek gelişimi nasıl olur? Bebeklerin doğumdan sonra 5. ayında hareketlilikleri arttığı bir dönem başlar. Vücutlarını bilinçli olarak daha iyi kullanmaya başlayan bebekler, çevresinde olup bitene karşı çok daha duyarlı ve dikkatlidirler. Bebeğin, bu ayda farklı sesleri rahatlıkla ayrıştırdığı gözlenir. Sesin geldiği yöne yalnızca gözlerini ya da kafasını değil, 5. ayda tüm vücudunu çevirebildiği dikkat çeker. 5 aylık bebek anne ve babasını tanıyabilir mi? 5 aylıkken bebekler kendi anne ve babalarını diğer yabancılardan ayırabilir ve aileleriyle bir şeyler paylaşmaktan hoşlanır. Mutlu ve mutsuzluk duygularını daha iyi ifade eder, özellikle kucağa alınırken artık kollarını açabilirler. 5 aylık bebek hangi sesleri çıkarır? 5 aylık bebekler bazı temel sesleri çıkarmaya başlar, aslında sesleri taklit ederler."
doc_0118,doc_0118_parent_001,doc_0118_parent_001_child_002,5 aylık bebek gelişimi nasıl olur?,https://www.memorial.com.tr/saglik-rehberi/5-aylik-bebek-gelisimi-nasil-olur,292,3,0,False,"['5 aylık bebek hangi sesleri çıkarır?', '5 aylık bebeğin kilo, boy, gelişimi nasıl olmalı?', '5 aylıkken bebeklerin kilo alımı yavaşlar mı?']","5 aylık bebek hangi sesleri çıkarır? 5 aylık bebekler bazı temel sesleri çıkarmaya başlar, aslında sesleri taklit ederler. İsmi söylendiğinde bakabilir, karın üstü hareketi ( tummy time ) yapıldığında başını dik tutup, olduğu yerde dönmeye başlayabilirler. Ayaklarını keşfetmeye başlar ve ayak parmaklarını ağzına götürebilirler. Bu aylarda nesnelere rahat bir şekilde uzanır ve bu nesneleri kavrayabilir. Bu nedenle bebeklerin yanından küçük objelerin kaldırılması gerekir çünkü bu nesneleri yutma eğilimleri vardır. 5 aylık bebeğin kilo, boy, gelişimi nasıl olmalı? 5 aylık kız bebeklerin bu dönemdeki boyu 57 -70 santimetre arasında, ağırlığı ise 5000-8700 gram aralığındadır. Baş çevresinin ortalama 42 santimetre olması beklenir. 5 aylık erkek bebeklerin boyunun 58-70 santimetre arasında, ağırlığının ise 5100-9000 gram aralığında ve baş çevresinin de 42 santimetre olması normal bir durumdur. Ancak her bebeğin gelişiminin farklı olabileceği unutulmamalıdır. 5 aylıkken bebeklerin kilo alımı yavaşlar mı? İlk 4 ay bebeklerin günlük 30 gram aldığı, 4-6. aylarda ise 20 gram ağırlık kaybettiği bir dönemdir. Bu da son derece normal fizyolojik bir durumdur. 5. aydan itibaren kilo alımın azalması sağlıklı gelişimin bir parçasıdır."
doc_0118,doc_0118_parent_001,doc_0118_parent_001_child_004,5 aylık bebek gelişimi nasıl olur?,https://www.memorial.com.tr/saglik-rehberi/5-aylik-bebek-gelisimi-nasil-olur,314,5,0,False,"['5 aylık bebeklerin uyku düzeni nasıl olur?', '5 aylıkken ek gıdaya geçilir mi?', 'ayda gece beslenmesi nasıl olmalıdır?', 'ayda gece beslenmesi nasıl olmalıdır?', 'Gece bebeğin ihtiyacına göre ‘beslenmeyi azaltmak mı yoksa artırmak mı?']","Farklı kumaşları elleriyle dokunmasına izin verin. - Oyuncak konusunda seçici olunmalıdır. El kuklaları kullanmak; görsel, sözel ve motor gelişimine olumlu katkılar sağlayacaktır. - Oturur pozisyona getirip kaslarının kuvvetlenmesini sağlamak için ‘fış fış kayıkçı’ oyunu gibi oyunlar oynanmalıdır. 5 aylık bebeklerin uyku düzeni nasıl olur? Gündüz uykusu 2-3 defadır ve gece uykusu 12 saate kadardır. Uyku aralıkları 1,5 -2 saat arasındadır. 5. aydan sonra bir uyku arkadaşı (oyuncak ayı gibi) edinebilirsiniz. Sadece uyku saatinde verilebilecek ve uyandıktan sonra yatakta bırakılacak bir uyku arkadaşı olabilir. 5 aylıkken ek gıdaya geçilir mi? Bebeklerin ilk 6 ay boyunca sadece anne sütüyle beslenmesi önerilmektedir. Bebeğin bu dönem boyunca su dahil başka hiçbir gıda takviyesine ihtiyacı yoktur. Ancak annenin yeterince sütünün olmaması gibi durumlarda bebeğin, sağlıklı bir şekilde gelişiminin desteklenmesi için doktor önerisiyle anne sütüne ek olarak mama takviyesi yapılabilir. Ancak hekim belirtmedikçe henüz katı gıdalara geçilmesi önerilmez. 5. ayda gece beslenmesi nasıl olmalıdır? 5. ayda gece beslenmesi nasıl olmalıdır? Bu aylarda gece beslenmesinin 2 defa olması idealdir. Gece bebeğin ihtiyacına göre ‘beslenmeyi azaltmak mı yoksa artırmak mı?’ gerekiyor sorularını çocuk hekimine sormak gerekir. Bu sorulara hekimle konuştuktan sonra karar verilmesi daha doğrudur."
doc_0123,doc_0123_parent_003,doc_0123_parent_003_child_001,"Seboreik Dermatit Nedir? Belirtileri, Nedenleri ve Tedavisi",https://www.memorial.com.tr/hastaliklar/seboreik-dermatit-nedir,315,4,0,False,"['Seboreik dermatit yasak yiyecekler nelerdir?', 'Seboreik dermatit hastaları nasıl beslenmeli?', 'Seboreik dermatit kalıcı mı?', 'Seboreik dermatit bulaşıcı mı?']","Seboreik dermatit, sebum yani yağ salgısının anormal derecede artması sonucu cildin yağlı görünmesine, kaşıntılı kırmızı lekelere ve özellikle saç derisinde, beyaz veya sarı kabuklu ve yağlı pullara neden olan cilt hastalığıdır. Temel nedeni ciltte bulunan Malassezia mayasının çeşitli nedenlerle büyümesidir. Seboreik dermatit yasak yiyecekler nelerdir? Seboreik dermatit olan kişiler yağlı besinlerden uzak durmalı ve kızarmış yiyecekler tüketmemeleri gerekir. Bunun yanında trans yağ oranı yüksek olan besinleri de günlük beslenme rutininden çıkarmaları önemlidir. Bu yiyecekler tüketildiği durumda seboreik dermatit belirtileri artarak şiddetlenebilir. Seboreik dermatit hastaları nasıl beslenmeli? Seboreik dermatit hastaları çok yağlı ve işlenmiş besinleri tercih etmemelidir. Probiyotik içeren besinler, taze sebze ve meyveler tüketilmelidir. Seboreik dermatit kalıcı mı? Ataklar ve iyileşmelerle seyreden, tekrar eden bir hastalıktır. Seboreik dermatit tamamen iyileşmez ama düzenli tedavilerle kontrol altına alınabilmektedir. Seboreik dermatitte ilaç tedavilerinin yanında cilt bakımı da çok önemlidir. Seboreik dermatit bulaşıcı mı? Seboreik dermatit kendi kendini sınırlayan yani yayılma özelliği göstermeyen, konvansiyonel tedavilere yanıt veren, ancak tekrarlarla seyreden bir hastalıktır. Bulaşıcı bir hastalık değildir. Yaz mevsimlerinde düzelme, bahar ve kış mevsimlerinde tekrar etme eğilimindedir."
doc_0123,doc_0123_parent_003,doc_0123_parent_003_child_002,"Seboreik Dermatit Nedir? Belirtileri, Nedenleri ve Tedavisi",https://www.memorial.com.tr/hastaliklar/seboreik-dermatit-nedir,309,5,0,False,"['Seboreik dermatit yüzde sivilce yapar mı?', 'Seboreik dermatite ne iyi gelir?', 'Seboreik dermatit hangi vitamin eksikliğinde görülür?', 'Seboreik dermatit genetik mi?', 'Seboreik dermatit saç döker mi?']","Yaz mevsimlerinde düzelme, bahar ve kış mevsimlerinde tekrar etme eğilimindedir. Seboreik dermatit yüzde sivilce yapar mı? Seboreik dermatit genellikle yüzde sivilce yapmaz. Yüzde sıklıkla burun kenarları, yanaklar, kulak içleri ve kulak arkalarında görülmektedir. Cildin en üst tabakası kalınlaşır, deri kurur, pul pul olur ve dökülür. Kızarıklıkla seyreden kaşıntılı bir hastalıktır. Seboreik dermatite ne iyi gelir? Saçta seboreik dermatit hafif seyrediyorsa yağlanma karşıtı şampuanlar yeterli olabilmektedir. Uzman bir hekimin önerdiği düzgün ve doğal içeriğe sahip şampuanlar kullanılmadır. Yine dermatoloji uzmanın uygun gördüğü kortikosteroidli krem ve losyonlar da yararlıdır. Mantar önleyici ilaçlar da saçta seboreik dermatite tedavisinde kullanılabilmektedir. Seboreik dermatit hangi vitamin eksikliğinde görülür? Biotin, çinko ve B6 vitamini eksiklikleri de seboreik dermatit oluşumuna neden olabilmektedir. Seboreik dermatit iklimsel değişikliklerden etkilenen bir hastalıktır. Seboreik dermatit genetik mi? Ailesel yatkınlık yani genetik yatkınlık seboreik dermatitin nedenleri arasında bulunmaktadır. Seboreik dermatit saç döker mi? Seboreik dermatit, saç derisinde kabuklanma ve kepeklenme şeklinde ortaya çıkmaktadır. Normal bir kepeklenme ile karıştırılmamalıdır."
doc_0123,doc_0123_parent_003,doc_0123_parent_003_child_003,"Seboreik Dermatit Nedir? Belirtileri, Nedenleri ve Tedavisi",https://www.memorial.com.tr/hastaliklar/seboreik-dermatit-nedir,290,3,0,False,"['Seboreik dermatit kaş döker mi?', 'Seboreik dermatitte hangi şampuanlar tercih edilmeli?', 'Seboreik dermatitte hangi bitkisel yağlar kullanılabilir?']","Normal bir kepeklenme ile karıştırılmamalıdır. Bu tabloda kabuklanma fazladır, saç derisi kızarık ve kaşıntılıdır. Kepekler kalın yapıdaysa ve uzun süre kalırsa saç köklerinin beslenmesini bozarak dökülmeye neden olabilir. Seboreik dermatit kaş döker mi? Seboreik dermatit daha çok saçlı ve kıllı deri bölgelerinde tutulum yapmaktadır. Kaşlar, kirpikler, erkeklerde sakal ve bıyıklarda kepeklenme yapabilir. Kıl köklerini etkilediği için bu bölgelerde dökülmeler görülebilir. Seboreik dermatitte hangi şampuanlar tercih edilmeli? Seboreik dermatitte; antiseboreik (yağlanmayı ortadan kaldıran) ve antifungal (mantar önleyici) şampuanlardan yararlanılır. Piyasada çok fazla ürün bulunduğundan mutlaka bir dermatoloji uzmanının önerdiği alerjik reaksiyon göstermeyecek, düzgün içerikli şampuanlar tercih edilmelidir. Seboreik dermatitte hangi bitkisel yağlar kullanılabilir? Özellikle saçlı deride kalın kepekler varsa yumuşatma amaçlı tıbbi yağlar kullanılabilir. Zeytinyağı, çay ağacı yağı ve hodan (boraj) yağı kullanılabilir. Ardıç katranı da kullanılan bitkisel çözümler arasında bulunmaktadır. Bu bitkisel seçenekler de yine mutlaka bir dermatoloji uzmanına danışılarak kullanılmalıdır."
doc_0124,doc_0124_parent_002,doc_0124_parent_002_child_001,Mekonyum Nedir? Mekonyum Aspirasyonu Ne Anlama Gelir?,https://www.memorial.com.tr/saglik-rehberi/mekonyum-nedir,218,4,0,False,"['Mekonyum Hakkında Sık Sorulan Sorular Mekonyum ne demek?', 'Bebek mekonyum yutarsa ne olur?', 'Mekonyum ne zaman biter?', 'Mekonyum hangi renk olur?']","Bu değişimin sebebi bebeğin öncelikle anne sütüyle beslenmesi, dönem dönem ek gıda kullanması ve aldığı besin kaynağının miktarına bağlıdır. Mekonyum Hakkında Sık Sorulan Sorular Mekonyum ne demek? Mekonyum, gelişen fetüsün bağırsaklarında bulunan ilk maddedir ve yenidoğan bebeğin ilk bağırsak hareketi anlamına gelir. Bu da bebeğin yaptığı ilk dışkı demektir. Bebek mekonyum yutarsa ne olur? Bebeğin mekonyum yutması, doğumla birlikte ilk dışkının ciğerlere geçmesidir. Bebek mekonyum yuttuğunda solunum problemleri ve nefes darlığı meydana gelebilir, bebek için ciddi bir tablo ortaya çıkabilir. Mekonyum ne zaman biter? Mekonyum doğumdan sonraki ilk 24 ve 48 saat içinde gerçekleşir, daha sonraki 2-3 gün içinde de bebeğin anne sütüyle beslenmeye başlamasıyla birlikte normale döner. Mekonyum hangi renk olur? Mekonyum, yeşil-siyah renk aralığında kalın ve yapışkan bir dışkıdır."
doc_0125,doc_0125_parent_003,doc_0125_parent_003_child_002,İnterstisyel Akciğer Hastalığı Nedir?,https://www.memorial.com.tr/hastaliklar/interstisyel-akciger-hastaligi-nedir,304,3,0,False,"['Hangi meslek grupları risk altında?', 'Silikozis ve interstisyel hastalık farkı nedir?', 'Fibrozis gerileyebilir mi?']","Akciğer nakli gerekli olabilir. Kişinin muayeneyi ya da tedaviyi reddetmesi halinde ise ani ölümler gerçekleşebilir. Hangi meslek grupları risk altında? Özellikle maden işçileri risk altındadır. Bunun nedeni ise madenlerdeki tozların solunmasıdır. Toz solunumuna bağlı olarak interstisyel akciğer hastalığı ortaya çıkabilir. Madenciler haricinde ise risk altında olan meslek grupları arasında; inşaat işçileri, çiftçiler, demirciler, tekstil fabrikalarında çalışanlar, kaynakçılar ve metal işçileri yer alır. Genellikle toz solunumuna ve kimyasal solunumuna maruz kalan kişiler risk altındadır. Kuaförler ve temizlik görevlilerinin de daha dikkatli olması gereklidir. Bu alanda hizmet veren kişiler de risk grubu dahilindedir. Silikozis ve interstisyel hastalık farkı nedir? İnterstisyel hastalıkların birçok alt türü bulunur. İltihap oluşumuna neden olur. Silikozis ise bu alt türlerden birisidir. Toz solunumuna bağlı olarak meydana gelir. Kısaca belirtmek gerekirse silikozis, interstisyel hastalığının alt türlerinden birisi olarak bilinir. Bu nedenle silikozis ile interstisyel hastalığın arasındaki farkı açıklamak pek mümkün değildir. Fibrozis gerileyebilir mi? Fibroziste gerileme meydana gelmez. Fakat bazı tedavi yöntemleri sayesinde fibrozisin ilerlemesi yavaşlatılabilir ya da durdurulabilir."
doc_0126,doc_0126_parent_002,doc_0126_parent_002_child_001,"Behçet Hastalığı Nedir? Belirtileri, Nedenleri ve Tedavisi",https://www.memorial.com.tr/hastaliklar/behcet-hastaligi-nedir-belirtileri-nelerdir,308,5,0,False,"['Behçet Hastalığı Hakkında Sık Sorulan Sorular Behçet hastalığı başka hastalıklara neden olabilir mi?', 'Behçet hastaları nelere dikkat etmelidir?', 'Behçet hastalığı kanser midir?', 'Behçet hastalığı kan tahlilinde anlaşılır mı?', 'Behçet hastalığı kaç günde geçer?']","Behçet hastalığı için kremler, pastiller, gargaralar ve spreyler gibi topikal kortikosteroidler genellikle ağız ve genital ülserler için önerilen ilk tedavi yöntemidir. Ayrıca etkilenen bölgeyi korumak için ağrı kesici kremler veya jeller ve bazen antimikrobiyal veya antibiyotikler de uygulanabilir. Günümüzde Behçet Hastalığı için kesin ortadan kaldırıcı tedavi yoktur, ancak belirtileri ve bulguları düzeltilebilmektedir. Behçet Hastalığı Hakkında Sık Sorulan Sorular Behçet hastalığı başka hastalıklara neden olabilir mi? Behçet hastalığı tedavi edilmediğinde ilerleyen dönemlerde kalp hastalıklarına, sindirim sistemi problemlerine, akciğer, böbrek, eklem ve sinir sisteminde oluşabilecek hastalıklara neden olabilir. Behçet hastaları nelere dikkat etmelidir? Behçet hastalığına sahip olan kişilerin günlük beslenme rutinlerini değiştirerek doğru uygulama yapmaları gerekir. Bunun yanında iyotlu tuz kullanımına dikkat ederek, sigara, alkol ve stresten uzak durmak dikkat edilmesi gereken konuların başında gelir. Behçet hastalığı kanser midir? Behçet Hastalığı vaskülitik hastalık olduğundan kanser olarak tanımlanmamaktadır. Behçet hastalığı kan tahlilinde anlaşılır mı? Behçet hastalığı tanısı konulurken özel bir kan testi uygulanmamaktadır. Bunun yerine paterji testi uygulanabilir. Behçet hastalığı kaç günde geçer? Behçet hastalığı sırasında oluşan belirtiler 1-3 hafta içerisinde geçebilmektedir."
doc_0126,doc_0126_parent_002,doc_0126_parent_002_child_002,"Behçet Hastalığı Nedir? Belirtileri, Nedenleri ve Tedavisi",https://www.memorial.com.tr/hastaliklar/behcet-hastaligi-nedir-belirtileri-nelerdir,280,4,0,False,"['Behçet hastalığı kaç günde geçer?', 'Behçet hastalığı bulaşır mı?', 'Behçet hastalığı tehlikeli bir hastalık mıdır?', 'Behçet hastalığı için hangi doktora ve bölüme gidilmelidir?']","Behçet hastalığı kaç günde geçer? Behçet hastalığı sırasında oluşan belirtiler 1-3 hafta içerisinde geçebilmektedir. Behçet hastalığı bulaşır mı? Behçet hastalığı bulaşıcı bir hastalık değildir. Ailesel geçiş 10-15 civarlarındadır. Genetik altyapı ile birlikte enfeksiyon, stres, immün sistem değişiklikleri hastalığı ortaya çıkarmaktadır. Behçet hastalığı tehlikeli bir hastalık mıdır? Behçet hastalığı, vücudun birden fazla bölümünü etkileyebilen, kan damarlarında iltihaplanmaya ve sonucunda atardamar ve toplardamar hasarına yol açan bir tür inflamatuar hastalıktır. Genellikle atak ve iyileşme dönemleri şeklinde yıllarca devam eder. Behçet hastalığında organ tutulumları az görülür. Behçet hastalığında en önemli sakatlık göz tutulumu ile oluşan körlüktür. Behçet hastalığında beyin, büyük damar (arter ve ven), akciğer, mide barsak tutulumları ve kalp tutulumlarında ise ihmal edilirse ölüm görülebilir. Behçet hastalığı için hangi doktora ve bölüme gidilmelidir? Behçet Hastalığı, çeşitli yüzleriyle birçok hastalığı taklit edebilir ve deri hastalıkları içerisinde en büyük taklitçilerinden biri olarak kabul edilebilir. Bu nedenle hastalığın bu konuda uzmanlaşmış dermatoloji doktorları veya klinikler tarafından takip ve tedavisini gerektirir."
doc_0126,doc_0126_parent_002,doc_0126_parent_002_child_003,"Behçet Hastalığı Nedir? Belirtileri, Nedenleri ve Tedavisi",https://www.memorial.com.tr/hastaliklar/behcet-hastaligi-nedir-belirtileri-nelerdir,315,3,0,False,"['Behçet hastalığının bitkisel tedavisi var mı?', 'Behçet hastalığı unutkanlık yapar mı?', 'Behçet hastalığı cinsel yaşamı etkiler mi?']","Bu nedenle hastalığın bu konuda uzmanlaşmış dermatoloji doktorları veya klinikler tarafından takip ve tedavisini gerektirir. Behçet hastalığının bitkisel tedavisi var mı? Behçet hastalığında en sık kullanılan hastalığın tedavisinde ve kontrolünde etkili olan kolşisin ilacı güz çiğdeminden elde edilen bir ilaçtır. Fakat etkisi bilimsel olarak kanıtlanmamış alternatif ve bitkisel tedaviler Behçet hastalığının tedavisini olumsuz etkilemektedir. Tedavinin gecikmesine ve komplikasyonlara neden olmaktadır. Bu bitkisel tedaviler ayrıca ilaçlar ile etkileşerek karaciğer, böbrek veya diğer organ hasarlarına ve yan etkilere neden olabilmektedir. Behçet hastalığı unutkanlık yapar mı? Behçet hastalığının beyin sinir, damar, parankim ve zarlarını etkileyerek devamlı baş ağrısı, çift görme, kol veya bacaklarda uyuşma, halsizlik, kuvvetsizlik, denge bozukluğu, yürüme güçlüğü, konuşma bozuklukları, unutkanlık, kişilik bozukluğu, sinirlilik, hırçınlık gibi belirtiler olabilir. Özellikle tedavisiz veya yetersiz tedavi edilen uzun süreli nörobehçet hastalarında unutkanlık görülebilir. Behçet hastalığı cinsel yaşamı etkiler mi? Behçet hastalarında depresyonun normal insanlara göre daha sık olması, belirtileri nedeniyle yaşam kalitesini kötü etkilemesi ve ayıca genital bölgede meydana gelen yaralar nedeniyle cinsel fonksiyonlar üzerinde olumsuz etkileri bulunmaktadır."
doc_0126,doc_0126_parent_002,doc_0126_parent_002_child_004,"Behçet Hastalığı Nedir? Belirtileri, Nedenleri ve Tedavisi",https://www.memorial.com.tr/hastaliklar/behcet-hastaligi-nedir-belirtileri-nelerdir,178,3,0,False,"['Behçet hastalığı cinsel yaşamı etkiler mi?', 'Behçet hastalığı testi nasıl yapılır?', 'Behçet hastaları hamile kalabilir mi?']","Behçet hastalığı cinsel yaşamı etkiler mi? Behçet hastalarında depresyonun normal insanlara göre daha sık olması, belirtileri nedeniyle yaşam kalitesini kötü etkilemesi ve ayıca genital bölgede meydana gelen yaralar nedeniyle cinsel fonksiyonlar üzerinde olumsuz etkileri bulunmaktadır. Behçet hastalığı testi nasıl yapılır? Behçet hastalığı testi olarak da bilinen Paterji testi 20 -21 gaugeluk enjektör ucu ile önkol derisine delme ve travma uygulanır. Hastanın delinen deri bölgelerinde 48-72 saat sonra ortaya çıkan Papül ve püstül (sicilce benzeri) pozitif kabul edilmektedir. Behçet hastaları hamile kalabilir mi? Hastalığın bulguları ve belirtileri, kullandığı ilaçlar göz önüne alınarak kontrol dönemindeki hastalar takip edilen doktorun izniyle hamile kalabilirler."
doc_0129,doc_0129_parent_002,doc_0129_parent_002_child_004,Omega 3 Faydaları Nelerdir? Omega 3 Ne İşe Yarar?,https://www.memorial.com.tr/saglik-rehberi/omega-3-faydalari-nelerdir-omega-3-ne-ise-yarar,298,3,0,False,"['Yağ asitleri ne demek?', 'Omega 3 eksikliği hangi hastalıklara yol açar?', 'Omega-3 takviyelerinin yan etkileri var mıdır?']","İşlenmiş gıdalar Omega-3 yağ asitlerinden ortalama 10 ila 20 kat daha fazla Omega-6 içermektedir. Omega-6 seviyesi ne kadar yüksek olursa, o kadar fazla serbest radikal oluşur ve bu da hastalıklara yol açabilir. Omega-3 ve Omega-6 dengeli tüketmek bu yüzden önemlidir. Yağ asitleri ne demek? Yağ asitleri doymuş ve doymamış olarak iki türe ayrılan yağ türleridir. Doymuş yağlar genellikle kötü kolesterol ile ilişkilendirilen, kalp sağlığı için zararlı olduğu bilinen yağ türüdür. Çoklu ve tekli olarak sınıflanan doymamış yağlar ise iyi ve sağlıklı yağ sınıfındadırlar. Yağ asitleri temelde, karbon, oksijen ve hidrojen atomlarından oluşan zincir benzeri kimyasallardır. Omega 3 eksikliği hangi hastalıklara yol açar? Omega 3 eksikliği durumunda Kas ve eklem ağrıları, osteoartrit, romatizma , kalp hastalığı ve yüksek kolesterol riski ortaya çıkabilir. Omega-3 takviyelerinin yan etkileri var mıdır? Günlük alınması gereken miktarlarda Omega-3 takviyesi alımında yan etki görülme riski düşüktür. Fazla miktarda alınan Omega-3 hazımsızlık ve ishal gibi yan etkileri görülebilmektedir. Alerji, sürekli kullanılan ilaçlar özellikle kan sulandırıcılar, gebelik ya da emzirme durumlarında Omega-3 takviyesi kullanmadan önce mutlaka bir hekime danışmak gerekmektedir."
doc_0130,doc_0130_parent_002,doc_0130_parent_002_child_002,Sheehan Sendromu Nedir? Brown Sequard Sendromu Belirtileri ve Tedavisi,https://www.memorial.com.tr/saglik-rehberi/sheehan-sendromu,308,3,0,False,"['Sheehan sendromu kronik yorgunluk ve kilo kaybına neden olur mu?', 'Sheehan sendromu ilerler mi?', 'Sheehan sendromunun önlenmesi mümkün müdür?']","Bu durum, kadınlarda süt üretimini ciddi şekilde etkileyebilir. Süt üretiminin azalması veya tamamen durması, emzirmeyi zor hale getirebilir. Bu durumlarda uygulanacak hormon tedavisi ile süt üretimi desteklenebilir ve emzirme mümkün kılınabilir. Sheehan sendromu kronik yorgunluk ve kilo kaybına neden olur mu? Hipofiz bezinin işlev kaybına uğraması hormonel dengesizliklere yol açar. Kortizol gibi stres hormonlarının azalması kronik yorgunluk, enerji düşüklüğü ve stresle baş etme kapasitesinin düşmesi gibi sorunlara yol açar. Ayrıca hormon dengesizlikleri metabolizmanın işleyişinde değişikliklere neden olabilir. Bu durum ise kilo kaybı veya kilo alımına neden olabilir. Özellikle tiroid hormonlarında meydana gelen azalma, kilo kaybı ile ilişkilendirilebilir. Uzun vadede bu belirtiler derinleşebilir. Hormon tedavisi belirtilerin kontrol edilmesine yardımcı olabilir. Sheehan sendromu ilerler mi? Sheehan sendromu ilerleyici bir rahatsızlık olmasa da doğru şekilde tedavi edilmediğinde uzun vadeli sağlık sorunlarına neden olabilir. Sheehan sendromunda hipofiz bezinde meydana gelen hasar kalıcıdır. Bu hasar, vücutta hormon üretimini azalmasına yol açar. Düşük hormon üretimi, vücutta pek çok sistemi olumsuz etkiler ve tedavi edilmezse ciddi sağlık sorunları ile sonuçlanabilir. Sheehan sendromunun önlenmesi mümkün müdür? Sheehan sendromu tamamen önlenemeyebilir."
doc_0137,doc_0137_parent_002,doc_0137_parent_002_child_001,Hipomani Ne Demek? Hipomani Belirtileri Nelerdir?,https://www.memorial.com.tr/saglik-rehberi/hipomani-ne-demek,243,3,1,False,"['ve keyif veren maddelerden uzak durun - Psikolojik olarak rahatlatacak yoga ve meditasyon gibi yöntemler deneyin Hipomani Hakkında Sık Sorulan Sorular Mani ve hipomani farkı nedir?', 'Hipomani ne kadar sürer?', 'Hipomani bipolar mıdır?']","Bu süreçte hipomani olan kişilere duygudurum düzenleyici ilaçlar ve bazı antidepresanlar reçete edilebilir. Eğer hipomani sürecini ilaçsız bir şekilde atlatmak istiyorsanız aşağıdaki yollara başvurabilirsiniz: - Uyku düzenine dikkat edin - Stresten uzak durmaya çalışın - Sağlıklı beslenin - Düzenli egzersiz yapın - Alkol ve keyif veren maddelerden uzak durun - Psikolojik olarak rahatlatacak yoga ve meditasyon gibi yöntemler deneyin Hipomani Hakkında Sık Sorulan Sorular Mani ve hipomani farkı nedir? Hipomani, genellikle daha kısa süren ve maninin daha yumuşak, ılımlı bir türüdür. Genellikle birkaç gün sürer ancak bu süre kişiye göre değişebilir. Mani ise hipomaniye nazaran daha şiddetli bir formdur. Tedavi kısa kesilmediği sürece genellikle bir haftadan daha uzun sürer. Hipomani ne kadar sürer? Hipomani kişilik bozukluğu genellikle birkaç gün sürmekle birlikte kişiye bağlı olarak maksimum 1 hafta sürer. Hipomani bipolar mıdır? Hipomani, bipolar kişilik bozukluğunun bir parçası olarak kabul edilir."
doc_0140,doc_0140_parent_001,doc_0140_parent_001_child_001,Tansiyonu Ne Düşürür? Tansiyon Nasıl Düşürülür?,https://www.memorial.com.tr/saglik-rehberi/tansiyon-nasil-dusurulur-tansiyon-dusurme-yontemleri,302,7,5,False,"['Yüksek Tansiyon Nedir?', 'Tansiyonu Ne Düşürür?', 'Tansiyon Nasıl Düşürülür?', 'Yüksek Tansiyona Ne İyi Gelir?', 'Tansiyon Nasıl Düşer?', 'Yüksek Tansiyon Nasıl Tedavi Edilir?', 'Tansiyonu Ne Düşürür İle İlgili Sık Sorulan Sorular Yüksek Tansiyon Nedir?']","Tansiyon, kalbin pompaladığı kanın damarlara uyguladığı basınç olarak tanımlanır. Sistolik kan basıncı (büyük tansiyon) kalp attığında kanın arter duvarlarınıza ne kadar basınç uyguladığını gösterirken, diyastolik kan basıncı ( küçük tansiyon ) ise kalp atışları arasında, kanın arter duvarlarına ne kadar basınç uyguladığını gösterir. Sağlık açısından yüksek tansiyonun daha tehlikeli olduğu bilinir. Tansiyon yükseldiğinde yapılması gerekenlerin başında başı soğuk suyla yıkamak, limonlu su içmek, ayran tüketmek ve sarımsak yemek gelir. - Yüksek Tansiyon Nedir? - Tansiyonu Ne Düşürür? Tansiyon Nasıl Düşürülür? - Yüksek Tansiyona Ne İyi Gelir? Tansiyon Nasıl Düşer? - Yüksek Tansiyon Nasıl Tedavi Edilir? - Tansiyonu Ne Düşürür İle İlgili Sık Sorulan Sorular Yüksek Tansiyon Nedir? Hipertansiyon olarak da bilinen yüksek tansiyon, kalp atışı sırasında kanın arter duvarlarına uyguladığı basıncın yansımasıdır. Kalp hastalıkları başta olmak üzere damar tıkanıklığı ve beyin kanaması gibi birçok hastalığa zemin hazırlayan bir sağlık problemi olan yüksek tansiyon, uygulanacak doğal yöntemler sayesinde sağlıklı seviyelere indirilebilir. Kan basıncının, 140/90 mm/Hg’dan yüksek olması hipertansiyon veya yüksek tansiyon olarak tanımlanır."
doc_0140,doc_0140_parent_002,doc_0140_parent_002_child_001,Tansiyonu Ne Düşürür? Tansiyon Nasıl Düşürülür?,https://www.memorial.com.tr/saglik-rehberi/tansiyon-nasil-dusurulur-tansiyon-dusurme-yontemleri,296,3,1,False,"['Yüksek Tansiyona Ne İyi Gelir?', 'Tansiyon Nasıl Düşer?', 'Yumurta - Yeşil yapraklı sebzeler - Ton balığı ve somon - Mercimek ve fasulye gibi baklagiller - Kudret narı - Havuç, patates - Bitter çikolata Yüksek Tansiyon Nasıl Tedavi Edilir?']","Bunlarla birlikte işlenmiş gıdalardan uzak durarak, sigara-alkolü bırakarak, düzenli egzersiz yaparak, uyku düzenine dikkat ederek, stresten uzak durarak, kafein tüketimini sınırlandırarak ve düzenli tansiyon takibi yaparak kan basıncını düşürebilir ve yüksek tansiyonu kontrol altına alabilirsiniz. Tansiyonu düşürmek için uygulanabilecek doğal yöntemler tansiyonun yükseldiği sırada kişiyi rahatlatır. Ancak hipertansiyonun kronikleştiği durumlarda doktora başvurarak tansiyon ilaçları kullanılması gerekebilir. Yüksek Tansiyona Ne İyi Gelir? Tansiyon Nasıl Düşer? Başı soğuk suyla yıkamak, uzanıp dinlenmek, ayran içmek, sarımsak yemek ve doğal bitki çayları içmenin yanı sıra muz, yoğurt, avokado, portakal, yeşil yapraklı sebzeler, somon, baklagiller gibi besinler yüksek tansiyona iyi gelen gıdalar arasında yer alır. Yüksek tansiyona iyi gelen besinler şu şekildedir: - Yoğurt - Sarımsak - Muz - Avokado - Portakal, greyfurt, çilek, üzüm, kivi , domates - Yumurta - Yeşil yapraklı sebzeler - Ton balığı ve somon - Mercimek ve fasulye gibi baklagiller - Kudret narı - Havuç, patates - Bitter çikolata Yüksek Tansiyon Nasıl Tedavi Edilir?"
doc_0140,doc_0140_parent_002,doc_0140_parent_002_child_004,Tansiyonu Ne Düşürür? Tansiyon Nasıl Düşürülür?,https://www.memorial.com.tr/saglik-rehberi/tansiyon-nasil-dusurulur-tansiyon-dusurme-yontemleri,162,4,0,False,"['Yüksek tansiyon nasıl düşürülür?', 'Tansiyon düşürmek için ne yenmeli?', 'Su içmek tansiyonu düşürür mü?', 'Limon tansiyonu düşürür mü?']","Yüksek tansiyon nasıl düşürülür? Tansiyonunuz yükseldiğinde limonlu su ve ayran içerek, sarımsak tüketerek, nefes egzersizleri yaparak ve uzanıp dinlenerek tansiyonu kontrol altına alabilirsiniz. Tansiyon düşürmek için ne yenmeli? Tansiyonu düşürmek için sarımsak, yoğurt, muz, avokado, yeşil yapraklı sebzeler, portakal, greyfurt ve bitter çikolata tüketebilirsiniz. Su içmek tansiyonu düşürür mü? Vücudun susuz kalması sonucu yüksek tansiyon sorunu yaşanıyorsa su içmek tansiyonu düşürür ancak genel olarak su içmenin tansiyona iyi geldiği yönünde kesin bir cevap yoktur. Limon tansiyonu düşürür mü? Limon tansiyonu düşürmeye yardım eder."
doc_0140,doc_0140_parent_003,doc_0140_parent_003_child_001,Tansiyonu Ne Düşürür? Tansiyon Nasıl Düşürülür?,https://www.memorial.com.tr/saglik-rehberi/tansiyon-nasil-dusurulur-tansiyon-dusurme-yontemleri,229,3,0,False,"['Tansiyon çıkınca nasıl yatmalı?', 'Yüksek tansiyon iyileştirilebilir mi?', 'Tansiyonu en hızlı ne düşürür?']","Limonun potasyum içeriği nedeniyle, düzenli bir şekilde bir bardak suya limon sıkarak içmek kan basıncını düzenlemeye yardım eder ve tansiyonu düşürür. Tansiyon çıkınca nasıl yatmalı? Yüksek tansiyon durumunda sol tarafa yatılması önerilir. Kanı kalbe döndüren kan damarları üzerindeki baskıyı hafiflettiği için yüksek tansiyon için en iyi uyku pozisyonu olarak kabul edilir. Bu damarlar vücudun sağ tarafında bulunur ve eğer sağ tarafa dönerseniz dolaşımı yavaşlatarak sıkışabilir. Yüksek tansiyon iyileştirilebilir mi? Yüksek tansiyon hastalığının kalıcı bir tedavisi bulunmamaktadır ancak bu hastalığı bulunan kişilerin yaşam tarzında yapılacak değişiklikler ve doktorun önereceği tansiyon ilaçları ile etkileri kontrol altına alınabilmektedir. Tansiyonu en hızlı ne düşürür? Biraz su içmek, nefes egzersizleri, yürüme gibi fiziksel aktiviteler, 10 dakika süre ile düz uzanma, başı soğuk suyla yıkamak, stres yönetimi yapmak ve limonlu su ya da ayran içmek tansiyonun düşmesine yardımcı olur."
doc_0141,doc_0141_parent_001,doc_0141_parent_001_child_003,Covid-19 aşıları hakkında bilinmesi gerekenler,https://www.memorial.com.tr/saglik-rehberi/covid-19-asilari-hakkinda-bilinmesi-gerekenler,289,3,0,False,"['Aşılar hastalıktan nasıl koruyor?', 'Aşılar tehlikeli midir?', 'Aşı olurken bildirilmesi gereken risk yaratabilecek durumlar nelerdir?']","Boğmaca ve kolera aşıları ölü tam bakteri aşılarıdır. Çocuk felci, hepatit A ve grip aşıları ölü tam virus aşılarıdır. Difteri, boğmaca, tetanus, meningokok, tifo, pnömokok, Haemophilus influenzae B aşıları ise parçacık aşılarıdır. Aşılar hastalıktan nasıl koruyor? Aşılar doğal savunma mekanizmalarını uyararak, hastalıklardan korunmayı sağlamaktadır. Aşılar tehlikeli midir? Aşılar genel olarak son derece güvenlidir. Yan etkiler seyrek olarak görülür. Aşılar sayesinde milyonlarca ölüm veya sakatlık önlenir. Yan etkilerin çoğu aşı yerinde küçük rahatsızlıklardır. Hafif yan etkiler % 1-30 sıklığında görülebilir. Ateş, yaygın döküntü, ağrılar nadir olarak görülür. Ölüm ve sakatlıklar çok nadirdir ve genellikle alerjiye bağlıdır. Hastanın ciddi alerjisi varsa bunu belirtmesi önemlidir. Ağır alerji öyküsü olanlar saptanarak bu tabloların çoğu önlenebilir. Aşı olurken bildirilmesi gereken risk yaratabilecek durumlar nelerdir? Aşı olurken gebelik, bağışıklığı baskılayan AIDS gibi hastalıklar ve bağışıklığı baskılayıcı ilaçların kullanılması, alerji gibi durum ve hastalıkların mutlaka bildirilmesi gerekir."
doc_0141,doc_0141_parent_002,doc_0141_parent_002_child_003,Covid-19 aşıları hakkında bilinmesi gerekenler,https://www.memorial.com.tr/saglik-rehberi/covid-19-asilari-hakkinda-bilinmesi-gerekenler,312,3,0,False,"['\u200b COVID-19 geçirenler de aşı olmalı mı?', 'Aşı sonrası yan etki görülme olasılığı var mı, yan etkisi var normal mi?', 'Aşı olduktan sonra da korunma önlemlerine devam edilmeli mi?']","Her iki aşı da SARS-COV2 genetik maddesini taşımak için zararsız bir adenovirus vektörü kullanıyor. Mukoza aşılarının teorik olarak hafif hastalıkları ve başkalarına bulaşmayı önlemesi bekleniyor. İğneyle uygulanan COVID-19 aşıları bulaştırmayı tam olarak önlemiyor. İran ve Rusya’da da kullanımı onaylanmış birer mukoza aşısı var. Bu aşıların ne kadar başarılı olacağını yapılacak olan çalışmaların göstereceğini söyleyebiliriz .​ COVID-19 geçirenler de aşı olmalı mı? COVID-19 infeksiyonu geçirenlerin bir bölümü yeniden infeksiyonu geçirebilmektedir. Eğer aşı şemasına göre ihtiyaç varsa COVID-19 geçirdikten en az üç ay sonra aşı yapılması önerilmektedir. Bu konuda Sağlık Bakanlığı ve Uzmanlık Derneklerinin açıklamalarını izlemek gerekmektedir. Aşı sonrası yan etki görülme olasılığı var mı, yan etkisi var normal mi? COVID-19 aşıları sonrasında aşının yapıldığı yerde ağrı, ateş, halsizlik gibi belirtiler görülebilir. Bunlar vücudun aşıya karşı gösterdiği tepkinin doğal bir sonucudur ve genellikle bir süre sonra kendiliğinden düzelecektir. Yan etkiler ortaya çıkarsa buna yönelik ilaçlar kullanılabilir. Aşılara bağlı ciddi yan etkiler genellikle alerjik ve nadirdir. Ciddi alerjisi olanlar bunu mutlaka aşı öncesinde bildirmelidir. Aşı olduktan sonra da korunma önlemlerine devam edilmeli mi? Tüm dünyada yaygın bir salgınla karşı karşıyayız."
doc_0141,doc_0141_parent_002,doc_0141_parent_002_child_004,Covid-19 aşıları hakkında bilinmesi gerekenler,https://www.memorial.com.tr/saglik-rehberi/covid-19-asilari-hakkinda-bilinmesi-gerekenler,293,5,0,False,"['Aşı olduktan sonra da korunma önlemlerine devam edilmeli mi?', 'COVID-19 aşısı çocuklara da yapılmalı mı?', 'Aşı sonrası banyo yapabilir miyim?', 'Aşı öncesi ağrı kesici alınmalı mı?', 'Alerjisi olanlar aşı yaptırabilir mi?']","Aşı olduktan sonra da korunma önlemlerine devam edilmeli mi? Tüm dünyada yaygın bir salgınla karşı karşıyayız. Aşının hastalığı önemli oranda önlediği ve hafif seyretmesini sağladığı bilinmektedir. Bununla birlikte aşı olanlar da hastalığa yakalanabilmekte ve bulaştırıcı olabilmektedir. Aşı olanlar ve hastalığı geçirenler de maske, mesafe ve hijyen kurallarına uymaya mutlaka devam etmelidir. COVID-19 aşısı çocuklara da yapılmalı mı? Tüm dünyada olduğu gibi ülkemizde de COVID-19 aşısı ilk önce sağlık çalışanları ve ileri yaştaki bireylere uygulanmış daha sonra diğer yaş gruplarına da uygulanmıştır. Hastalığın ağır seyretmesi riski olan kanser hastaları ve kronik rahatsızlıkları olan kişiler de aşılanmaktadır. Ülkemizde 12 yaşından büyük çocuklara COVİD-19 aşıları uygulanmaktadır. Daha küçük çocuklara aşı uygulaması için Dünya Sağlık Örgütü gibi kuruluşlar ve Sağlık Bakanlığı yetkililerinin yapacağı açıklamaların takip edilmesi gerekmektedir. Aşı sonrası banyo yapabilir miyim? COVID-19 aşısı olan kişiler isterlerse aşı sonrasında banyo yapılabilir. Aşı öncesi ağrı kesici alınmalı mı? Ağrı kesicilerin eğer ağrı ve ateş ortaya çıkarsa kullanılması tercih edilir. Alerjisi olanlar aşı yaptırabilir mi? Aşının birinci dozunda alerjik reaksiyon ortaya çıkanlar bunu doktoruyla paylaşarak ikinci doza karar vermelidir."
doc_0141,doc_0141_parent_003,doc_0141_parent_003_child_001,Covid-19 aşıları hakkında bilinmesi gerekenler,https://www.memorial.com.tr/saglik-rehberi/covid-19-asilari-hakkinda-bilinmesi-gerekenler,310,4,0,False,"['Aşıların mutant virüslere karşı etkileri azaldı mı?', 'Aşı olanlar nelere dikkat etmeli?', 'Aşı olanlar ciddi yan etki durumunda ne yapmalı?', 'Aşı sonrası kardiyak problemler yaşadıklarını dile getiren kişiler bu durumda ne yapmalı?']","Aşıların mutant virüslere karşı etkileri azaldı mı? Şu anda kullanılmakta olan aşılar, özellikle ilk iki doz ve sonrasında gerekli ek dozlar uygulandığında mutant virüslere bağlı ciddi enfeksiyonlara karşı da koruma sağlamaktadır. Varyant virüslerin tetkik, tedavi ve aşıdan kaçabilmesi için ciddi genetik farklılıklar olması gereklidir. Şu anda böyle bir durum söz konusu değildir. Aşı olanlar nelere dikkat etmeli? Aşı olan kişilerin öncelikle 15-30 dakika arasında aşı oldukları sağlık kurumlarında beklemeleri gerekmektedir. Bunun dışında aşının uygulandığı yerde yan etkiler ortaya çıkarsa aşının yapıldığı yere soğuk uygulamalar yapabilir, parasatemol kullanılabilirler. Daha ciddi yan etkiler ya da alerjik rahatsızlıkları ortaya çıkan kişilerin ise bir sağlık kurumuna başvurması ve tedavi alması, gözlem altında tutulması gerekebilir. Aşı olanlar ciddi yan etki durumunda ne yapmalı? Aşı sonrasında şiddetli kaşıntı, bayılma, kusma, ciddi alerjik reaksiyon, hırıltılı solunum gibi çok ciddi bir yan etki söz konusuyla mutlaka en yakın sağlık kuruluşuna başvurulmalıdır. Aşı sonrası ciddi yan etkiler genellikle ilk 30 dakika içinde ortaya çıkar. Bu nedenle aşıdan sonra 15-30 dakika sağlık kuruluşunda beklenmesi ciddi istenmeyen etkilerin çoğuna hızla müdahale edilmesini sağlayacaktır. Aşı sonrası kardiyak problemler yaşadıklarını dile getiren kişiler bu durumda ne yapmalı? Aşıdan sonra kalp problemleri çok nadir görülmektedir."
doc_0144,doc_0144_parent_001,doc_0144_parent_001_child_001,EGFR (GFR) Nedir? EGFR Düşüklüğü ve Yüksekliği Ne Anlama Gelir?,https://www.memorial.com.tr/tani-ve-testler/gfr-nedir-gfr-testi-neden-yapilir,313,3,0,False,"['eGFR Nedir?', 'GFR (Glomerüler Filtrasyon Hızı) Nedir?', 'EGFR Değeri Kaç Olmalı?']","EGFR, böbrek fonksiyonunun ölçütlerinden biri olup, böbrekler tarafından filtre edilen sıvıların böbrek boyunca akış hızını veren tahmini glomerüler filtrasyon hızı. Kandaki kreatin miktarından yararlanılarak, böbrek fonksiyon düzeyi yani böbreklerin ne kadar iyi çalıştığı anlaşılabilir. Böbreklerde fonksiyonel bir bozukluk varsa böbrek hastalığının evresini anlamayı da sağlar. Değerler yaş, vücut ölçüleri ve cinsiyete göre farklılık gösterebilir. EGFR testinin düşük değerde olması durumunda diyaliz veya böbrek nakli gerektiren böbrek yetmezliğini işaret eder. eGFR Nedir? Estimate Glomerular Filtration Rate ifadelrinin kısaltması olan GFR, kreatinin seviyesine göre böbreğin atıkları filtreleme yeteneğinin yani böbreklerin ne kadar iyi çalıştığını kontrol eden kan testidir. Bu test ile böbreklerin bir dakikada ne kadar kan temizlendiği ölçülür. EGFR testi sonucunda elde edilen filtreleme hızı böbreklerin fonksiyon yeterliliğini anlamayı sağlar. GFR (Glomerüler Filtrasyon Hızı) Nedir? eGFR ya da GFR, fazla sıvıyı, elektrolitleri ve atıkları kan dolaşımından atan filtreler olan glomerüller tarafından dakikada filtrelenen kan miktarının bir ölçüsüdür. EGFR Değeri Kaç Olmalı? Sağlıklı kişilerde eGFR referans değer aralığı 90 ya da daha üstü olarak böbrek fonksiyonlarını yansıtır."
doc_0145,doc_0145_parent_002,doc_0145_parent_002_child_002,İmplant Nedir? Diş İmplantı Tedavisi Nasıl Yapılır,https://www.memorial.com.tr/tedavi-yontemleri/implant-tedavisi-nedir,313,3,0,False,"['Diş İmplantı ile İlgili Sık Sorulan Sorular İmplant uygulamasının yararları nelerdir?', 'İmplant üzerine yapılan diş doğal diş gibi görünür mü?', 'zirkon Hangi durumlar implant uygulamasını gerektirir?']","Diş implantının bu konuda deneyimli hekimler tarafından, modern yöntemlerle yapılması büyük önem taşımaktadır. Diş implantı tedavisi fiyatları, işlemin yapılacağı merkez ve uygulamayı yapacak doktorun fiyat politikasına göre değişkenlik göstermektedir. Diş implantı malzemelerinin maliyeti de göz önünde bulundurulmakta ve fiyatlar buna göre belirlenmektedir. Diş İmplantı ile İlgili Sık Sorulan Sorular İmplant uygulamasının yararları nelerdir? İmplant, sağlam, rahat ve güvenilir bir uygulamadır. Implantlar üzerine yapılan protezler, gerçek dişlerin yerini alırken en doğal yapıyı oluştururlar. Eksik dişlerin tamamlanması sürecinde, sağlıklı dişlere dokunulmamış olur. Tüm protezlere oranla çok daha uzun ömürlüdür. Normalde diş kaybının etkileri fizyolojik olduğu kadar psikolojik de olacaktır. İmplant, doğal dişin yerine geçen bir özel uygulama olarak, diş kayıplarının yol açacağı her türlü soruna kesin ve en sağlıklı çözümü getirmektedir. İmplant üzerine yapılan diş doğal diş gibi görünür mü? İmplant kemik ve dişeti altında yerleşmektedir. Bu sebeple üstüne yapılan dişle herhangi bir uyumsuzluk söz konusu olmamaktadır. Özellikle son dönemlerde gelişen zirkon üst yapılar sayesinde ön bölge estetiğinde bile tam bir uyum sağlanmaktadır. zirkon Hangi durumlar implant uygulamasını gerektirir? Diş kayıplarının ya da meydana gelen travmaların sonucunda fizyolojik olarak oluşan kemik erimeleri, çene kemiğinin seviyesinin ve hacminin azalmasına neden olmaktadır."
doc_0145,doc_0145_parent_002,doc_0145_parent_002_child_003,İmplant Nedir? Diş İmplantı Tedavisi Nasıl Yapılır,https://www.memorial.com.tr/tedavi-yontemleri/implant-tedavisi-nedir,311,3,0,False,"['İmplant her yaşta uygulanabilir mi?', 'İmplantın başarısı neye bağlıdır?', 'İmplant yapılmasının mümkün olmadığı durumlar nelerdir?']","Diş kayıplarının ya da meydana gelen travmaların sonucunda fizyolojik olarak oluşan kemik erimeleri, çene kemiğinin seviyesinin ve hacminin azalmasına neden olmaktadır. Bu durum, uygulanacak protezin işlevini tam olarak yerine getirebilmesine engeldir. Bunun sonucunda da çiğneme ve konuşmada problemlerin çıkması kaçınılmaz olur. İmplant her yaşta uygulanabilir mi? Evet. Sadece gençlerde kemik gelişiminin tamamlanması gerekmektedir. Bu da kızlarda 16-17, erkeklerde ise 18 yaşına kadar gerçekleşmektedir. Erişkinler için üst yaş sınırı yoktur. Genel sağlık durumu uygun olan her yaştaki insana uygulanabilir. Yaşlı insanlar daha çok diş kaybettiklerinden ve çene kemiklerinde erimeler olduğu için diş implantlarına daha çok gereksinim duyarlar. İmplantın başarısı neye bağlıdır? Implantların başarısı için genel sağlığın iyi olması, doğru teşhis konulması ve implantın temizlik ve bakımının doğru yapılması gerekmektedir. Bunun yanında hekim tarafından uygun cerrahi ve uygun protez yapılmış olması gereklidir. Ayrıca, çok fazla sigara içilmesi ve / veya aşırı alkol kullanılması başarıyı olumsuz etkileyecektir. Yukarıdaki faktörlere bağlı olarak implant başarısı % 90-100 arasında değişebilir. İmplant yapılmasının mümkün olmadığı durumlar nelerdir? Bazı bedensel rahatsızlıklar veya engeller nedeniyle implant yapılması sakıncalı olabilir. Söz konusu durumlar şöyle sıralanabilir; - Bazı kalp rahatsızlıkları - Kan pıhtılaşma sorunları - Romatizmal hastalıklar"
doc_0145,doc_0145_parent_002,doc_0145_parent_002_child_004,İmplant Nedir? Diş İmplantı Tedavisi Nasıl Yapılır,https://www.memorial.com.tr/tedavi-yontemleri/implant-tedavisi-nedir,243,3,1,False,"['rahi işlemlere yatkın olmaması (aşırı endişe, aşırı korku) - Hastanın implant sonrası ağız temizliğini tam olarak sağlayamayacağı durumlar İmplantlar vücut tarafından reddedilir mi?', 'Diş implantları kansere neden olur mu?', 'İmplant pahalı bir tedavi midir?']","- Kan pıhtılaşma sorunları - Romatizmal hastalıklar - Şeker hastalığı; kontrol altında olmayan ve diyabetin düzenli seyretmediği durumlar - Çenedeki kemik yapısının uygun olmaması, yetersiz ve anatomik olarak riskli olması - Hastanın cerrahi işlemlere yatkın olmaması (aşırı endişe, aşırı korku) - Hastanın implant sonrası ağız temizliğini tam olarak sağlayamayacağı durumlar İmplantlar vücut tarafından reddedilir mi? İmplantlar bir çok materyalden yapılmış olabilir ama saf titanyum veya titanyum alaşımları klinik olarak en iyi sonucu vermiştir. Kemik içi implantların çevresindeki kemik ve yumuşak dokunun iyileşmesi dinamik bir süreçtir, bir çok faktör tarafından etkilenir.Hekim tarafından koyulan doğru hastaya doğru endikasyon ve doğru uygulamayla sonrasında hastanın da hekim tarafından önerilen kullanım talimatlarına uymasıyla hasta implantlarını ömürlük olarak kullanacaktır. Diş implantları kansere neden olur mu? Tıp ve diş hekimliği dünyasında diş implantlarının kansere neden olduğunu gösteren tek bir örnek bile yoktur. İmplant pahalı bir tedavi midir? İmplant uygulamaları bir dizi karmaşık ve uzun süreli işlemleri gerektirir."
doc_0146,doc_0146_parent_001,doc_0146_parent_001_child_002,Candida Mantarı (Candida Albicans) Nedir? Belirtileri ve Tedavisi,https://www.memorial.com.tr/saglik-rehberi/candida-mantari,309,2,2,False,"['oluşan aft yaraları - Gaz, bulantı ve şişkinlik - Kadınlarda adet düzensizliği , erkeklerde meme büyümesi - Huzursuz bacak sendromu Bağırsakta candida mantarı belirtileri nelerdir?', 'kilde listelenebilir: - Gaz oluşumu - Şişkinlik - Kramp - Düzensiz dışkılama - Bağırsak lenf bezleri zehirlenerek bağışıklık sisteminin zayıflaması Candida Mantarı Türleri Nelerdir?']","Candida mantarının en sık görülen belirtileri şöyle sıralanabilir: - Vajina ve dış genital bölgede kaşıntı - Cinsel ilişki ve idrar yaparken yanma ve ağrı - Küçük, kabarık şişlikler ve deri döküntüsü - Tat kaybı - Yorgun ve bitkin hissetme - Kabızlık - Vajinal akıntı - Ağızda oluşan aft yaraları - Gaz, bulantı ve şişkinlik - Kadınlarda adet düzensizliği , erkeklerde meme büyümesi - Huzursuz bacak sendromu Bağırsakta candida mantarı belirtileri nelerdir? Bağırsakta candida mantarı olması durumunda, vücutta toksin üreterek bağırsakları etkiler ve bir takım belirtilere neden olur. Bu belirtiler, gaz oluşması, şişkinlik, karın krampları ve ağrısı, kabızlık ya da ishal gibi dışkılama değişiklikleri ve bağışıklığın zayıflamasıdır. Bağırsakta candida mantarı belirtileri şu şekilde listelenebilir: - Gaz oluşumu - Şişkinlik - Kramp - Düzensiz dışkılama - Bağırsak lenf bezleri zehirlenerek bağışıklık sisteminin zayıflaması Candida Mantarı Türleri Nelerdir? Candida mantarı enfeksiyonu nerede büyüdüğüne bağlı olarak farklı türleri de farklılık gösterir. Candida mantarı türleri şöyle sıralanır: - Vajinada yer alan vajinal candida veya vajinit"
doc_0146,doc_0146_parent_001,doc_0146_parent_001_child_003,Candida Mantarı (Candida Albicans) Nedir? Belirtileri ve Tedavisi,https://www.memorial.com.tr/saglik-rehberi/candida-mantari,312,2,2,False,"['ya da pamukçuk - Kan dolaşımında ve vücudun her yerinde istilacı veya sistemik mantar enfeksiyonu - Tırnaklarda meydana gelen tırnak mantarı enfeksiyonu Candida Mantarı Neden Olur?', 'rolsüz diyabet , HIV ve kanser - Yanlış beslenme - Hamilelik gibi hormonal değişiklikler yaşamak - Zayıf veya bastırılmış bir bağışıklık sistemi Candida Mantarı Nasıl Teşhis Edilir?']","Candida mantarı türleri şöyle sıralanır: - Vajinada yer alan vajinal candida veya vajinit - Koltuk altları, göğüslerin altı veya ciltte oluşan kutanöz mantar enfeksiyonu - Ağızda, boğazda, dilde veya yemek borusunda oral mantar enfeksiyonu ya da pamukçuk - Kan dolaşımında ve vücudun her yerinde istilacı veya sistemik mantar enfeksiyonu - Tırnaklarda meydana gelen tırnak mantarı enfeksiyonu Candida Mantarı Neden Olur? Candida mantarı enfeksiyonu, vücutta sağlıklı bakteri ve maya dengesizliği nedeniyle Candida mayasının aşırı büyümesinin sonucunda oluşur. Bakteri ve maya dengesini bozarak candida mantarına neden olan tetikleyiciler şunlardır: - Antibiyotikler, steroidler, oral kontraseptifler, ağız kuruluğuna neden olan ilaçlar veya sağlıklı bakterileri yok eden ilaçlar almak - Strese maruz kalmak - Doğum kontrol hapları kullanmak - Rafine karbonhidratlar, şeker ya da maya bakımından zengin beslenmek - Kontrolsüz diyabet , HIV ve kanser - Yanlış beslenme - Hamilelik gibi hormonal değişiklikler yaşamak - Zayıf veya bastırılmış bir bağışıklık sistemi Candida Mantarı Nasıl Teşhis Edilir? Uzman doktor, fiziki muayenenin ardından candida mantarından şüphelendiği durumda tam kan sayımı isteyebilir. Bunun yanında candida belirtilerini arama için de başka testler istenebilir."
doc_0146,doc_0146_parent_002,doc_0146_parent_002_child_001,Candida Mantarı (Candida Albicans) Nedir? Belirtileri ve Tedavisi,https://www.memorial.com.tr/saglik-rehberi/candida-mantari,225,3,0,False,"['Candida Mantarı Hakkında Sık Sorulan Sorular Candida mantarı nasıl bulaşır?', 'Candida mantarı ne yapar?', 'Candida mantarı dilde beyaz lekeye neden olur mu?']","- Diyabet, kanser veya HIV gibi mevcut tıbbi durumların tedavisi Kronik rahatsızlıklarda kullanılan ilaçlarda yan etki olarak candida mantarı görülüyorsa, uzman doktordan bu ilaçların değiştirilmesi talep edilebilir. Candida Mantarı Hakkında Sık Sorulan Sorular Candida mantarı nasıl bulaşır? Candida mantarı olan kişilerden, nesnelerle doğrudan veya dolaylı temas yoluyla bulaşabilir. Kişinin bağışıklık sistemi ameliyat veya kemoterapi esnasında zayıflamışsa candida patojen haline gelir. Cinsel temas esnasında da partnerin vücudundan candida mantarları geçebilmektedir. Candida mantarı ne yapar? Candida mantarı organlarda enfeksiyona neden olarak kas ve kemik ağrılarına sebebiyet verebilir. Bunun yanında vücut ısısında düşüşe, kokulara karşı alerjik reaksiyona ve bağırsakta oluşarak sindirim problemlerine yol açabilir. Candida mantarı dilde beyaz lekeye neden olur mu? Evet, candida mantarı olarak bilinen mantar türü, dilde beyaz leke oluşumuna neden olur."
doc_0148,doc_0148_parent_001,doc_0148_parent_001_child_001,NST (Non Stress Test) Nedir? NST Testi Neden Yapılır?,https://www.memorial.com.tr/tani-ve-testler/nst-testi-nedir,315,4,4,False,"['NST (Non Stress Test) Nedir?', 'NST (Non Stress Test) Neden Yapılır?', 'NST Nasıl Uygulanır?', 'NST Testi İle İlgili Sık Sorulan Sorular NST (Non Stress Test) Nedir?']","Non Stress Test (NST), bebeğin sağlık durumunu kontrol etmek için hamileliğin 32. haftası itibariyle uygulanan doğum öncesi testtir. Bebeğin harekete ve kasılmalara yanıt olarak kalp atış hızı ölçülür. Bu test sonuçlarında kalp atış hızının normal olmadığı görülüyorsa bu bebeğin yeterince oksijen alamadığı anlamına gelir. Bu gibi durumlarda daha fazla teste veya tedaviye ihtiyaç duyulabilmektedir. - NST (Non Stress Test) Nedir? - NST (Non Stress Test) Neden Yapılır? - NST Nasıl Uygulanır? - NST Testi İle İlgili Sık Sorulan Sorular NST (Non Stress Test) Nedir? Non Stress Test (NST), fetüsün hareketleri ve kasılmalar sırasında kalp atış hızının değişip değişmediğini görmek için 20 ila 30 dakika boyunca izlendiği tarama testidir. Kalp atış hızı dikkate alınarak anne karnındaki bebeğin sağlık durumu kontrol edilir. Bazen anne ya da bebeğe bağlı nedenlerden dolayı anne rahminde iyi beslenememesi, onu besleyen damarların içindeki kan akımının yeterli olmaması, bebeğin içinde bulunduğu amniyotik sıvının azalması ve daha birçok sebepten dolayı bebek sıkıntıya girebilir. Bu durum bebek için stress (distress) olarak tanımlanır. Hızlı müdahale gerektiren bu durumda bebeğin kaybı söz konusu olabilir. Bebeğin erken dünyaya gelmesi onun anne rahminde kalmasından daha iyi olabilir ve bu kararın alınmasında NST dediğimiz test bize yardımcı olur."
doc_0148,doc_0148_parent_002,doc_0148_parent_002_child_001,NST (Non Stress Test) Nedir? NST Testi Neden Yapılır?,https://www.memorial.com.tr/tani-ve-testler/nst-testi-nedir,307,5,0,False,"['Non-reaktif: NST Testi İle İlgili Sık Sorulan Sorular NST hangi hastalıklarda kullanılır?', 'NST yorumlama nasıl olur?', 'Non reaktif NST problem midir?', 'NST ne zaman yapılır?', 'NST kaçıncı haftada yapılır?']","Ancak ek testlerle teyit edilmeden önce sakin kalmak gerekir. Non-reaktif: NST Testi İle İlgili Sık Sorulan Sorular NST hangi hastalıklarda kullanılır? NST hamileliğin 32. haftasından sonra uygulanan bir testtir ve fetal kalp atım hızı kontrolü olarak da bilinen bir Non Stress Test yani NST, bebeğin sağlığını kontrol etmek için kullanılan yaygın bir doğum öncesi testidir. NST yorumlama nasıl olur? Bebeğin kalp atışlarındaki dalgalanma olumludur. Bunu reaktif NST olarak değerlendiririz. Bazı durumlarda bebeğin uyuduğu veya bir problemi olduğunda hareketlerini kısıtladığından testte istenilen kriterler görülemez ve o zaman da Non-reaktif NST denilen durum söz konusu olur. Uyuyan bebek ses ya da hareketlerle uyandırılır ve NST düzelir. Ancak bebeğin canlılığını tehlikeye atacak tıbbi bir problem var ise NST düzelmez. Non reaktif NST problem midir? Her non reaktif NST bebekte ciddi bir problem var demek değildir ve böyle bir durum var ise gebe hemen endişelenmemelidir. NST yanında ultrasonografik değerlendirme ve hekimin uygun gördüğü başka testler de yapılarak bebek hakkında bir karar verilir. NST ne zaman yapılır? NST kaçıncı haftada yapılır? NST hekim kararına göre değişmekle birlikte 32. haftadan sonra normal gebelik takibinde yapılabilir. Genellikle 15 günde bir tekrarlanır. 36."
doc_0148,doc_0148_parent_002,doc_0148_parent_002_child_002,NST (Non Stress Test) Nedir? NST Testi Neden Yapılır?,https://www.memorial.com.tr/tani-ve-testler/nst-testi-nedir,318,6,0,False,"['Riskli gebeliklerde NST ne zaman kullanılır?', 'NST cihazı nerede bulunur?', 'NST’yi kim yorumlar?', 'NST sancı bilgisi verir mi?', 'NST’de bebeğin kalp atışları kaç olmalı?', ""NST'ye nasıl bağlanılır?""]","36. haftadan sonra haftada bir yapılabilir ve doğum esnasında devamlı takip yapılır. Miyadı dolan (gün geçmesi) ancak doğum eylemi başlamayan gebeler NST ile günlük olarak sıkı takip edilir. Riskli gebeliklerde NST ne zaman kullanılır? Bazı hekimler NST’yi riskli gebeliklerde ya da gebeliğin son haftalarında kullanır. Erken doğum tehditi gibi durumlarda da rahim kasılmalarını NST ile takip edebiliriz. Erken doğumu durdurmak için yaptığımız tedavinin, kasılmaları durdurup durdurmadığını anlayabilmek için de NST yol göstericidir. NST cihazı nerede bulunur? Gebelik takibinde bizim için önemli bir yeri olan, 1. basamak değerlendirme sayılabilecek, ağrısız ve kolaylıkla yapılan NST (non stress test) artık tüm kliniklerde yaygın olarak kullanılmaktadır. NST’yi kim yorumlar? NST okuma kadın hastalıkları ve doğum uzmanı tarafından yapılmaktadır. NST sonucu doğum takibi için çok önemlidir. NST sancı bilgisi verir mi? Evet verir. Rahim kasılmaları olarak bilinen sancı takibi NST ile yapılabilir. NST’de bebeğin kalp atışları kaç olmalı? Normalde bebeğin kalbi dakikada 120-160 arası atmaktadır. NST'ye nasıl bağlanılır? Anne adayı bir sedyeye yatırılır. Bebeğin kalp atışlarının en kuvvetli duyulduğu yere kardiyotokografi cihazını algılayan prob bağlanır. Rahim kasılmalarının olduğu karnın tepe noktasına da diğer prob yerleştirilir."
doc_0148,doc_0148_parent_002,doc_0148_parent_002_child_003,NST (Non Stress Test) Nedir? NST Testi Neden Yapılır?,https://www.memorial.com.tr/tani-ve-testler/nst-testi-nedir,102,3,0,False,"['NST riskli midir?', 'NST öncesi açlık gerekir mi?', ""NST'de doğum sancısı kaç olmalı?""]",Rahim kasılmalarının olduğu karnın tepe noktasına da diğer prob yerleştirilir. NST riskli midir? NST kesinlikle riskli bir test yöntemi değildir. NST öncesi açlık gerekir mi? NST için aç ya da tok olunması fark etmez. Her durumda yapılabilir. NST'de doğum sancısı kaç olmalı? NST sonucunda 40 mm Hg üzeri ve 20 dakika süreyle en az 3 düzenli sancının olması doğum başlamak üzere olduğu anlamına gelebilmektedir.
doc_0149,doc_0149_parent_001,doc_0149_parent_001_child_001,30 Yaşından Sonra Unutkanlık Artıyor,https://www.memorial.com.tr/saglik-rehberi/30-yasindan-sonra-unutkanlik-artiyor,286,2,2,False,"['Belleğe yardımcı yollar şunlardır: - Ciddi bellek problemleri nelerdir?', 'Ciddi hafıza problemleri: - Ciddi bellek problemlerinin nedenleri nelerdir?']","Yaş ilerledikçe daha çok unutkan olduğumuz bir gerçektir. Yeni şeyleri öğrenmek, daha önce bilinen isimleri ve kelimeleri hatırlamak veya kişisel eşyalarımızı bulmak daha uzun zaman alabilir. Bunlar genellikle ciddi bellek kusurlarının değil; ılımlı bir unutkanlığın bulgularıdır. Ancak basit önlemlerle unutkanlığın önünü almak mümkündür. Memorial Hastanesi Nöroloji Bölümü Uzmanları, “Unutkanlığı yenmenin yolları” hakkında bilgi verdi. - Belleğe yardımcı yollar şunlardır: - Ciddi bellek problemleri nelerdir? - Ciddi hafıza problemleri: - Ciddi bellek problemlerinin nedenleri nelerdir? - Bellek sorunlarına yol açan tıbbi nedenler şunlardır: - Psikolojik problemler - Alzheimer Hastalığı Bir kişi, unutkanlığı hakkında endişeleniyorsa, doktora başvurmalıdır. Ayrıca belleği canlı tutacak, unutmayı engelleyecek pek çok şey de yapılabilir. Hobiyle uğraşma, zamanını arkadaşlarıyla geçirme, iyi ve sağlıklı beslenme ve egsersiz yapma, kişinin daha uyanık ve daha sağlam kafalı olmasına yardımcı olur. Belleğe yardımcı yollar şunlardır: - Yeni beceriler öğrenin - Toplumunuzda, sosyal topluluklarda ve okullarda gönüllü olarak çalışın - Mümkün olduğu kadar vaktinizi arkadaşlarınızla ve ailelerinizle geçirin"
doc_0150,doc_0150_parent_001,doc_0150_parent_001_child_003,CA 15-3 Testi Nedir? CA 15-3 Yüksekliği Ne Anlama Gelir?,https://www.memorial.com.tr/tani-ve-testler/ca-15-3-testi-nedir,320,3,0,False,"['CA 15-3 Testi Neden Yapılır?', 'CA 15-3 Referans Aralığı Kaç Olmalıdır?', 'CA 15-3 Yüksekliği Ne Anlama Gelir?']","Erken evre meme kanserinde CA 15-3 ölçümü yapılmaz çünkü bu proteinin düzeyleri bu evrede nadir olarak normalden daha yüksek değerler verir. CA 15-3 Testi Neden Yapılır? CA 15-3 testi (Carcinoma Antigen 15-3), meme kanseri tedavisinin nasıl sonuç verdiğini kontrol etmek, tedaviyi yönetmek veya tedaviden sonra nükseden kanser olup olmadığını tespit etmek amacıyla uygulanır. Bu sebeple test yalnızca tedavi sürecinde veya nükseden vakalarda uygulanır. Kanserin varlığını belirlemek için yapılmaz. Meme kanserinin dışında yumurtalık , akciğer ve prostat kanserinin tedavi süreciyle birlikte tekrarladığı durumlarda da CA 15-3 değerlerine bakılabilir. Hastalık dışında gebelik dönemi ve emzirme süreci de CA 15-3 değerlerinin kontrol edilebildiği dönemlerdir. CA 15-3 Referans Aralığı Kaç Olmalıdır? Kandaki CA 15-3 değerinin sağlıklı kabul edilen referans aralığı mililitre başına 30 ünite (U/ml) veya 30’un altındaki değerlerdir. Özellikle meme kanseri tedavisinin başarılı ilerlemediği veya nükseden meme kanserlerinde CA 15-3 değerleri yükselebilir. Farklı kanser türleri veya durumlar da kandaki değerlerin yükselmesine yol açabilir. CA 15-3 Yüksekliği Ne Anlama Gelir? CA 15-3 yüksekliği, kandaki CA 15-3 değerinin 30 U/ml’nin üstüne çıkmasıdır. Bu yükseklik meme kanseri tedavisinin başarılı ilerlemediği veya nüksettiğinin önemli bir işareti kabul edilir."
doc_0150,doc_0150_parent_002,doc_0150_parent_002_child_001,CA 15-3 Testi Nedir? CA 15-3 Yüksekliği Ne Anlama Gelir?,https://www.memorial.com.tr/tani-ve-testler/ca-15-3-testi-nedir,215,4,0,False,"['CA 15-3 Testi Hakkında Sık Sorulan Sorular CA 15-3 ne demek?', 'CA 15-3 neyi gösterir?', 'CA 15-3 en fazla kaç olmalı?', 'CA 15-3 kanser dışında neden yükselir?']","Ancak bilinmesi gereken önemli nokta; test sonucunun referans aralıklarda çıkması kanserin yok olduğu anlamını taşımaz. CA 15-3 Testi Hakkında Sık Sorulan Sorular CA 15-3 ne demek? CA 15-3, karsinoma antijeni 15-3 anlamına gelir ve başta meme kanseri olmak üzere yumurtalık, akciğer ve prostat gibi birçok kanser türü için bir tümör belirtecidir. CA 15-3 neyi gösterir? CA 15-3 değerleri meme kanserinin tedavi sürecindeki son durumu ve hastalığın nüksedip nüksetmemesini gösterir. Bir kanser antijeni ve tümör belirtecidir. CA 15-3 en fazla kaç olmalı? Kandaki CA 15-3 değerleri mililitre başına en fazla 30 U/ml olmalıdır. CA 15-3 kanser dışında neden yükselir? Meme kanseri, yumurtalık, akciğer ve prostat kanserinin dışında iyi huylu meme veya yumurtalık hastalığı, endometriozis, pelvik inflamatuar hastalık ve hepatit gibi durumlar kandaki CA 15-3 değerinin yükselmesine yol açabilir."
doc_0151,doc_0151_parent_001,doc_0151_parent_001_child_001,Peynirli Kabak Sandal Tarifi,https://www.memorial.com.tr/saglik-rehberi/peynirli-kabak-sandal-tarifi-blog,315,1,1,True,['Kabak Besin Değeri - Kabağın faydaları nelerdir?'],"Anadolu’da çok fazla yetiştirilmekte olan kabak, salatalık ailesinin bir parçası olarak bilimsel adı olan cucurbita pepo olarak da bilinir. Genellikle sebze olarak tüketilen kabağın, pişmiş, haşlanmış ve güveçteki hali de yemekler arasında oldukça lezzetlidir. Bu lezzetin yanı sıra lif bakımından da oldukça zengin bir sebzedir. Çoğunlukla yaz aylarının favorisi olan bu sebze, doğru saklanırsa kış aylarında da tüketilebilir. Sizler için hazırladığımız peynirli kabak tarifi ile size şimdiden afiyetler olsun. - Kabak Besin Değeri - Kabağın faydaları nelerdir? - Peynirli Kabak Sandal Tarifi - Peynirli Kabak Sandal Tarifi için Malzemeler - Peynirli Kabak Sandal Yapılışı Kabak Besin Değeri Kabak, çeşitli vitaminler, mineraller ve diğer faydalı bitki bileşikleri bakımından oldukça zengindir. Bir kap (223 gram) pişmiş kabağın içerdikleri şu şekildedir: - Kalori: 17 - Protein: 1 gram - Yağ: 1 gramdan az - Karbonhidrat: 3 gram - Şeker: 1 gram - Lif: 1 gram - A vitamini: Referans Günlük Alımın% 40'ı (RGA) - Manganez: RGA'nın% 16'sı - C vitamini: RGA'nın% 14'ü - Potasyum: RGA'nın% 13'ü - Magnezyum: RGA'nın% 10'u"
doc_0153,doc_0153_parent_002,doc_0153_parent_002_child_001,Mezobotoks nedir?,https://www.memorial.com.tr/tedavi-yontemleri/mezobotoks-nedir,295,5,0,False,"['Mezobotoks kaç seans uygulanır?', 'Oyuncu / Sanatçı botoksu nedir?', 'Mezobotoks etkisi ne zaman başlar?', 'Mezobotoks etkisi ne kadar sürer?', 'Mezobotoks fiyatları ne kadardır?']","Mezobotoks kaç seans uygulanır? Tek seanslık bir uygulamadır, fakat her uygulamada olduğu gibi kişiden kişiye ve ciltteki kırışıklık ve sarkma derecelerine göre seans sayısı değişebilir. 15 günün sonunda toparlama, sıkılaşma gibi beklenen sonuçlar görülmeye başlar, kalıcılığı ise 4-6 ay kadar sürmektedir. Daha sonrasında cilt eski durumundan daha kötü olmaz. Tüm uygulamalarda olduğu gibi düzenli olarak yaptırıldığı zaman daha belirgin sonuçlar elde edilebilir. Oyuncu / Sanatçı botoksu nedir? Mezobotoks, halk arasında oyuncu botoksu ya da sanatçı botoksu olarak da bilinen son yıllarda oldukça popüler hale gelen, özellikle oyuncu ve spikerlerin sıklıkla tercih ettiği yeni bir kozmetik yöntemdir. Klasik botoks uygulamasına göre daha doğal ve canlı bir sonuç ortaya çıkarmaktadır. Mezobotoks etkisi ne zaman başlar? Mezobotoks işlemi yaklaşık 30 dakika sürmektedir. Mezobotoksun etkisi yaklaşık 3 gün içerisinde kendini göstermeye başlar ve 1 hafta içerisinde en iyi sonuçlar elde edilmektedir. Mezobotoks etkisi ne kadar sürer? Kişinin cilt yapısına, yaşına ve mimik kullanımına göre değişmekle birlikte 4-6 ay kadar etkisi devam etmektedir. Mezobotoks fiyatları ne kadardır? Mezobotoks fiyatları hastalar tarafından sıkça sorulmaktadır. Uygulanacak bölge ve miktar kişinin cilt yapısına, yaşına ve mimik kullanımına göre değiştiğinden en doğru yanıt yüz yüze muayene sonrası verilebilir."
doc_0154,doc_0154_parent_001,doc_0154_parent_001_child_004,Prosopagnozi (Yüz Körlüğü) Nedir? Belirtileri Nelerdir?,https://www.memorial.com.tr/hastaliklar/prosopagnozi-nedir-belirtileri-nelerdir,311,3,0,False,"['Prosopagnozi Nasıl Tedavi Edilir?', 'Yüz Körlüğü Hakkında Sık Sorulan Sorular Yüz hafızası zayıflığı ile yüz körlüğü arasındaki farklar nedir?', 'Prosopagnozi hastalığı bireyin günlük yaşamında ne gibi etkilere neden olabilir?']",". Prosopagnozi Nasıl Tedavi Edilir? Prosopagnozinin belirli bir tedavisi yoktur. Prosopagnostikler genellikle ""parça parça"" veya ""özelliklere göre"" tanıma stratejilerini kullanmayı öğrenirler. Bu, giyim, yürüyüş, saç rengi, vücut şekli, hal ve tavır ve ses gibi ikincil ipuçlarını içerir. Ancak bu stratejiler her zaman işe yaramaz ve prosopagnozisi olan bir kişi, beklenmedik bir ortamda tanıdığı biriyle karşılaştığında ya da dış görünüşte değişiklikler olduğunda yine tanıma güçlüğü yaşayabilir. Yüz Körlüğü Hakkında Sık Sorulan Sorular Yüz hafızası zayıflığı ile yüz körlüğü arasındaki farklar nedir? Yüz tanıma yeteneği, normalde de kişiden kişiye büyük ölçüde değişir. Bazı insanlar gerçekten iyidir, diğerlerinin ise yüz hafızaları zayıftır ve çoğu insan bu aşırı iki uç arasında bir yerdedir. Gelişimsel prosopagnozisi olan insanlar, yüz tanıma yetenekleri açısından alt sınırdadırlar. Dağılımın diğer ucunda, olağanüstü derecede iyi yüz tanıma özelliğine sahip süper tanıyıcılar vardır. Edinsel yüz körlüğü ise bir beyin hastalığıdır. Prosopagnozi hastalığı bireyin günlük yaşamında ne gibi etkilere neden olabilir? Yüz, akılda tutmada önemli bir tanımlayıcı özellik olarak işlev gördüğü için, bu durumdaki kişilerin insanlarla ilgili bilgileri takip etmesi ve başkalarıyla normal şekilde sosyalleşmesi zor olabilir."
doc_0157,doc_0157_parent_001,doc_0157_parent_001_child_001,Kinoa Faydaları Nelerdir? Kinoa Nasıl Tüketilir?,https://www.memorial.com.tr/saglik-rehberi/kinoa-faydalari-nelerdir,315,7,6,False,"['Kinoa Nedir?', 'Kinoa Besin Değerleri - Kinoa Ne İşe Yarar?', 'Kinoa Faydaları Nelerdir?', 'Kinoa Nasıl Seçilir?', 'Nasıl Saklanır?', 'Kinoa Nasıl Tüketilir?', 'Kinoa Hakkında Sık Sorulan Sorular Kinoa Nedir?']","Kinoa, içerisinde çinko, lif, folat ve protein yer alan ve antioksidanlarla yüklü, Chenopodium quinoa bitkisinin tohumudur. Kaz ayağı olarak da adlandırılan kinoa, özellikle Güney Amerika’da yetiştirilen tam tahıldır. Genellikle pirinç, bulgur ve kuskus yerine tercih edilen kinoa, pişirildiği zaman ceviz tadını andıran yumuşak bir yapısı bulunur. Böylelikle un, ekmek ve makarna yapımında da sıklıkla kullanılır. Kinoa tohumları, beyaz, kırmızı ve siyah tohumlardır. Nişastalı tahıllar arasında glütensiz bir alternatif olarak bilinen kinoa, protein bakımdan da yüksek bir gıdalar arasında yer alır. - Kinoa Nedir? - Kinoa Besin Değerleri - Kinoa Ne İşe Yarar? - Kinoa Faydaları Nelerdir? - Kinoa Nasıl Seçilir? Nasıl Saklanır? - Kinoa Nasıl Tüketilir? - Kinoa Hakkında Sık Sorulan Sorular Kinoa Nedir? Kinoa, pişirildiğinde buğday ve pirince benzeyen içerisinde protein, lif ve mineraller barındıran yenilebilir tohumdur. Kinoadaki lif , kolesterol ve kan şekerini düzenleyerek kalp hastalıkları riskinin azalmasına yardımcı olur. Kinoa tohumları farklı çeşit ve renklerde oluşabilir. En çok tüketilen kinoa tohumları beyaz, kırmızı ve siyah tohumlardır. En çok tüketilen ve yaygın olan beyaz kinoa, kısa sürede pişirilebilir."
doc_0158,doc_0158_parent_001,doc_0158_parent_001_child_001,Genital PRP,https://www.memorial.com.tr/tedavi-yontemleri/genital-prp,299,4,4,False,"['Genital PRP nedir?', 'Genital PRP neden uygulanır?', 'Genital PRP nasıl uygulanır?', 'SIK SORULAN SORULAR Genital PRP nedir?']","Pek çok kadın cinsel istek kaybı, idrar kaçırma, genital bölgenin yaşlanması gibi sorunlar yaşayabiliyor. Bu durumlar kadınların özel ve sosyal yaşamlarını etkileyebiliyor. Tüm bu problemlerin çözümü konusunda genital PRP uygulamaları son dönemlerde öne çıkıyor. Memorial Şişli Hastanesi Kadın Hastalıkları ve Doğum Bölümü’nden Op. Dr. Gürkan Gürsoy, genital PRP hakkında bilgi verdi. - Genital PRP nedir? - Genital PRP neden uygulanır? - Genital PRP nasıl uygulanır? - SIK SORULAN SORULAR Genital PRP nedir? Ameliyatsız genital estetik uygulamaları içinde yer alan genital PRP, genital bölge gençleştirmeye, bu bölgedeki fonksiyonları ve görünümü iyileştirmeye yarayan bir yöntemdir. Genital PRP, kök hücrelerin çoğalmasını ve “daha ​​genç” doku büyümesini sağlayan, vajina ve klitorisin üst duvarına Trombositten Zengin Plazma (PRP) enjeksiyonunu içeren bir uygulamadır. Genital PRP sayesinde kolajen ve elastin üretimi olur böylece dokular gençleşir; bu sayede de cinsel ilişki sırasında kolay uyarılmayı sağlar. Genital PRP sayesinde Dış genital bölgede dolgunluk oluşur, hafif düzeydeki idrar kaçırma sorunu tedavi edilir, klitoristeki hassasiyet artar, orgazm olamama sorunu çözümlenebilir, vulva derisi sıkılaşır, dış genital bölgenin rengi açılır."
doc_0158,doc_0158_parent_001,doc_0158_parent_001_child_003,Genital PRP,https://www.memorial.com.tr/tedavi-yontemleri/genital-prp,306,5,0,False,"['Genital PRP nasıl uygulanır?', 'SIK SORULAN SORULAR Genital PRP ağrılı bir uygulama mı?', 'Genital PRP nereye uygulanır?', 'Genital PRP hangi sorunları çözer?', 'Genital PRP uygulaması ne kadar sürer?']","Genital PRP nasıl uygulanır? Genital bölge PRP uygulaması ile hastanın kendisinden alınan kan, özel bir işlemden geçirilerek trombositten zengin bir plazma elde edilir. Bu plazma, içinde büyüme faktörleri ve protein içerir. Enjekte edilen ciltte de yeni hücre oluşumu ve kolajen üretmi tetiklenir. Bu durum, ciltte yenilenmeyi, gençleşmeyi ve sıkılaşmayı sağlar. Bu plazma genital bölgeye enjeksiyon yardımıyla uygulanır. SIK SORULAN SORULAR Genital PRP ağrılı bir uygulama mı? İşlem sırasında hastanın isteğine göre hafif bir sedasyon uygulanabilir. Bu nedenle ağrı hissedilmemektedir. Sedasyon uygulanmayan hastalara lokal anestezi yapılır. Klinik ortamda uygulanabilir. Genital PRP, ağrılı bir tedavi yöntemi değildir. Genital PRP nereye uygulanır? Genital PRP, iç ve dış genital bölgeye uygulanmaktadır. Genital PRP hangi sorunları çözer? Genital PRP, genital bölgeyi gençleştirir, orgazm olamama ve cinsel isteksizlik sorunlarını çözer, hafif düzeyde idrar kaçırmada etkilidir, genital bölgedeki rengi açar, bu bölgedeki kırışıklıkları giderir, sıkılaşma sağlar. Vajinal kuruluk, doğum kesisinin düzeltimesinde de kullanılır. Kısmen orgazm aşısı olarak da bilinmektedir. Genital PRP uygulaması ne kadar sürer? İşlem totalde bir saat kadar sürmektedir."
doc_0158,doc_0158_parent_001,doc_0158_parent_001_child_004,Genital PRP,https://www.memorial.com.tr/tedavi-yontemleri/genital-prp,269,6,0,False,"['Genital PRP uygulaması ne kadar sürer?', 'Genital PRP ne kadar süreyle yaptırılmalıdır?', 'Genital PRP, etkisini ne zaman gösterir?', 'Genital PRP sonrası cinsel ilişkiye girilir mi?', 'Genital PRP sonrası ne yapılmalı?', 'Genital PRP sonrası günlük hayata dönülebilir mi?']","Genital PRP uygulaması ne kadar sürer? İşlem totalde bir saat kadar sürmektedir. Tüm bu bir saat içinde hastadan kan alınması, kanın dönüştürülmesi, hastanın hafif sedasyonu ve enjeksiyon işlemiyle birlikte taburculuk da gerçekleştirilebilmektedir. Genital PRP ne kadar süreyle yaptırılmalıdır? Genital PRP, 14 aya kadar etkili bir yöntemdir. Üç hafta arayla 3-4 seans uygulanmaktadır. Genital PRP yaptıranlar yaklaşık bir sene sonra yeniden yaptırabilir. Genital PRP, etkisini ne zaman gösterir? Genital PRP, etkisini hemen gösteren bir yöntemdir. Genital PRP sonrası cinsel ilişkiye girilir mi? Genital PRP uygulaması sonrasında dört gün kadar cinsel ilişkiye girilmemelidir. Birkaç günlük cinsel ilişkiye girilmemesi dışında farklı bir kısıtlama bulunmamaktadır. Genital PRP sonrası ne yapılmalı? Genital PRP uygulamasından sonra hastaların pelvik taban egzersizlerini aksatmadan yapmaları faydalı olacaktır. Pelvik taban egzersizleri, genital PRP uygulamasında optimum başarıyı sağlamaktadır. Genital PRP sonrası günlük hayata dönülebilir mi? Genital PRP işleminden sonra hastalar günlük hayatlarına hemen dönebilir. Öğle arasında bile yaptırılabilen bir işlemdir."
doc_0160,doc_0160_parent_003,doc_0160_parent_003_child_003,Karın Ağrısına Ne İyi Gelir? Karın Ağrısı Neden Olur?,https://www.memorial.com.tr/saglik-rehberi/karin-agrisina-ne-iyi-gelir,318,3,1,False,"['Karın Ağrısı Hakkında Sık Sorulan Sorular Karın ağrısı nasıl geçer?', 'muz, patates ve kızarmış ekmek yemek - Hafif şiddetli karın ağrıları için tost yemek - Antinflamatuar içeriğiyle öne çıkan zencefil çayı tüketmek Karın ağrısının sebepleri nelerdir?', 'Alt karın ağrısı neden olur?']","Buna rağmen karın ağrısı şiddetli şekilde devam ediyor ve geçmiyorsa doktora başvurmak gerekebilir. Dinlenmek Aynı zamanda dinlenmek de karın ağrısına iyi gelen ve evde rahatça uygulanabilecek yöntemlerin başında gelir. Karın Ağrısı Hakkında Sık Sorulan Sorular Karın ağrısı nasıl geçer? Sıcak su torbasıyla ağrıyan bölgeye sıcak kompres uygulamak, su içmek, mideyi rahatlatan kraker, muz, patates ve kızarmış ekmek yemek, antiinflamatuar içeriğiyle öne çıkan zencefil çayı tüketmek karın ağrısı rahatsızlığına iyi gelen yöntemlerdir. Karın ağrısının geçmesine yardımcı yöntemler aşağıdaki gibidir: - Sıcak su torbasıyla ağrıyan bölgeye sıcak kompres uygulamak - Su içmek - Kraker, muz, patates ve kızarmış ekmek yemek - Hafif şiddetli karın ağrıları için tost yemek - Antinflamatuar içeriğiyle öne çıkan zencefil çayı tüketmek Karın ağrısının sebepleri nelerdir? Karın ağrısı çoğunlukla sindirim sisteminde yaşanan bir sorunun sonucudur. Gaz sıkışması, hazımsızlık ve kabızlık gibi sindirim sorunları dışında, norovirüs gibi virüsler, gastroenterit gibi viral enfeksiyonlar, safra sorunları, regl, stres ve gıda intoleransına ve beslenme tercihleri karın ağrısına neden olabilmektedir. Alt karın ağrısı neden olur? Alt karın ağrısı genellikle pelvik bölgeye yakın olan ağrılardır ve bu bölgedeki olası problemlerle bağlantılıdır."
doc_0160,doc_0160_parent_003,doc_0160_parent_003_child_004,Karın Ağrısına Ne İyi Gelir? Karın Ağrısı Neden Olur?,https://www.memorial.com.tr/saglik-rehberi/karin-agrisina-ne-iyi-gelir,276,4,0,False,"['Alt karın ağrısı neden olur?', 'Karnın sol alt tarafında ağrı neden olur?', 'Kıvrandıran karın ağrısı neden olur?', 'Sürekli karın ağrısı neden olur?']","Alt karın ağrısı neden olur? Alt karın ağrısı genellikle pelvik bölgeye yakın olan ağrılardır ve bu bölgedeki olası problemlerle bağlantılıdır. Alt karın ağrısının yaygın nedenleri arasında gebelik, apandisit, idrar yolu enfeksiyonu, fıtık ve safra kesesi hastalıkları yer alır. Karnın sol alt tarafında ağrı neden olur? Karnın sol alt tarafında ağrı genellikle divertikülit, huzursuz bağırsak sendromu, mide ülseri ve gaz birikmesi gibi sindirim sistemi kaynaklı sorunlardır. Ayrıca safra kesesinde ya da böbrekte taş, apandisit ile yumurtalık ya da testis kaynaklı sorunlarda sol alt karın ağrısına neden olabilir. Kıvrandıran karın ağrısı neden olur? Kıvrandıran karın ağrısı, gaz sıkışması, divertikülit, crohn hastalığı, kanamalı ülser, gıda zehirlenmesi, mide-bağırsak enfeksiyonları, apandisit, pankreatit veya kolesistit, böbrek ve safra kesesi taşları ve dış gebelik gibi ciddi durumların bir sonucu olarak ortaya çıkar. Sürekli karın ağrısı neden olur? Sürekli bir karın ağrısı şikayetine sahipseniz bu durum kronik bir hal almış demektir. Sürekli karın ağrısı şikayetleri farklı hastalıklara işaret edebilir."
doc_0160,doc_0160_parent_004,doc_0160_parent_004_child_001,Karın Ağrısına Ne İyi Gelir? Karın Ağrısı Neden Olur?,https://www.memorial.com.tr/saglik-rehberi/karin-agrisina-ne-iyi-gelir,316,4,0,False,"['Durduk yere karın ağrısı neden olur?', 'Karın ağrısı hangi durumlarda tehlikelidir?', 'Karın ağrısını en çabuk ne geçirir?', 'Karın ağrısına iyi gelen besinler nelerdir?']","Bunun yanında tıbbi olarak da gastroenterit, rotavirüs , kabızlık ve idrar yolu enfeksiyonları da çocuklarda karın ağrısını tetikler. Durduk yere karın ağrısı neden olur? Durduk yere ve aniden başlayan karın ağrısı için öncelikle gıda zehirlenmesi ihtimali düşünülür. Ancak kabızlık, irritabl bağırsak sendromu, gıda alerjileri, laktoz intoleransı, ve mide virüsü de durduk yere başlayan karın ağrısına yol açabilir. Karın ağrısı hangi durumlarda tehlikelidir? Karın ağrısının yanında yanma, mide bulantısı, kusma , ateş ve terleme gibi şikayetler varsa, karın ağrısı ani başlayıp şiddetli bir şekilde devam ediyorsa bu durum tehlike sinyali olabilir. Bu gibi durumlarda vakit kaybetmeden doktora gitmek kritik önem taşır. Karın ağrısını en çabuk ne geçirir? Karın ağrısını bir çırpıda geçirebilecek çok pratik bir yöntem olmasa da özellikle muz, kraker, patates ve kızarmış ekmek tüketmek, sıcak kompres yapmak, zencefil veya papatya gibi bitki sıcak bitki çayları içmek ve dinlenmek karın ağrısı için kısa sürede rahatlama sağlayabilir. Karın ağrısına iyi gelen besinler nelerdir? Hafif bir karın ağrısı şikayetiniz varsa tuzlu kraker, muz, patates ve kızarmış ekmek tüketmek ağrınıza ilaç olacaktır. Bunun yanında tost da karın ağrısı için ideal bir besindir."
doc_0160,doc_0160_parent_004,doc_0160_parent_004_child_002,Karın Ağrısına Ne İyi Gelir? Karın Ağrısı Neden Olur?,https://www.memorial.com.tr/saglik-rehberi/karin-agrisina-ne-iyi-gelir,313,3,0,False,"['Karın ağrısına iyi gelen içecekler nelerdir?', 'Karın ağrısı başka hangi hastalıklarla karıştırılabilir?', 'Karın ağrısında ne zaman doktora gidilmelidir?']","Bunun yanında tost da karın ağrısı için ideal bir besindir. Karın ağrısı sürecinde amaç bağırsak ve sindirim sistemini rahatlatmak ve ağrıyı yok etmektir. Karın ağrısına iyi gelen içecekler nelerdir? Başta bol su içmenin yanında zencefil çayı, papatya çayı, nane çayı, ıhlamur ve limon suyu gibi doğal bitki çayları ve içecekler karın ağrısının önüne geçebilir. Karın ağrısı başka hangi hastalıklarla karıştırılabilir? Karın ağrısına neden olan birçok hastalık vardır. Bu hastalıklar, ağrı özellikleri ve yeri itibariyla birbirleri ile karışabilirler. Örneğin akut apandisit ve FMF yani Ailevi Akdeniz Ateşi hastalığının ağrıları birbirini andırabilir. Dizanteri (kanlı ishal tablosu), Crohn ve ülseratif kolit gibi iltihabi barsak hastalıkları ile benzerlik gösterebilirler. Böbrek taşı ağrısı, kas-iskelet sistemi ağrıları ile karışabilir. Bazı tendon ağrıları kasık ağrısı olarak algılanabilir. Karın dışı organlardaki bazı hastalıklar da karın ağrısı kaynağı olabileceği için ayırıcı tanıda bunlar da değerlendirilmelidir. Örneğin miyokard enfarktüsü, peptik ülser (mide ülseri) ve gastrit (mide iltihabı) ağrıları ile karışabilir. Karın ağrısında ne zaman doktora gidilmelidir? Özellikle ani veya dakikalar içerisinde başlayan şiddetli ağrılar önemli bir sağlık sorununun habercisi olabilir."
doc_0160,doc_0160_parent_004,doc_0160_parent_004_child_003,Karın Ağrısına Ne İyi Gelir? Karın Ağrısı Neden Olur?,https://www.memorial.com.tr/saglik-rehberi/karin-agrisina-ne-iyi-gelir,254,4,0,False,"['Karın ağrısında ne zaman doktora gidilmelidir?', 'Hamilelikte karın ağrısı olur mu?', 'Karın ağrısı için hangi doktora gidilir?', 'Karın ağrısının nedeni hastalık mıdır?']","Karın ağrısında ne zaman doktora gidilmelidir? Özellikle ani veya dakikalar içerisinde başlayan şiddetli ağrılar önemli bir sağlık sorununun habercisi olabilir. Hastanın genel durumunda bozulma ve bilinç değişikliğinin eşlik ettiği karın ağrıları, daima acil durumlara işaret eder ve mutlaka acil doktor başvurusu gerektirir. Ağrının şiddetinin giderek artması, bulantı ve kusmanın eşlik etmesi, karına dokunulduğunda şiddetli hassasiyet varlığı veya karına dokunulduğunda nefesin kesildiği ağrılar, bunun yanı sıra ağrıya ani başlayan sarılığın eşlik etmesi yine doktor kontrolü gerektiren bir karın ağrısının habercisi olabilir. Hamilelikte karın ağrısı olur mu? Hamilelikte karın ağrısı , bebeğin gelişiminin sonucunda rahmin büyümesiyle birlikte neredeyse her anne adayının karşılaştığı normal bir durumdur. Karın ağrısı için hangi doktora gidilir? Karın ağrısı şikayetiniz varsa gastroenteroloji doktorundan randevu alabilirsiniz. Karın ağrısının nedeni hastalık mıdır? Karın ağrısı her zaman hastalık kaynaklı yaşanmayabilir. Örneğin, kabızlık, gaz, fazla yemek yeme, stres veya kas gerginliği gibi geçici nedenlerde karın ağrısına neden olabilmektedir."
doc_0161,doc_0161_parent_001,doc_0161_parent_001_child_004,Anhedoni Nedir? Anhedoni Belirtileri Nelerdir?,https://www.memorial.com.tr/saglik-rehberi/anhedoni-nedir,225,4,0,False,"['Anhedoni Hakkında Sık Sorulan Sorular Anhedoni ne demek?', 'Anhedoni nasıl geçer?', 'Cinsel anhedoni nedir?', 'Anhedoni tedavi edilmezse ne olur?']","Kişinin sevdiği işlere karşı olan ilgisinin yeniden kazandırılması amaçlanır, kişi sosyal hayata dahil edilmeye çalışılır ve değerli olduğu hissettirilir. Bununla birlikte egzersiz ve meditasyon da anhedoni semptomlarını hafifletici etki yaratabilir. Anhedoni Hakkında Sık Sorulan Sorular Anhedoni ne demek? Anhenodi durumunda kişi ilgi duyduğu işlere karşı eski keyfini ve enerjisini kaybeder. Hatta bununla birlikte sevdiği insanlarla bir araya gelmekten bile uzak durur. Anhedoni nasıl geçer? Anhedoni genellikle bilişsel davranışçı terapi yöntemi denenerek hafifletilmeye çalışılır. Ayrıca egzersiz ve meditasyon yapmak da anhedoni’ye iyi gelir. Cinsel anhedoni nedir? Cinsel anhedoni, bireyin cinsellikten keyif almamaya başladığı bir durumdur. Anhedoni tedavi edilmezse ne olur? Anhedoni’nin tedavisi genellikle semptomları kontrol etmeye yöneliktir. Eğer bu durum gecikirse daha yoğun kaygı bozukluğu ve stresin gelişmesiyle birlikte kişinin günlük hayatı derinden etkilenir."
doc_0162,doc_0162_parent_001,doc_0162_parent_001_child_003,Karnıyarık Otu Nedir? Ne İşe Yarar?,https://www.memorial.com.tr/saglik-rehberi/karniyarik-otu-nedir-ne-ise-yarar,292,3,0,False,"['Karnıyarık Otu Ne İyi Gelir?', 'Karnıyarık Otu Nasıl Kullanılır?', 'Karnıyarık Otu Tozu Nasıl Kullanılır?']","Hazımsızlık ve gaz problemlerinin giderilmesinde yardımcı bir faktör oynar. Katı ve sıvı yoğunluğunun artması ayrıca ishal- kabızlık dengesinin kurulmasında destekleyici bir etki yaratır. Karnıyarık Otu Ne İyi Gelir? Karnıyarık otu organ ve sistem seviyesinde sindirim, boşaltım, metabolik denge ve hormonal salgı sentezine destekleyici faktörü ile öne çıkar. Bu bilgiler ışığında, bağırsak, karaciğer , böbrek, pankreas ve mide sağlığına katkı sağlayan etkileri ile takviye edici ürün olarak ilk sıralara yerleşmiştir. Karnıyarık Otu Nasıl Kullanılır? Bitkinin maksimum etken madde taşıdığı bölümünün ekstrakte edilerek ürün haline dönüştürülerek kullanılabilir. Ekstrakt haline getirilen bitki öncelikle toz haline getirilir. Karnıyarık tozu formunda direk kullanılabilir, kapsüllenebilir, tablet haline getirilebilir ya da çay olarak demlenebilir. Karnıyarık Otu Tozu Nasıl Kullanılır? Toz formunda ürün kullanımı kolay yutulması ve hızlı sindirimi nedeniyle sıklıkla tercih edilir. Direk dahili olarak günde 1-2 tatlı kaşığı sabah-akşam olacak şekilde tüketilebilir. Ilık bir içecekle karıştırılarak tüketilmesi sağlanabilir. Toz formu zenginleştirilerek karnıyarık otu kapsülü haline getirebilir."
doc_0162,doc_0162_parent_002,doc_0162_parent_002_child_001,Karnıyarık Otu Nedir? Ne İşe Yarar?,https://www.memorial.com.tr/saglik-rehberi/karniyarik-otu-nedir-ne-ise-yarar,264,4,0,False,"['Karnıyarık Otu Hakkında Sıkça Sorulan Sorular Karnıyarık Otu Tohumu Nasıl Kullanılır?', 'Karnıyarık Otu Tozu Zayıflamak İçin Nasıl Kullanılır?', 'Karnıyarık Otu Tozu Bağımlılık Yapar mı?', 'Karnıyarık Otu Tozu Günde Kaç Kez Kullanılır?']","Ayrıca, daha önce tüketilmediyse bitkiye karşı alerjen etkisi olup olmadığı kullanımı ile ortaya çıkabilir. - 5-10 gram gibi dozlara her gün 3 kez kullanıldığında ciddi yan etkiler oluşabilir. Bunlar arasında bağırsaklarda kramplar, gaz ya da kanama gibi reaksiyonlar oluşabilir. - Kronik hastalıklar için ilaç kullanılıyorsa doktoruna danışarak kullanımı tavsiye edilir. - Alerjen etkiniz varsa bitki kaşıntı, öksürme, zor nefes alma gibi problemler oluşturabilir. Karnıyarık Otu Hakkında Sıkça Sorulan Sorular Karnıyarık Otu Tohumu Nasıl Kullanılır? Kapsül olarak kullanılacaksa 200-1200 mg arasında tavsiye edilir. Toz formunda ise maksimum 2 tatlı kaşığı kullanılabilir. Karnıyarık Otu Tozu Zayıflamak İçin Nasıl Kullanılır? Karnıyarık otu kullananlar tokluk hissi yaşadığı için kilo kontrolünde yardımcı olur. Karnıyarık Otu Tozu Bağımlılık Yapar mı? Takviye edici ürünler vücutta bağımlılık edici etki oluşturmaz. Karnıyarık Otu Tozu Günde Kaç Kez Kullanılır? Gün içerisinde istenilen zamanda aç karnına ve günlük alım dozlarında kullanılabilir."
doc_0166,doc_0166_parent_001,doc_0166_parent_001_child_004,CEA Nedir? CEA Yüksekliği Ne Anlama Gelir?,https://www.memorial.com.tr/tani-ve-testler/cea-nedir,178,3,0,False,"['CEA Hakkında Sık Sorulan Sorular CEA ne demek?', 'CEA testi neden yapılır?', 'CEA testi nasıl yapılır?']","Ancak CEA yüksekliği her zaman kanser hastası olunduğu anlamını taşımaz. Bazı yüksek değerler yukarıda yer alan iyi huylu sebeplere bağlı da ortaya çıkabilir. Sonuç ve kesin tanı hakkında en doğru sonuç doktorunuz tarafından size söylenecektir. Bu sebeple kesin sonuç duymadan endişeye kapılmamanız önemlidir. CEA Hakkında Sık Sorulan Sorular CEA ne demek? CEA, karsinoembriyonik antijen anlamına gelen ve bir tür ""tümör belirteci"" olan bir proteindir. CEA testi neden yapılır? CEA testi birçok kanserin şüphesi taşındığında olası tümörlerin varlığını belirlemek için yapılmasıyla birlikte kanser teşhisi konduktan sonra tedavi sürecinde de kanserin ne durumda olduğunu görmek için de yapılır. CEA testi nasıl yapılır? CEA testinde kişiden rutin kan alma işlemi yapılır."
doc_0166,doc_0166_parent_002,doc_0166_parent_002_child_001,CEA Nedir? CEA Yüksekliği Ne Anlama Gelir?,https://www.memorial.com.tr/tani-ve-testler/cea-nedir,202,3,0,False,"['CEA değeri hangi kanser türlerinde yükselir?', 'CEA düşüklüğü ne anlama gelir?', 'Yüksek CEA değerleri her zaman kanser midir?']","Kan alındıktan sonra örnek numune incelenmek üzere laboratuvara gönderilir. CEA değeri hangi kanser türlerinde yükselir? CEA değerinin yükseldiği kanser türleri kolon, rektum, yumurtalık, akciğer, prostat, meme, mesane ve tiroid kanserleridir. CEA düşüklüğü ne anlama gelir? CEA düşüklüğü genellikle iyiye işarettir ve kanser tedavisi sürecinde tümörün küçük olduğu ve vücudun diğer bölgelerine yayılmadığı anlamına gelebilir. Ancak belirli kanser türleri, özellikle beyin gibi belirli bölgelerle sınırlı olanlarda doktor tarafından MRI gibi görüntüleme teknikleri de istenebilir. Yüksek CEA değerleri her zaman kanser midir? Kanser dışında CEA değerini yükselten faktörler de söz konusudur. Aşırı sigara tüketimi, akciğer enfeksiyonu, inflamatuar bağırsak hastalıkları, ülser, siroz, iyi huylu tümörler ve hamilelik de CEA değerini yükseltebilir."
doc_0167,doc_0167_parent_002,doc_0167_parent_002_child_003,Ketamin Nedir? Ketamin Faydaları ve Zararları,https://www.memorial.com.tr/saglik-rehberi/ketamin-nedir,288,3,0,False,"['Ketamin Nasıl Kullanılır?', 'Ketamin Hakkında Sık Sorulan Sorular Ketamin etken maddesi nedir?', 'Ketamin içeren bitkiler nelerdir?']","Ketamin Nasıl Kullanılır? Bu madde yağda ve suda çözünebilen özelliğe sahiptir, o yüzden kullanım alanı geniştir. İnfüzyon uygulamalarla birlikte oral yolla alımlara da başvurulabilir. Diyaliz gibi bazı hastalıklarda damar yolu açılamıyorsa oral yolla alım alternatif olabilir. Burada infüzyon yolunun daha fazla kullanım nedeni plazmada 5 dakika içerisinde maksimum konsantrasyona ulaşmasıdır, oral yolla alındığında bu süre daha uzundur. Bunun yanında ilaç dozu uluslararası protokollerde belirtilen miktara göre ayarlanması gerekir. Anestezik bir madde olduğu için düşük dozlarda kullanımı daha uygundur. Uygulamada kişinin uyumaması şarttır ve damar yoluna ilaç yavaş yavaş verilir. Dikkat edilmesi gereken nokta ise bu maddenin antidepresan etkisini çok hızlı ortaya çıkmasıdır. Bu nedenle antidepresan özellikli ilaçlarla aynı anda kullanımı doktor kontrolünde önerilir. Ketamin Hakkında Sık Sorulan Sorular Ketamin etken maddesi nedir? Analjezik /antidepresan özelliği gösteren ve laboratuvar koşullarında sentezlenen kimyasal bir maddedir. Ketamin içeren bitkiler nelerdir? Ketamin içeren bitkiler listesi bu ham madde açısından mevcut değildir. Bunun yanında bazı bitkilerde küçük dozlarda ve farklı formlarda bulunduğu görülmüştür. Örnek verilecek olunursa Peru meşalesi kaktüsünü saplarında olduğu bilinmektedir."
doc_0171,doc_0171_parent_002,doc_0171_parent_002_child_001,Spastisite nedir? Tedavisi nasıldır?,https://www.memorial.com.tr/hastaliklar/spastisite-nedir,303,3,0,False,"['Spastisite hakkında sıkça sorulan sorular Spastisite geçer mi?', 'Spastisitede botulinum tedavisi nasıl uygulanır?', 'Spastisite bir hastalık mıdır?']","İlaç tedavisinde ise ilaçlar tek tek veya kombinasyon halinde kullanılabilmektedir. Uzman doktor hasta için en uygun ve yan etkileri en aza indiren bir tedavi metodu programlar. Bazı hastaların durumuna bağlı olarak cerrahi müdahaleler de spastisite tedavisinde uygulanan teknikler arasında tercih edilen yöntemlerden biridir. Cerrahi yöntemde spastik kasların karşıtı olarak kişiye alçı ve atel uygulamaları yapılarak, sabitlenmenin cerrahi açıdan yapılabilmesi hedeflenir. Spastisite hakkında sıkça sorulan sorular Spastisite geçer mi? Başarılı bir tedavi süreci sonunda hastalarda daha az kasılmalar görülmesi sağlanabilir. Bununla birlikte hasta kendi kendine yemek yiyebilir, kıyafetlerini giyebilir ve kendi kendine yetebilme özelliğini kazandığı gelişmeler yaşanabilmektedir. Bu süreçte hastanın da tedaviye olumlu yanıt vermesi önem taşımaktadır. Spastisitede botulinum tedavisi nasıl uygulanır? Sinir uçlarını bloke ederek geçici felce neden olan botulinum toksin ile spastisitede aşırı kas kasılmalarının azaltılması hedeflenmektedir. Sorunlu kaslara enjekte edilen botulinum toksin uygulamasında miktar ve hangi kaslara enjekte edileceği hastalara göre değişkenlik göstermektedir. Spastisite bir hastalık mıdır? Tek başına bir hastalık olarak kabul edilmeyen spastisite, beyin ve omurilik üzerinde deformasyona neden olabilecek her hastalık sonucunda bu rahatsızlığa bağlı olarak gelişebilen bir sorundur."
doc_0174,doc_0174_parent_002,doc_0174_parent_002_child_001,Donuk Omuz Nedir? Donuk Omuz Belirtileri ve Egzersizleri,https://www.memorial.com.tr/saglik-rehberi/donuk-omuz-nedir,229,3,0,False,"['Birtakım sağlık problemleri: Donuk Omuz İçin Sık Sorulan Sorular Donuk omuz geçer mi?', 'Donuk omuz ağrısı nerede olur?', 'Donuk omuz hangi bölüm bakar?']","Örnekler arasında rotator manşet yırtığı ve kürek kemiği, köprücük kemiği veya üst kol kırıkları yer alır. Yakın zamanda geçirilmiş omuz yaralanması Diyabet: Diyabetli kişilerde de donuk omuz yaşandığı görülmüştür. Diyabet: Birtakım sağlık problemleri: İnme , hipotiroidizm (tiroid bezinin az çalışması), hipertiroidizm (aşırı aktif tiroid bezi), parkinson hastalığı ve kalp hastalığı gibi durumlar donuk omuz için risk unsuru oluşturur. Birtakım sağlık problemleri: Donuk Omuz İçin Sık Sorulan Sorular Donuk omuz geçer mi? Donuk omuz ve buna bağlı olarak gelişen şiddetli ağrı ve sertlik durumu vakit kaybetmeden tedavi edildiği takdirde iyileşir. Donuk omuz ağrısı nerede olur? Donuk omuzda meydana gelen ağrı ve sertlik genellikle omuz bölgesinde ve zaman zaman da üst kolda görülür. Donuk omuz hangi bölüm bakar? Donuk omuz belirtileri söz konusuysa ortopedi bölümünden randevu alabilirsiniz."
doc_0175,doc_0175_parent_001,doc_0175_parent_001_child_001,Fazla Kilolar ve Hareketsizlik Diyabet Nedeni,https://www.memorial.com.tr/saglik-rehberi/fazla-kilolar-ve-hareketsizlik-diyabet-nedeni,313,2,2,False,"['Sizin Diyabet Tipiniz Hangisi?', 'Diyabet Evde Şeker Ölçümü İle Kontrol Altına Alınmaz - Diyabet Tedavisinin En Önemli Ayağını Diyet Oluşturur - Diyabetin Komplikasyonları Nelerdir?']","İnsülin, pankreastan salgılanan ve şekerin hücre içine girmesini sağlayan bir hormondur. Diyabet ise; pankreastan salgılanan insülin hormonunun azlığı, yetersizliği ya da etkinliğinin azalması sonucu ortaya çıkan ve kan şekerinin yüksekliği ile seyreden bir hastalıktır. Ağız kuruluğu, çok su içme, çok idrara çıkma, el ve ayaklarda güçsüzlük, tekrarlayan enfeksiyonlar, sürekli açlık hissi, ani kilo kaybı, yavaş iyileşen yaralar en sık görülen belirtilerdir. Kilolu, hareketsiz, ailesinde diyabeti olan, gebelik sırasında şekeri yüksek seyreden kişiler daha fazla risk altındadır. - Sizin Diyabet Tipiniz Hangisi? - Diyabet Evde Şeker Ölçümü İle Kontrol Altına Alınmaz - Diyabet Tedavisinin En Önemli Ayağını Diyet Oluşturur - Diyabetin Komplikasyonları Nelerdir? Fazla kilo ve hareketsizlik “insülin direnci” adı verilen duruma yola açar yani vücutta insülin bulunmasına rağmen etkisini gösteremez. Bu yolla diyabet gelişimine neden olur. Haftada en az 3 gün 45 dakika tempolu yürüyüş, yürüme mesafesindeki yerlere giderken araç kullanmamak, yürüyerek gitmek, mümkün olduğunca asansör kullanmamak, bilinçsiz diyet yapmamak, şekerli -yağlı gıdaları diyetimizde sınırlı olarak bulundurmak ilk akla gelen önerilerdir."
doc_0177,doc_0177_parent_002,doc_0177_parent_002_child_002,El Titremesi Neden Olur? El Titremesi Nasıl Geçer?,https://www.memorial.com.tr/saglik-rehberi/el-titremesi-neden-olur,310,3,2,False,"['sikolojik terapiler veya ilaç tedavisi - Nörolojik hastalıklar için beta bloker ve nöbet önleyici ilaçlar - Şiddetli el titremeleri için beyin ameliyatları El Titremesi Nasıl Geçer?', 'El Titremesi Nasıl Önlenir?', 'özen gösterilmelidir - Eller ve kollar aşırı yorulmamalıdır - Uyarıcı madde ve alkol kullanılmamalıdır El Titremesi Hakkında Sık Sorulan Sorular Genç yaşta el titremesi neden olur?']","- El titremesi genellikle şu yöntemlerle tedavi edilmeye çalışılır: - Psikolojik terapiler veya ilaç tedavisi - Nörolojik hastalıklar için beta bloker ve nöbet önleyici ilaçlar - Şiddetli el titremeleri için beyin ameliyatları El Titremesi Nasıl Geçer? El titremesi ciddi bir hastalığın sonucu yaşanmıyorsa, meditasyon, avuca sığacak küçük bir top yardımı ile eli sıkıp gevşetme hareketleri gibi egzersizler, stres yönetimi, düzenli uyku, kafeini azaltma, vitamin eksikliği varsa, B1, B6 ve B1 ve magnezyum takviyesi almak titremeyi azaltmaya yardımcı olacaktır. El Titremesi Nasıl Önlenir? El titremesi yaşanmasını önlemek için atılması gereken bazı adımlar mevcuttur ve ilgili adımların uygulanması halinde olası el titremelerinin önüne geçilebilir: El titremesini önlemenin yolları şöyledir: - Gazlı, asitli içecek ve kafein tüketimi minimum düzeye indirilmelidir - Kan şekeri dengelenmelidir - El titremesini önlemek için el egzersizleri yapılmalıdır - Sinir ve stresten uzak durulmalıdır - Düzenli uykuya özen gösterilmelidir - Eller ve kollar aşırı yorulmamalıdır - Uyarıcı madde ve alkol kullanılmamalıdır El Titremesi Hakkında Sık Sorulan Sorular Genç yaşta el titremesi neden olur? Genç yaştaki kişilerin el titremesi yaşamasının altında yatan en temel nedenler genellikle psikolojik ve yorgunluktur."
doc_0177,doc_0177_parent_002,doc_0177_parent_002_child_003,El Titremesi Neden Olur? El Titremesi Nasıl Geçer?,https://www.memorial.com.tr/saglik-rehberi/el-titremesi-neden-olur,317,5,0,False,"['El titremesi kendiliğinden geçer mi?', 'Hangi vitamin eksikliği el titremesi yapar?', 'El titremesi hangi hastalıkların belirtisidir?', 'El titremesi genetik midir?', 'El titremesi koronavirüs belirtisi midir?']","Genç yaştaki kişilerin el titremesi yaşamasının altında yatan en temel nedenler genellikle psikolojik ve yorgunluktur. Stres, fiziksel yorgunluk, aşırı kafein tüketimi, kan şekeri düşüklüğü ve uykusuzluk genç yaşta el titremesine neden olur. El titremesi kendiliğinden geçer mi? Dönemsel olarak yaşanan ruhsal durumlar vücutta istemsiz kas hareketliliğine neden olabilir ve el titremesi bundan kaynaklanabilir. Bu tür durumlarda geçici olabilecek el titremeleri nörolojik hastalıklarda geçerli değildir. Nörolojik hastalıklarda ancak klinik muayene ve uygulanacak tedavi şekli el titremesinin önüne geçebilmektedir. Hangi vitamin eksikliği el titremesi yapar? B1, B6 ve B12 vitaminleri nöronların enerjisini besler ve sinir sistemini dengeleme etkisine sahiptir. B1, B6 ve B12 vitaminlerinin eksikliği el titremesini tetikler ve bu vitaminlerin eksikliğini minimum seviyeye indirmek için balık, hububat, kırmızı et, karnabahar ve havuç tüketilebilir. El titremesi hangi hastalıkların belirtisidir? El titremesi parkinson, esansiyel tremor, epilepsi, MS hastalığı ve hipoglisemi gibi hastalıkların belirtisi olarak kabul edilir. El titremesi genetik midir? El titremesine neden olabilecek nörolojik hastalıkların genetik yatkınlığı söz konusudur. El titremesi koronavirüs belirtisi midir? El titremesi koronavirüs belirtisi değildir ancak istisnai durumlar yaşanabilir."
doc_0178,doc_0178_parent_001,doc_0178_parent_001_child_001,Kazayağı Otunun Faydaları Nelerdir? Kazayağı Ne İşe Yarar?,https://www.memorial.com.tr/saglik-rehberi/kaz-ayagi-faydalari,307,6,4,False,"['Kazayağı Otu Nedir?', 'Kazayağı Otu Faydaları Nelerdir?', 'Neye İyi Gelir?', 'Kazayağı Otu Zararları Nelerdir?', 'Yan Etkileri Var mı?', 'Kazayağı Otu Hakkında Sıkça Sorulan Sorular Kazayağı Otu Nedir?']","Kazayağına benzerliğiyle dikkat çeken kazayağı otu, otsu bir bitki olmasıyla birlikte çok fazla çeşide sahiptir. Ispanakgiller familyasına ait olan ve dünyanın çeşitli bölgelerinde yetişme özelliği bulunan kazayağı otunun insan sağlığına sunduğu birçok faydası da mevcuttur. - Kazayağı Otu Nedir? - Kazayağı Otu Faydaları Nelerdir? Neye İyi Gelir? - Kazayağı Otu Zararları Nelerdir? Yan Etkileri Var mı? - Kazayağı Otu Hakkında Sıkça Sorulan Sorular Kazayağı Otu Nedir? Latince ismi chenopodium olan ve yapraklarının kaz ayağına benzerliğiyle dikkat çeken kazayağı otu, dünya genelinde yaygın olarak tüketilen yabani otlu bir türdür. Ispanakgiller ailesine ait olan bitki, dünyanın ılıman bölgelerinde yetişmesiyle bilinir. Tek veya çok yıllık bir bitki olan kazayağı otunun anavatanı olarak Orta ve Kuzey Amerika’nın güneyi öne çıkar. Yaprakları ve tohumları yenilebilir formda olan bitki özellikle Hindistan’da gıda ürünü olarak piyasaya sürülür. Türleri arasında çok fazla çeşitlilik olan kazayağı otu, bir yabani ot olarak kabul görür. Çeşitli mutfak kullanımları içeren Kuzey Hindistan gibi bölgelerde yaygın olarak yetiştirilen ve özellikle şişman tavuk veya beyaz kaz ayağı olarak bilinen bir kaz ayağı türü olarak kabul edilir."
doc_0178,doc_0178_parent_001,doc_0178_parent_001_child_003,Kazayağı Otunun Faydaları Nelerdir? Kazayağı Ne İşe Yarar?,https://www.memorial.com.tr/saglik-rehberi/kaz-ayagi-faydalari,299,3,0,False,"['Kazayağı Otu Nasıl Pişirilir ve Kullanılır?', 'Kazayağı Otu Zararları Nelerdir?', 'Yan Etkileri Var mı?']","- Boğaz ağrısı semptomlarını azaltır - Dalak büyümesinin önüne geçebilir. - Yüksek tansiyon tedavisinde destekleyici rol oynar - Kalp hastalıklarının tedavisine yardımcı olabilir Bunların yanı sıra en öncelikli özelliği olarak içindeki vitamin ve mineraller sayesinde vücuda verdiği dinçlik ve enerjidir. Bağışıklık sistemini hastalık ve virüslerden koruyarak daha güçlü hissetmenizi sağlar. Ayrıca fiziksel faydalarıyla birlikte ruhsal olarak insanın kendisini iyi hissetmesi konusunda etkili olduğu söylenir. Kazayağı Otu Nasıl Pişirilir ve Kullanılır? İçeriğindeki vitamin, mineral ve antibakteriyel özellikler sayesinde bağışıklık sisteminden cilt yapısına kadar birçok faydasıyla dikkat çeken kazayağı otunun bazı kullanım formları söz konusudur. Kazayağı otunun özellikle kavurması çok sık yapılır. Kavrularak yapılıp tüketilmesinin yanında haşlama olarak da kullanılır. Ispanak ve maydanoza benzer yapısıyla yemek ve salatalara eklenmesi de mümkündür. Bunların yanı sıra kazayağı otunu çay olarak tüketmeniz de mümkündür. Elde ettiğiniz kazayağı otu yapraklarını 10 dakika suda kaynatarak çay şeklinde içebilirsiniz. En doğal halini elde etmek istiyorsanız aktarlardan kazayağı otu temin edebilirsiniz. Kazayağı Otu Zararları Nelerdir? Yan Etkileri Var mı? Kazayağı otunun bilinen ciddi bir yan etkisi bulunmuyor."
doc_0178,doc_0178_parent_002,doc_0178_parent_002_child_001,Kazayağı Otunun Faydaları Nelerdir? Kazayağı Ne İşe Yarar?,https://www.memorial.com.tr/saglik-rehberi/kaz-ayagi-faydalari,210,4,0,False,"['Kazayağı Otu Hakkında Sıkça Sorulan Sorular Kazayağı otu nasıl tüketilir?', 'Kazayağı otu nasıl toplanır?', 'Kazayağı otu zehirli mi?', 'Kazayağı otu nerede yetişir?']","Ayrıca baş dönmesi ve tansiyon düşüklüğü de meydana gelirse kazayağı otunu normale dönene kadar bırakın. Kazayağı Otu Hakkında Sıkça Sorulan Sorular Kazayağı otu nasıl tüketilir? Kazayağı otu tek başına acı bir tada sahiptir. Genellikle yemek olarak kavurma şeklinde veya çeşitli formlarda kullanılır. Kazayağı otu nasıl toplanır? Kazayağı otu, çok yıllık otsu bir bitkidir ve ıspanak ve maydanozu andırır. Bitkinin üst kısımları toplamak için en çok tercih bölgesidir. Kazayağı otu zehirli mi? Kazayağı otu tek başına zehirli bir ot değildir ancak toplarken baldıran otuyla karıştırılıp yanlışlıkla baldıran otu toplanılırsa tehlike durumlar ortaya çıkabilir. Kazayağı otu nerede yetişir? Birçok farklı iklime uyum sağlayabilen kazayağı otu, özellikle Ege bölgesinde yetişmesiyle bilinir."
doc_0181,doc_0181_parent_002,doc_0181_parent_002_child_001,Dermoid Kist Nedir? Dermoid Kist Belirtileri Nelerdir?,https://www.memorial.com.tr/hastaliklar/dermoid-kist-nedir,316,4,0,False,"['Dermoid kist tehlikeli midir?', 'Dermoid Kist Hakkında Sıkça Sorulan Sorular Dermoid kist ağrı yapar mı?', 'Dermoid kist adet düzensizliği yapar mı?', 'Dermoid kist alınmazsa ne olur?']","Çok büyüdüklerinde komplikasyonlara neden olabilmektedir. Ancak yumurtalık dermoid kistlerinin sadece yüzde 1-2’si malign yani kanserli hücrelerden oluşabilmektedir. Bu kanser türü 50 yaş üstü kadınlarda daha sık görülmektedir. Dermoid kist tehlikeli midir? Dermoid kistler genellikle zararsızdır, ancak boyutları ve vücutlarındaki yere göre bazı komplikasyonlara neden olabilmektedir. Kistlerin büyümesi nedeniyle başka organlara baskı söz konusu olduğu için bazı tehlikeli durumlar ortaya çıkabilmektedir. Dermoid Kist Hakkında Sıkça Sorulan Sorular Dermoid kist ağrı yapar mı? Dermoid kistin bulunduğu yere ve büyüklüğüne göre ortaya çıkan belirtiler arasında ağrı da olabilmektedir. Ağrı, baskı veya dolgunluk hissini içerebilmektedir. Deri üzerinde ortaya çıkan kistler ise ağrıya neden olmamaktadır. Dermoid kist adet düzensizliği yapar mı? Dermoid kistler, adet döngüsünde anormal vajinal kanamaya neden olabilmektedir. Kist, rahmin astarının daha fazla büyümesine neden olarak adet döngüsünü olumsuz etkilemektedir. Dermoid kist alınmazsa ne olur? Yumurtalık dermoid kistleri büyüme nedeniyle yumurtalığın şeklinin bozulmasına neden olabilir. Tedavi edilmezse, bükülme yumurtalığa zarar verebilir. Beyin içinde ortaya çıkan intrakraniyal dermoid kistler ise kafa tabanında baskıya neden olduğu için başka sorunlara neden olacaktır."
doc_0181,doc_0181_parent_002,doc_0181_parent_002_child_002,Dermoid Kist Nedir? Dermoid Kist Belirtileri Nelerdir?,https://www.memorial.com.tr/hastaliklar/dermoid-kist-nedir,236,5,0,False,"['Dermoid kist ameliyatında yumurtalık alınır mı?', 'Dermoid kist büyükse, cerrahi sırasında yumurtalığı da almak gerekebilmektedir Dermoid kist bebeğe zarar verir mi?', 'Dermoid kist tekrarlar mı?', 'Dermoid kistin içinde ne var?', 'Dermoid kist yumurtalıkta olur mu?']","Beyin içinde ortaya çıkan intrakraniyal dermoid kistler ise kafa tabanında baskıya neden olduğu için başka sorunlara neden olacaktır. Dermoid kist ameliyatında yumurtalık alınır mı? Dermoid kist büyükse, cerrahi sırasında yumurtalığı da almak gerekebilmektedir Dermoid kist bebeğe zarar verir mi? Gebelik boyunca dermoid kistlerin torsiyon, rüptür ve enfeksiyon gibi komplikasyonlara neden olma olasılığı vardır. Dermoid kist tekrarlar mı? Cerrahiden sonra dermoid kistler tekrar oluşabilmektedir. Erişkinlerde yapılan kapalı cerrahi sonrasında nüks oranı %4’tür. Dermoid kistin içinde ne var? Deriye açıldığı alanlarda peynirimsi materyallerden oluşan dermoid kistlerin içinde kemik, sıvı, saç telleri, sinirler, deri ile ter bezleri olabilmektedir. Dermoid kist yumurtalıkta olur mu? Yumurtalık dermoid kisti, hücrelerin atipik olarak büyümesiyle oluşur. Olgun doku ve yapışkan sıvı topluluğu olan bu kistler genellikle iyi huyludur."
doc_0183,doc_0183_parent_002,doc_0183_parent_002_child_001,Göz Kapağı Düşüklüğü (Pitozis) Nedir? Neden Olur?,https://www.memorial.com.tr/saglik-rehberi/goz-kapagi-dusuklugu,304,4,0,False,"['Göz Kapağı Düşüklüğü Ameliyatı Sonrası Dikkat Edilmesi Gerekenler Nelerdir?', 'Göz Kapağı Düşüklüğü Ameliyatı Olunmadığında Ortaya Çıkabilecek Komplikasyonlar Nelerdir?', 'Göz Kapağı Düşüklüğü (Pitozis) Kimlerde Görülür?', 'Göz Kapağı Düşüklüğünün (Pitozis) Zararları Var mıdır?']","Göz Kapağı Düşüklüğü Ameliyatı Sonrası Dikkat Edilmesi Gerekenler Nelerdir? Pitozis göz kapağı ameliyatı sonrası dikkat edilmesi gereken bazı önemli notalar vardır. Bu noktalar şu şekilde çeşitlendirilebilir: - İyileşme sürecini hızlandırmak adına bölgenin su ile temas etmemesi gereklidir. - Doktorun tavsiye ettiği damlaların düzenli kullanımı da hastaların dikkat etmesi gereken önemli noktalardandır. - Doğrudan güneş ışına bakmak da göz sağlığını tehlikeye atabilir. Yukarıda belirtilen önemli noktalara dikkat ederek iyileşme sürecinizi hızlandırabilirsiniz. Göz Kapağı Düşüklüğü Ameliyatı Olunmadığında Ortaya Çıkabilecek Komplikasyonlar Nelerdir? Göz kapağı düşüklüğü ameliyatı olunmaması durumunda bazı rahatsızlıklar görülebilir. Yorgun bir görüntü, derin kırışıklıklar oluşabilir. Aynı zamanda bazı durumlarda göz içi iltihaplanmaları ile de karşılaşılabilir. Göz Kapağı Düşüklüğü (Pitozis) Kimlerde Görülür? Pitozis, yeni doğan bebeklerde oluşabileceği gibi göz üzerine darbe alan ya da göz hastalıkları ile karşılaşan yetişkinlerde de görülebilir. Yaş alma ile kas tembelliği sonucunda da oluşabilir. Göz Kapağı Düşüklüğünün (Pitozis) Zararları Var mıdır? Pitozis, görüş açısının kısıtlanmasına sebep olabilir. Bu durum, kişinin günlük hayatında bazı problemler ile karşılaşmasına neden olabilir."
doc_0183,doc_0183_parent_002,doc_0183_parent_002_child_002,Göz Kapağı Düşüklüğü (Pitozis) Nedir? Neden Olur?,https://www.memorial.com.tr/saglik-rehberi/goz-kapagi-dusuklugu,304,5,0,False,"['Göz Kapağı Düşüklüğü (Pitozis) Ameliyat Fiyatı Nedir?', 'Göz Kapağı Düşüklüğü (Pitozis) Hakkında Sıkça Sorulan Sorular Göz kapağı düşüklüğü hangi hastalığın habercisi?', 'Göz kapağı düşüklüğü hangi vitamin eksikliği?', 'Göz kapağı kasları nasıl güçlendirilir?', 'Göz kapağı düşüklüğü kimlerde görülür?']","Bu durum, kişinin günlük hayatında bazı problemler ile karşılaşmasına neden olabilir. Göz Kapağı Düşüklüğü (Pitozis) Ameliyat Fiyatı Nedir? Göz kapağı ameliyatı fiyatı; rahatsızlığın düzeyi, yaş faktörüne bağlı olarak belirlenir. Bu sebeple kişiye bağlı olarak farklılık gösterir. Göz Kapağı Düşüklüğü (Pitozis) Hakkında Sıkça Sorulan Sorular Göz kapağı düşüklüğü hangi hastalığın habercisi? Pitozis, kas ve sinir hastalıklarının habercisi olabilir. Göz kapağı düşüklüğü hangi vitamin eksikliği? Yapılan çalışmalara göre vitamin eksikliği, sağlık sorununun nedenleri arasında yer almayabilir. Göz kapağı kasları nasıl güçlendirilir? Düzenli yapılan çeşitli egzersizler ile kaslar güçlendirilebilir. Bu egzersiz için öncelikle gözünüzü açabildiğiniz kadar büyük açmalısınız. Gözünüzü kocaman açıp karşıya bakarak beş saniye bekleyin. Ardından tekrar gözünüzü kocaman açıp sıra ile sağ, sol, yukarı ve aşağıya bakın. Her bir hareketi 5 saniye yapmalısınız. 5 saniye sonunda kısa bir süre gözünüzü dinlendirebilir, ardından hareketlere devam edebilirsiniz. Süreyi beş saniyeye tamamlamada zorlanıyorsanız 3 saniye ile başlayabilir, zamanla beş saniyeye çıkarabilirsiniz. Göz kapağı düşüklüğü kimlerde görülür? Rahatsızlık; yaşlılar, kas tembelliği yaşayan, hipertansiyon ya da diyabet gibi sağlık sorunları ile karşılaşan kişilerde görülebilir."
doc_0183,doc_0183_parent_002,doc_0183_parent_002_child_003,Göz Kapağı Düşüklüğü (Pitozis) Nedir? Neden Olur?,https://www.memorial.com.tr/saglik-rehberi/goz-kapagi-dusuklugu,220,3,0,False,"['Göz kapağı düşüklüğü kimlerde görülür?', 'Göz kapağı düşüklüğü tehlikeli mi?', 'Hangi durumlarda cerrahi operasyon gerekir?']","Göz kapağı düşüklüğü kimlerde görülür? Rahatsızlık; yaşlılar, kas tembelliği yaşayan, hipertansiyon ya da diyabet gibi sağlık sorunları ile karşılaşan kişilerde görülebilir. Göz kapağı düşüklüğü tehlikeli mi? Bu sağlık sorunu zaman ile görüş açısını kapatarak çeşitli aksaklıklara sebep olabilir. Bununla birlikte baş ağrıması ya da gözde bulanıklık gibi çeşitli sıkıntılara yol açabilir. Hangi durumlarda cerrahi operasyon gerekir? Göz kapak uçlarının ve kirpiklerin içe dönmesi sonucunda yaşarma ve batma gibi şikayetler olabilir, bu da gözün saydam tabakasında (kornea) zamanla yara oluşmasına neden olur, buna müdahale edilmezse görme kaybı ortaya çıkabilir. Alt göz kapağının uçları içe değil de dışa dönerse, kapağın gözle teması olmayacağından gözyaşı dağılımı düzensiz olacaktır. Bunun sonucunda gözde sürekli olarak sulanma, kızarıklık ve enfeksiyonlar oluşabilmektedir. Geçmeyen göz sulanmasını ve enfeksiyonları engellemek için cerrahi gerekmektedir."
doc_0184,doc_0184_parent_002,doc_0184_parent_002_child_002,Tahinin Faydaları Nelerdir? Tahin Pekmez Neye İyi Gelir?,https://www.memorial.com.tr/saglik-rehberi/tahinin-faydalari,253,3,0,False,"['Tahinin Faydaları Hakkında Sık Sorulan Sorular Tahin pekmez neye iyi gelir?', 'Tahin neye iyi gelir?', 'Aç karnına tahinin faydaları nelerdir?']","Bununla birlikte susam alerjisi olan kişilerin de tahini kontrollü ve dengeli bir şekilde tüketmelidir. Tahinin Faydaları Hakkında Sık Sorulan Sorular Tahin pekmez neye iyi gelir? Protein, demir, kalsiyum ve magnezyum gibi mineraller açısından zengin olan tahin, enerjiyi artırır, kan yapımını ve vücuttaki oksijen taşıma kapasitesini destekleyerek kansızlığı önler. Antioksidan kaynağı olan tahin pekmezin en önemli faydalarından biri bağışıklığı güçlendirmesidir. Öksürüğün hafiflemesine yardım eder, grip ve soğuk algınlığı semptomlarını azaltır. Tahin neye iyi gelir? Tahin, kolesterolü düşürüp kan basıncını azaltma konusunda yardımcı, bu sayede özellikle kalp hastalığı ve felç riskini azaltır. Kemik yapısını ve sağlığını güçlendirir, bağışıklığı destekler. Enerji verir, kan şekerini dengeler ve tokluk hissi sağlar. Aç karnına tahinin faydaları nelerdir? Sabahları aç karnına tahin tüketmek gün içinde kişinin daha enerjik olmasını sağlar. Tek başına tahin tüketemeyen kişiler ise tahin pekmez karışımını tercih edebilir."
doc_0189,doc_0189_parent_001,doc_0189_parent_001_child_001,Anne Adaylarının En Merak Ettiği 8 Soru,https://www.memorial.com.tr/saglik-rehberi/anne-adaylarinin-en-merak-ettigi-8-soru,288,3,2,False,"['Doğum kilolarımı nasıl vereceğim?', 'Bebeğimi beklerken almam gereken vitaminler neler?', 'Hamileyken ilaç kullanabilir miyim?']","Annelik heyecanını ilk kez yaşayacak olan kadınlar için bu süreç, tatlı bir telaşla birlikte bazı soru işaretlerini de beraberinde getiriyor. Beslenmeden doğum şekline, yapılacak testlerden gebelikte seyahat konusuna kadar yeni anne adaylarının merak ettiği pek çok soru bulunuyor. Memorial Şişli Hastanesi Kadın Hastalıkları ve Doğum Bölümü’nden Op. Dr. Figen Taşer Güney, hamilelik sürecinde merak edilenler hakkında bilgi verdi. Doğum kilolarımı nasıl vereceğim? Doğum sonrası yaklaşık 4-5 kg kendiliğinden verilir ve vücut 6 ay ile 1 yıl arasında eski haline döner. Emzirme döneminde sütün artması için tatlı yerine bol sıvı tüketilmelidir. Doğum öncesi değil, emzirme döneminde alınan kiloların zor verildiği unutulmamalıdır. - Bebeğimi beklerken almam gereken vitaminler neler? Gebelik planlayan bir kişi doktor kontrolünde folik asit almaya başlar. Bu vitamin, hem bebeği bazı sakatlıklardan koruyacak, hem de annede kan yapımında rol alacaktır. Gebelik ilerledikçe annenin demir ihtiyacı artar, bu nedenle demir takviyesi verilir. Demir alımı yetersiz olan annelerde, kansızlık ve doğum sonrası saç dökülme problemleri yaşanmaktadır. Ayrıca kalsiyum, magnezyum ve omega 3 de doktorun uygun gördüğü haftalarda kullanılmalıdır. - Hamileyken ilaç kullanabilir miyim?"
doc_0189,doc_0189_parent_001,doc_0189_parent_001_child_002,Anne Adaylarının En Merak Ettiği 8 Soru,https://www.memorial.com.tr/saglik-rehberi/anne-adaylarinin-en-merak-ettigi-8-soru,299,5,5,False,"['Hamileyken ilaç kullanabilir miyim?', 'Bebeğimin hareketlerini ne zaman hissedeceğim?', 'Egzersiz ve spor yapabilir miyim?', 'Seyahat edebilir miyim?', 'Doğum yöntemine nasıl karar vereceğim?']","- Hamileyken ilaç kullanabilir miyim? Tiroid, epilepsi, hipertansiyon ve romatizma gibi kronik hastalıkları olan anne adayları sürekli kullanması gereken ilaçları ve gün içinde alınma zamanını doktorlarına danışmalıdır. Ayrıca gebelikte ağrı kesici veya antibiyotik kullanımı da doktor kontrolünde olmalıdır. - Bebeğimin hareketlerini ne zaman hissedeceğim? İlk gebelikte genellikle 18. haftadan sonra, ikinci gebelikte ise 15-16. haftadan sonra bebek hareketleri hissedilir. İlk hareketler seyirme gibidir, bebek büyüdükçe daha belirgin olur. Annelerin yorulması, üzüntülü ortamlarda bulunması veya öğün atlamaları bebek hareketlerinin az algılanmasına yol açar. - Egzersiz ve spor yapabilir miyim? Gebelikte ilk 3 aydan sonra düşme ve çarpma riski olmayan; yürüyüş, yüzme, hamilelik yogası ve pilatesi gibi egzersizler haftada 3 gün yapılabilir. Hareketli annelerin doğumlarının daha kolay olduğu unutulmamalıdır. - Seyahat edebilir miyim? Normal seyrinde giden, herhangi bir tıbbi sorunun olmadığı durumlarda 34. haftaya kadar seyahatte bir sakınca yoktur. Araba seyahatlerinde sık mola vermek ve molalarda hareket etmek gereklidir. Gebeliğin 34. haftasından sonra araba kullanmak sakıncalıdır. - Doğum yöntemine nasıl karar vereceğim? Doğum şekli, anne ve bebeğin özelliklerine göre belirlenir."
doc_0192,doc_0192_parent_001,doc_0192_parent_001_child_004,Antibiyotik Nedir? Antibiyotik Ne İşe Yarar?,https://www.memorial.com.tr/saglik-rehberi/antibiyotikler-doktor-kontrolunde-kullanilmali,320,3,1,False,"['Antibiyotik Faydaları Nelerdir?', 'Antibiyotik Hangi Durumlarda Kullanılmaz?', 'feksiyonlar şöyledir: - Grip - Soğuk algınlığı - Bronşit - Virüs kaynaklı sinüs enfeksiyonu - Bazı kulak enfeksiyonları - Mide gribi - Koronavirüs Antibiyotik Yan Etkileri Nelerdir?']","Antibiyotikler mevcut bakterileri yok etme ve yeni bakteri ortaya çıkışını engelleme konusunda güçlü bir silah olarak devreye girer. Antibiyotik Faydaları Nelerdir? Antibiyotik kullanımı vücuttaki bakterileri temizler, hastalığın belirtileri azaltır, iyileşme sürecini hızlandırır, enfeksiyonun başkalarına yayılmasını engeller ve daha sonrasında ortaya çıkabilecek ciddi hastalıklara karşı koruyucu görevi üstlenir. Antibiyotik Hangi Durumlarda Kullanılmaz? Antibiyotikler bakteriyel kaynaklı enfeksiyonların tedavisinde kullanıldığı için virüs kaynaklı hastalık veya enfeksiyonlar için yarar sağlamaz. Grip , nezle, soğuk algınlığı, bronşit , virüs kaynaklı sinüs enfeksiyonu, bazı kulak enfeksiyonları, mide gribi ve koronavirüs bunlara örnek olarak verilebilir. Antibiyotiğin kullanılmadığı virüs kaynaklı enfeksiyonlar şöyledir: - Grip - Soğuk algınlığı - Bronşit - Virüs kaynaklı sinüs enfeksiyonu - Bazı kulak enfeksiyonları - Mide gribi - Koronavirüs Antibiyotik Yan Etkileri Nelerdir? Antibiyotiklerin neden olabileceği yan etkiler mide ağrısı, ishal, hazımsızlık, iştah kaybı , mide bulantısı ve kusma , döküntü, kaşıntı, nefes alma sorunları, baş dönmesi ve alerjik reaksiyonlardır. Antibiyotiğin yaygın görülebilen yan etkileri şunlardır: - Alerjik reaksiyonlar"
doc_0192,doc_0192_parent_002,doc_0192_parent_002_child_001,Antibiyotik Nedir? Antibiyotik Ne İşe Yarar?,https://www.memorial.com.tr/saglik-rehberi/antibiyotikler-doktor-kontrolunde-kullanilmali,268,4,1,False,"['Kalp atışında hızlanma Antibiyotik Hakkında Sık Sorulan Sorular Antibiyotik ne demek?', 'Antibiyotik ishal yapar mı?', 'Antibiyotik tam 12 saatte bir alınmazsa ne olur?', 'Antibiyotik aç karnına içilir mi?']","- Kalp atışında hızlanma Antibiyotik Hakkında Sık Sorulan Sorular Antibiyotik ne demek? Antibiyotik, sadece bakterilerin neden olduğu belirli enfeksiyonları tedavi eden, bakterileri öldüren veya büyümelerini yavaşlatan bir dizi güçlü antimikrobiyal ilaç grubudur. Antibiyotik ilaçlar bakterilerin neden olduğu enfeksiyonlarla savaşmak için kullanılan ilaçlardır. Antibiyotik ishal yapar mı? Antibiyotiğin yan etkilerinden biri de ishaldir. Bu süreçte ishale rastlanırsa doktorla iletişime geçilmeli ve gerekirse antibiyotik kullanımı bırakılmalıdır. Antibiyotik tam 12 saatte bir alınmazsa ne olur? Antibiyotik, enfeksiyona bağlı olarak hem 12 saatte bir hem de 24 saatte bir olacak şekilde kullanılır. Bunun kararını doktor verir ve iki şekilde de tüketimi söz konusudur. 12 saatte bir alınmayan antibiyotiğin sonuçları konusunda net cevap verilemez. Antibiyotik aç karnına içilir mi? Bazı antibiyotikler aç karnına içilirken bazı antibiyotikler için ise doğru kullanım tok karnınadır. Ancak antibiyotikler genellikle tok karnına içilen ilaçlardır ve aç karna içildiği takdirde mide rahatsızlıklarına yol açabilir."
doc_0192,doc_0192_parent_002,doc_0192_parent_002_child_002,Antibiyotik Nedir? Antibiyotik Ne İşe Yarar?,https://www.memorial.com.tr/saglik-rehberi/antibiyotikler-doktor-kontrolunde-kullanilmali,304,5,0,False,"['Kimler antibiyotik kullanamaz?', 'Antibiyotik kaç günde etki eder?', 'Bilinçsiz antibiyotik kullanımının tehlikeleri nelerdir?', 'Doğru antibiyotik kullanımı nasıl olur?', 'Antibiyotik boğaz ağrısına iyi gelir mi?']","Ancak antibiyotikler genellikle tok karnına içilen ilaçlardır ve aç karna içildiği takdirde mide rahatsızlıklarına yol açabilir. Kimler antibiyotik kullanamaz? Antibiyotik kullanımı özel bir risk grubu yoktur ancak daha önce kullanılan herhangi bir antibiyotiğe karşı alerjik reaksiyon göstermiş kişiler için antibiyotik bir risk teşkil edebilir ancak bu durum söz konusu olsa ilgili kişiler için de uygun antibiyotikler reçete edilebilir. Antibiyotik kaç günde etki eder? Antibiyotikler, kullanımı sonrasındaki birkaç saat içerisinde etkisini gösterir. Enfeksiyonun ortaya çıkardığı belirtiler ise genellikle birkaç gün içinde kaybolur ve iyileşme süreci başlar. Bilinçsiz antibiyotik kullanımının tehlikeleri nelerdir? Bilinçsiz bir şekilde kullanılan antibiyotikler karaciğer ve böbreklerde hasar oluşmasına, antibiyotiklere karşı direnç gelişimine, mantar enfeksiyonlarının oluşumuna ve bağırsaktaki probiyotiklerin kaybedilmesine yol açabilir. Doğru antibiyotik kullanımı nasıl olur? Doğru antibiyotik kullanımının kriterleri arasında antibiyotiğe doktor kontrolünde başlanılması, sadece bakteriyel hastalıklarda kullanılması, direnç gelişmemesi amacıyla saatlerine dikkat edilerek alınması ve zamanından önce bırakılmaması yer alır. Antibiyotik boğaz ağrısına iyi gelir mi? Boğaz ağrısı eğer bakteri kaynaklı bir enfeksiyon sonucu meydana geldiyse antibiyotikler işe yarar."
doc_0193,doc_0193_parent_001,doc_0193_parent_001_child_001,Meditasyon Nedir? Meditasyon Nasıl Yapılır?,https://www.memorial.com.tr/saglik-rehberi/meditasyon-nedir-meditasyon-nasil-yapilir,316,4,3,False,"['Meditasyon Türleri Nelerdir?', 'Meditasyon nasıl yapılır?', 'Meditasyon faydaları nelerdir?', 'Meditasyon Türleri Nelerdir?']","Meditasyon, Hindistan'daki Ayurveda (alternatif tıp sistemi) uygulamaları veya Çin ve Japonya'daki geleneksel tıp terapileri gibi sağlık geleneklerinden kaynaklanmaktadır. Şimdi tüm dünyada uygulanan meditasyona karşı Batı kültürlerinde popülaritesi artmaktadır. - Meditasyon Türleri Nelerdir? - Meditasyon nasıl yapılır? - Meditasyon faydaları nelerdir? - Meditasyon ve hastalık Meditasyon, binlerce yıldır rahatlama ve stres azaltma için yaygın olarak kullanılmaktadır. Derin bir rahatlama ve sakin bir zihin üreten meditasyon, farkındalık yaratarak, odaklanmış dikkati teşvik etmeyi amaçlayan bir yöntem olarak tanımlanabilir. Meditasyon sırasında dikkati odaklar ve zihni dolduran ve gerilip strese neden olunan düşünce akışı ortadan kaldırılır. Bu süreç sonunda fiziksel ve duygusal olarak refah artışı yaşanır. Seçilen meditasyon çeşidine bağlı olarak rahatlamak, kaygı ve stres i azaltmak için meditasyon yapılabilir. Bazı insanlar meditasyonu, tütün ürünlerini bırakmanın zorluklarına uyum sağlamak için kullanarak sağlıklarını iyileştirmelerine yardımcı olurlar. Meditasyon Türleri Nelerdir? Meditasyon yapmanın doğru ya da yanlış bir yolu olmasa da, ihtiyaçları karşılayan bir uygulama bulmak önemli olmaktadır. Uygulanan popüler meditasyon türleri şu şekilde sıralanabilir: - Farkındalık Meditasyonu - Odaklanmış Meditasyon - Transandantal Meditasyon Tüm meditasyon türleri herkes için uygun değildir."
doc_0194,doc_0194_parent_001,doc_0194_parent_001_child_001,Prematüre Bebeklerin Akciğer Sorunları,https://www.memorial.com.tr/saglik-rehberi/premature-bebeklerin-akciger-sorunlari,302,4,3,False,"['Kronik akciğer hastalığı nedir?', 'Erken doğan her çocukta olur mu?', 'Hastalığın şiddet dereceleri var mıdır?', 'Bebek eve giderken dikkat edilmesi gerekenler nelerdir?']",Erken doğan bebekler başta akciğer sorunları olmak üzere birçok farklı sağlık sorunu ile karşı karşıya kalırlar. Bebek ne kadar erken doğdu ise bu sorunların sıklığı ve şiddeti o kadar fazladır. Yeni doğan bebeğin “kronik akciğer hastalığı” (Bronkopulmoner displazi- BPD) doğumdan sonra bebeğin oksijen ihtiyacının son adet tarihine göre 36. haftadan sonra devam etmesi olarak tanımlanmaktadır. Memorial Ataşehir Hastanesi Çocuk Göğüs Hastalıkları Bölümü’nden Prof. Dr. Fazilet Karakoç erken doğan bebeklerde yaşanabilen akciğer sorunları hakkında bilgi verdi. Erken doğan bebekler başta akciğer sorunları olmak üzere birçok farklı sağlık sorunu ile karşı karşıya kalırlar. Bebek ne kadar erken doğdu ise bu sorunların sıklığı ve şiddeti o kadar fazladır. Yeni doğan bebeğin “kronik akciğer hastalığı” (Bronkopulmoner displazi- BPD) doğumdan sonra bebeğin oksijen ihtiyacının son adet tarihine göre 36. haftadan sonra devam etmesi olarak tanımlanmaktadır. Memorial Ataşehir Hastanesi Çocuk Göğüs Hastalıkları Bölümü’nden Prof. Dr. Fazilet Karakoç erken doğan bebeklerde yaşanabilen akciğer sorunları hakkında bilgi verdi. - Kronik akciğer hastalığı nedir? Erken doğan her çocukta olur mu? - Hastalığın şiddet dereceleri var mıdır? - Bebek eve giderken dikkat edilmesi gerekenler nelerdir?
doc_0194,doc_0194_parent_001,doc_0194_parent_001_child_002,Prematüre Bebeklerin Akciğer Sorunları,https://www.memorial.com.tr/saglik-rehberi/premature-bebeklerin-akciger-sorunlari,298,11,7,False,"['Hastalığın şiddet dereceleri var mıdır?', 'Bebek eve giderken dikkat edilmesi gerekenler nelerdir?', 'Tekrar hastaneye yatmaları gerekir mi?', 'Solunum yolu enfeksiyonlarından nasıl koruyalım?', 'Tekrarlayan hırıltı atakları olur mu?', 'Reflü olur mu?', 'Beslenmede dikkat etmemiz gerekenler nelerdir?', 'Kalp sorunları olur mu?', 'Kronik akciğer hastalığı nedir?', 'Erken doğan her çocukta olur mu?', 'Hastalığın şiddet dereceleri var mıdır?']","- Hastalığın şiddet dereceleri var mıdır? - Bebek eve giderken dikkat edilmesi gerekenler nelerdir? - Tekrar hastaneye yatmaları gerekir mi? - Solunum yolu enfeksiyonlarından nasıl koruyalım? - Tekrarlayan hırıltı atakları olur mu? - Reflü olur mu? Beslenmede dikkat etmemiz gerekenler nelerdir? - Kalp sorunları olur mu? Kronik akciğer hastalığı nedir? Erken doğan her çocukta olur mu? Kronik akciğer hastalığı gelişme sıklığı <1000 gr doğan bebeklerde % 30, 501- 750 gr doğan bebeklerde ise %52 dolaylarındadır. Bebeklerin erken doğması en çok akciğerleri etkilemekle birlikte bu çocuklarda çoğu kez kalp, beslenme ve nörolojik gelişim ile ilgili sorunlarda otaya çıkar ve bu sorunlar birbirini de etkiler. Hastalığın şiddet dereceleri var mıdır? Hafif akciğer hastalığı: Bebeğin hastanede yattığı dönemde (doğumdan sonra 36. haftaya kadar) oksijen ihtiyacının devam etmesine rağmen çıkışta oda havasında oksijeni normal olan ve eve giderken oksijen ya da solunum desteği ihtiyacı olmayan bebekler. Hafif akciğer hastalığı: Orta akciğer hastalığı: Oda havasında bebeğin Oksijeni düşüktür, oksijeni normal değerlerde tutabilmek için az miktarda oksijen desteğine ihtiyaç gösterir ( % 30’dan az)."
doc_0194,doc_0194_parent_002,doc_0194_parent_002_child_001,Prematüre Bebeklerin Akciğer Sorunları,https://www.memorial.com.tr/saglik-rehberi/premature-bebeklerin-akciger-sorunlari,306,3,0,False,"['Tekrarlayan hırıltı atakları olur mu?', 'Reflü olur mu?', 'Beslenmede dikkat etmemiz gerekenler nelerdir?']","Bu neden ile bebek 6 aydan büyük ise grip aşısının yapılması, 6 aydan küçük ise de evde bebek ile teması olan kişilerin grip aşısı yaptırmaları önerilmektedir. Tekrarlayan hırıltı atakları olur mu? Erken doğan çocuklarda özellikle hayatın ilk iki yılında acil servise başvuruya neden olan hırıltı ataklarına sıklıkla rastlanır. Bu bebekler acil servise öksürük hırıltı nefes darlığı şikayetleri ile başvurduklarında astımlı hastalara benzer şekilde nefes yolundan verilen ilaçlar ile tedavi edilirler. Reflü olur mu? Beslenmede dikkat etmemiz gerekenler nelerdir? BPD li bebeklerde değişik çalışmalarda % 18.4 ile % 63 arasında reflü ( besinlerin ve mide içeriğinin mideden yemek borusuna geri kaçışı) sıklığı bildirilmiştir. Bu bebeklerde reflü zaten var olan solunum şikayetlerini arttırabilir. Erken doğan ve kronik akciğer hastalığı olan bebeklerde emme yetersiz olabilir ve emme/yutma arasında koordinasyon bozukluğu bulunabilir. Bu durumun erken dönemde tanınması ve tedavisinin planlanması hem beslenme ve büyümenin devamı hem de akciğer sorunlarının önlenmesi açısından önemlidir. Reflüyü önlemek için aileye basit bazı öneriler: - Yatış pozisyonu önemlidir. Bebeğin başı ile gövdesi arasında 45 derece açı olması gerekir. - Bebeğin az az ve sık olarak beslenmesi uygun olacaktır."
doc_0195,doc_0195_parent_001,doc_0195_parent_001_child_003,Mavi Bebek Hastalığı (Fallot Tetralojisi) Ameliyatı,https://www.memorial.com.tr/tedavi-yontemleri/mavi-bebek-hastaligi-fallot-tetralojisi-ameliyati,317,3,0,False,"['Mavi Bebek Hastalığı (Fallot Tetralojisi) Ameliyatı Kaç Yaşında Yapılır?', 'Mavi Bebek Hastalığı (Fallot Tetralojisi) Ameliyatı Kaç Saat Sürer?', 'Mavi Bebek Hastalığı (Fallot Tetralojisi) Ameliyatı Riskleri Nelerdir?']","Sağ taraftaki karıncığın çıkış yolu yani akciğer ana atar damarının hemen altındaki kalınlaşmış, fazla miktardaki kas bantları kesilir. Buna ek olarak akciğer damarı da genişletilebilir ve akciğerlere yeterince kan gitmesi sağlanır. Yeni cerrahi tekniklerle akciğer ana atar damar kapağının (pulmoner kapak) yapısı korunmaya çalışılır. Mavi Bebek Hastalığı (Fallot Tetralojisi) Ameliyatı Kaç Yaşında Yapılır? Genellikle hastanın yaşı 6 ayı geçtikten sonra yapılır. Mavi Bebek Hastalığı (Fallot Tetralojisi) Ameliyatı Kaç Saat Sürer? Fallot tetralojisi ameliyatı yaklaşık 4 saat sürmektedir. Mavi Bebek Hastalığı (Fallot Tetralojisi) Ameliyatı Riskleri Nelerdir? Fallot tetralojisi ameliyatı sonrası bazı çocuklarda ritim bozuklukları yaşanabilmektedir. Bazen karıncıklar (ventrikül) arası delik tam olarak kapatılamamaktadır. Bazı çocuklarda sağ karıncık çıkış yolu darlığı tam olarak giderilemez. Akciğer ana atar damarı kapağından (pulmoner kapak) sağ karıncığa doğru geri yönde kaçak yaşanabilmektedir. Kaçağın miktarına göre sağ karıncık genişlemekte ve bu durumda girişim gerekmektedir. İleride akciğer damarı kapağı yetmezliği ve darlığı nedeniyle yeni bir cerrahi girişim ihtiyacı doğabilir."
doc_0195,doc_0195_parent_002,doc_0195_parent_002_child_001,Mavi Bebek Hastalığı (Fallot Tetralojisi) Ameliyatı,https://www.memorial.com.tr/tedavi-yontemleri/mavi-bebek-hastaligi-fallot-tetralojisi-ameliyati,299,5,0,False,"['Mavi Bebek Hastalığı (Fallot Tetralojisi) Ameliyatından Sonra Çocuklar Normal Yaşamlarına Devam Edebilir mi?', 'Mavi Bebek Hastalığı (Fallot Tetralojisi) olan çocukların yaşam süreleri ne kadardı r?', 'Mavi Bebek Hastalığı (Fallot Tetralojisi) Tedavisi Olunmazsa Ne Olur?', 'Fallot Tetralojisi Ameliyatı Olan Çocuklar Spor Yapabilir Mi?', 'Fallot Tetralojisi Ameliyatı Olan Çocukların Kontrolleri Ne Kadar Süre Devam Etmelidir?']","Mavi Bebek Hastalığı (Fallot Tetralojisi) Ameliyatından Sonra Çocuklar Normal Yaşamlarına Devam Edebilir mi? Fallot tetralojisi tedavisi olan çocuklar normale yakın bir hayat yaşamaktadır. Mavi Bebek Hastalığı (Fallot Tetralojisi) olan çocukların yaşam süreleri ne kadardı r? Başarılı fallot tetralojisi ameliyatı olan çocukların yaşam süreleri, sağlıklı çocuklarla neredeyse aynıdır. Mavi Bebek Hastalığı (Fallot Tetralojisi) Tedavisi Olunmazsa Ne Olur? Fallot tetralojisi tedavi edilmediği durumlarda sağ taraftaki karıncığın (ventrikül) fonksiyon bozukluğuna bağlı kalp yetersizliği bulguları yaşanabilmektedir. Ayrıca çocukta morarma giderek artabilir. Morarmaya bağlı komplikasyonlar yaşanırken aritmi denilen ritim bozuklukları da ortaya çıkabilmektedir. Tedavisi geciktirilen çocuklarda ameliyat ve ameliyat sonrası sağ kalım oranları düşer. Fallot Tetralojisi Ameliyatı Olan Çocuklar Spor Yapabilir Mi? Fallot tetralojisi ameliyatı olan çocuklar ağır olmamak kaydıyla, doktor kontrolünde spor yapabilirler. Fallot Tetralojisi Ameliyatı Olan Çocukların Kontrolleri Ne Kadar Süre Devam Etmelidir? Mavi Bebek Hastalığı (Fallot Tetralojisi) ameliyatı olan çocukların takipleri ömür boyu yıllık olarak yapılır."
doc_0195,doc_0195_parent_002,doc_0195_parent_002_child_002,Mavi Bebek Hastalığı (Fallot Tetralojisi) Ameliyatı,https://www.memorial.com.tr/tedavi-yontemleri/mavi-bebek-hastaligi-fallot-tetralojisi-ameliyati,258,3,0,False,"['Fallot Tetralojisi Ameliyatı Olan Çocukların Kontrolleri Ne Kadar Süre Devam Etmelidir?', 'Fallot Tetralojisi Ameliyatı Olan Hastalar Bebek Sahibi Olabilir mi?', 'Fallot Tetralojisi Ameliyatı Olan Çocukların Başka Ameliyat Olmasına Gerek Var Mı ?']","Fallot Tetralojisi Ameliyatı Olan Çocukların Kontrolleri Ne Kadar Süre Devam Etmelidir? Mavi Bebek Hastalığı (Fallot Tetralojisi) ameliyatı olan çocukların takipleri ömür boyu yıllık olarak yapılır. Fallot Tetralojisi Ameliyatı Olan Hastalar Bebek Sahibi Olabilir mi? Fallot tetralojisi onarılmış kadınlar genellikle gebeliği iyi tolere eder. Fakat, akciğer ana atar damar kapağında (pulmoner kapak) ağır yetersizliğe bağlı sağ karıncığı (ventrikül) belirgin derecede genişlemiş kadınlarda, gebelik öncesinde pulmoner kapak ameliyatı gerekebilir. Fallot Tetralojisi Ameliyatı Olan Çocukların Başka Ameliyat Olmasına Gerek Var Mı ? Fallot tetralojisi ameliyatı olan çocuklara akciğer ana atar damar kapağını yani pulmoner kapağı koruyucu ameliyat yapılırsa, ileride başka bir ameliyata gerek kalmayabilir ama pulmoner kapağın fonksiyonunun korunamadığı ya da giderek bozulduğu bazı ameliyatlar sonrasında, kapak kaçağı nedeniyle sağ karıncık (ventrikül) giderek genişler. Bu çocuklarda ikinci bir ameliyat gerekebilmektedir."
doc_0197,doc_0197_parent_002,doc_0197_parent_002_child_001,Prenatal tarama ve tanı testleri nedir?,https://www.memorial.com.tr/tani-ve-testler/prenatal-tarama-ve-tani-testleri-nedir,306,3,0,False,"['Kordosentez: Prenatal tarama ve tanı testleri hangi durumlarda yapılır?', 'Prenatal tarama ve tanı testleri nasıl uygulanır?', 'Prenatal tarama ve tanı testleri hakkında sık sorulan sorular Prenatal tarama ve tanı testlerinin dezavantajları nelerdir?']","-Kordosentez: Prenatal tarama ve tanı testleri hangi durumlarda yapılır? Prenatal tarama testleri hiçbir sorun olmadığında bile aile istemine bağlı olarak yapılabilir. Bununla birlikte yaş faktörü başta olmak üzere anne ve babanın aile ve tıbbi geçmişinin genetik sorunu olan bir bebeğe sahip olma riskini arttırdığı durumlarda gerçekleştirilebilir. Prenatal tanı testleri de bebeğe yapılan tarama testlerinde genetik hastalık açısında yüksek risk çıktığında veya ultrasonografik değerlendirmede bebekte yapısal bir kusur görüldüğünde yapılır. Bazı durumlarda hiçbir sorun olmasa bile aile istemine bağlı olarak da yapılabilir. Prenatal tarama ve tanı testleri nasıl uygulanır? Prenatal tanı testleri içinde yer alan ikili, üçlü ve dörtlü tarama ile Fetal DNA testleri anneden damar yoluyla alınan kan ile yapılır. Prenatal tanı testlerinde ise işlemin tipine göre değişen kalınlıkta iğneler ile bebeğin plasentasından, içinde bulunduğu sıvıdan ve kordon damarından örnek alınarak gerçekleştirilir. Bu örnekler laboratuvarlarda incelenerek bebeğin genetik yapısı tespit edilir. Prenatal tanı testleri bebeğin genetik yapısını en kesin gösteren testlerdir. Prenatal tarama ve tanı testleri hakkında sık sorulan sorular Prenatal tarama ve tanı testlerinin dezavantajları nelerdir? Prenatal tarama testlerinin anne ve bebeğe bir zararı yoktur. Güvenle isteyen tüm gebelere yapılabilir."
doc_0200,doc_0200_parent_003,doc_0200_parent_003_child_002,"Kolit ve Ülseratif Kolit Nedir? Nedenleri, Belirtileri ve Tedavisi",https://www.memorial.com.tr/hastaliklar/kolit-ve-ulseratif-kolit-nedir,310,2,2,False,"['Pancolitis veya evrensel kolit: Ülseratif kolit kolon kanserine neden olur mu?', 'a kanama - Aşırı su kaybı - Sepsis - Nadiren de olsa karaciğer rahatsızlıkları - Pıhtılaşma riski - Omurilik kemikleri arasında eklem iltihabı Ülseratif Kolit Teşhisi Nasıl Yapılır?']","Bunlar şöyle açıklanabilir: - Ülseratif proktit: Rektum ile sınırlı iltihaplanmadır. Ülseratif proktit: - Proktosigmoidit: Rektum ve rektuma bitişik kolonun kısa bir bölümünün iltihaplanmasıdır Proktosigmoidit: - Sol taraflı kolit: Rektumda başlayan ve kalın bağırsağın sol kısmını içeren iltihaplanmadır. Sol taraflı kolit: - Pancolitis veya evrensel kolit: Tüm kolonun iltihaplanmasıdır. Pancolitis veya evrensel kolit: Ülseratif kolit kolon kanserine neden olur mu? Tedavi edilmeyen veya kontrol altına alınmayan ülseratif kolit kolon kanseri riskini artırmaktadır. Ülseratif kolitin neden olabileceği diğer rahatsızlıklar ise şunlardır; - Kalın bağırsak duvarının kalınlaşması - Kolonun delinmesi - Bağırsakta kanama - Aşırı su kaybı - Sepsis - Nadiren de olsa karaciğer rahatsızlıkları - Pıhtılaşma riski - Omurilik kemikleri arasında eklem iltihabı Ülseratif Kolit Teşhisi Nasıl Yapılır? Doktor muayenesinden sonra ülseratif kolit teşhisi için farklı test ve tetkikler yapılabilmektedir. - Kan ve dışkı testi : Kansızlık varlığı, yeterli alyuvar olup olmadığı, kanda enfeksiyon olup olmadığı, dışkıda beyaz kan hücresi varlığı basit testlerle belirlenebilir."
doc_0200,doc_0200_parent_004,doc_0200_parent_004_child_004,"Kolit ve Ülseratif Kolit Nedir? Nedenleri, Belirtileri ve Tedavisi",https://www.memorial.com.tr/hastaliklar/kolit-ve-ulseratif-kolit-nedir,263,4,0,False,"['Kolit ağrısı nereye vurur?', 'Kolit hastaları ne yememeli?', 'Ülseratif kolit şikayetlerini artıran besinler nelerdir?', 'Ülseratif kolite ne iyi gelir?']","Bağışıklık tepkisinin aşırı aktif olması, bağışıklık sisteminin bağırsaktaki sağlıklı dokuya saldırır ve bu durum kolonda iltihaplanmaya neden olur. Kolit ağrısı nereye vurur? Kolit ağrısı genelde karnın genelinde kramp şeklinde ağrılar meydana getirir. Sık görülen bölgesi ise karnın sol tarafıdır. Kolit hastaları ne yememeli? Eğer kolit hastasıysanız alkol ve kafeini hayatınızdan çıkarmanız gerekir. Bunların yanında süt ürünleri de kolit hastalarının şikayetlerini artırabilir. Ülseratif kolit şikayetlerini artıran besinler nelerdir? Tüketilen besinler ülseratif kolite neden olmasa da yaşanan şikayetleri artırabilir. Şikayetleri artıran besinleri bilmek şikayetlerin yaşanma sıklığını azaltabilir. Genel anlamda ülseratif kolit şikayetlerini artıran besinler alkol, kahve, çikolata, süt ürünleri, kuru fasulye, kurutulmuş meyveler, patlamış musur, sarımsak, kavuz-karpuzdur. Bu sayı daha da artırılabilir. Ülseratif kolite ne iyi gelir? Ülseratif koliti tedavisinde tüketilen gıdaların etkisi atakların sıklığı ve şiddetini azaltmaya yöneliktir."
doc_0200,doc_0200_parent_005,doc_0200_parent_005_child_001,"Kolit ve Ülseratif Kolit Nedir? Nedenleri, Belirtileri ve Tedavisi",https://www.memorial.com.tr/hastaliklar/kolit-ve-ulseratif-kolit-nedir,287,3,0,False,"['Ülseratif kolit şikayetlerini arttıran besinleri nasıl anlarım?', 'Besinler haricinde ülseratif kolit şikayetlerini neler arttırır?', 'Ülseratif kolit atakları ne kadar sürer?']","Doğal yöntem olarak tabir edilen otlar ve takviyeler yan etkileri nedeniyle tehlikeli sonuçlar doğurabilir. Ülseratif kolit hastaları için probiyotiklerin kullanımıyla ilgili çalışmalar yapılmaktadır. Sindirim sisteminde bulunan yararlı bakterilerin artırılmasının hastalığa iyi gelebileceği düşünülmektedir ancak bilimsel çalışmalarda bununla ilgili somut bir kanıt bulunamamıştır. Ülseratif kolit şikayetlerini arttıran besinleri nasıl anlarım? Ülseratif kolit hastalarının günlük yiyecek listesi tutmasında fayda vardır. Günlük tüketilen besinlerin ardından hissedilen belirtiler bir deftere not edilmelidir. Bu yolla şikayetlerin artmasına neden olan besinlerin listesini çıkarmak mümkündür. Bu listeyi doktor ve diyetisyenle paylayarak dengeli ve yeterli beslenmeyi sağlarken şikayetleri tetikleyecek gıdalardan uzak durulabilir. Besinler haricinde ülseratif kolit şikayetlerini neler arttırır? Tüketilen gıdaların yanında çevresel faktörler de ülseratif şikayetlerini artırabilir. Stres, ülseratif kolite neden olmamakla birlikte yaşanan şikayetlerin artmasına zemin hazırlayabilir. Alınan bazı ilaçlar, ülseratif kolit şikayetlerinin şiddetli geçmesine yol açabilir. Ülseratif kolit atakları ne kadar sürer? Ülseratif kolit ataklarının yaşanmasına neyin yol açtığı tam olarak bilinmemektedir."
doc_0202,doc_0202_parent_001,doc_0202_parent_001_child_004,Asosyal Ne Demek? Asosyal İnsan Kime Denir?,https://www.memorial.com.tr/saglik-rehberi/asosyal-ne-demek,264,3,1,False,"['ılmak - Sosyal beceri eğitimleri almak - Depresyon veya anksiyete gibi durumlar varsa ilaç tedavisine başlamak Asosyal Kişilik Hakkında Sık Sorulan Sorular Asosyal insan kime denir?', 'Asosyallik psikolojik midir?', 'Asosyal insan nasıl düzelir?']","Bunun dışında asosyal kişiler için terapi yöntemleri uygulanabilir. Amaç bu kişilerin sosyal ortamlara yeniden dahil olmasını ve ikili ilişki kurmasını sağlamaktır. Ancak asosyal kişiler için uygulanabilecek bu tedavinin zor bir tarafı vardır. Çünkü asosyal kişiler kendilerinin asosyal olduklarını kabul etmeyip bu duruma karşı çıkabilir. Asosyal kişiler için uygulanabilecek tedavi programları şunları içerebilir: - Profesyonel bir kişiden destek almak - Destek grubuna katılmak - Sosyal beceri eğitimleri almak - Depresyon veya anksiyete gibi durumlar varsa ilaç tedavisine başlamak Asosyal Kişilik Hakkında Sık Sorulan Sorular Asosyal insan kime denir? Asosyal kişiler kendilerini toplumdışı görürler, ikili ilişkilerden uzak dururlar ve yalnız başlarına kalmayı tercih ederler. Asosyallik psikolojik midir? Asosyalliğin temelinde psikoloji yatar. Asosyal insan nasıl düzelir? Asosyal insanın daha sosyal bir varlığa dönüşmesi öncelikle hobi edinmesi ve kalabalık insanların olduğu gruplara katılması gerekir. Kurslar, etkinlikler, spor salonuna yazılmak, arkadaş çevresiyle buluşmak gibi sosyal etkinlikler bunlara örnek olarak verilebilir ve bu adımlar kişinin asosyalliğini üstünden atmasına katkı sağlar."
doc_0204,doc_0204_parent_002,doc_0204_parent_002_child_004,Kist Nedir? Kist Belirtileri Nelerdir?,https://www.memorial.com.tr/saglik-rehberi/kist-nedir-kist-belirtileri-nelerdir,306,4,0,False,"['Kist Tedavisi Nasıl Olur?', 'Kist Hakkında Sık Sorulan Sorular Kist ne demek?', 'Kist kaç cm tehlikelidir?', 'Kist patlarsa ne olur?']","Bu gibi kistler çoğunlukla ameliyatla tedavi edilmektedir. Kist Tedavisi Nasıl Olur? Genel Cerrahi uzmanları tarafından tedavisi yapılan kistler, vücudun her alanında ortaya çıkabilir. Kişinin belirtilerine bakılarak tanı konulduktan sonra, sağlık geçmişi de göz önünde bulundurulduğunda uygun tedavi yöntemi belirlenebilir. İyi huylu olduğu belirlenen ve gelişme göstermeyen kistler, herhangi bir soruna yol açmayacağından düzenli olarak takibi yapılır. İçerisinde iltihap barındıran kistlere antibiyotik tedavisi uygulanabilir. Kist Hakkında Sık Sorulan Sorular Kist ne demek? Kist, vücudun çeşitli bölgelerinde oluşabilen, içi sıvı, hava veya yarı katı maddelerle dolu, kötü huylu olabilen ancak genellikle iyi huylu (benign) keseciklerdir. Bu yapılar, cilt altında, organlarda veya dokularda gelişebilir ve genellikle belirti vermezler; ancak bazı durumlarda ağrıya veya fonksiyon bozukluklarına neden olabilirler. Kist kaç cm tehlikelidir? Kanser dokulu olan kistler 10 cm ve üstüne çıktığı durumlarda tehlikeli olarak nitelendirilebilir. Uzman doktor kontrolden sonra cerrahi operasyonla bu kisti alır. Kist patlarsa ne olur? Kist patladığında acil olarak müdahale edilmesi gerekir. Kist patlamasında mide bulantısı, yüksek ateş ve ağrı görülebilir. Bu semptomları gösterdiğinizde mutlaka uzman doktora başvurmalısınız."
doc_0205,doc_0205_parent_001,doc_0205_parent_001_child_003,Sınav Kaygısına Karşı Önemli Öneriler,https://www.memorial.com.tr/saglik-rehberi/sinav-kaygisina-karsi-onemli-oneriler,204,3,0,False,"['”, “Bu bilgiler gereksiz, saçma, nerede ve ne zaman kullanacağım?', '” “Sınavlara ne gerek var?', '” “Çok fazla konu var, hangi birine çalışayım?']","Öğrendiğini aktaramama, okuduğunu anlayamama, düşünceleri organize edememe, dikkat azalması, sınavın içeriğine odaklanamama, zihinsel becerilerde zayıflama, enerji azlığı, bedensel rahatsızlıklar sınav kaygısının başlıca etkileridir. Kaygıya neden olan olumsuz otomatik düşüncelerin farkına varın ve uzak durun “Sınava hazır değilim.”, “Bu bilgiler gereksiz, saçma, nerede ve ne zaman kullanacağım?” “Sınavlara ne gerek var?” “Bu bilgiler gelecekte benim işime yaramaz.” “Sınava hazırlanmak için gerekli zamanım yok.” “Konuları anlamıyorum, aptal olmalıyım.” “Biliyorum, bu sınavda başarılı olamayacağım.” “Sınav kötü geçecek.” “Çok fazla konu var, hangi birine çalışayım?” gibi düşünce kalıpları ve çevre baskıları sınav kaygısına yol açarak başarısızlığa giden yola hızlı bir geçiş yapılmasına neden olacaktır."
doc_0205,doc_0205_parent_001,doc_0205_parent_001_child_004,Sınav Kaygısına Karşı Önemli Öneriler,https://www.memorial.com.tr/saglik-rehberi/sinav-kaygisina-karsi-onemli-oneriler,287,6,0,False,"['”, “Bu bilgiler gereksiz, saçma, nerede ve ne zaman kullanacağım?', '” “Sınavlara ne gerek var?', '” “Çok fazla konu var, hangi birine çalışayım?', 'Alternatif düşüncelerle kaygınızı azaltın ve motivasyonunuzu arttırın: “Yapabildiğimin iyisini yapabilirim?', '” “Olabilecek en kötü şey ne?', '” “Zamanımı en etkin şekilde nasıl kullanabilirim?']","Kaygıya neden olan olumsuz otomatik düşüncelerin farkına varın ve uzak durun “Sınava hazır değilim.”, “Bu bilgiler gereksiz, saçma, nerede ve ne zaman kullanacağım?” “Sınavlara ne gerek var?” “Bu bilgiler gelecekte benim işime yaramaz.” “Sınava hazırlanmak için gerekli zamanım yok.” “Konuları anlamıyorum, aptal olmalıyım.” “Biliyorum, bu sınavda başarılı olamayacağım.” “Sınav kötü geçecek.” “Çok fazla konu var, hangi birine çalışayım?” gibi düşünce kalıpları ve çevre baskıları sınav kaygısına yol açarak başarısızlığa giden yola hızlı bir geçiş yapılmasına neden olacaktır. Alternatif düşüncelerle kaygınızı azaltın ve motivasyonunuzu arttırın: “Yapabildiğimin iyisini yapabilirim?” “Olabilecek en kötü şey ne?” “Dünyanın sonu değil, telafisi var.” “Bunda başarısız olmam her zaman olacağım anlamına gelmez.” “Zamanımı en etkin şekilde nasıl kullanabilirim?” “Tüm kaynakları çalışamasam bile, önemli bölümlere öncelik vererek sınava hazırlanabilirim, hiç olmazsa bu bölümleri cevaplayabilirim.” “Başarırsam hayatımın önemli bir dönüm noktasını aşacağım. Başarısız olmam tembel ve beceriksiz olduğum anlamına gelmez."
doc_0206,doc_0206_parent_001,doc_0206_parent_001_child_001,Reçetesiz antibiyotik sarımsağı tüketirken dikkat,https://www.memorial.com.tr/saglik-rehberi/recetesiz-antibiyotik-sarimsagi-tuketirken-dikkat,297,2,2,False,"['arımsak - Sistite iyi geliyor - Kanserle mücadelede önemli rol oynuyor - Sarımsak karaciğeri korur - Sarımsağı tüketirken dikkat etmeniz gerekenler - Taze sarımsak mı yoksa kuru mu?', 'Sarımsak kokusu için ne yapılmalı?']","Dünya mutfaklarının vazgeçilmezi olan sarımsak, yemeklere lezzet verdiği kadar binlerce yıldır ilaç olarak da kullanılıyor. Doğal antibiyotik olarak anılan sarımsak, bağırsakları temizliyor, bağışıklığı güçlendiriyor ve diyabetten kansere kadar pek çok hastalıkla mücadelede beslenme planlarında yer alıyor. Memorial Kayseri Hastanesi Beslenme ve Diyet Bölümü’nden Dyt. Merve Sır, sarımsağın faydaları hakkında bilgi verdi ve tüketimi hakkında önemli uyarılarda bulundu. - Allicin serbest radikallere karşı korur - Sarımsağın besin değerini korumak için uygulanması gerekenler - Sarımsağın tansiyonu düşürme etkisi - Doğal antibiyotik sarımsak - Sistite iyi geliyor - Kanserle mücadelede önemli rol oynuyor - Sarımsak karaciğeri korur - Sarımsağı tüketirken dikkat etmeniz gerekenler - Taze sarımsak mı yoksa kuru mu? - Sarımsak kokusu için ne yapılmalı? Allicin serbest radikallere karşı korur Soğansı bitkiler grubunda yer alan sarımsağın ilk olarak tedavi amaçlı Mısırlıların kullandığı bilinmektedir. Sarımsağın içeriğinde % 84.09 su, % 13.38 organik madde, %1.53 inorganik madde bulunmaktadır. 33 çeşit kükürt bileşiği olan sarımsak; çinko, germanyum, A, B1 ve C vitaminleri içermektedir."
doc_0208,doc_0208_parent_001,doc_0208_parent_001_child_001,Flavonoidler Nedir? Flavonoidler İçeren Besinler Nelerdir?,https://www.memorial.com.tr/saglik-rehberi/flavonoidler,305,4,4,False,"['Flavonoidler Nedir?', 'Flavonoidlerin Faydaları Nelerdir?', 'Flavonoidler İçeren Besinler Nelerdir?', 'Flavonoidler Hakkında Sık Sorulan Sorular Flavonoidler Nedir?']","Flavonoidler, sebzelerde, turunçgiller ve çaylarda yer alan bileşikler olarak bilinir. Bu bileşikler antioksidan özellikleri sayesinde kalp krizi ya da felç riskini düşürmede etkili olur. Gıdalar içerisinde yer alan flavonoidler vücuda alındıktan sonra farklı şekillerde parçalanır ve kullanılır. Antioksidan açısından zengin olan flavonoidler vücutta günlük olarak biriken toksinlerin savuşturulmasını sağlar. Bu nedenle beslenme düzenine flavonoid içeren besinler eklemek sağlık açısından oldukça önemlidir. - Flavonoidler Nedir? - Flavonoidlerin Faydaları Nelerdir? - Flavonoidler İçeren Besinler Nelerdir? - Flavonoidler Hakkında Sık Sorulan Sorular Flavonoidler Nedir? Flavonoidler, antioksidan özelliğine sahip olan ve bitkilerde, sebzeler, çaylarda bulunarak vücuda alınan doğal bileşiklerdir. Bu bileşikler sayesinde bitkilerde tat, koku ve renk özellikleri oluşur. İnsan sağlığı üzerinde olumlu etkilere sahip olan flavonoidler, birçok gıdada yer alır. Flavonoidler antioksidan yapısının yanında kalp sağlığına etki ederek, bağışıklık sisteminin desteklenmesinde etkilidir. Böylelikle vücutta oluşan enfeksiyonlarla savaşır. Flavonoidlerin farklı alt grupları bulunur. Bunlar arasında flavonoller, flavonlar, flavanonlar, izoflavonlar, antosiyaninler ve kateşinler yer alır."
doc_0215,doc_0215_parent_001,doc_0215_parent_001_child_001,Bebeklerde Dil Gelişimi Ve Konuşma Süreci Nasıl Olur,https://www.memorial.com.tr/saglik-rehberi/bebeklerde-dil-gelisimi-ve-konusma-sureci-nasil-olur,304,5,4,False,"['“İlk hangi sözcüğü söyleyecek, söylediklerimizi ne zaman anlamaya başlayacak?', 'Serap Sapmaz - Bebeklerde dil gelişimi için ilk adımlar nasıl başlar?', 'Bebekler nasıl iletişim kurar?', 'Bebeklerde dil gelişimi evreleri nelerdir?', 'Bebeklerde Dil Gelişimi Ve Konuşma Süreci hakkında sık sorulan sorular Bebeklerde dil gelişimi için ilk adımlar nasıl başlar?']","Bebeklerde dil gelişimi ve konuşma süreci anne babalar tarafından merak edilen konular arasındadır. “İlk hangi sözcüğü söyleyecek, söylediklerimizi ne zaman anlamaya başlayacak?” gibi pek çok soru ebeveynlerin sohbet konuları arasındadır. Bebekler aslında anne karnında iletişimin ilk adımlarını atabilirler. Anne karnındayken sesleri duyabilirler. Doğumdan itibaren kendi anne ve babasının sesini tanıyabilirler. Sesleri tanımak, tanımlamak, taklit etmek, ilk sözcük ve konuşmaya doğru giden yolda zamanla adımlar atarlar. Memorial Şişli Hastanesi Çocuk Hastalıkları ve Sağlığı Bölümü’nden Uz. Dr. Serap Sapmaz , bebeklerde dil gelişimi ve konuşma süreci hakkında bilgi verdi. Memorial Şişli Hastanesi Çocuk Hastalıkları ve Sağlığı Bölümü’nden Uz. Dr. Serap Sapmaz - Bebeklerde dil gelişimi için ilk adımlar nasıl başlar? - Bebekler nasıl iletişim kurar? - Bebeklerde dil gelişimi evreleri nelerdir? - Bebeklerde Dil Gelişimi Ve Konuşma Süreci hakkında sık sorulan sorular Bebeklerde dil gelişimi için ilk adımlar nasıl başlar? Yaşamın ilk 3 yılı, beynin en hızlı geliştiği, konuşma ve dil becerilerinin kazanılması için en kritik dönemdir. Bu beceriler, sesler, görüntüler, değişik ortamlar ve başkalarının konuşma ve seslerine sürekli maruz kalma ile zengin uyaranların sunulması ile en iyi şekilde gelişir."
doc_0215,doc_0215_parent_002,doc_0215_parent_002_child_003,Bebeklerde Dil Gelişimi Ve Konuşma Süreci Nasıl Olur,https://www.memorial.com.tr/saglik-rehberi/bebeklerde-dil-gelisimi-ve-konusma-sureci-nasil-olur,302,3,0,False,"['Dört yaşında Bebeklerde Dil Gelişimi Ve Konuşma Süreci hakkında sık sorulan sorular Çocuğun konuşma gelişimini hızlandırmak için yapılması gerekenler nelerdir?', 'Çocukta konuşmanın gelişim evreleri içinde ne yapılmalıdır?', '“Çiş mi yaptın?']","Beş yaşında gelecek zaman fiillerini kullanabilir, bazı harfleri, rakamları, şekillerin isimlerini, tam isimleri ve adresleri bilirler. Dört yaşında Bebeklerde Dil Gelişimi Ve Konuşma Süreci hakkında sık sorulan sorular Çocuğun konuşma gelişimini hızlandırmak için yapılması gerekenler nelerdir? Çocukta konuşmanın gelişim evreleri içinde ne yapılmalıdır? Çocuklarda dil gelişim aşamaları için şunlar yapılabilir: 0 ile 3 ay sırasında temel ihtiyaçları hakkında onunla konuşulabilir. “Çiş mi yaptın? Temizleyelim”, “Acıktın, süt içelim” gibi cümleler kurulabilir. 3 ile 6 ay arasında “Ce e” oyunu oynanabilir, ona ismiyle seslenilebilir, gülmesine gülerek cevap verilebilir. 6 ile 12 ay arasında çocuk sesler duyunca bu sesleri tanıtmak gerekir. Kapı çalınca, “Zil çaldı” denilebilir. Ayrıca bu dönemde çocuk kitapları birlikte incelenip okunabilir. 12 ile 18 ay yarasında ona basit ve kısa cümleler kurulabilir, doğal biçimde yavaş ve açık konuşmak gerekir. Bebek konuşması taklidi yapılmaması, düzgün bir Türkçe kullanılması uygun olur. Ancak farklı mimikler ve sesler ile oyunsu bir etkileşim oluşturmak çocukların konuşmaya olan merak ve ilgisini artıracaktır. 18 ile 24 ay arasında onunla oyun kartları oynanabilir. Ona bebekken neler yaptığı basit ve eğlenceli şekilde anlatılabilir."
doc_0215,doc_0215_parent_003,doc_0215_parent_003_child_001,Bebeklerde Dil Gelişimi Ve Konuşma Süreci Nasıl Olur,https://www.memorial.com.tr/saglik-rehberi/bebeklerde-dil-gelisimi-ve-konusma-sureci-nasil-olur,314,6,0,False,"['Bebeklerde babıldama dönemi nedir, ne zamandır?', 'Erkek bebeklerde dil gelişimi farklı mıdır?', 'Erkek bebekler geç mi konuşur?', 'Bebeklerin erken konuşması için yapılması gerekenler nelerdir?', 'Bebeklerle sık konuşulmalı, onun çıkardığı seslere tepki verilmeli, çıkardığı seslere, “Acıktın mı?', 'Ay ay bebek dil gelişimi nasıl olur?']","Bebeklerde babıldama dönemi nedir, ne zamandır? Genellikle 6 ile 10 aylıkken bu dönem başlar. Bebekler “Bamama”, “Gogofdaa” gibi sesler çıkarabilirler. Net olarak konuşmaya başlamadan önce konuşulan şeyler babıldama olarak adlandırılır. Bebeklerin konuşması için anne ve babaların onlarla yakın iletişimde olması gerekir. Bebeklerin konuşma evreleri birbirinden farklı olabilir. Erkek bebeklerde dil gelişimi farklı mıdır? Erkek bebekler geç mi konuşur? Erkek bebeklerin daha geç konuştuğu söylense de kızlarla aralarında büyük bir fark olmaz. Konuşma sorununu cinsiyetle bağdaştırmak doğru bir davranış olmaz. Şüphe varsa mutlaka doktora başvurmak gerekir. Bebeklerin erken konuşması için yapılması gerekenler nelerdir? Bebeklerle sık konuşulmalı, onun çıkardığı seslere tepki verilmeli, çıkardığı seslere, “Acıktın mı?” “Süt içelim”, “Oyun oynayalım” gibi cümleler kurulmalı, ona ismiyle seslenilmeli, onu ekran maruziyetine bırakmamalı, onlarla oyun oynanmalı, çeşitli kelimeler ona tekrarlanmalıdır. Onunla bol bol iletişim ve göz kontağı kurulmalıdır. Yaşıtlarıyla da zaman geçirilmesi sağlanmalıdır. Ay ay bebek dil gelişimi nasıl olur? İlk üç ay içinde bebekler seslere duyarlı olur. Kendisiyle konuşulunca bunlara tepki verebilir. Çeşitli sesler çıkarabilir. 3 ve 6 ay arasında bebekler, yakınındaki seslere bakar."
doc_0216,doc_0216_parent_003,doc_0216_parent_003_child_002,"Fibromiyalji Nedir? Fibromiyalji Belirtileri, Nedenleri ve Tedavisi",https://www.memorial.com.tr/hastaliklar/fibromiyalji-nedir-belirtileri-nelerdir,312,3,0,False,"['Yeterince uyku alamamak: Fibromiyalji İle İlgili Sık Sorulan Sorular Fibromiyalji fiziksel olarak nasıl etkiler?', 'Fibromiyaljiyi tetikleyen faktörler nelerdir?', 'Egzersiz fibromiyaljiye iyi gelir mi?']","Aşırı şeker tüketmek: - Yeterince uyku alamamak: Fibromiyaljiye sahip kişiler için uyku kalitesi önemlidir. Fibromiyalji yetersiz uyku sonucunda ağrı duyarlılığının artmasına neden olabilir. Yeterince uyku alamamak: Fibromiyalji İle İlgili Sık Sorulan Sorular Fibromiyalji fiziksel olarak nasıl etkiler? Fibromiyalji , kaslarda ve yumuşak dokularda ağrıya neden olan ömür boyu süren kronik bir rahatsızlıktır. Kadınlarda görülme sıklığı daha fazladır. Boyun, omuz, sırt, göğüs, kollar ve bacaklarda ağrı gibi fiziksel belirtileri sabah ve akşam saatlerinde daha yaygın hissedilir. Fibromiyaljiyi tetikleyen faktörler nelerdir? Çok fazla efor sarf edilmesi, strese neden olan durumlar, kas ve kemik yaralanmaları ve bunları etkileyen hastalıklar ile hormonal değişiklikler fibromiyaljiyi tetikleyen faktörlerdir. Ayrıca mısır yağı, ayçiçek yağı ve diğer bitkisel yağlar vücutta sıklıkla iltihaplı etkilere sahip olduğu için yağlı, kızarmış yiyecekler de fibromiyaljiyi tetikleyebilmektedir. Egzersiz fibromiyaljiye iyi gelir mi? Düzenli olarak egzersiz yapmak çok önemlidir. Özellikle gevşeme egzersizleri, germe egzersizleri, kardiyovasküler kondüsyon egzersizleri, düşük yoğunlukta yürüyüş, yüzme ve bisiklete binme, su aerobiği gibi aktiviteler faydalıdır."
doc_0216,doc_0216_parent_003,doc_0216_parent_003_child_003,"Fibromiyalji Nedir? Fibromiyalji Belirtileri, Nedenleri ve Tedavisi",https://www.memorial.com.tr/hastaliklar/fibromiyalji-nedir-belirtileri-nelerdir,317,4,0,False,"['Her zaman kullandığım ağrı kesicimi kullanabilir miyim?', 'Sıcak hava ve ısı bu hastalığa iyi geliyor mu?', 'Fibromiyalji ile karıştırılan hastalıklar nelerdir?', 'Fibromiyalji ve miyofasyal ağrı sendromu arasındaki farklar nelerdir?']","Özellikle gevşeme egzersizleri, germe egzersizleri, kardiyovasküler kondüsyon egzersizleri, düşük yoğunlukta yürüyüş, yüzme ve bisiklete binme, su aerobiği gibi aktiviteler faydalıdır. Her zaman kullandığım ağrı kesicimi kullanabilir miyim? Fibromiyalji tedavisi için kullanılan ilaçlar, ağrıyı azaltmak, uykuyu düzenlemek ve depresyonu tedavi etmeye yöneliktir. Antidepresanlar, ağrı kesiciler, uyku düzenleyiciler ve kas gevşetici ilaçlar mutlaka doktor kontrolünde kullanılmadır. Sıcak hava ve ısı bu hastalığa iyi geliyor mu? Sıcak ve kuru hava fibromiyaljiye iyi gelebilir. Fizik tedavi uygulamalarından sıcak uygulama, derin ısıtıcılar ve elektriksel stimülasyon, masaj ve kaplıca kürleri tavsiye edilir. Fibromiyalji ile karıştırılan hastalıklar nelerdir? Romatoid artrit, miyofasyal ağrı sendromu, ankilozan spondilit, Lyme hastalığı, polimiyalji ve lupus gibi hastalıkların neden olduğu ağrı ve eklem tutulumu gibi belirtiler fibromiyalji ile karıştırılabilir. Çoğu romatizmal hastalık ilaç ve fizik tedavi ile tedavi edilebilirken, fibromiyaljide semptomları kontrol altına alınmaya çalışılır. Fibromiyalji ve miyofasyal ağrı sendromu arasındaki farklar nelerdir? Fibromiyalji kronik bir hastalıktır ve tedavi edilemez. Miyofasyal ağrı sendromu ise tedavi edilebilir bir hastalıktır."
doc_0218,doc_0218_parent_004,doc_0218_parent_004_child_003,"Cilt (Deri) Kanseri Nedir? Belirtileri, Nedenleri ve Tedavisi",https://www.memorial.com.tr/saglik-rehberi/tatilde-cilt-sagliginiz-icin-onleminizi-alin,311,3,1,False,"['Cilt kanseri nasıl anlaşılır?', 'Deri kanseri belirtileri nelerdir?', ""artış - 6mm'den büyük benler - Sertleşen şişmiş lenf düğümleri - Ciltte oluşan kaşıntılı lezyonlar - Çok yorgun ve hasta hissetme - Açıklanamayan kilo kaybı Cilt kanseri öldürür mü?""]","Cilt kanseri nasıl anlaşılır? Kabuk tutabilen veya kanayabilen pürüzlü veya pullu kırmızı ya da kahverengimsi lekeler, sınırları düzensiz, kenarları eşit olmayan, çentikli, bulanık veya düzensiz renkli ben veya lezyonlar, iyileşmeyen ve tekrarlayan yaralar, ciltte yeni, genişleyen veya değişen büyümelerdir. Deri kanseri belirtileri nelerdir? Ciltte yeni, çapı büyüyen ben, leke veya şişlikler, bir kaç haftadır iyileşmeyen ve kanayan yaralar, şekli ya da rengi değişen ben veya lezyonlar, düzensiz kenarlı ya da farklı alanları farklı renkte olan benler deri ya da diğer adı ile cilt kanserinin belirtileridir. Deri (cilt) kanseri şüphesini artıran belirtiler şunlardır: - Ciltte yeni ortaya çıkan ben, şişlik veya kızarıklık halinde büyüme - Düzensiz kenarlı, asimetrik, siyah, mavi, gri gibi renkli benler - İyileşmeyen, kabuklu ve kanayan yaralar - Benin yüzeyinin pürüzlü, pullu veya yaralı görünmesi - Ben sayısında anormal artış - 6mm'den büyük benler - Sertleşen şişmiş lenf düğümleri - Ciltte oluşan kaşıntılı lezyonlar - Çok yorgun ve hasta hissetme - Açıklanamayan kilo kaybı Cilt kanseri öldürür mü?"
doc_0218,doc_0218_parent_004,doc_0218_parent_004_child_004,"Cilt (Deri) Kanseri Nedir? Belirtileri, Nedenleri ve Tedavisi",https://www.memorial.com.tr/saglik-rehberi/tatilde-cilt-sagliginiz-icin-onleminizi-alin,295,5,1,False,"['Açıklanamayan kilo kaybı Cilt kanseri öldürür mü?', 'Cilt kanseri kaşıntı yapar mı?', 'Hangi cilt kanseri tehlikeli?', 'Cilt kanseri en çok nerede olur?', 'Cilt kanseri kan tahlilinde belli olur mu?']","- Açıklanamayan kilo kaybı Cilt kanseri öldürür mü? Ülkemizde cilt kanserleri türlerinden biri olan melanom, son 30 yılda %237 oranında artış göstermiştir. Melanom, cilt kanserleri arasında en az görüleni (%2'den azı) olmasına rağmen en tehlikeli cilt kanseri türüdür. Diğer organlara yayılım gösteren Melanom, tüm cilt kanseri ölümlerinin çoğunluğunu oluşturur. Cilt kanseri kaşıntı yapar mı? Vücutta çeşitli kabuklu yaralar meydana getiren cilt kanseri, bu yaraların sonucu olarak kaşıntıya sebebiyet verir. Hangi cilt kanseri tehlikeli? Tedavi edilmediği takdirde vücutta yayılma gösterebileceği için melanom, cilt kanseri türleri arasında daha tehlikeli olan tür olarak kabul edilir. Cilt kanseri en çok nerede olur? Melanom cilt kanseri, deride doğuştan var olan veya sonradan ortaya çıkan benler üzerinde kanser oluşabilir ve saçlı deri, ayak tabanı dahil vücudu kaplayan derinin herhangi bir yerinde görülebilir. Melanom cilt kanseri, erkeklerde boyun ve sırt bölgelerinde; kadınlarda bacaklar, boyun ve yüzde sık görülmektedir. Cilt kanseri kan tahlilinde belli olur mu? Kan tahlilinde bazı değerler vücutta meydana gelen anormalliklerin göstergesi olabilmesine rağmen cilt kanserinin tanısı için genellikle biyopsi yöntemine başvurulur."
doc_0219,doc_0219_parent_001,doc_0219_parent_001_child_001,Bebeklerde pamukçuk nedir?,https://www.memorial.com.tr/hastaliklar/bebeklerde-pamukcuk-nedir,275,3,0,False,"['Bebeklerde pamukçuk nedir?', 'Bebekte pamukçuk belirtileri nelerdir?', 'Ebeveynler de, “Bebeklerde pamukçuk belirtileri nelerdir?']","Bebeklerde sık görülen pamukçuk kolaylıkla tedavi edilebilen bir sorundur. Tek yapılması gereken bu durumun şiddetlenmesini önlemek için çocuk doktorundan yardım alınması ve önerilere uyulmasıdır. Memorial Şişli Hastanesi Çocuk Hastalıkları ve Sağlığı Bölümü’nden Uz. Dr. Seda Günhar bebeklerde pamukçuk hakkında bilgi verdi. Memorial Şişli Hastanesi Çocuk Hastalıkları ve Sağlığı Bölümü’nden Uz. Dr. Bebeklerde pamukçuk nedir? Bebeklerde yaygın olarak görülen fakat genellikle çok ciddi olmayan, bebeğin ağız içini kaplayan beyaz ya da sarı düzensiz şekilde yama ya da yara olarak görülebilen bir tür maya enfeksiyonudur. Genellikle bebeklerin diş etlerinde, yanak iç kısımlarında, dilinde görülebilir. Candida albicans isimli bir maya ya da mantardan kaynaklanan pamukçuk bebeklerde rahatsız edici ve ağrılı olabilen bir durumdur. Bebekte pamukçuk belirtileri nelerdir? Bebeklerin ağzında pamukçuk çok sık görülen bir sorundur. Ebeveynler de, “Bebeklerde pamukçuk belirtileri nelerdir?” sorusunun yanıtını araştırmaktadır. Bebeğin yaşam kalitesini düşüren pamukçuk, ağızda ve dilde beyaz, kadifemsi yaralara sebep olur."
doc_0219,doc_0219_parent_002,doc_0219_parent_002_child_001,Bebeklerde pamukçuk nedir?,https://www.memorial.com.tr/hastaliklar/bebeklerde-pamukcuk-nedir,318,8,0,False,"['Bebeklerde dilde pamukçuk nasıl geçer?', 'Bebeklerin dilindeki pamukçuk nasıl temizlenir?', 'Bebeklerde dilde pamukçuk nasıl geçer?', 'Bebeklerin dilindeki pamukçuk nasıl temizlenir?', 'Bebeklerde pamukçuğa ne iyi gelir?', 'Bebeklerde dudakta pamukçuk olur mu?', 'Bebeklerde dudakta pamukçuk olur mu?', 'Bebeklerde pamukçuk ağrı yapar mı?']","Pek çok kişi karbonatlı suya gazlı bez batırıp bebeğin pamukçuk olan bölgelerini ara ara temizler. Ancak bu uygulama pamukçuğu daha da şiddetlendirebilir. Doktora sormadan herhangi bir uygulama yapılmamalıdır. Doktorlar hastalığın durumuna ve yaşa uygun olarak bebeklerde pamukçuk için damlaönerisinde bulunabilir. Bebeklerde dilde pamukçuk nasıl geçer? Bebeklerin dilindeki pamukçuk nasıl temizlenir? Asla karbonatlı suyla temizleme gibi yöntemler uygulanmamalıdır. Tıbbın önerileri bu sorun konusunda yardımcı olacaktır. Bebeklerde dilde pamukçuk nasıl geçer? Bebeklerin dilindeki pamukçuk nasıl temizlenir? Bebeklerde pamukçuğa ne iyi gelir? Annenin göğsünde de enfeksiyon varsa ki bu mümkün olabilir, doktorun verdiği tedavi edici ilaçlar anne göğsüne de sürülebilmektedir. Bunun yanında bebeklerin kullandığı biberon, emzik iyi bir şekilde steriledilmelidir. Annenin de göğüs ucunu temiz tutması, göğüs ucu bakımına özen göstermesi gerekmektedir. Bebeklerde dudakta pamukçuk olur mu? Anneler, “internette bebeklerin dudakları neden beyazlar” şeklinde aramalar yapabilir. Bebeklerde dilde pamukçuk olabildiği gibi; ağız içinde, yanak içinde, dudak içinde de olabilir. Bebeklerde dudakta pamukçuk olur mu? Bebeklerde pamukçuk ağrı yapar mı? Evet, pamukçuk ağrılı bir sorun olabilmektedir."
doc_0219,doc_0219_parent_002,doc_0219_parent_002_child_002,Bebeklerde pamukçuk nedir?,https://www.memorial.com.tr/hastaliklar/bebeklerde-pamukcuk-nedir,308,5,0,False,"['Bebeklerde pamukçuk zararlı mıdır?', 'Ağzı pamukçuk olan bebeğe ne yapılır?', 'Ağzı pamukçuk olan bebeğe ne yapılır?', 'Bebeklerde pamukçuk nasıl önlenir?', 'Bebeklerde pamukçuk için probiyotik yararlı mı?']","Evet, pamukçuk ağrılı bir sorun olabilmektedir. Bebeklerde pamukçuk zararlı mıdır? Pamukçuk tedavi edilmezse ağır akciğer ya da daha farklı enfeksiyonlara sebep olabilmektedir. Ağzı pamukçuk olan bebeğe ne yapılır? Pamukçuk fark edildiği anda bir çocuk sağlığı ve hastalıkları uzmanından yardım alınmalıdır. Bebeklerde ağız içi pamukçuk tedavisi sadece uzman hekim tarafından yapılmalıdır. Ağzı pamukçuk olan bebeğe ne yapılır? Bebeklerde pamukçuk nasıl önlenir? Annenin memesinden geçebilen bir hastalık olduğu için annelerin de sağlığına dikkat etmesi gerekmektedir. Anneler probiyotik almayı ihmal etmemelidir. Annelerin abur cubur, şeker, tuz gibi gıdaları tüketmemesi doğru olur. Doğal şeker alımı günde 2-3 porsiyondan fazla olmamalı. Antibakteriyel ve antifungal gıdalar anneler tarafından düzenli olarak tüketilmelidir. Bunun yanında annenin göğüs ucu hijyenine çok dikkat etmesi gerekir. Bebeğinizin kullandığı tüm oyuncaklarını düzenli olarak sterilize edin. Biberonla besliyorsanız, tüm besleme ekipmanlarını, özellikle emzikleri düzenli olarak steriliz edin. Bazı insanlar bebeğe beslendikten sonra sterilize edilmiş su vermeyi önerir. Bu da bir yöntem olabilir. Bebeklerde pamukçuk için probiyotik yararlı mı? Düzenli bir probiyotik almak, pamukçuk ve diğer maya enfeksiyonlarını önlemeye yardımcı olabilir."
doc_0219,doc_0219_parent_002,doc_0219_parent_002_child_004,Bebeklerde pamukçuk nedir?,https://www.memorial.com.tr/hastaliklar/bebeklerde-pamukcuk-nedir,261,3,1,False,"['Bebeklerde ağızda pamukçuk evde nasıl tedavi edilir?', 'Bebeklerde pamukçuk nerede görülür?', 'arını da etkileyebilir: - Tırnaklar - Gözler - Bebek bezi alanı (vajina veya kasık) - Deri kıvrımları (koltuk altı veya boyundaki kıvrımlar) Pamukçuk emziren anneleri nasıl etkiler?']","Biberon, emzik dışında anne sütüyle, göğüsle temas eden göğüs pompaları da iyice steril edilmelidir. Mayanın büyümesini önlemek için anne sütünü kullanmadan hemen öncesine kadar buzdolabında saklayın. Maya ile temas ihtimali varsa, sakladığınız sağılmış anne sütünü atmanız gerekebilir. Tek kullanımlık emzirme pedlerini sık sık değiştirerek ve her gün temiz bir sütyen giyerek göğüslerinizi kuru ve olası maya kaynaklarından uzak tutun. Bebeklerde ağızda pamukçuk evde nasıl tedavi edilir? Bebeklerde pamukçuk nerede görülür? Tipik olarak pamukçukun ağızda meydana geldiğini düşünmemize rağmen, aşağıdaki vücut kısımlarını da etkileyebilir: - Tırnaklar - Gözler - Bebek bezi alanı (vajina veya kasık) - Deri kıvrımları (koltuk altı veya boyundaki kıvrımlar) Pamukçuk emziren anneleri nasıl etkiler? Emzirme pamukçuk sırasında anneler için de ağrılı bir süreç olabilir. Tedaviden annelerin de faydalanması gerekir. Genelde emziren annelerin emzirmeye devam etmesi gerekir. Göğüs uçları ağrılı olabileceğinden genelde daha kısa ve sık beslenme önerilir."
doc_0220,doc_0220_parent_002,doc_0220_parent_002_child_003,Kronik yorgunluk sendromu nedir? Belirtileri ve tedavisi nedir?,https://www.memorial.com.tr/hastaliklar/kronik-yorgunluk-sendromu-nedir-belirtileri-ve-tedavisi-nedir,314,3,0,False,"['Kronik yorgunluk sendromu hakkında sık sorulan sorular Kronik yorgunluk sendromunda hangi önlemler alınmalıdır?', 'Kronik yorgunluk sendromunun getirdiği halsizlik ve yorgunluk için hangi vitaminler kullanılabilir?', 'Sürekli yorgunluk hissi neden olur?']","Gün içerisinde 8-10 bardak su içmeye özen gösterin. Kızartmalardan uzak durun, bunların yerine fırında haşlama, buğulama tercih edin. Yağlı besinlerden mümkün olduğunca uzak durun. Özellikle akşam yemeklerini sebze ağırlıklı olmasına dikkat edin. Kronik yorgunluk sendromu hakkında sık sorulan sorular Kronik yorgunluk sendromunda hangi önlemler alınmalıdır? - Düzenli egzersiz alışkanlığı edinilmeli ve stres azaltılmalıdır. - Sıcak yaz günlerinde ağır yiyecekler yerine zeytinyağlı hafif yiyecekler tercih edilmelidir. - Su tüketimi artırılmalı, susuz kalmak metabolizmayı yavaşlatarak yorgunluğa yol açabilmektedir. - Uyku alışkanlığı iyileştirilmeli, her gece aynı saatte ve yeterli uyumak alışkanlık haline getirilmelidir. Uyku öncesinde kafeinli, alkollü içeceklerden, nikotinden, aşırı yağlı yiyeceklerden ve aşırı aktiviteden kaçınılmalıdır. - Güneş ışınlarının dik geldiği 11.00- 15.00 saatleri arasında 20 dakika boyunca güneş koruyucu olmadan güneşlenilmelidir. Kronik yorgunluk sendromunun getirdiği halsizlik ve yorgunluk için hangi vitaminler kullanılabilir? C,D E, B6, B12 vitaminleri ve koenzim Q10 , çinko, magnezyum gibi mineraller halsizlik ve yorgunluk için kullanılan vitamin ve mineraller arasında yer almaktadır. Sürekli yorgunluk hissi neden olur? Sürekli yorgunluk hissinin birçok sebebi olabilmektedir."
doc_0221,doc_0221_parent_001,doc_0221_parent_001_child_001,Kızgın Yağ Yanığı Nasıl Oluşur ve Ne İyi Gelir?,https://www.memorial.com.tr/saglik-rehberi/kizgin-yag-yanigi,316,2,2,False,"['Kızgın Yağ Yanığı Nedenleri - Yağ Yanığı İçin İlk Yardım Önerileri - Kızgın Yağ Yanığı Durumunda Ne Zaman Doktora Gidilmelidir?', 'Kızgın Yağ Yanığında Hangi Tedaviler Uygulanabilir?']","Kızgın yağ yanığı, acil müdahale gerektiren bir durumdur. Hemen soğuk suyla yıkamak önemlidir. Yanık bölgesi temiz tutulmalı ve korunmalıdır. Kızgın yağ yanığı, uygun tedaviyle iyileşir. Evde doğal yöntemlerle de rahatlama sağlanabilir. Daha ciddi yanıklar için ise tıbbi yardım alınması gerekir. - Kızgın Yağ Yanığı Nedenleri - Yağ Yanığı İçin İlk Yardım Önerileri - Kızgın Yağ Yanığı Durumunda Ne Zaman Doktora Gidilmelidir? - Kızgın Yağ Yanığında Hangi Tedaviler Uygulanabilir? - Kızgın Yağ Yanığı İyileşme Süreci - Kızgın Yağ Yanığını Önleme ve Güvenlik Önlemleri - Kızgın Yağ Yanığı Hakkında Sıkça Sorulan Sorular Kızgın Yağ Yanığı Nedenleri Kızgın yağ yanıklarının en yaygın nedenleri arasında yer alan şu şekilde listelenebilir: - Yüksek ateşte ısıtılan yağın sıçraması - Yağ kızdırma sırasında dikkatsizlik veya hızlı hareketler - Tencerenin üzerinde taşan yağın teması - Yanlış kullanılan yağ veya yağa düşen su damlalarıyla oluşan buharlaşma patlamaları Yağ Yanığı İçin İlk Yardım Önerileri Bu şekilde bir durumla karşı karşıya kaldığınızda ilk müdahale oldukça önemlidir. Uzman bir sağlık personelinden yardım almadan önce siz ya da bir yakınınız ilk yardım müdahalesinde bulunabilir. Bu şekilde bir müdahale ile iyileşme süreci daha hızlı olabileceği gibi kalabilecek iz minimize edilebilir."
doc_0221,doc_0221_parent_002,doc_0221_parent_002_child_001,Kızgın Yağ Yanığı Nasıl Oluşur ve Ne İyi Gelir?,https://www.memorial.com.tr/saglik-rehberi/kizgin-yag-yanigi,312,3,1,False,"['İyileşmeyi hızlandırmak için neler yapılabilir?', 'Yanık izleri nasıl azaltılır?', 'Kızgın yağ yanığı izi konusunda akıllara sıkça gelen sorulardan biri de kızgın yağ yanığı iz bırakır mı?']","Kızgın Yağ Yanığı İyileşme Süreci Olası bir kızgın yağ yanığının iyileşme süreci; yanığın derecesine ve ilk anda edilen müdahaleye bağlıdır. Eğer yanık derecesi düşükse ve yanık sonrası müdahale edildiyse iyileşme süreci hızlı olabilir. Ancak derece yüksekse ve yanan alan büyükse uzman bir sağlık kurumuna gitmeniz gerekir. Bu şekilde iyileşme sürecini hızlandırabilirsiniz. İyileşmeyi hızlandırmak için neler yapılabilir? Kızgın yağ yanığı kaç günde geçer sorusunun kesin bir yanıtı olmamakla birlikte iyileşme sürecini hızlandırmak için şunları yapabilirsiniz: - Yanık bölgesinin yenilenmesi için protein, mineral ve vitamin açısından zengin besinler tüketilmelidir. - Cildin yenilenme sürecinde su ihtiyacı artar. Bu nedenle su tüketiminin arttırılması gerekir. - Sigara ve alkol, iyileşme sürecini olumsuz etkileyebilir. Bu zararlı alışkanlıkların kullanımından uzaklaşılmalıdır. - Yanık bölgesini düzenli olarak temizleyip pansuman yapmak, enfeksiyon riskini azaltabilir. Yanık izleri nasıl azaltılır? Kızgın yağ yanığı izi konusunda akıllara sıkça gelen sorulardan biri de kızgın yağ yanığı iz bırakır mı? sorusudur. Evet yanık derecesine bağlı olarak iz bırakabilir. Kızgın yağ yanığının mümkün olduğu kadar az bir şekilde iz bırakması için şunları uygulayabilirsiniz: - Doktorunuzun önerdiği iz azaltıcı kremler veya merhemler kullanmak"
doc_0221,doc_0221_parent_002,doc_0221_parent_002_child_002,Kızgın Yağ Yanığı Nasıl Oluşur ve Ne İyi Gelir?,https://www.memorial.com.tr/saglik-rehberi/kizgin-yag-yanigi,311,3,2,False,"['Hangi durumlar kızgın yağ yanığı riskini artırır?', 'durumlar şunlardır: - Mutfakta dikkatsizlik veya hızlı hareketler - Korumasız çalışmak - Yağlı ve sıvı maddelerle çalışmak Mutfakta kızgın yağ ile çalışırken nelere dikkat edilmeli?', 'emi almak hayati önem taşır: - Su dökme işlemi - Dikkat dağıtıcı faktörler - Yakıcı maddeler Kızgın Yağ Yanığı Hakkında Sıkça Sorulan Sorular Kızgın yağ yanığının acısı nasıl geçer?']","Kızgın yağ yanığının mümkün olduğu kadar az bir şekilde iz bırakması için şunları uygulayabilirsiniz: - Doktorunuzun önerdiği iz azaltıcı kremler veya merhemler kullanmak - Güneşten korunmak için yanık bölgesini güneş kremi veya giysilerle kapamak - Derin izler için lazer tedavisi, kimyasal peeling gibi yöntemler. Bu konuda uzman bir dermatoloğa başvurmanız önemlidir. Kızgın Yağ Yanığını Önleme ve Güvenlik Önlemleri Deride herhangi bir nedenle kızgın yağ yanığı oluşmadan önce bazı güvenlik risklerini alarak riski azaltabilirsiniz. Eğer mutfak çalışanıysanız ya da sık yemek pişiriyorsanız eldiven ya da önlük gibi koruyucu güvenlik önlemleri alabilirsiniz. Hangi durumlar kızgın yağ yanığı riskini artırır? Kızgın yağ yanığı riskini artıran durumlar şunlardır: - Mutfakta dikkatsizlik veya hızlı hareketler - Korumasız çalışmak - Yağlı ve sıvı maddelerle çalışmak Mutfakta kızgın yağ ile çalışırken nelere dikkat edilmeli? Mutfakta kızgın yağ ile çalışırken özellikle şu konularda güvenlik önlemi almak hayati önem taşır: - Su dökme işlemi - Dikkat dağıtıcı faktörler - Yakıcı maddeler Kızgın Yağ Yanığı Hakkında Sıkça Sorulan Sorular Kızgın yağ yanığının acısı nasıl geçer? Kızgın yağ yanığı acısı genellikle soğuk suyla soğutma ve uygun ilaçlarla hafifletilebilir."
doc_0221,doc_0221_parent_002,doc_0221_parent_002_child_003,Kızgın Yağ Yanığı Nasıl Oluşur ve Ne İyi Gelir?,https://www.memorial.com.tr/saglik-rehberi/kizgin-yag-yanigi,211,4,0,False,"['Kızgın yağ yanığının su toplaması nasıl geçer?', 'Kızgın yağ yanığı doğal yöntemlerle geçer mi?', 'Kızgın yağ yanığında ne yapılmaması gerekir?', 'Kızgın yağ yanığına ne iyi gelir?']","Kızgın yağ yanığı acısı genellikle soğuk suyla soğutma ve uygun ilaçlarla hafifletilebilir. Kızgın yağ yanığının su toplaması nasıl geçer? Kızgın yağ yanığı su topladıysa patlatmaktan kaçınmalısınız. Üzerine herhangi bir krem ya da benzeri bir yabancı madde sürmeden uzman bir hekime danışmanız gerekebilir. Kızgın yağ yanığı doğal yöntemlerle geçer mi? Doğal yöntemler genellikle yanık tedavisi için etkili olmasa da hafiflemesine yardımcı olabilecek Aloe vera jeli gibi yatıştırıcılarla nemlendirilebilir. Fakat, doktorunuza danışmadan herhangi bir doğal yöntem kullanmaktan kaçının. Kızgın yağ yanığında ne yapılmaması gerekir? Yanık bölgesine buz uygulamak veya içine tıbbi olmayan maddeler sürmek gibi yanlış uygulamalardan kaçınmalısınız. Kızgın yağ yanığına ne iyi gelir? Kızgın yağ yanığına ilk yardım uygulamaları yapmak ve uzman sağlık personelinin önerdiği tedavileri uygulamak en etkili yöntemdir."
doc_0223,doc_0223_parent_002,doc_0223_parent_002_child_002,Okul Çağındaki Çocuklarda Astım ile Başa Çıkmanın Yolları,https://www.memorial.com.tr/saglik-rehberi/okul-cagindaki-cocuklarda-astim-ile-basa-cikmanin-yollari,268,7,6,False,"['Rahatlatıcı “inhaler ilaçları” yanında taşıyıp gerektiğinde kullanabilir mi?', 'Çocuğunuz astım ilacını yanında taşımak istiyor mu?', 'Doktorunuz, çocuğunuzun gerektiğinde ilacını kendi kendine kullanabilecek yaş ve olgunlukta olduğunu düşünüyor mu?', 'Çocuğunuz, astım bulgularını tanıyabilir mi?', 'Bu bulgular ortaya çıktığında ilacını uygun şekilde kullanabilir mi?', 'İlacını devamlı yanında taşıması gerektiğini, arkadaşları ile paylaşmaması ve ortalıkta bırakmaması gerektiğini biliyor mu?', 'İlacını kullanma ihtiyacı olduktan sonra mutlaka bir erişkini konu ile ilgili olarak haberdar etmesi gerektiğini biliyor mu?']","Okul yönetiminde çocuğun velilerinin telefonları yanı sıra, mutlaka başka bir aile bireyi ya da güvendiğiniz bir arkadaşınızın telefonunun olmasında fayda vardır. Okul yönetimi hangi durumlarda çocuğunuzun hekimini, hangi durumlarda tıbbi yardım için hastaneyi arayacağına ve çocuğu hastaneye götürmesi gerektiğine ilişkin fikir sahibi olmalıdır. Acil bir durum söz konusu olduğunda çocuğun hangi hastaneye götürülmesini istediğinizi belirtmeniz de doğru olacaktır. Rahatlatıcı “inhaler ilaçları” yanında taşıyıp gerektiğinde kullanabilir mi? Çocuğun, rahatlatıcı “inhaler ilaçları” yanında taşıyıp gerektiğinde uygun şekilde kullanabilmesi için aşağıda belirtilen sorulara olumlu bir şekilde cevap verilmesi gerekmektedir. - Çocuğunuz astım ilacını yanında taşımak istiyor mu? - Doktorunuz, çocuğunuzun gerektiğinde ilacını kendi kendine kullanabilecek yaş ve olgunlukta olduğunu düşünüyor mu? - Çocuğunuz, astım bulgularını tanıyabilir mi? - Bu bulgular ortaya çıktığında ilacını uygun şekilde kullanabilir mi? - İlacını devamlı yanında taşıması gerektiğini, arkadaşları ile paylaşmaması ve ortalıkta bırakmaması gerektiğini biliyor mu? - İlacını kullanma ihtiyacı olduktan sonra mutlaka bir erişkini konu ile ilgili olarak haberdar etmesi gerektiğini biliyor mu?"
doc_0224,doc_0224_parent_001,doc_0224_parent_001_child_004,Mangonun Faydaları Nelerdir?,https://www.memorial.com.tr/saglik-rehberi/mangonun-faydalari,280,3,0,False,"['Mangonun Zararları Var mı?', 'Mango Nasıl Yenir?', 'Mangonun Faydaları Hakkında Sık Sorulan Sorular Mango ne işe yarar?']","Kilo kontrolü sağlar Düşük kalorili bir meyve olan mango, bu sayede güvenli bir şekilde tüketilebilir ve kilo kontrolünü sağlar. Cilt kırışıklıklarını önleme Yüksek düzeyde C vitamini içeren mango, cilde elastikiyet özelliği kazandıran, kırışıklıkları ve sarkmaları önlemeye yardım eden kolajen üretimini destekler. Mangonun Zararları Var mı? Genellikle güvenli bir şekilde tüketilebilen mangonun aşırı tüketimi sonucu bazı potansiyel yan etkiler ortaya çıkardığı görülebilir. Bu yan etkilerin başında gaz ve şişkinlikle birlikte ciltte alerjik reaksiyonlar gelir. Mango Nasıl Yenir? Mango tek başına da tüketilebilen, güvenli ve tatlı bir meyvedir. Çekirdeği çıkarıldıktan sonra dilerseniz küçük parçalar halinde dilerseniz de bütün haliyle tüketilebilen mango ayrıca salatalara, smoothielere , yoğurda veya soslara da eklenebilir. Mangonun Faydaları Hakkında Sık Sorulan Sorular Mango ne işe yarar? Mango temelde düşük kalori bir meyve olmasından dolayı kilo kontrolü açısından önemlidir. Bağışıklığı güçlendirmesi bakımından zengin C vitamini kaynağı olan mango aynı zamanda kan basıncını ve kolesterolü düşürererek kalp sağlığını destekler, diyabet tedavisine destek olur, sindirime yardım eder, cildi temizler ve göz sağlığını korur."
doc_0224,doc_0224_parent_001,doc_0224_parent_001_child_005,Mangonun Faydaları Nelerdir?,https://www.memorial.com.tr/saglik-rehberi/mangonun-faydalari,131,3,0,False,"['Mango hangi organa iyi gelir?', 'Mango her gün yenir mi?', 'Mango zayıflatır mı?']","Bağışıklığı güçlendirmesi bakımından zengin C vitamini kaynağı olan mango aynı zamanda kan basıncını ve kolesterolü düşürererek kalp sağlığını destekler, diyabet tedavisine destek olur, sindirime yardım eder, cildi temizler ve göz sağlığını korur. Mango hangi organa iyi gelir? Mango kalp olmak üzere göz ve cilt sağlığına iyi gelen meyvelerden biridir. Mango her gün yenir mi? Mango düzenli olarak her gün tüketilebilir. Mango zayıflatır mı? Düşük kalorili bir meyve olan mango düzenli olarak tüketildiğinde kilo kontrolü yapmakla birlikte kilo verme sürecinde de önemli bir destekçiniz olabilir."
doc_0226,doc_0226_parent_001,doc_0226_parent_001_child_001,Flirt Varyantı Nedir? Flirt Varyantı Belirtileri Nelerdir?,https://www.memorial.com.tr/saglik-rehberi/flirt-varyanti,318,4,4,False,"['FLiRT Varyantı Nedir?', 'FLiRT Varyantı Neden Olur?', 'FLiRT Varyantı Belirtileri Nelerdir?', 'FLiRT Varyantı Hakkında Sık Sorulan Sorular FLiRT Varyantı Nedir?']","Flirt varyantı, bulaşma riski daha yüksek olan, COVID-19 varyantlarından omicron’un alt değişkeni yani mutasyonudur. Covid’in varyant listesine adını yazdıran FLiRT varyantı, aşı veya önceki enfeksiyondan kaynaklanan bağışıklığa rağmen bulaşma eğiliminde olabileceği kabul edilir. Diğer varyantlarda olduğu gibi FLiRT de öksürük, boğaz ağrısı, burun akıntısı, baş ağrısı ve kas ağrıları gibi belirtiler içerir. - FLiRT Varyantı Nedir? - FLiRT Varyantı Neden Olur? - FLiRT Varyantı Belirtileri Nelerdir? - FLiRT Varyantı Hakkında Sık Sorulan Sorular FLiRT Varyantı Nedir? FLiRT varyantı(KP.2), KP veya JN ile başlayan ve aynı mutasyon kümesinin adını taşıyan, COVID-19 varyantı olan omicron'un alt varyantıdır. KP.2, mutasyonlarının teknik isimlerine atfen ""FLiRT"" olarak adlandırılmıştır. FLiRT varyantlarının JN.1 varyantında görülmeyen, spike proteinlerinde iki mutasyon olduğu bilinmektedir. Bu mutasyonları nedeniyle flirt varyantının bağışıklık sistemini aşması diğer varyantlara göre daha kolaydır. Omicron , eris ve JN1 varyantında olduğu gibi flirt varyantı da yine üst solunum yolunu etkilemektedir."
doc_0226,doc_0226_parent_001,doc_0226_parent_001_child_003,Flirt Varyantı Nedir? Flirt Varyantı Belirtileri Nelerdir?,https://www.memorial.com.tr/saglik-rehberi/flirt-varyanti,237,4,1,False,"['Burun akıntısı - Nefes darlığı - Baş ağrısı - Kas-vücut ağrıları - Yorgunluk - Mide bulantısı ve kusma FLiRT Varyantı Hakkında Sık Sorulan Sorular FLiRT varyantı ne demek?', 'FLiRT varyantı daha mı bulaşıcı?', 'Covid aşıları FLiRT varyantından korur mu?', 'FLiRT varyantı Türkiye’de görüldü mü?']","- Burun akıntısı - Nefes darlığı - Baş ağrısı - Kas-vücut ağrıları - Yorgunluk - Mide bulantısı ve kusma FLiRT Varyantı Hakkında Sık Sorulan Sorular FLiRT varyantı ne demek? FLiRT varyantı omicron’un alt grubuna ait yeni bir covid varyantına verilen isimdir. FLiRT varyantı daha mı bulaşıcı? FLiRT varyantının daha fazla bulaşıcı olabileceği düşünülse de bu konuda bir kesinlik söz konusu değildir. Covid aşıları FLiRT varyantından korur mu? Covid aşıları ve daha önce hastalığı geçiren kişilerin vücudunda yüksek bağışıklık söz konusudur. Özellikle aşıların, yeni varyantlara karşı koruyuculuğu olduğu değerlendirilse de yeni varyantın seyrine göre aşılara da güncelleme gerekebilir. Bu konuda resmi ve bilimsel açıklamaların ışığında hareket etmek önemlidir. FLiRT varyantı Türkiye’de görüldü mü? Türkiye’de görülen herhangi bir FLiRT varyantı vakası yoktur."
doc_0230,doc_0230_parent_002,doc_0230_parent_002_child_001,Bronkoskopi Nedir? Bronkoskopi Neden Yapılır?,https://www.memorial.com.tr/tani-ve-testler/bronkoskopi-nedir,244,3,0,False,"['Bronkoskopik lavaj nedir?', 'Çocuklara bronkoskopi yapılır mı?', 'Bronkoskopi uyutularak mı yapılır?']","Bronkoskopla biyopsi işlemi, akciğer ve bronş dokusu örneği toplamak için küçük forseps içi boş iğneler veya fırçalar gibi uzun, ince aletler bronkoskoptan geçirerek yapılır. Alınan örnekler incelenmek üzere patoloji laboratuvarına gönderilir. Bronkoskopik lavaj nedir? Hava yollarına verilen steril tuzlu su bronkoskoptan geçirilerek ve ardından bu sıvı emilerek hava yollarında bulunan hücreler örneklenebilmektedir. Bu işlem bronş yıkama (bronş lavaj) olarak da bilinir. Bronş lavaj sıvısı örnekleri daha sonra laboratuvarda incelenir. Çocuklara bronkoskopi yapılır mı? Gerekli görülen durumlarda bebek ve çocuklara da bronkoskopi yapılabilmektedir. Çocuklara bronkoskopi yapılması için en yaygın nedenler; tekrarlayan krup, kronik stridor ve şüpheli yabancı cisimdir. Bronkoskopi uyutularak mı yapılır? Bronkoskopi lokal ve genel anestezi altında yapılabilen bir işlemdir. Bronkoskopi işleminin nasıl uygulanacağı hastanın durumuna göre uzman hekim tarafından belirlenmektedir. Genellikle lokal anestezi altında uygulanmaktadır."
doc_0232,doc_0232_parent_002,doc_0232_parent_002_child_002,Malformasyon Nedir? Malformasyon Neden Olur?,https://www.memorial.com.tr/saglik-rehberi/malformasyon,313,4,0,False,"['Malformasyonların fiziksel ve psikolojik etkileri nelerdir?', 'Malformasyonlar doğumdan önce tespit edilebilir mi?', 'Malformasyonlar sadece fiziksel mi olur?', 'Malformasyonlar hangi yaş gruplarında daha sık görülür?']","Bu kalıcı hasarlar ani bir felç ya da anevrizma geçirme sonrasında görülebilir. Bölgede oluşabilecek hücre ölümü ve doku hasarı, bölgeyi tamamen negatif etkileyebilir. İlave olarak kan pıhtılarının oluşması, ani bir kalp krizi de oluşmasına neden olabilir. Tüm bu sebeplerden dolayı hastalığın erken teşhisi hayati açıdan büyük bir katkı sağlar. Malformasyonların fiziksel ve psikolojik etkileri nelerdir? Bu rahatsızlık hemangiomlara benzer şekilde olarak ciltte görülebilir. Cilt üzerinde damar toplanması olarak ifade edilen durum, kötü bir görüntü meydana getirebilir. Bu durum, kişinin sosyal hayatta öz güveninin düşmesine ve psikolojinin negatif etkilenmesine neden olabilir. Malformasyonlar doğumdan önce tespit edilebilir mi? Bu rahatsızlığın kaynağı, bazı bilimsel çalışmalarda anne karnında oluşan genetik bir mutasyona bağlanır. Diğer bir yandan yetişkinlik döneminde de bu hastalık ortaya çıkabilir. Tüm bilgilerden dolayı hastalık semptomları ortaya çıktıktan sonra kişide tespit edilebilir. Malformasyonlar sadece fiziksel mi olur? Bu rahatsızlığın etkilerine bakıldığında hem fiziksel hem de psikolojik etkileri olabilir. Damarlarda oluşan bu problem, vücutta kalıcı ya da akut hasarlar bırakabilir. Fiziksel görünüm açısından da cildin yüzeyinde oluşabilen bu damar yumakları, kötü bir görünüm de oluşturabilir. Malformasyonlar hangi yaş gruplarında daha sık görülür? Hastalığın ortaya çıkış şekli kişiden kişiye farklılık gösterebilir."
doc_0232,doc_0232_parent_002,doc_0232_parent_002_child_003,Malformasyon Nedir? Malformasyon Neden Olur?,https://www.memorial.com.tr/saglik-rehberi/malformasyon,286,4,0,False,"['Malformasyonlar hangi yaş gruplarında daha sık görülür?', 'Malformasyonlar yaşam kalitesini nasıl etkiler?', 'Malformasyonlar çevresel faktörlere bağlı olabilir mi?', 'Malformasyonlar hakkında hangi uzmanlara başvurulabilir?']","Malformasyonlar hangi yaş gruplarında daha sık görülür? Hastalığın ortaya çıkış şekli kişiden kişiye farklılık gösterebilir. Diğer bir yandan genellikle çocukta görülebilen rahatsızlık, her yaşta ortaya çıkabilir. Eğer yaşlılık döneminde görülürse damar hasarları riski daha yüksek olacağı için hayati riskler daha fazladır. Malformasyonlar yaşam kalitesini nasıl etkiler? Bu rahatsızlık yaşam kalitesini negatif etkiler. Bu süreçte damar tıkanıklıkları ya da kan akışının sağlanamaması, ani felç ya da kanamayı gündeme getirebilir. Genel olarak tedaviye doktor kontrolünde devam edilmesi, sağlık problemlerinin ilerlemesini engelleyebilir. Malformasyonlar çevresel faktörlere bağlı olabilir mi? Kişide hemangiomlar gibi hastalıkların varlığı bu rahatsızlığı tetikleyebilir. Bu nedenle hastalığın temeli genetik mutasyona bağlı olsa da bazı çevresel faktörler açığa çıkma ihtimalini artırabilir. Bu doğrultuda çevresel faktörler, hastalığın ana nedeni olmasa da tetikleyici unsuru olabilir. Malformasyonlar hakkında hangi uzmanlara başvurulabilir? Bu rahatsızlıkta multidisipliner yaklaşımlarla tedavi takvimi çıkarabilir. Bu anlamda plastik ve genel cerrah, hematolog, ortopedist, dermatolog ve girişimsel radyoloji uzmanlarına başvurulabilir. Tüm bu uzmanlıklar ortak bir zeminde tedavi seçeneklerini değerlendirebilir."
doc_0233,doc_0233_parent_004,doc_0233_parent_004_child_002,Alt Solunum Yolu Enfeksiyonu Nedir? Belirtileri Nelerdir?,https://www.memorial.com.tr/saglik-rehberi/alt-solunum-yolu-enfeksiyonu-nedir,310,4,0,False,"['Alt solunum yolu enfeksiyonu belirtileri nelerdir?', 'Alt solunum yolu enfeksiyonu kaç günde geçer?', 'Alt solunum yolu enfeksiyonu tehlikeli midir?', 'Alt solunum yolu enfeksiyonu zatürre midir?']","Alt solunum yolu enfeksiyonu belirtileri nelerdir? Alt solunum yolu enfeksiyonu belirtileri arasında en yaygın olanlar öksürük, nefes darlığı, ateş, göğüs ağrısı veya rahatsızlık, yorgunluk, halsizlik ve hırıltılı solunum yer alır. Bazı durumlarda burun tıkanıklığı, burun akıntısı ve boğaz ağrısı gibi üst solunum yolu belirtileri de eşlik edebilir. Alt solunum yolu enfeksiyonu kaç günde geçer? Alt solunum yolu enfeksiyonunun süresi, enfeksiyonun etkenine, şiddetine ve kişinin genel sağlık durumuna göre değişir. Viral enfeksiyonlar genellikle 7-10 gün içinde kendiliğinden iyileşirken, bakteriyel enfeksiyonlar antibiyotik tedavisi ile birkaç hafta sürebilir. Zatürre gibi daha ciddi vakalar ise iyileşme sürecinde daha uzun zaman alabilir. Alt solunum yolu enfeksiyonu tehlikeli midir? Alt solunum yolu enfeksiyonları, özellikle küçük çocuklar, yaşlılar, kronik hastalığı ve bağışıklık sistemi zayıf olan bireyler için tehlikeli olabilir. Pnömoni gibi bazı alt solunum yolu enfeksiyonları ciddi solunum yetmezliğine, sepsis veya diğer organ yetmezliklerine yol açarak hayati tehlike oluşturabilir. Alt solunum yolu enfeksiyonu zatürre midir? Hayır, alt solunum yolu enfeksiyonu genel bir terimdir ve zatürre bu enfeksiyon türlerinden sadece biridir. Bronşit ve bronşiyolit de alt solunum yolu enfeksiyonu çeşitleridir."
doc_0235,doc_0235_parent_003,doc_0235_parent_003_child_002,Ameliyatsız estetik uygulamalar nelerdir?,https://www.memorial.com.tr/tedavi-yontemleri/ameliyatsiz-estetik-uygulamalar-nelerdir,319,0,0,True,[],"Seanslar halinde kişinin ihtiyacına göre uygulama yapılır. Eğer yağlanma çoksa ve deride de bir fazlalık varsa cerrahi gerekebilir. Fraksiyonel RF Fraksiyonel RF’de aynı dermapende olduğu gibi cihazın yaklaşık 2*2 cm’lik bir başlığı vardır. Bu başlığın içinde çok ince bir sürü iğneler vardır. O iğneler cilde her bir atışta batar fakat bu sefer o iğnelerin ucuna ya da iğne boyunca radyofrekans enerjisi de verilir. Atışlarda hem iğne hem radyofrekans enerjisi ile cilt uyarılır. Radyofrekans enerjisi uygulandığı bölgenin büzüşmesini sağlar. Burası büzüştükçe deri sıkılaşır, bazı kırışıklıklar açılır, deri daha diri bir görüntü alır. Sıkılaşmaya bağlı bir gerilme etkisi olur. kaşlara, göz kenarına, gıdı bölgesine uygulanabilir. Hangi hastalara uygulama yapılacağının iyi belirlenmesi gerekir. Seanslar halinde uygulandığında etkisi daha net görülmektedir. 1-2 yıl kalıcılık gözlemlenir. Değişik başlıklarla karın çevresine, koldaki ve bacaktaki gevşemiş ciltlere uygulanabilir. Akustik dalga tedavisi Akustik dalga tedavisinde verilen dalgalar ile yağ dokusunu parçalayarak incelme ve sıkılaşma sağlanması hedeflenir. Genellikle bacak, basen, karın bölgesindeki yağları ve buradaki selülit görüntüsünü azaltmak için kullanılır."
doc_0237,doc_0237_parent_003,doc_0237_parent_003_child_001,Triple X (Trizomi X) Sendromu Nedir? Belirtileri ve Nedenleri Nelerdir?,https://www.memorial.com.tr/saglik-rehberi/triple-x-sendromu,213,4,0,False,"['Triple X Sendromu ile İlgili Sık Sorulan Sorular Triple X Sendromu hamileliğe engel olur mu?', 'Triple X sendromu hastanın vücudunu nasıl etkiler?', 'Disleksi ile ilişkisi var mı?', 'Üçlü X sendromu hastalığının belirtileri ne kadar sürede ortaya çıkar?']","Triple X Sendromu ile İlgili Sık Sorulan Sorular Triple X Sendromu hamileliğe engel olur mu? Genellikle kısırlık söz konusu değildir. Çoğu kadın sağlıklı gebelik sürecinden sonra bebek sahibi olabilir. Triple X sendromu hastanın vücudunu nasıl etkiler? Normalden daha uzun boy, kas tonusunda hafif azalma (hipotoni), ince ve uzun yüz hatları, hafif el ve ayak deformiteleri (örneğin uzun parmaklar) görülebilir. Disleksi ile ilişkisi var mı? Evet, sendroma sahip kişilerde disleksi riski artar. Okuma ve yazmada güçlükler ortaya çıkabilir. Üçlü X sendromu hastalığının belirtileri ne kadar sürede ortaya çıkar? Üçlü X Sendromu’nun (Triple X Sendromu) belirtileri bireyden bireye değişiklik gösterdiği için kesin bir zaman dilimi vermek zordur. Ancak bu belirtiler genellikle bebeklikten itibaren bazı gelişimsel farklılıklarla kendini gösterebilir."
doc_0238,doc_0238_parent_002,doc_0238_parent_002_child_002,El Terlemesi Neden Olur? El Terlemesi Nasıl Geçer?,https://www.memorial.com.tr/saglik-rehberi/el-terlemesi-neden-olur,254,3,0,False,"['Aşırı terlemenin doğal çözümü var mı?', 'El Terlemesi Hakkında Sık Sorulan Sorular El terlemesi neyin belirtisi?', 'El terlemesi nasıl geçer?']","Ayrıca, sosyal aktiviteler, müzik dinleme ya da nefes terapileri yardımcı etkinliklerdendir. Aşırı terlemenin doğal çözümü var mı? Salgının sentezlenmesini sağlayan bezlerin kontrollü çalışmasını desteklemek adına bazı doğal çözümlere başvurulabilir. Bununla birlikte zerdeçal, kuru nane, karbonat, yeşil çay, ada çayı, elma sirkesi gibi bitkisel ürünlerin tüketilmesi tavsiye edilir. Bu sayede kötü kokuların engellenmesi ve nemlilik halinin dengelenmesine yardımcı olunabilir. Özellikle karbonat kullanımı ile alkali bir ortam oluşturularak fazla sıvı atılmasına destek olunabilir. Ayrıca, atılan sıvının hızlı buharlaşmasının ve nemin emiliminin yükselmesi kuru yüzeyi destekler. Tüm bu içerikleri kullanmadan önce doğru bir tedavi planı için öncelikle doktora başvurulması da kritiktir. El Terlemesi Hakkında Sık Sorulan Sorular El terlemesi neyin belirtisi? Sempatik sinir sisteminde bir problemin olması ya da ter bezlerinin kontrolsüz çalışması bu problemi yaratabilir. Bu açıdan, problemin altında yatan bazı kronik hastalıkların tespiti önemlidir. El terlemesi nasıl geçer? Kesin bir çözüm isteniyorsa cerrahi müdahale gerekir."
doc_0238,doc_0238_parent_002,doc_0238_parent_002_child_003,El Terlemesi Neden Olur? El Terlemesi Nasıl Geçer?,https://www.memorial.com.tr/saglik-rehberi/el-terlemesi-neden-olur,95,3,0,False,"['El terlemesi nasıl geçer?', 'Aşırı el terlemesi için hangi doktora gidilmeli?', 'Eller Neden Soğuk Terler?']",El terlemesi nasıl geçer? Kesin bir çözüm isteniyorsa cerrahi müdahale gerekir. Aşırı el terlemesi için hangi doktora gidilmeli? Bu problemden kaynaklı şikayetler varsa öncelikle dermatologlara başvurulması gerekir. Eller Neden Soğuk Terler? Kan akışı yavaşladığında ya da damarlarda bir problem olduğunda soğuk ter görülebilir. Vücudun gösterdiği bu reaksiyonun amacı vücut ısının dengede tutmakla ilgilidir.
doc_0239,doc_0239_parent_002,doc_0239_parent_002_child_003,Bakır mineral eksikliği ciddi rahatsızlıklara neden olabilir,https://www.memorial.com.tr/saglik-rehberi/bakir-mineral-eksikligi-ciddi-rahatsizliklara-neden-olabilir,280,3,1,False,"['Hangi gıdalardan bakır minerali alınabilir?', 'Badem - Üzüm - Arpa - Esmer ekmek - Brokoli - Pancar - Pekmez - Bal - Portakal - Kuzu ciğeri - Fasulye - Bezelye Bakır mineral eksikliğimin olup olmadığını nasıl öğrenilebilirim?', 'Bakır mineral eksikliğini nasıl giderilebilirim?']","- Düşük kan basıncı - Koma - Sarı cilt (sarılık) - Böbrek hasarı - Karaciğer hasarı Bununla birlikte, düzenli bir diyetle toksik miktarlarda bakır yemek çok nadirdir. Bunun yerine, kirli yiyecek ve suya maruz kalırsanız veya yüksek düzeyde bakır içeren bir ortamda çalışıyorsanız bu durum ile karşı karşıya kalabilirsiniz. Hangi gıdalardan bakır minerali alınabilir? Pek çok gıda yeterli miktarda mineral sağladığı için bakır eksikliği kişilerde az rastlanan bir durumdur. Bakır mineral açısından zengin olan bazı besin maddelerini şöyle sıralayabiliriz; - Zeytin - Fındık - Ceviz - Badem - Üzüm - Arpa - Esmer ekmek - Brokoli - Pancar - Pekmez - Bal - Portakal - Kuzu ciğeri - Fasulye - Bezelye Bakır mineral eksikliğimin olup olmadığını nasıl öğrenilebilirim? Bakır seviyelerinizle ilgili endişeleriniz varsa, en iyisi doktorunuzla konuşmaktır. Bakır eksikliği riski altında olup olmadığınızı yapılan kan tahlilleri ile kolayca öğrenebilirsiniz. Bakır mineral eksikliğini nasıl giderilebilirim? Yapılan kan testlerinden bakır mineral eksikliği belirlenen kişiler doktor kontrolünde sadece dengeli bir diyet uygulayarak ya da doktorunun verdiği bakır içeren vitamin ilaçlarını bir süre kullanarak giderebilir."
doc_0240,doc_0240_parent_002,doc_0240_parent_002_child_002,Cam Tavan Sendromu Nedir? Cam Tavan Sendromu Neden Olur?,https://www.memorial.com.tr/saglik-rehberi/cam-tavan-sendromu,238,3,0,False,"['Cam Tavan Sendromu Hakkında Sık Sorulan Sorular Cam tavan sendromu kimleri etkiler?', 'Cam tavan sendromu neden önemlidir?', 'Cam tavan sendromu nasıl aşılır?']","Cam Tavan Sendromu Hakkında Sık Sorulan Sorular Cam tavan sendromu kimleri etkiler? Cam tavan sendromu genellikle kadınları etkiler, ancak erkekler de belirli durumlarda bu sendromla karşılaşabilir. Cam tavan sendromu neden önemlidir? Cam tavan sendromu, bireylerin potansiyellerini tam olarak gerçekleştirmelerini engeller ve eşitlikçi bir çalışma ortamının oluşmasını zorlaştırır. Bu durum, hem bireyler hem de kurumlar için verimlilik ve başarı kaybına neden olabilir. Cam tavan sendromu nasıl aşılır? Cam tavan sendromunu aşmak için bireyler kendilerini sürekli geliştirmeli ve haklarını savunmalıdır. Şirketler ise daha kapsayıcı ve eşitlikçi politikalar benimsemelidir. Eğitim programları ve mentorluk desteği, bireylerin kariyerlerinde ilerlemelerine yardımcı olabilir. Cam tavan sendromu, iş dünyasında cinsiyet eşitliğini sağlamak için mücadele edilmesi gereken önemli bir sorundur. Bu sendromun etkilerini azaltmak ve kadınların kariyerlerinde ilerlemelerini sağlamak için bireysel ve kurumsal düzeyde çeşitli stratejiler uygulanmalıdır. Bu tarz uygulamalar için alanında uzmanlaşmış bir kurumdan destek alabilirsiniz."
doc_0242,doc_0242_parent_001,doc_0242_parent_001_child_001,Mitral kapak tamiri nedir?,https://www.memorial.com.tr/tedavi-yontemleri/mitral-kapak-tamiri-nedir,312,3,0,False,"['Mitral kapak nedir?', 'Mitral kapak tamiri nedir?', 'Mitral kapak tamiri ne işe yarar?']","Kalbin sol kulakçık ile sol karıncık bölümlerini birbirinden ayıran ve iki bölüm arasındaki kan akışını düzenleyen mitral kapak, yetmezlik ve darlık gibi sebeplerden dolayı görevini yerine getiremeyebiliyor. Bu tür durumlarda mitral kapak tamir edilerek işlevini yerine getirmesi sağlanıyor. Önden veya yandan yapılan küçük kesiler şeklinde gerçekleştirilen tamir ameliyatları ile hastanın kendi kapak dokusunun varlığını sürdürmesi sağlanabiliyor. Memorial Ankara Hastanesi Kalp ve Damar Cerrahisi Bölümü Uzmanlarımız, mitral kapak tamiri ile ilgili bilgi verdi. Mitral kapak nedir? Mitral kapak, kalpte sol kulakçık ve sol karıncık adı verilen iki bölüm arasındaki yapıdır. Bu iki kalp boşluğunu birbirinden ayıran mitral kapak bu boşluklar arasındaki kan akışını düzenler. Gerektiği zaman kapanıp, gerektiği zaman açılarak bir kapak görevi görür. Mitral kapak tamiri nedir? Mitral kapakta ortaya çıkan yetmezlik ve darlık gibi problemlerin, kapağı değiştirmeden ve kapak yapısını koruyarak giderilmesi işlemidir. Bu tedavide hastanın kendi mitral kapağı yerinde kalır ve yapay kapaklar ile değiştirilme işlemi yapılmaz. Tamir için kapaktaki bozulmuş olan kısımlar düzeltilir. Mitral kapak tamiri için değişik yöntemler bulunmaktadır. Mitral kapak tamiri ne işe yarar? Mitral kapaktaki bozukluk kapağın kendisi korunarak düzeltilir ve hasta kendi mitral kapağı ile yaşar."
doc_0242,doc_0242_parent_002,doc_0242_parent_002_child_001,Mitral kapak tamiri nedir?,https://www.memorial.com.tr/tedavi-yontemleri/mitral-kapak-tamiri-nedir,317,6,0,False,"['Mitral kapak tamiri işlemi ne kadar sürer?', 'Mitral kapak tamiri işlemi kimlere uygulanır?', 'Mitral kapak hastalıklarının görülme sıklığı nedir?', 'Mitral kapak tamiri ameliyatında hastanede kaç gün kalınır?', 'Mitral kapak tamiri ameliyatından sonra hasta günlük yaşamına ne zaman dönebilir?', 'Mitral kapak tamiri ameliyatı güvenilir bir işlem midir?']","Mitral kapak tamiri işlemi ne kadar sürer? Yapılacak işlemlere ve hastanın durumuna bağlı olarak yapılacak işlemin süresi değişir. Genellikle bu ameliyatlar ortalama 3 saat kadar sürer. Mitral kapak tamiri işlemi kimlere uygulanır? Her hasta mitral kapak tamiri için uygun değildir. Bazı mitral kapaklar tamir edilemeyecek kadar deforme olmuş olabilir. Özellikle romatizmal kapak hastalığı olanlarda tamir sonuçları daha kötü olduğu için bu tip hastalarda tamir şansı daha düşüktür. Sıklıkla ileri yaşlarda mitral kapağın dejenere olduğu durumlar tamir için daha uygun olabilir. Her hastayı dikkatlice değerlendirmek gerekir. Mitral kapak hastalıklarının görülme sıklığı nedir? 75 yaş üzerinde yaklaşık yüzde 10 hasta grubunda mitral kapak hastalığı görülür. Mitral kapak tamiri ameliyatında hastanede kaç gün kalınır? Mitral kapak tamir ameliyatından sonra hastanede ortalama 5 ile 7 gün arasında süren yatış gereklidir. Daha kısa olabileceği gibi problemler yaşanması durumunda çok daha uzun süreli yatış ihtiyacı da ortaya çıkabilir. Mitral kapak tamiri ameliyatından sonra hasta günlük yaşamına ne zaman dönebilir? Bu süre hastadan hastaya değişmekle beraber sıklıkla bir ay içinde hastalar günlük yaşamlarına dönebilmektedir. Bu süre oldukça değişkendir. Mitral kapak tamiri ameliyatı güvenilir bir işlem midir? Evet, mitral kapak tamiri ameliyatı güvenilir bir işlemdir. Her ameliyatın belirli bir riski mevcuttur, hiçbir operasyonda sıfır riskten bahsedilemez."
doc_0242,doc_0242_parent_002,doc_0242_parent_002_child_002,Mitral kapak tamiri nedir?,https://www.memorial.com.tr/tedavi-yontemleri/mitral-kapak-tamiri-nedir,313,3,0,False,"['Mitral kapak tamiri ile mitral kapak değişimi işlemleri arasındaki farklar nelerdir?', 'Mitral kapak tamiri ameliyatı sonrasında hastalar ne zaman kontrole gelmelidir?', 'Mitral kapak tamiri sonrası nelere dikkat edilmelidir?']","Her ameliyatın belirli bir riski mevcuttur, hiçbir operasyonda sıfır riskten bahsedilemez. Mitral kapak tamiri için de riski yoktur demek yanlıştır ama çok düşük risklerle bu ameliyatlar yapılabilmektedir. Aksine mitral kapak ameliyatı olması gereken hastalar ameliyat olmaz veya ameliyatı geciktirirlerse aldıkları risk oranı daha fazla artmaktadır. Mitral kapak tamiri ile mitral kapak değişimi işlemleri arasındaki farklar nelerdir? En temel fark tamir yapılan hastalarda hastanın kendi kapak dokusunun korunmasıdır. Mitral kapak değiştirilirse yerine yapay kapaklar yerleştirilir. Bu yapay kapaklar normal kapak dokusundan farklı yapılardır ve normal olmayan bir yapı yerleştirilmiş olur. Tamir yapılan hastalarda normale en yakın yapı korunmaya çalışılır. Mitral kapak tamiri ameliyatı sonrasında hastalar ne zaman kontrole gelmelidir? Mitral kapak tamiri ameliyatının ardından hastalara genellikle taburcu olduktan bir ay sonra kontrol yapılır. Dren dikişlerinin alınması ve kesilerin kontrolü için daha önce de kontroller planlanabilir. Hastalar ilk 3 veya 6 ay kan sulandırıcı (warfarin) kullandıkları için bu ilacın kan düzeyini kontrol için de daha erken ve sık kontroller gerekebilir. Mitral kapak tamiri sonrası nelere dikkat edilmelidir? Diğer açık kalp ameliyatlarına göre belirgin bir fark yoktur. Önden yapılan kesilerde kemiğin iyileşmesi için yaklaşık 1 ay yan yatmama, ani ve zorlayıcı hareket etmeme gibi bazı önlemler almak gerekir."
doc_0243,doc_0243_parent_003,doc_0243_parent_003_child_001,Gama Glutamil Transferaz (GGT) Nedir? GGT Yüksekliği ve Düşüklüğü,https://www.memorial.com.tr/tani-ve-testler/gama-glutamil-transferaz-ggt-nedir,224,4,0,False,"['GGT yüksekliği için hangi doktora gidilir?', 'Transferaz nedir?', 'GGT ne kadar sürede düşer?', 'GGT yüksekliği kanser belirtisi mi?']","GGT oranının yüksek olması karaciğerde bir sorun oluştuğunu ve hasar gördüğüne gösteren bir belirti olabilir. GGT yüksekliği için hangi doktora gidilir? GGT yüksekliği karaciğer hastalıklarını işaret ettiğinden dahiliye bölümüne başvurmak gerekebilir. Transferaz nedir? Transferaz, hücre metabolizmasında önemli rol oynayan enzim sınıfıdır. GGT (Gama Glutamil Transferaz), amino asitlerin ve peptitlerin transferinde yer alan transferaz, özellikle karaciğer fonksiyon testlerinde sıkça görülür ve incelenen bir değerdir. GGT ne kadar sürede düşer? GGT yüksekliğinin görülmesi ve durumun teşhisinin ardından görülen hastalığa ya da ilaçlara bağlı olarak tedavi süreci başlatılır. Oluşan durum düzeltildikten sonra ortalama bir ay içerisinde GGT seviyesi düşer. GGT yüksekliği kanser belirtisi mi? GGT yüksekliği, kanser belirtisi olarak ortaya çıkmayabilir. Genellikle karaciğer ve safra yollarında meydana gelen sağlık problemlerinin kontrolü için GGT testinden yararlanılır."
doc_0244,doc_0244_parent_003,doc_0244_parent_003_child_001,20’lik Diş Ağrısı Neden Olur? 20'lik Diş Çekimi Sonrası Ne Yapılmalıdır?,https://www.memorial.com.tr/hastaliklar/20lik-dis-nedir-20lik-dis-cekimi-nasil-olur,318,3,0,False,"[""20’lik Diş Hakkında Sık Sorulan Sorular 20'lik diş kaç yaşında çıkar?"", '20’lik diş çekilmezse ne olur?', '20’lik diş ağrı yapar mı?']","Çok şiddetli olmayan durumlarda ise ağrının olduğu bölgeye buz kompresi uygulanabilir, tuzlu su ile gargara yapılabilir ve reçetesiz ağrı kesiciler kullanılabilir. Bitkisel yağların 20'lik diş ağrısına iyi geldiği ile ilgili bilimsel bir kesinlik yoktur. 20’lik Diş Hakkında Sık Sorulan Sorular 20'lik diş kaç yaşında çıkar? 20'lik dişin çıkma yaşı 17-25 yaş aralığı olup bu dönem ergenliğin son dönemi olarak kabul edilir. Bu dönemde ağzın en arka üst ve alt tarafında toplam dört tane 20'lik diş çıkar. 20’lik diş çekilmezse ne olur? 20’lik dişler ağzın en gerisinde yer alan ve en son çıkan dişlerdir. Çene kemiğinde bu dişlerin çıkabilmesi için yeterli alan bulunmayabilir. Böyle bir durumda 20 yaş dişinin tam olarak çıkamaması, önündeki dişe baskı uygulamasına veya önündeki diş ile arasında temizlenemeyen bir alan oluşmasına neden olabilir. Bu gibi durumlarda 20 yaş dişinin veya önünde yer alan dişin çürümesi veya diş eti problemleri gözlenebilir. İlgili bölgedeki dişlerde ve çevre dokularda hassasiyet, ağrı, şişlik, lenf hassasiyeti görülebilir. Ayrıca bu şikayetlerin antibiyotik kullanılarak baskılanması ileride aynı şikayetlerin şiddetlenerek tekrar ortaya çıkmasına sebep olabilir ve antibiyotiğin her zaman bu şikayetleri geçiremeyeceği unutulmamalıdır. 20’lik diş ağrı yapar mı? 20 yaş dişlerinin ağrı yapması birkaç durumda gözlenebilir."
doc_0244,doc_0244_parent_003,doc_0244_parent_003_child_002,20’lik Diş Ağrısı Neden Olur? 20'lik Diş Çekimi Sonrası Ne Yapılmalıdır?,https://www.memorial.com.tr/hastaliklar/20lik-dis-nedir-20lik-dis-cekimi-nasil-olur,297,4,0,False,"['20’lik diş ağrı yapar mı?', ""20'lik diş halsizlik yapar mı?"", 'Ameliyatsız 20’lik diş çekimi yapılabilir mi?', '20 yaş dişi çekilmeli mi?']","20’lik diş ağrı yapar mı? 20 yaş dişlerinin ağrı yapması birkaç durumda gözlenebilir. Eğer çene kemiğinde dişin sürmesi için yeterli bir alan yoksa veya öndeki dişe baskı yapacak pozisyonda ise ağrı yapması muhtemeldir. Bunun dışında temizliğinin zor bir bölge olması da bu dişlerde çürük veya diş etinde enfeksiyon görülebilmesini kolaylaştırır. Bu gibi durumlar 20 yaş dişinin ağrı yapmasına sebep olur. 20'lik diş halsizlik yapar mı? 20'lik dişin çıkmasıyla birlikte görülebilecek semptomlar arasında halsizlik de sayılabilir. Ameliyatsız 20’lik diş çekimi yapılabilir mi? 20’lik dişin çekiminin ameliyat ile olup olmayacağı tamamen dişin çene kemiği ile olan pozisyonuna bağlıdır. Eğer çene kemiğinde tamamen sürmüş bir 20 yaş dişiyse bu durumda ameliyata çoğunlukla gerek yoktur. Ancak dişin yarı gömülü veya tam gömülü olması ameliyat gereksinimini ortaya çıkarabilir. 20 yaş dişi çekilmeli mi? 20 yaş dişlerinin her durumda çekimine gerek yoktur. Kimi kişilerde bu dişler herhangi bir ağrıya sebebiyet vermeden çıkarlar ve çiğnemede işlev görürler. Böyle bir durumda dişin çekimi şart değildir. Ancak çürük veya diş eti enfeksiyonu varlığı, 20’lik dişin öndeki dişe baskı uygulaması veya ilgili bölgede enfeksiyona sebep olması durumlarında çekim işlemi gerekebilmektedir."
doc_0244,doc_0244_parent_003,doc_0244_parent_003_child_003,20’lik Diş Ağrısı Neden Olur? 20'lik Diş Çekimi Sonrası Ne Yapılmalıdır?,https://www.memorial.com.tr/hastaliklar/20lik-dis-nedir-20lik-dis-cekimi-nasil-olur,319,5,0,False,"[""Gömülü olan 20'lik diş nasıl tespit edilir?"", '20’lik diş ağrısı nerelere vurur?', '20’lik diş çekimi acı verir mi?', '20’lik dişlerin faydası var mıdır?', ""20'lik diş çekimi sonrası kanama olur mu?""]","Ancak çürük veya diş eti enfeksiyonu varlığı, 20’lik dişin öndeki dişe baskı uygulaması veya ilgili bölgede enfeksiyona sebep olması durumlarında çekim işlemi gerekebilmektedir. Gömülü olan 20'lik diş nasıl tespit edilir? Gömülü olan 20 yaş dişleri hastadan alınan radyografilerle tespit edilebilir. Bu tespit sayesinde ileride sorun oluşturabilecek bir 20 yaş dişi önceden teşhis edilebilir ve buna göre tedavi planı oluşturulabilir. 20’lik diş ağrısı nerelere vurur? 20 yaş diş ağrısı çoğunlukla ilgili bölgedeki diğer dişlere yayılabilir. Bunun dışında kulak ağrısı ile karışması da sıklıkla gözlenmektedir. Yine yutkunmada güçlüğe sebep olan boğazda var olan ağrılarda da 20 yaş dişi ağrısı göz önünde bulundurulmalıdır. 20’lik diş çekimi acı verir mi? Diş çekimleri sırasında her ne kadar acı olmasından tedirgin olunsa da güçlü lokal anestezi maddelerin kullanımı ile işlem sırasında ağrı veya acı duyulması önlenmektedir. 20’lik dişlerin faydası var mıdır? 20’lik dişler çene kemiğinde yeterli yerin mevcut olması durumunda ağızda yer alan diğer dişler gibi sorunsuz bir şekilde çıkarak çiğneme işlemine fayda sağlayabilmektedir. Ancak yeterli boşluk olmaması nedeniyle gömülü kalan veya öndeki dişe baskı uygulayacak bir pozisyonda olan bir 20’lik dişin fayda sağlaması mümkün olmayacaktır. 20'lik diş çekimi sonrası kanama olur mu? 20'lik diş çekimi sonra genellikle kanama meydana gelebilir."
doc_0246,doc_0246_parent_001,doc_0246_parent_001_child_001,Uyku Hastalıkları ve Tedavi Yöntemleri,https://www.memorial.com.tr/saglik-rehberi/uyku-hastaliklari-ve-tedavi-yontemleri,266,2,2,False,"['Uyku hastalıkları - Huzursuz bacak sendromu ve uykuda periyodik bacak hareketleri - Uyku-apne sendromu - Uyku hastalıklarının tanısı nasıl konuyor?', ""Memorial Hastanesi Uyku Laboratuvan'nın çalışmalarını anlatabilir misiniz?""]","Uyku tıbbı, tüm dünyada göreceli olarak yeni bir bilim dalıdır. Ayrıntılı uyku araştırmalarının başlaması, önce uykunun yapısı ve evrelerinin, sonra da hastalıklarının tanınması yaklaşık olarak 50 yıllık bir geçmişe sahiptir. Ömrümüzün üçte birini geçirdiğimiz uykunun özelliklerini ve hastalıklarını artık daha iyi biliyoruz. Uyku tıbbı, tüm dünyada göreceli olarak yeni bir bilim dalıdır. Ayrıntılı uyku araştırmalarının başlaması, önce uykunun yapısı ve evrelerinin, sonra da hastalıklarının tanınması yaklaşık olarak 50 yıllık bir geçmişe sahiptir. Ömrümüzün üçte birini geçirdiğimiz uykunun özelliklerini ve hastalıklarını artık daha iyi biliyoruz. - Uyku hastalıkları - Huzursuz bacak sendromu ve uykuda periyodik bacak hareketleri - Uyku-apne sendromu - Uyku hastalıklarının tanısı nasıl konuyor? - Memorial Hastanesi Uyku Laboratuvan'nın çalışmalarını anlatabilir misiniz? Memorial Hastanesi Uyku Laboratuvarı Sorumluları , uyku hastalıkları ve uyku laboratuvarında gerçekleştirdiği çalışmalarla ilgili bilgi verdi. Uyku hastalıkları Bugün uykuyla ilgili 80'den fazla hastalık tanımlanmış durumdadır. Bu hastalıkların bazıları uykusuzluğa, bazıları aşırı uyku haline yol açıyor."
doc_0247,doc_0247_parent_001,doc_0247_parent_001_child_001,Dünyaya Erken Merhaba Diyenler,https://www.memorial.com.tr/saglik-rehberi/dunyaya-erken-merhaba-diyenler,312,4,2,False,"['Zayıf doğan her bebek prematüre midir?', 'Prematüre bebekler ne tür sağlık sorunları yaşabilir?', 'Zayıf doğan her bebek prematüre midir?', 'haftadan önce doğan bebeklere prematüre bebek denmektedir Prematüre bebekler ne tür sağlık sorunları yaşabilir?']","Prematüre bebekler… Çevremizden sürekli duyduğumuz, ancak anlamını belki de tam olarak bilmediğimiz bir kavram. - Zayıf doğan her bebek prematüre midir? - Prematüre bebekler ne tür sağlık sorunları yaşabilir? - İlk Beslenme Anne Sütüyle Olmalı - Prematüre Bebeklerde Sarılık Ciddiye Alınmalı - Enfeksiyon çok büyük risk - “Az Elle, Çok Gözle” - Erken Teşhis Çok Önemli Memorial Şişli Hastanesi YeniDoğan Yoğun Bakım Ünitesi Sorumluları, prematüre bebeklerin ailelerine önemli önerilerde bulundu. Zayıf doğan her bebek prematüre midir? Halk arasında doğru bilinen yanlışlardan biri, yeni doğan bebeğin kilosuna göre prematüre olup olmadığının belirlenebilecek olduğudur. Halbuki doğum kilosu, bebeğin prematüre olup olmadığını göstermez. 2000 gram olan bir bebek prematüre olmazken, 3000 gram doğan bir bebek prematüre olabilir. 38. haftadan önce doğan bebeklere prematüre bebek denmektedir Prematüre bebekler ne tür sağlık sorunları yaşabilir? 38. haftadan önce dünyaya gelen bebeklerde beyin, karaciğer, böbrek, kalp, akciğer, bağırsaklar gibi hayati öneme sahip organ ve organ sistemlerine ait bozukluklar ortaya çıkabilmektedir. Doğumdan hemen sonra bebek, aldığı ilk soluk ile birlikte anne karnındaki dolaşım sisteminden tamamen farklı bir sisteme uyum göstermek zorundadır."
doc_0249,doc_0249_parent_001,doc_0249_parent_001_child_002,Kalp Anevrizması Nedir? Belirtileri ve Tedavisi,https://www.memorial.com.tr/hastaliklar/kalp-anevrizmasi,298,3,0,False,"['Kalp anevrizması nedir?', 'Kalp anevrizması neden olur?', 'Kalp anevrizması belirtileri nelerdir?']","Mehmet Çakıcı, kalp anevrizması ve tedavi yöntemleri ile ilgili bilgi verdi. Kalp anevrizması nedir? Kalp anevrizması, genellikle kalp krizinden 6-8 hafta sonra gelişen kalp duvarındaki balonlaşmalardır. Nadiren kalp krizinden bağımsız olarak da gelişebilir. Toplumda kalp anevrizması, ana atardamar olan aort anevrizması ile karıştırılabiliyor. Aort anevrizması , aort damarında meydana gelen balonlaşma ve yırtılmayı ifade ederken, kalp anevrizması ise kalp krizi sonrasında kapalı olan damarın besleme yaptığı bölgedeki kalp kaslarında doku zayıflaması sonucu oluşan balonlaşma anlamına geliyor. Aort anevrizması toplumda sık olarak görülen bir hastalık olurken, kalp anevrizmasının izlenme sıklığı ise çok düşük olmaktadır. Kalp anevrizması neden olur? Kalp anevrizmaları, kalp krizi sonrası kalp kasında oluşan hasar sonucu kalp duvarının incelmesi, kasılma fonksiyonunu kaybetmesi ve buna bağlı olarak kalp içerisindeki kan basıncına karşı koyamayarak balonlaşması şeklinde oluşur. Kalp anevrizması belirtileri nelerdir? Kalp anevrizmaları çoğu vakada herhangi bir semptom vermez. Ancak anevrizma olan bölgenin etkin çalışmaması nedeniyle kalp yetmezliği ve buna bağlı olarak da kronik dönemde kalp kapaklarında yetmezliğe sebep olabilir."
doc_0249,doc_0249_parent_001,doc_0249_parent_001_child_003,Kalp Anevrizması Nedir? Belirtileri ve Tedavisi,https://www.memorial.com.tr/hastaliklar/kalp-anevrizmasi,320,3,0,False,"['Kalp anevrizma tanısı nasıl konulur?', 'Kalp anevrizma tedavisi nasıl uygulanır?', 'Kalp anevrizması ile ilgili sık sorulan sorular Kalp anevrizma ameliyatlarının avantajları nelerdir?']","Ancak anevrizma olan bölgenin etkin çalışmaması nedeniyle kalp yetmezliği ve buna bağlı olarak da kronik dönemde kalp kapaklarında yetmezliğe sebep olabilir. Bu yetmezlik durumları da hastalarda sürekli yorgunluk, nefes darlığı, çarpıntı ve göğüs ağrısı oluşturabilir. Ayrıca özellikle kan sulandırıcı tedavi almayan hastalarda, balonlaşma bölgesinde oluşabilecek kan pıhtıları inme veya diğer organlara emboli (pıhtı atması) gibi ciddi problemlere yol açabilmektedir. Çok nadir vakada, anevrizmanın yırtılması sonucu çok ciddi hayati tehlike oluşturan ve acil müdahale gerektiren durumlar görülebilir. Kalp anevrizma tanısı nasıl konulur? Kalp anevrizma tanısı, ekokardiyografi ile konulur. Operasyon planı yapılan hastalarda, ilaçlı tomografi ve MR gibi görüntüleme yöntemleri de kullanılabilir. Kalp anevrizma tedavisi nasıl uygulanır? Kalp anevrizmaları, ciddi kalp yetmezliğine veya kapak problemlerine sebep olmadığı sürece takip edilir. Ciddi kalp yetmezliği, kalp kapaklarında etkilenme, anevrizma içerisinde pıhtı oluşumu veya anevrizma duvarında yırtılma olduğu düşünülen olgularda cerrahi tedavi planlanabilir. Ayrıca başka bir sebeple kalp operasyonu uygulanacak hastalarda, eş zamanlı olarak kalp anevrizmasına da müdahale edilmelidir. Kalp anevrizması ile ilgili sık sorulan sorular Kalp anevrizma ameliyatlarının avantajları nelerdir?"
doc_0249,doc_0249_parent_001,doc_0249_parent_001_child_004,Kalp Anevrizması Nedir? Belirtileri ve Tedavisi,https://www.memorial.com.tr/hastaliklar/kalp-anevrizmasi,298,4,0,False,"['Kalp anevrizması ile ilgili sık sorulan sorular Kalp anevrizma ameliyatlarının avantajları nelerdir?', 'Kalp anevrizmasının risk faktörleri nelerdir?', 'Kalp anevrizması tehlikeli midir?', 'Kalp anevrizma ameliyatı riskleri nelerdir?']","Kalp anevrizması ile ilgili sık sorulan sorular Kalp anevrizma ameliyatlarının avantajları nelerdir? Kalp anevrizma ameliyatları sonrasında, hastaların büyük kısmında kalp fonksiyonlarının daha iyi olduğu çalışmalarda gösterilmiştir. Ayrıca, pıhtı atması ve inme gibi komplikasyonların da önüne geçilmiş olur. Kalp anevrizmasının risk faktörleri nelerdir? Kalp anevrizmasının risk faktörleri arasında aile öyküsü, bazı genetik hastalıklar, sigara kullanımı, hipertansiyon ve yaş bulunmaktadır. Kalp anevrizması tehlikeli midir? Kalp anevrizmalarının bazı tiplerinde, kalp duvarı bütünlüğü tamamen yok olur. İşte bu durumlarda beklenmeden cerrahi girişim yapılması gerekebilir. Aksi takdirde, kanama nedeniyle hastanın kaybedilmesi kaçınılmazdır. Bunun dışında görülen en tehlikeli komplikasyon tromboembolidir (pıhtı atması). Balonlaşmış bölge içerisindeki hareketsiz kan pıhtılaşarak beyin, böbrek gibi hayati organlara atabilir ve ciddi sorunlara yol açabilir. Kalp anevrizma ameliyatı riskleri nelerdir? Kalp anevrizmalarında, standart kalp ameliyatlarındaki riskler ile benzer riskler söz konusudur. Erken dönemde kanama, ritim bozuklukları, kalp yetmezliği, inme gibi riskler genellikle yüzde 2-5 oranında görülebilmektedir."
doc_0249,doc_0249_parent_002,doc_0249_parent_002_child_001,Kalp Anevrizması Nedir? Belirtileri ve Tedavisi,https://www.memorial.com.tr/hastaliklar/kalp-anevrizmasi,287,4,0,False,"['Kalp anevrizması hangi yaşlarda görülür?', 'Kalp anevrizması geçiren hastalar nelere dikkate etmelidir?', 'Kalp anevrizması ağrı yapar mı?', 'Kalp anevrizması MR’da çıkar mı?']","Bu yüzden kalp anevrizmalarının sadece bir bölümüne cerrahi tedavi planlanır. Diğer olgular, periodik ekokardiyografi yapılarak takip edilir. Kalp anevrizması hangi yaşlarda görülür? Kalp anevrizmaları her yaşta görülebilmekle birlikte, en sık sebebi kalp krizi olması nedeniyle, 60 yaş üstü erkek hastalarda görülme sıklığı daha fazladır. Kalp anevrizması geçiren hastalar nelere dikkate etmelidir? Kalp anevrizması tespit edilen hastalarda en dikkat edilmesi gereken husus takiptir. Anevrizma boyutları, kalp yetmezliği, anevrizma içerisinde pıhtı oluşumu ve kalp kapak fonksiyonları açısından periyodik ekokardiyografi takipleri mutlaka gereklidir. Kalp anevrizması ağrı yapar mı? Kalp anevrizması olan bölgede genellikle kalp kası hücreleri tamamen ölmüş olduğu için ağrı tipik bir semptom değildir. Ancak, çoğu hastada sebep koroner arter hastalığı olduğu için, bu hastalar hikayelerinde mutlaka geçmişte yaşadıkları şiddetli göğüs ağrılarından bahsedebilir. Kalp anevrizması MR’da çıkar mı? Kalp anevrizmalarının kesin tanısı Ekokardiyografi ile konulur. Ancak daha ayrıntılı görüntüleme gereken hastalarda MR kullanılarak anevrizmanın tipi, komplike olup olmadığı gibi bazı özellikler daha ayrıntılı incelenebilir."
doc_0250,doc_0250_parent_001,doc_0250_parent_001_child_001,Whipple ameliyatı nedir? Hangi hastalara yapılır?,https://www.memorial.com.tr/tedavi-yontemleri/whipple-ameliyati-nedir-hangi-hastalara-yapilir,307,5,4,False,"['Whipple ameliyatı nedir?', 'Whipple hangi hastalıklarda uygulanır?', 'Whipple nasıl uygulanır?', 'Whipple ameliyatı hakkında sık sorulan sorular Whipple ameliyatı nedir?', 'Whipple hangi hastalıklarda uygulanır?']","Pankreas başı, bu bölgeye yakın safra yolları ve 12 parmak bağırsağı tümörlerinde uygulanan Whipple ameliyatları hastaların hayatını kurtarıyor. Cerrahinin en büyük ameliyatlarından biri olan Whipple yönteminde iyi bir merkezin başarı oranının yüzde yüze yakın olması gerekiyor. Bu yöntemin etkin bir şekilde uygulanması için deneyimli bir cerrahi ekibin olması şart. Memorial Şişli Hastanesi Genel Cerrahi Bölümü Uzmanları Whipple ameliyatı hakkında bilgi verdi. - Whipple ameliyatı nedir? - Whipple hangi hastalıklarda uygulanır? - Whipple nasıl uygulanır? - Whipple ameliyatı hakkında sık sorulan sorular Whipple ameliyatı nedir? Pankreas başı, 12 parmak bağırsağı ve safra yollarının pankreas başına yakın bölümlerinde oluşan tümörleri, bu 3 organ birbirlerine yapışık vaziyette oldukları için ayırmak mümkün olmamaktadır. Bu yüzden bu organlarda meydana gelen tümörlerde o bölgeyi Whipple ameliyatı ile komple temizlemek çok daha etkin bir tedavi yöntemidir. Pankreas başı, 12 parmak bağırsağı ve safra yollarının bu bölgeye yakın bölümlerinin komple alındığı bu yöntemin adı Whipple operasyonudur. Whipple hangi hastalıklarda uygulanır? Whipple, Pankreas başı, bu bölgeye yakın safra yolları ve 12 parmak bağırsağı tümörlerinde uygulanan ameliyat yöntemidir."
doc_0250,doc_0250_parent_001,doc_0250_parent_001_child_003,Whipple ameliyatı nedir? Hangi hastalara yapılır?,https://www.memorial.com.tr/tedavi-yontemleri/whipple-ameliyati-nedir-hangi-hastalara-yapilir,315,4,0,False,"['Whipple ameliyatı hakkında sık sorulan sorular Whipple ameliyatı ne kadar zamandır uygulanıyor?', 'Whipple ameliyatı ne kadar zamandır uygulanıyor?', 'Whipple ameliyatı ne kadar sürer?', 'Whipple ameliyatı güvenilir mi?']","Pankreas başı, 12 parmak bağırsağı ve safra yollarının bu bölgeye yakın bölümlerinin komple alındığı bu yöntemin adı Whipple operasyonudur. Mide aslında hem girişinde hem de çıkışında gözle görünür bir kapak olmasa da, kapak gibi davranan bir adele sistemine sahiptir. Bu kapağın olması sindirim sistemi için gereklidir. Pilor denilen bu kapağın operasyon sırasında korunması sonrasında oluşabilecek sindirim sistemi şikayetlerinin önlenmesini sağlar. Bu özel kapağın korunması için “Pilor Koruyucu Whipple” operasyonu uygulanmaktadır. Whipple ameliyatı hakkında sık sorulan sorular Whipple ameliyatı ne kadar zamandır uygulanıyor? Whipple 1930 yılında bulunan bir ameliyat yöntemidir. Whipple prosedürü Amerikalı cerrah Allen Whipple tarafından bulunmuştur. Amerikalı cerrah, bulduğu yönteme kendi soyadını vermiştir. Whipple ameliyatı ne kadar zamandır uygulanıyor? Whipple ameliyatı ne kadar sürer? Whipple yönteminde ameliyat 5-8 saat arasında sürebilir. Whipple ameliyatı güvenilir mi? Cerrahinin en büyük ameliyatlarından biri olan Whipple yönteminde iyi bir merkezin başarı oranının yüzde yüze yakın olması gerekmektedir. Bu yöntemin etkin bir şekilde uygulanması için deneyimli bir cerrahi ekibin olması şarttır. Memorial Hastanesi Genel Cerrahi Bölümü’nun Whipple operasyonlarındaki başarı oranı yüzde 100’dür. Yani Whipple ameliyatı güvenilir bir ameliyattır."
doc_0250,doc_0250_parent_001,doc_0250_parent_001_child_004,Whipple ameliyatı nedir? Hangi hastalara yapılır?,https://www.memorial.com.tr/tedavi-yontemleri/whipple-ameliyati-nedir-hangi-hastalara-yapilir,286,7,0,False,"['Whipple ameliyatı güvenilir mi?', 'Whipple ameliyatı sonrasında mide bulantısı yaşanır mı?', 'Whipple ameliyatı sonrasında farklı bir sorun olur mu?', 'Whipple ameliyatı sonrasında farklı bir sorun olur mu?', 'Whipple ameliyatı sonrası beslenme nasıl olmalı?', 'Whipple ameliyatı sonrası beslenme nasıl olmalı?', 'Whipple ameliyatı için biyopsiye gerek var mı?']","Yani Whipple ameliyatı güvenilir bir ameliyattır. Whipple ameliyatı güvenilir mi? Whipple ameliyatı sonrasında mide bulantısı yaşanır mı? Whipple ameliyatı sırasında mide kapağı da denen adale sistemini korumak amacıyla “Pilor Koruyucu Whipple” operasyonu uygulandığı için ameliyat sonrasında sindirim sitemi şikayetleri yaşanmaz. Whipple ameliyatı sonrasında farklı bir sorun olur mu? Whipple ameliyatı ile pankreas başı, midenin yarıya yakını, 12 parmak bağırsağının tamamı ve safra yollarının bu alana komşu bölümü komple çıkartılmaktadır. Operasyonun en önemli yanı alınan bu organların birbiriyle koordinasyonun yeniden doğru bir şekilde sağlanmasıdır. Bu nedenle Whipple ameliyatı mutlaka uzman doktorlar tarafından gerçekleştirilmelidir. Uzman bir doktorun gerçekleştirdiği Whipple ameliyatında başarı oranı yüzde 100’dür. Whipple ameliyatı sonrasında farklı bir sorun olur mu? Whipple ameliyatı sonrası beslenme nasıl olmalı? Çoğu insan Whipple sonrasında beslenme değişikliğine ihtiyaç duymaz ancak ameliyat sonrasında insülin üretiminin daha düşük olması, bazı kişilerin şeker alımını azaltması gerektiği anlamına gelebilir. Yine de ameliyat sonrasında doktor gereken bilgilendirmeyi yapacaktır. Whipple ameliyatı sonrası beslenme nasıl olmalı? Whipple ameliyatı için biyopsiye gerek var mı?"
doc_0250,doc_0250_parent_002,doc_0250_parent_002_child_001,Whipple ameliyatı nedir? Hangi hastalara yapılır?,https://www.memorial.com.tr/tedavi-yontemleri/whipple-ameliyati-nedir-hangi-hastalara-yapilir,316,4,0,False,"['Whipple ameliyatı için biyopsiye gerek var mı?', 'Pankreas kanserinde erken teşhis için ne yapılmalı?', 'Pankreas kanserinde erken teşhis için ne yapılmalı?', 'Pankreas kanserinin erken belirtileri nelerdir?']","Whipple ameliyatı için biyopsiye gerek var mı? Pankreas kanserinde erken teşhis için ne yapılmalı? Pankreas, vücudun en arkasındaki organlardan biridir. Genellikle karın içi organların tümünde şikayetler öne yansır. Öne yansıyan bulgular içinde çok geride olduğu için pankreas kanserleri, yakalandığında yüzde 90’a yakınında ameliyat olma sınırı geçmiş olur. Ailesinde bu tip hastalıklar olanlar ya da olmayanların dönem dönem bazı tarama kan testleri yaptırmaları gerekmektedir. En başarılı olduğumuz hasta grubu tesadüfen kontrole giden kişilerdir. Pankreas kanserinde erken teşhis için ne yapılmalı? Pankreas kanserinin erken belirtileri nelerdir? Pankreas kanseri , erken evrede genellikle belirti vermeyen ve ilerlediğinde faklı şikayetlerle kendini gösteren bir hastalıktır. Özellikle sırta vuran ağrı, idrar ve deri renginin sararması ile sarılık gelişimi, tümör çok ilerlediğinde açığa çıkar. Pankreasın bulunduğu yer nedeniyle şikayetler de farklı hastalıklar ile benzerlik gösterebilir. Midenin arkasında yer alan bir organ olduğu için ağrı şikayeti, yine midenin arkasında gelişir ve pankreasta var olan bir sorunun da göz ardı edilmesine yol açar. Mide ağrısı şikayeti, asit salgısının azaltılmasına yönelik bir takım tedaviler ile giderilmeye çalışıldığında, pankreas kanseri tanının gecikmesine neden olabilir."
doc_0251,doc_0251_parent_001,doc_0251_parent_001_child_002,Diyabetik Ayak Ve Kronik Ayak Yaraları Nasıl Tedavi Edilir?,https://www.memorial.com.tr/tedavi-yontemleri/diyabetik-ayak-ve-kronik-ayak-yaralari-nasil-tedavi-edilir,318,3,1,False,"['Şeker hastalığına bağlı ayak yaraları neden oluşur?', 'Diyabetik ayak evreleri nelerdir?', 'vre 1: Yüzeyel ülser - Evre 2: Derin ülser - Evre 3: Kemik tutulumu olan ülser - Evre 4: Ön ayak ya da ayak ucu kangreni - Evre 5: Ayak kangreni Diyabetik ayak belirtileri nelerdir?']","Şeker hastalığına bağlı ayak yaraları neden oluşur? Şeker hastalığını ilk belirtileri arasında yer alan ayak yaraları, kontrolsüz diyet, diyabetik vaskülopati (damar darlığı ve tıkanıklığı), nöropati (sinir hasarı) ya da ayak hijyen koşullarının sağlanmamasından dolayı oluşur. Diyabetik ayak evreleri nelerdir? Diyabetli kişilerde sinir hasarına bağlı olarak ayakta kuruluk, çatlak, yarık ve nasır oluşmaktadır. Bu çatlaklardan enfeksiyona neden olarak büyüyebilir. Enfeksiyon kapılması sonucunda ayakta damar hasarı oluşarak yaranın iyileşmesi güçleşir ya da zaman alır. Diyabetik ayakta evreler şu şekildedir: - Evre 0: Sağlıklı cilt - Evre 1: Yüzeyel ülser - Evre 2: Derin ülser - Evre 3: Kemik tutulumu olan ülser - Evre 4: Ön ayak ya da ayak ucu kangreni - Evre 5: Ayak kangreni Diyabetik ayak belirtileri nelerdir? Diyabetik ayak, açılan yaraların tedavisi yapılmadığında, enfeksiyon nedeniyle parmak, ayak ya da bacak kayıplarına neden olabilir. Bu rahatsızlığın ilerlememesi için görülebilecek belirtilere dikkat ederek erkenden önlem almak gerekmektedir. Diyabetik ayak belirtileri şu şekilde sıralanabilir: - Ayakta oluşan yararların çevresinde kızarıklık ve ağrı, - Halsizlik ve yorgun hissetme, - Ateş,"
doc_0251,doc_0251_parent_001,doc_0251_parent_001_child_003,Diyabetik Ayak Ve Kronik Ayak Yaraları Nasıl Tedavi Edilir?,https://www.memorial.com.tr/tedavi-yontemleri/diyabetik-ayak-ve-kronik-ayak-yaralari-nasil-tedavi-edilir,305,3,2,False,"['Diyabetik ayak hastalığı kimlerde görülür?', 'Periferik damar hastalıkları nelerdir?', 'Toplumda diyabetik ayak görülme oranları nelerdir?']","- Halsizlik ve yorgun hissetme, - Ateş, - Dengesiz kan şekeri seviyeleri, - Titreme, - Müdahale edilmediğinde ileri aşamada şok yaşanması. Diyabetik ayak hastalığı kimlerde görülür? Uzun zaman boyunda diyabet hastası sahip olan kişilerde diyabetik ayak görülmektedir. Bunun yanında şu kişilerde de diyabetik ayak hastalığına rastlanabilir: - 60 yaş ve üstü kişilerde, - Obezite sorunu olanlarda, - Ayakta sinir hasarı ya da zayıf kan akışı yaşayanlarda, - Yüksek kolesterol ve yüksek tansiyonu olanlarda. Periferik damar hastalıkları nelerdir? Ateroskleroz temelde daha çok büyük damarları hedef alan ve damar duvarında kolesterol birikimi sonucunda zaman içerisinde damarların daralıp tıkandığı fakat aynı zamanda küçük damarların da benzer şekilde etkilendiği bir klinik tablodur. Ateroskleroz, diyabetin de etkisiyle, iyileşmesi zor, enfeksiyonlar ile durumun kötüleşebildiği, bakımı ve tedavisi zaman alan aynı zamanda uzuv kaybına da sebep olabilen ilerleyici bir damar hasarına neden olur. Toplumda diyabetik ayak görülme oranları nelerdir? Diyabet ülkemiz nüfusunun %13,7’sini ilgilendiren bir temel sağlık problemidir. Yani 10 milyonun üzerinde insanı doğrudan ilgilendirmektedir. Her 7 diyabetik hastadan birinde, hayatının bir döneminde ayağında yara açılmaktadır."
doc_0253,doc_0253_parent_002,doc_0253_parent_002_child_002,Göz Seğirmesi Neden Olur? Sağ ve Sol Göz Seğirmesi,https://www.memorial.com.tr/saglik-rehberi/goz-segirmesi-nedir-goz-segirmesi-nedenleri,288,3,2,False,"['Stres - Göz yorgunluğu - Vitamin eksikliği Sağ Göz Seğirmesi Neden Olur?', 'e sıralanabilir: - Işığa karşı duyarlılık - Göz kuruluğu - Göz tahrişi - Sık kafein tüketimi - Kronik hastalıklara karşı ilaç kullanımı Göz Seğirmesine Hangi Hastalıklar Neden Olur?', 'Göz Seğirmesinin Olası Komplikasyonları Nelerdir?']","- Stres - Göz yorgunluğu - Vitamin eksikliği Sağ Göz Seğirmesi Neden Olur? Sağ göz seğirmesi stres, uykusuzluk, aşırı kafein veya alkol tüketimi, göz kuruluğu, göz yorgunluğu, ilaç yan etkisi ve vitamin eksikliği gibi nedenlerle sağ gözde kas kasılması yaşanmasıdır. Sağ göz seğirmesine neden olan faktörle şöyle sıralanabilir: - Işığa karşı duyarlılık - Göz kuruluğu - Göz tahrişi - Sık kafein tüketimi - Kronik hastalıklara karşı ilaç kullanımı Göz Seğirmesine Hangi Hastalıklar Neden Olur? Göz genellikle yorgunluk ve uykusuzluk gibi gözü yoran durumların bir sonucu olarak seğirir ancak parkinson hastalığı, beyin hasarı, meige sendromu, multipl skleroz (MS), bell felci, blefarit ve distoni gibi beyni ve sinirleri etkileyen hastalıkların sonucu olarak da göz seğirmesi yaşanabilir. Göz Seğirmesinin Olası Komplikasyonları Nelerdir? Göz seğirmesi sürekli tekrarlanıyorsa ve kısa sürede sona ermiyorsa, göz çevresinde kalıcı bir hasara neden olabilir. Bu durum aşağıdaki gibi sorunlara yol açabilir: - Normalden daha aşağıya sarkan üst göz kapakları - Normalden daha aşağıda doğru sarkan kaşlar - İçe doğru kıvrılan göz kapakları"
doc_0253,doc_0253_parent_002,doc_0253_parent_002_child_003,Göz Seğirmesi Neden Olur? Sağ ve Sol Göz Seğirmesi,https://www.memorial.com.tr/saglik-rehberi/goz-segirmesi-nedir-goz-segirmesi-nedenleri,317,12,10,False,"['ha aşağıda doğru sarkan kaşlar - İçe doğru kıvrılan göz kapakları - Çene veya boyun gibi vücudun diğer bölgelerinde de belirebilen kas spazmları Göz Seğirmesi Teşhisi Nasıl Konulur?', 'Doktor göz seğirmesi şikayeti olan kişilere göz seğirmesine dair aşağıdaki soruları sorabilir: - Göz seğirmesini ilk ne zaman fark ettiniz?', 'Gözünüz sürekli seğiriyor mu yoksa gelip gidiyor mu?', 'Gözlerinizle ilgili başka şikayetleriniz var mı?', 'Ne kadar kafein tüketiyorsunuz?', 'Şiddetli bir baş ağrınız oldu mu?', 'Yüzünüzde son zamanlarda herhangi bir uyuşma, karıncalanma oldu mu?', 'Konuşmakta zorluk çekiyor musun?', 'Kas koordinasyonunda zorluk mu yaşıyorsunuz?', 'Vücudunuzun herhangi bir yerinde kas zayıflığı mevcut mu?', 'Kullandığınız ilaçlar var mı?', 'Göz Seğirmesi Nasıl Tedavi Edilir?']","- Normalden daha aşağıda doğru sarkan kaşlar - İçe doğru kıvrılan göz kapakları - Çene veya boyun gibi vücudun diğer bölgelerinde de belirebilen kas spazmları Göz Seğirmesi Teşhisi Nasıl Konulur? Uzman doktor öncelikle hastanın öyküsünü öğrenmek isteyebilir. Daha sonra detaylı bir göz muayenesi gerçekleştirilir. Genellikle göz seğirmesi şikayeti için göz doktoru tanı koyacaktır. Doktor göz seğirmesi şikayeti olan kişilere göz seğirmesine dair aşağıdaki soruları sorabilir: - Göz seğirmesini ilk ne zaman fark ettiniz? - Gözünüz sürekli seğiriyor mu yoksa gelip gidiyor mu? - Gözlerinizle ilgili başka şikayetleriniz var mı? - Ne kadar kafein tüketiyorsunuz? - Şiddetli bir baş ağrınız oldu mu? - Yüzünüzde son zamanlarda herhangi bir uyuşma, karıncalanma oldu mu? - Konuşmakta zorluk çekiyor musun? - Kas koordinasyonunda zorluk mu yaşıyorsunuz? Vücudunuzun herhangi bir yerinde kas zayıflığı mevcut mu? - Kullandığınız ilaçlar var mı? Doktor ihtiyaç duyması halinde BT taraması ve MRI görüntülemesi de isteyebilir. Bunlarla göz seğirmesine yol açabilen diğer sağlık sorunları tespit edilmek istenir. Göz Seğirmesi Nasıl Tedavi Edilir? Göz kapağı spazmları için tedavi genellikle gerekli değildir, zira göz seğirmesi şikayeti genellikle birkaç gün içinde kendiliğinden geçer."
doc_0254,doc_0254_parent_002,doc_0254_parent_002_child_001,Kas Gevşetici İlaçlar Ne İşe Yarar? Nasıl Kullanılır?,https://www.memorial.com.tr/saglik-rehberi/kas-gevsetici-ilaclar,275,3,1,False,"['Kas Gevşeticilerin Yan Etkileri Var mı?', 'an etkileri şu şekildedir: - Baş ağrısı - Baş dönmesi - Yorgunluk - Uyuşukluk - Ağız kuruluğu Kas Gevşetici İlaçlar Hakkında Sık Sorulan Sorular Kas gevşetici ilaçlar güvenli midir?', 'Kas gevşetici ilaçların faydaları nelerdir?']","Kas Gevşeticilerin Yan Etkileri Var mı? Kas gevşetici ilaçlar genellikle güvenli ilaçlardır ancak olası yan etkilere de sahip olabilir. Bunların başında uyuşukluk, yorgunluk, baş dönmesi, baş ağrısı ve ağız kuruluğu gelebilir. Ancak bu etkiler kas gevşetici kullanan her kişide meydana gelmez. Kas gevşetici ilaçların olası yan etkileri şu şekildedir: - Baş ağrısı - Baş dönmesi - Yorgunluk - Uyuşukluk - Ağız kuruluğu Kas Gevşetici İlaçlar Hakkında Sık Sorulan Sorular Kas gevşetici ilaçlar güvenli midir? Kas gevşetici ilaçlar genel olarak güvenli kabul edilir ancak uzun süreli kullanımda bazı olası yan etkiler içerebilir. Bu noktada bilinçsiz kullanıma dikkat etmek ve özellikle kısa süreli kullanmak gerekir. Kas gevşetici ilaçların faydaları nelerdir? Kas gevşetici ilaçlar, kas ağrısı, kas spazmları ve kas sertliği gibi durumların tedavisinde kullanılan ilaçlardır. Bu ilaçlar, kasların gevşemesine yardımcı olarak ağrıyı hafifletir ve hareket kabiliyetini artırır. Özellikle sırt ağrısı, boyun ağrısı ve fibromiyalji gibi durumların tedavisinde de kas gevşetici ilaçların etkisi söz konusudur."
doc_0255,doc_0255_parent_003,doc_0255_parent_003_child_003,Omurga ve omurilik tümörü nedir? Belirtileri ve tedavi yöntemleri,https://www.memorial.com.tr/hastaliklar/omurga-ve-omurilik-tumoru-nedir,313,4,0,False,"['Omura ve omurilik tümörü ameliyatı sonrası ağrılar yaşanır mı?', 'Omurga ve omurilik tümörü ameliyatı olunmazsa ne olur?', 'Omurga ve omurilik tümörü bitkisel tedavisi var mıdır?', 'Omurga ve omurilik tümörü ameliyatı sonrası nelere dikkat edilmelidir?']","- Sinirlerin etkilenmesi sonucu idrar kaçırma, büyük abdesti tutamamak gibi sorunlar görülebilmektedir. Omura ve omurilik tümörü ameliyatı sonrası ağrılar yaşanır mı? Omurga ve omurilik tümörü ameliyatlarından sonra hastalar şiddetli ağrılar yaşayabilmektedir. Ancak ameliyat öncesinde bu durum göz önüne alınarak kuvvetli ağrı kesicilerin kullanılması planlamaya alınır. Omurga ve omurilik tümörü ameliyatı olunmazsa ne olur? Omurga ve omurilik tümörü ameliyatı olmamak veya diğer tedavileri ertelemek tümörün ilerlemesine neden olur. Omurga ve omurilik tümörüne bağlı belirtiler gün geçtikçe ilerler. İlk başlarda bir bacakta ağrı şikayetiyleortaya çıkan tümör daha sonra diğer bacağı da etkileyebilir. Tümöre bağlı şikayetler ardışık olarak ortaya çıkmaya başlar ve süreç felç yaşanmasına kadar ilerleyebilir. Tümörün bulunduğu bölgeye göre felç boyundan veya belden aşağı kısımları etkileyebilir. Omurga ve omurilik tümörü bitkisel tedavisi var mıdır? Omurga ve omurilik tümörlerinin bilimsel anlamda kanıtlanan bitkisel yada doğal bir tedavisi bulunmamaktadır. Omurga ve omurilik tümörü ameliyatı sonrası nelere dikkat edilmelidir? - Omurga ve omurilik tümörün ameliyatından sonra yapılacak patolojik işlemle tümörün cinsi belirlenmeli ve hastaya buna göre bir tedavi protokolü uygulanmalıdır."
doc_0255,doc_0255_parent_003,doc_0255_parent_003_child_004,Omurga ve omurilik tümörü nedir? Belirtileri ve tedavi yöntemleri,https://www.memorial.com.tr/hastaliklar/omurga-ve-omurilik-tumoru-nedir,313,3,1,False,"['Omurga ve omurilik tümörü ameliyatı sonrası nelere dikkat edilmelidir?', 'Omurga ve omurilik tümörü ameliyatı için hangi bölüme gidilmelidir?', 'Omurilik tümörü ameliyatı sonrası iyileşme ne kadar sürer?']","Omurga ve omurilik tümörü ameliyatı sonrası nelere dikkat edilmelidir? - Omurga ve omurilik tümörün ameliyatından sonra yapılacak patolojik işlemle tümörün cinsi belirlenmeli ve hastaya buna göre bir tedavi protokolü uygulanmalıdır. Cerrahi işlemden sonra kontrollerin ihmal edilmemesi önemlidir. - Kullanılması gereken ilaçlar ihmal edilmemelidir. - Beslenme konusunda protein, karbonhidrat ve yağ bakımından dengeli bir beslenmeye özen gösterilmelidir. - Yara bakımı ve yaranın temiz tutulması enfeksiyonriski bakımından önemlidir. Omurga ve omurilik tümörü ameliyatı için hangi bölüme gidilmelidir? Hastaların merak ettiği bir diğer konu ise omurga ve omurilik tümörü ameliyatları için hangi bölüme gidilmesidir. Omurga ve omurilik tümörü belirtileri genellikle bel fıtığı ile karıştırılabilir. Bu nedenle hastalar zaten ortaya çıkan belirtiler nedeniyle beyin, sinir ve omurilik cerrahi bölümüne gitmektedir. Omurga ve omurilik tümörü ameliyatı için de gidilmesi gereken bölüm aynıdır. Omura ve omurilik tümörü ameliyatlarında hem ameliyat sırasında hem de ameliyattan sonra yaşanabilecek sorunları minimuma indirebilmek için bu konuda donanımlı hastanelerin tercih edilmesi gerekir. Omurilik tümörü ameliyatı sonrası iyileşme ne kadar sürer? Omurga ve omurilik tümörü ameliyatlarından sonra iyileşme tümörün cinsi, bulunduğu bölge hastanın tedaviye verdiği yanıta göre değişkenlik gösterebilir."
doc_0255,doc_0255_parent_004,doc_0255_parent_004_child_002,Omurga ve omurilik tümörü nedir? Belirtileri ve tedavi yöntemleri,https://www.memorial.com.tr/hastaliklar/omurga-ve-omurilik-tumoru-nedir,310,5,0,False,"['Omurilik tümörü metastaz yapar mı?', 'Omurga ve omurilik tümörü bacak ağrısı yapar mı?', 'Omurga ve omurilik tümörü baş ağrısı yapar mı?', 'Omurilik kanseri evreleri nelerdir?', 'Omurga ve omurilik tümörü felç yapar mı?']",Hasta omurilik tümörü olsa da hayatını devam ettirebilir ancak gerekli tedavileri almazsa zaman içerisinde uzuvlarını kullanamamak ve tümörün bulunduğu bölgeye göre boyundan ya da belden aşağı felç riskiyle karşı karşıyadır. Omurilik tümörü metastaz yapar mı? Omurilik içinde gelişen tümörler genellikle metastaz yapmazlar. Çocukluk çağı bazı beyin tümörleri beyin omurilik sıvısının dolanım yolu üzerindeyse omuriliğe doğru tümör akışı olabilir. Ancak omuriliğin kendinden kaynaklana tümörler genellikle metastaz yapmazlar. Omurga ve omurilik tümörü bacak ağrısı yapar mı? Omurga ve omurilik tümörünün ilk belirtisi genellikle bacak ağrısı veya bacaklarda kuvvetsizlik olarak ortaya çıkar. Gerekli tedavinin uygulanmadığı durumlarda zaman içerisinde sorun her iki bacağa da yayılabilir. Omurga ve omurilik tümörü baş ağrısı yapar mı? Omurga ve omurilik tümörlerinin yarattığı şikayetlergenellikle tutulum gösterdiği bölgeyle ilgilidir. Bu nedenle omurga ve omurilik tümörleri baş ağrısına neden olmazlar. Omurilik kanseri evreleri nelerdir? Omurga ve omurilik tümörlerinin evrelemesi diğer kanserlerde olduğu gibi genel olarak 4 evredir. Omurga ve omurilik tümörü felç yapar mı? Omurga ve omurilik tümörleri felce neden olabilmektedir.
doc_0255,doc_0255_parent_004,doc_0255_parent_004_child_003,Omurga ve omurilik tümörü nedir? Belirtileri ve tedavi yöntemleri,https://www.memorial.com.tr/hastaliklar/omurga-ve-omurilik-tumoru-nedir,303,4,0,False,"['Omurga ve omurilik tümörü felç yapar mı?', 'Omurga ve omurilik tümörü fizik tedavi uygulanır mı?', 'Omura ve omurilik tümörü ışın tedavisi uygulanır mı?', 'Omurga ve omurilik tümörü ilaç tedavisi uygulanır mı?']",Omurga ve omurilik tümörü felç yapar mı? Omurga ve omurilik tümörleri felce neden olabilmektedir. Özellikle tedavi edilmeyen veya tedavisinde geç kalınan omurga ve omurilik tümörleri zaman içerisinde felce neden olabildiği gibi aniden gelişerek de felç yapabilirler. Omurga ve omurilik tümörünü bulunduğu bölgeye göre felç boyundan aşağı ya da belden aşağı şekilde gelişebilir. Omurga ve omurilik tümörü fizik tedavi uygulanır mı? Omurga ve omurilik tümörlerinin tedavisinde destekleyici olması bakımından fizik tedavi uygulanabilir. Ameliyattan sonra hastalarda el veya ayaklarında fonksiyon kaybı yaşanmışsa fiziksel tedavi ile olumlu sonuçlar alınabilmektedir. Omura ve omurilik tümörü ışın tedavisi uygulanır mı? Omurga ve omurilik tümörü tedavisinde radyoterapi yani ışın tedavisi kullanılabilir. Bu hastanın ve tümörün durumuna göre farklılık gösterebilir. Bazı hastalarda cerrahi işlem öncesi radyoterapi kullanılırken bazı hastalarda ameliyat sonrası tercih edilebilir. İleri teknoloji radyoterapi cihazları ile olumlu sonuçlar alınabilmektedir. Omurga ve omurilik tümörü ilaç tedavisi uygulanır mı? Omurga ve omurilik tümörü tedavisinde iki şekilde ilaç kullanmak mümkündür. Tedavi planlamasında kemoterapi uygulanacaksa bu konuda uzman onkoloğunvereceği ilaçları yanı sıra yaşanan ağrılara yönelik de ilaç kullanılabilir.
doc_0255,doc_0255_parent_004,doc_0255_parent_004_child_004,Omurga ve omurilik tümörü nedir? Belirtileri ve tedavi yöntemleri,https://www.memorial.com.tr/hastaliklar/omurga-ve-omurilik-tumoru-nedir,255,3,0,False,"['Omurga ve omurilik tümörü kan tahlilinden belli olur mu?', 'Omurga ve omurilik tümörü tekrarlar mı?', 'Omurga ve omurilik tümörü hastalarında ağrılar için neler yapılabilir?']","Tedavi planlamasında kemoterapi uygulanacaksa bu konuda uzman onkoloğunvereceği ilaçları yanı sıra yaşanan ağrılara yönelik de ilaç kullanılabilir. Omurga ve omurilik tümörü kan tahlilinden belli olur mu? Genellikle metastaz kaynaklı olan omurga tümörleri kan tahlilinden belli olabilir ancak omuriliğin kendisinden kaynaklanan tümörler kan tahliliyle belli olmamaktadır. Bu tümörlerde teşhis için Manyetik Rezonans (MR), Bilgisayarlı Tomografi (BT) gibi radyolojik yöntemler kullanılır. Omurga ve omurilik tümörü tekrarlar mı? Genetik yatkınlığı olan bazı iyi huylu omurilik tümörleri tekrarlar. Kötü huylu tümörler de bulunduğu bölgede tekrarlayabilir. Omurga ve omurilik tümörü hastalarında ağrılar için neler yapılabilir? Omurga ve omurilik tümörleri hem ameliyat öncesi hem de ameliyat sonrası kuvvetli ağrı kesicilerle ağrı kontrol altına alınmaya çalışılır. Ancak bazı hastalarda ağrı kesiciler ile giderilemeyen ağrılar için ağrıya neden olan sinirin kesilmesine dayanan cerrahi işlemler uygulanabilir. Hasta bu durumda normal hayatına devam edebilmekte ancak ağrıyı hissetmemektedir."
doc_0259,doc_0259_parent_002,doc_0259_parent_002_child_001,"Bromelain Nedir? Bromelain Ne İşe Yarar, Faydaları Nelerdir?",https://www.memorial.com.tr/saglik-rehberi/bromelain-nedir,309,3,2,False,"['Bromelain İçeren Gıdalar Nelerdir?', 'Bromelain içeren besinler şöyle sıralanabilir: - Zencefil - Kivi - Yoğurt - Kuşkonmaz - İncir - Lahana ve Kore turşusu Bromelain Nasıl Tüketilir?', 'köklerini yıkayıp soyun ve rendeleyin - Bal hariç tüm malzemeleri su ile orta ateşte ısıtın - Süzdükten sonra, soğumaya bırakın ve sonrasında tüketin Bromelainin Zararları Nelerdir?']","Bromelain İçeren Gıdalar Nelerdir? Ananasın sapında ve kabuğunda yüksek oran bulunan bromelain bu şekilde vücuda alınabilir. Bromelain farklı gıdaların içerisinde de yer alarak vücudun gerekli olan bromelain ihtiyavı bu şekilde karşılanabilmektedir. Bromelain içeren besinler şöyle sıralanabilir: - Zencefil - Kivi - Yoğurt - Kuşkonmaz - İncir - Lahana ve Kore turşusu Bromelain Nasıl Tüketilir? Genellikle takviye şeklinde karşımıza çıkan bromelain maddesi, pek çok açıdan fayda sağlar. Bromelain, ananasın yapısında yer aldığından, evde yapabileceğiniz tarifle vücudunuza alabilirsiniz. Bromelain içeren ananas kabuğu çayı evde şu şekilde hazırlayabilirsiniz: Ananas çayı için malzemeler: - Ananas kabuğu - Portakal ve limon - Zencefil ve zerdeçal - Tarçın çubuğu - Nane - Bal Ananas çayı hazırlanışı: - Ananası kesilmeden ya da kabuğunu ayırmadan satın alın - Ananas kabuğunu kullanmadan önce ananası iyice yıkayın - Ananası soyma bıçağıyla kabuğundan ayırın - Zencefil ve zerdeçal köklerini yıkayıp soyun ve rendeleyin - Bal hariç tüm malzemeleri su ile orta ateşte ısıtın - Süzdükten sonra, soğumaya bırakın ve sonrasında tüketin Bromelainin Zararları Nelerdir?"
doc_0260,doc_0260_parent_002,doc_0260_parent_002_child_001,Amniyosentez Nedir? Amniyosentez Neden Yapılır?,https://www.memorial.com.tr/tani-ve-testler/amniyosentez,265,5,0,False,"['Amniyosentez Hakkında Sık Sorulan Sorular Amniyosentezde düşük riski var mı?', 'Amniyosentez ne kadar sürer?', 'Amniyosentez ağrılı mı?', 'Amniyosentez testinden sonra normal aktivitelerime dönebilir miyim?', 'Amniyosentez kaçıncı haftada yapılır?']","Bu işlem esnasında ciddi komplikasyonlar nadirdir. İşlem uygulanmadan önce doktordan riskler ve faydalar hakkında detaylı konuşmak gerekebilir. Amniyosentez Hakkında Sık Sorulan Sorular Amniyosentezde düşük riski var mı? Amniyosentezde düşük riski bulunur fakat bu risk oldukça düşüktür. Genellikle %0,1 ila %0,3 arasında değişir. Amniyosentez ne kadar sürer? Amniyosentez testi için yapılan işlem ortalama olarak 20-30 dakika sürebilir. Amniyotik sıvı alınma süresi ise 2-3 dakika kadar sürer. Amniyosentez ağrılı mı? Amniyosentez ağrılı bir işlem değildir fakat kişide hafif bir batma ve karın bölgesinde baskı hissi olabilir. İşlem sonrasında ise anne adayında hafif kramplar yaşanabilir. Amniyosentez testinden sonra normal aktivitelerime dönebilir miyim? Amniyosentez testi sonrasında hafif kramplar ortaya çıkabilir fakat bu durum geçicidir. Genellikle birkaç saat dinlendikten sonra normal aktivitelere dönülebilir. Doktorun bu konudaki tavsiyesi önemlidir. Amniyosentez kaçıncı haftada yapılır? Amniyosentez genellikle 15. ile 20. gebelik haftaları arasında uygulanan bir test şeklidir."
doc_0261,doc_0261_parent_001,doc_0261_parent_001_child_001,10 Soruyla Organ Nakli Hakkinda Merak Edilenleri Öğrenin,https://www.memorial.com.tr/saglik-rehberi/10-soruyla-organ-nakli-hakkinda-merak-edilenleri-ogrenin,305,6,5,False,"['Bu endişemde haklı mıyım?', 'Soru 8 - Organ bağışı bilgileri organ mafyasının eline geçebilir mi?', 'Soru 9 - Ülkemizin organ nakillerindeki başarı oranı nedir?', 'Soru 10 – Organ nakli sistemi nasıl kontrol edilir?', 'Soru 1 - Bağışladığım organlar para ile başkasına satılabilir mi?', 'Soru 2 - Organ nakli iyi bir tedavi yöntemi midir?']","Organ Nakli ile ilgili tüm merak edilenleri Memorial Şişli Hastanesi Organ Nakli Merkezi Bölümü Uzmanları, Organ Nakli ve Genel Cerrahi Bölümü Başkan Yardımcısı Prof. Dr. Koray Acarlı ile Organ Nakli ekibi uzmanları yanıtladı. Bu endişemde haklı mıyım? - Soru 8 - Organ bağışı bilgileri organ mafyasının eline geçebilir mi? - Soru 9 - Ülkemizin organ nakillerindeki başarı oranı nedir? - Soru 10 – Organ nakli sistemi nasıl kontrol edilir? Soru 1 - Bağışladığım organlar para ile başkasına satılabilir mi? Hayır! Satılamaz. Bir insan öldükten sonra organları bağışlandığında, Organ Nakli koordinasyon sistemi devreye girer. Bu sistem gereğince bağışlanan organlar Sağlık Bakanlığı’nın Bölge Koordinasyon Merkezine (BKM) ve oradan da Ulusal Koordinasyon Merkezine (UKM) bildirilirler. Organların merkezlere dağıtımı bu bildirimler sonucunda belirlenir. Soru 2 - Organ nakli iyi bir tedavi yöntemi midir? Organ nakli, kronik organ yetmezliği olan hastalara yapılır. Organ bulunamadığında bu hastalar için tek sonuç; Ölümdür.. Böbrek hastalarının diyaliz makinesi sayesinde yaşamaları mümkünse de bu yaşam, makinaya bağlı olduğundan çok zordur. Bu durumdaki hastalarda yaşam süresi belirgin ölçüde kısalır. Organ nakli yapıldığında ise hastalar içimizden herhangi birisi kadar sağlıklı bir konuma gelirler."
doc_0261,doc_0261_parent_001,doc_0261_parent_001_child_002,10 Soruyla Organ Nakli Hakkinda Merak Edilenleri Öğrenin,https://www.memorial.com.tr/saglik-rehberi/10-soruyla-organ-nakli-hakkinda-merak-edilenleri-ogrenin,307,4,3,False,"['Soru 3 - Organ nakli ameliyatında cenazenin bütünlüğü bozulur mu ?', 'Soru 4 - Organ bağışı için yaş sınırı nedir?', 'Soru 5 – Hayattayken organlarını bağışlayan bir kişi daha sonra bundan vazgeçebilir mi?', '” diyebilir miyim?']","Organ nakli yapıldığında ise hastalar içimizden herhangi birisi kadar sağlıklı bir konuma gelirler. Soru 3 - Organ nakli ameliyatında cenazenin bütünlüğü bozulur mu ? Kadavradan organ çıkarma işlemi herhangi bir canlı ameliyatı kadar büyük bir özenle yapılır. Organlar çıkarıldıktan sonra mümkün olduğunca estetik dikişlerle dikilerek, bedenin hiçbir şekilde zarar görmemesine büyük özen gösterilir. O bedenler organların kıymetini çok iyi bilen hekimler için kutsaldır ve çok büyük bir saygıyı hak etmektedirler. Soru 4 - Organ bağışı için yaş sınırı nedir? Organ bağışı için yaş sınırı yoktur. Kullanılacak organa göre organın yaşı belli bir risk oluştursa da yarını göremeyecek alıcılar için her yaşta ve koşuldaki organları kullanabilmek mümkün olabilir. Soru 5 – Hayattayken organlarını bağışlayan bir kişi daha sonra bundan vazgeçebilir mi? Tabii ki EVET. Yakınlarınıza söylemeniz yeterli. Çünkü günü geldiğinde bağışınızı değerlendirecek olanlar yakınlarınızdır. Bugün ülkemizdeki uygulamaya göre bağış kartınız olsa bile yakınlarınız izin vermedikçe organlarınız alınamaz. Soru 6 - “Ben sadece böbreklerimi bağışlamak istiyorum.” diyebilir miyim? Çok kolay… Organ bağış karıtınızda bunu belirtecek seçenekler bulunmaktadır. Ayrıca yakınlarınıza bunu söylemeniz de yeterli olacaktır. Soru 7 - Sağlık sorunum olduğunda üzerimde organ nakli kartı bulunursa bir sorun çıkar diye tedirgin oluyorum."
doc_0261,doc_0261_parent_001,doc_0261_parent_001_child_003,10 Soruyla Organ Nakli Hakkinda Merak Edilenleri Öğrenin,https://www.memorial.com.tr/saglik-rehberi/10-soruyla-organ-nakli-hakkinda-merak-edilenleri-ogrenin,310,6,4,False,"['Bu endişemde haklı mıyım?', 'Bu endişemde haklı mıyım?', '“Suistimal olabilir mi?', 'Soru 8 - Organ bağışı bilgileri organ mafyasının eline geçebilir mi?', 'Soru 9 - Ülkemizin organ nakillerindeki başarı oranı nedir?', 'Soru 10 – Organ nakli sistemi nasıl kontrol edilir?']","Soru 7 - Sağlık sorunum olduğunda üzerimde organ nakli kartı bulunursa bir sorun çıkar diye tedirgin oluyorum. Bu endişemde haklı mıyım? Soru 7 - Sağlık sorunum olduğunda üzerimde organ nakli kartı bulunursa bir sorun çıkar diye tedirgin oluyorum. Bu endişemde haklı mıyım? Tababet ilkelerine göre hiç kimsenin hayatı hiç kimse için feda edilemez. Bir kişinin hayatı bütün insanlık uğruna bile feda edilemez. O nedenle hiç bir endişeye gerek yok. “Suistimal olabilir mi?” diye düşünenler için ise; organ nakli kalabalık bir ekibin işidir. Kaldı ki organların alınabilmesi için kişinin hayattayken bağış yaptığı halde yine de ailenin izninin alınması gerektiği unutulmamalıdır. Soru 8 - Organ bağışı bilgileri organ mafyasının eline geçebilir mi? Organ bağışı sırasında alınan bilgiler hiç bir zaman bir nakil için yeterli bilgiler değildir. Kişinin sağlık durumunu değil, niyetini belirten bir iki kimlik bilgisi dışında bir özellik taşımazlar. Soru 9 - Ülkemizin organ nakillerindeki başarı oranı nedir? Ülkemizde organ nakilleri dünya standardında yapılmakta ve hatta dünya standardının üzerine sonuçlanmaktadır. Karaciğer ve böbrek gibi önemli organların nakillerinde başarı oranları % 90’nın üzerindedir. Soru 10 – Organ nakli sistemi nasıl kontrol edilir? Sistem otokontrolden kurtulamayacak kadar komplekstir ve kalabalık bir ekip gerektirir."
doc_0262,doc_0262_parent_001,doc_0262_parent_001_child_001,Gebelikte En Merak Edilen 10 Soru,https://www.memorial.com.tr/saglik-rehberi/gebelikte-en-merak-edilen-10-soru,316,6,0,False,"['Hamilelik belirtileri nelerdir?', 'Gebelik kesesi kaçıncı hafta görülüyor?', 'Bebeğin kalp atışları ne zaman duyuluyor?', 'Cinsiyeti ne zaman belli oluyor?', 'Hamilelik belirtileri nelerdir?', 'Gebelik kesesi kaçıncı hafta görülür?']","Hamilelik belirtileri nelerdir? Gebelik kesesi kaçıncı hafta görülüyor? Bebeğin kalp atışları ne zaman duyuluyor? Cinsiyeti ne zaman belli oluyor? ve dahası… Tüm bu sorular gebeliğin başlangıcından sonuna değin annelerin en merak ettiği konular arasında yer alıyor. Bu soruların cevapları bazen anne adaylarını endişelendirse de her gebeliğin farklı bir süreç izlediğini unutmamak gerekiyor. Memorial Şişli Hastanesi Kadın Hastalıkları ve Doğum Bölümü Uzmanları, gebelikte en çok merak edilen 10 soruyu yanıtladı. Hamilelik belirtileri nelerdir? Gebelik eğer planlı değilse hiç şüphesiz adet döneminin gecikmesiyle ilk sinyallerini verir. Ancak bir kadın gebelik için hazırlık yapıyorsa bazı belirtileri öncesinde takip edebilir. Meme başlarının hassaslaşması ve karıncalanması, bulantı, aşırı yorgunluk, adet görmemek ve vajinal lekelenme gebeliğin ilk belirtileri arasındadır. Gebeliğin kesinlik kazanması ise ancak kanda beta-hCG hormonuna bakılması ve ultrason muayenesiyle mümkün olur. Gebelik kesesi kaçıncı hafta görülür? Gebelik testi pozitif çıkan anne adayları ilk olarak doktor randevularını oluşturmalı ve doktora gitmelidir. İlk randevuda gebelik kesesini görmek mümkün olmasa da kan testi ile gebelik kesinleştirilebilir. Gebelik kesesi sıklıkla vajinal ultrason ile 5. haftada, karın ultrasonunda ise 6. haftada görülür."
doc_0262,doc_0262_parent_001,doc_0262_parent_001_child_002,Gebelikte En Merak Edilen 10 Soru,https://www.memorial.com.tr/saglik-rehberi/gebelikte-en-merak-edilen-10-soru,308,3,0,False,"['Bebeğin kalp atışları ne zaman duyulur?', 'Bebeğin cinsiyeti ne zaman belli olur?', 'Sağlıklı bir anne adayı gebelikte ne kadar kilo almalıdır?']","haftada görülür. Bu haftaların gebeden gebeye farklılık gösterdiği unutulmamalıdır. Bebeğin kalp atışları ne zaman duyulur? Anne karnındaki bebeğin gelişimi 6. hafta itibariyle hızlanmaya başlar. Bebek, yaklaşık 4-5 mm boyutundadır. İlk kalp taslağı oluşmuş ve hareketlenmeye başlamıştır. Altıncı haftanın sonlarına doğru baş kısmı belirginleşir ve göz taslakları ortaya çıkar. Pirinç tanesi büyüklüğündeki embriyonun kalp atışları 6. hafta itibariyle görülebilir ve aileye dinletilebilir. Gebeliğin 20. haftasına gelindiğinde ise bebeğin kalp atışlarını duymak stetoskop ile bile mümkün olmaktadır. Bebeğin cinsiyeti ne zaman belli olur? Yaklaşık olarak 13. haftada dış cinsiyet organları gelişmeye başlamıştır. İkinci trimester yani ikinci 3 aylık dönemin başladığı 14. haftada bebeğin erkekse prostat bezi gelişmeye başlar, kızsa yumurtalıkları abdomenden pelvise inmeye başlar. 16. hafta itibariyle ise bebeğin ultrasonografideki görüntüsü çok nettir ve neredeyse her organı net izlenebilir. Cinsiyet haberi de bu haftadan sonra merak eden ailelere verilebilir. Sağlıklı bir anne adayı gebelikte ne kadar kilo almalıdır? Gebelikte dengeli beslenme hem anne adayı hem de bebek için oldukça önemlidir. Sofralarda meyve, sebze, yoğurt-süt-peynir, kuru baklagiller, balık ve kuru yemişlere yer verilmeli, su tüketimi ihmal edilmemelidir."
doc_0270,doc_0270_parent_003,doc_0270_parent_003_child_001,Endometriozis (Çikolata Kisti) Nedir? Belirtileri Nelerdir?,https://www.memorial.com.tr/hastaliklar/endometriozis-nedir,281,3,0,False,"['Endometriozis bitkisel tedavisi olan bir hastalık mıdır?', 'Endometriozis tanısı en çok ne zaman konulur?', 'Menopoz sonrasında endometriozis görülür mü?']","Hastaların sosyal yaşantısını ciddi anlamda etkileyen derin endometriozis tanısının doğru konulabilmesi, endometriozisin dokular arasında ciddi yapışıklıklara yol açmasının önlenebilmesi için tanı ve tedavinin, deneyimli ellerde ve gerekli donanıma sahip merkezlerde yapılması önem taşımaktadır. Endometriozis bitkisel tedavisi olan bir hastalık mıdır? Endometriozis bitkisel tedavi ile çözülemez. İnternette yer alan “Endometriozis için şifalı bitkiler” adı altında satılan ürünler yarardan çok zarar getirebilir. Endometriozis için uzman bir kadın hastalıkları ve doğum doktoru ile tedavi planlanmalıdır. Endometriozis tanısı en çok ne zaman konulur? Endometriozis tanısı ortalama 25-35 yaş arasında konulmaktadır. Hastalığın başlangıcı ile tanısı arasında yaklaşık 7 senelik bir gecikme periyodu görülmektedir. Menopoz sonrasında endometriozis görülür mü? Endometriozis hormon bağımlı bir hastalıktır. Menopozda yumurtalıklardan üretilen östrojen ve progesteron hormonları kesildiğinden endometriozis hastalığının da gerilemesi beklenmektedir. Menopoz sonrası dönemde endometriozis görülme oranı yüzde 5’in altındadır ve genelde bu kadınların hikayesinde menopoz semptomlarını geriletmek için kullanılan hormon yerine koyma tedavisi yer almaktadır."
doc_0270,doc_0270_parent_003,doc_0270_parent_003_child_002,Endometriozis (Çikolata Kisti) Nedir? Belirtileri Nelerdir?,https://www.memorial.com.tr/hastaliklar/endometriozis-nedir,296,3,0,False,"['Endometriozisin kilolu olmakla ilgisi var mı?', 'Adet ağrısı endometriozis belirtisi mi?', 'Endometriozis ve kısırlık arasında bağlantı var mı?']","Menopoz sonrası dönemde endometriozis görülme oranı yüzde 5’in altındadır ve genelde bu kadınların hikayesinde menopoz semptomlarını geriletmek için kullanılan hormon yerine koyma tedavisi yer almaktadır. Endometriozisin kilolu olmakla ilgisi var mı? Endometriozisin oluşmasına neden olan risk faktörlerinin yanı sıra bu hastalıktan korunmayı sağlayan faktörler de bulunmaktadır. Gebelik, birden fazla doğum yapmak ve emzirmek başlıca koruyucu etkenler arasında yer alırken; yüksek vücut kitle indeksi ve özellikle bel-kalça oranı yüksek olan obez kadınlarda endometriozis hastalığı daha az görülmektedir. Adet ağrısı endometriozis belirtisi mi? Evet, şiddetli adet ağrıları endometriozis belirtisi olabilir. Ancak adet sancıları ilk adetten itibaren değil daha sonraki herhangi bir dönemde başlamaktadır. İlk adetten itibaren olan adet sancıları primer dismenore olarak adlandırılır ve nedenleri genellikle daha farklıdır. Ne yazık ki pek çok kadın adet ağrılarını doğal karşılayıp, bu ağrılarla yaşamak zorunda gibi hissedebilmektedir. Çoğu kadın bir doktora gitmek yerine bu ağrıların normal olduğunu düşünebilmektedir. Oysa bu sorun kadınların hayat kalitesini düşürmekte, ilerleyen safhalarda üremeyi de olumsuz etkileyebilmektedir. Endometriozis ve kısırlık arasında bağlantı var mı? Hamile kalamayan kadınlarda nedenlerden biri de endometriozis hastalığı olabilir."
doc_0270,doc_0270_parent_003,doc_0270_parent_003_child_003,Endometriozis (Çikolata Kisti) Nedir? Belirtileri Nelerdir?,https://www.memorial.com.tr/hastaliklar/endometriozis-nedir,286,3,1,False,"['Endometriozis ve kısırlık arasında bağlantı var mı?', 'etebilir - Embriyonun rahim içerisine tutunmasını engelleyebilir - Embriyo gelişimi üzerine zararlı etkisi olabilir Tüp bebek yöntemiyle endometriozis hastaları hamile kalabilir mi?', 'Bağışıklık sistemi endometriozis üzerinde etkili mi?']","Endometriozis ve kısırlık arasında bağlantı var mı? Hamile kalamayan kadınlarda nedenlerden biri de endometriozis hastalığı olabilir. Bu kadınların bir kısmında endometriozisin neden olduğu yara dokusu kadının tüplerinde tıkanıklığa yol açmaktadır. Ancak, çoğu kadında endometriozisin doğurganlığı etkileme nedenleri henüz net olarak bilinmemektedir. Endometriozis kısaca şunlara neden olabilmektedir: - Over rezervi dediğimiz yumurtalıklarda bulunan yumurta sayısını azaltabilir - Yumurtlama fonksiyonunu bozabilir - Tüplerde tıkanıklığa yol açarak sperm ve yumurtanın birleşmesini engelleyebilir - Spermleri öldüren doğal toksinler üretebilir - Embriyonun rahim içerisine tutunmasını engelleyebilir - Embriyo gelişimi üzerine zararlı etkisi olabilir Tüp bebek yöntemiyle endometriozis hastaları hamile kalabilir mi? Tüp bebek tedavisiyle endometriozis hastalığı olan kadınlarda yaşlarıyla orantılı olarak tek bir denemede % 60’a varan oranlarda gebelik sağlanabilmektedir. İlk denemede gebe kalamayan kadınlarda elbette tüp bebek tedavisini tekrarlamak gerekmektedir. Tekrarlayan denemeler ile gebelik şansı büyük oranda yakalanabilmektedir. Bağışıklık sistemi endometriozis üzerinde etkili mi? Endometriozisin kesin nedeni halen bilinmemektedir."
doc_0270,doc_0270_parent_003,doc_0270_parent_003_child_004,Endometriozis (Çikolata Kisti) Nedir? Belirtileri Nelerdir?,https://www.memorial.com.tr/hastaliklar/endometriozis-nedir,293,3,0,False,"['Bağışıklık sistemi endometriozis üzerinde etkili mi?', 'Rektumda endometriozis bulunur mu?', 'Çikolata kisti ve endometriozis ameliyatında neler önemlidir?']","Bağışıklık sistemi endometriozis üzerinde etkili mi? Endometriozisin kesin nedeni halen bilinmemektedir. Bu konuda en yaygın kabul gören teori, adet kanamaları sırasında rahim içindeki dokuların kadının tüplerinden geçerek karın boşluğuna yerleşmesi ve burada gelişimini sürdürmesidir. Bağışıklık sisteminin de buna izin verecek şekilde normalden farklılık gösterdiği düşünülmektedir. Rektumda endometriozis bulunur mu? Endometriozis hastalığı oldukça yaygın bir sağlık sorunudur. Bu doku karın içindeki organlarda (yumurtalık, rahim kanalı, karın iç zarı, bağırsaklar, rektum, idrar kesesi) bulunabildiği gibi karın dışında (vajina, göbek, göz, plevra) da bulunabilir. Belirtilerin şiddetine ve endometriotik nodüllerin rektum iç kanalına ulaşma oranına göre bazı hastalarda nodülün bulunduğu kalın barsağın son kısmı olan rektumun çıkarılması ve kalan kısımlarının tekrar birleştirilmesi, bazı hastalarda ise nodülün rektum üzerinden makas yardımıyla sıyrılması gerekebilmektedir. Çikolata kisti ve endometriozis ameliyatında neler önemlidir? Bu ameliyatlarda Kadın Hastalıkları ve Doğum Uzmanları şu noktalara dikkat etmektedir: - Yumurtalık rezervine zarar vermemek: Bu ameliyatlarda kist duvarı dışında bulunan yumurtalık dokusuna zarar verilmemesi gerekir."
doc_0270,doc_0270_parent_004,doc_0270_parent_004_child_003,Endometriozis (Çikolata Kisti) Nedir? Belirtileri Nelerdir?,https://www.memorial.com.tr/hastaliklar/endometriozis-nedir,295,4,0,False,"['Çikolata kisti rüptürü (patlaması) nasıl anlaşılır?', 'Çikolata kistinde CA 125 değeri nedir?', 'Çikolata kisti akıntı yapar mı?', 'Bekarlarda çikolata kisti olur mu?']","Bazen bağırsaklarda ve idrar torbasında da bir ağrıya rastlanabilir. Çikolata kisti rüptürü (patlaması) nasıl anlaşılır? Endometriomaları rüptüre olan hastalar kasıklarına bıçak saplanır tarzda bir ağrı hissettiklerini, bu ağrının sonrasında tüm karınlarına yayıldığını ifade eder. Çikolata kistinin rüptüre olduğu ultrasonla anlaşılabilmektedir. Bazen hastalarda ağrıyla birlikte bulantı, kusma, halsizlik de görülebilir. Çikolata kistinde CA 125 değeri nedir? CA 125 değeri aslında yumurtalıklarında kitle saptanan hastalarda kitlenin kötü huylu yani kanser olup olmadığı ayrımı için kullandığımız bir kan tetkikidir. Kanser dışında birçok durumda da Ca125 düzeyleri yükselebilmektedir. Bu durumlardan biri de çikolata kistleridir. Özellikle rüptüre yani patlamış çikolata kistlerinde Ca125 değerleri oldukça yüksek değerlere ulaşabilmekte, karın içine dökülen çikolata kisti içeriği ile birlikte ileri evre yumurtalık kanserlerini taklit edebilmektedir. Çikolata kisti akıntı yapar mı? Çikolata kistleri karın içerisinde yerleşmiş bulunan yumurtalıklarda görüldüğünden ve vajen ile doğrudan bağlantılı olmadığından akıntıya neden olmamaktadır. Bekarlarda çikolata kisti olur mu? Bekarlarda çikolata kisti olabilmektedir."
doc_0272,doc_0272_parent_001,doc_0272_parent_001_child_002,D Vitamini Eksikliği Belirtileri Nelerdir? D Vitamini Nelerde Var?,https://www.memorial.com.tr/saglik-rehberi/d-vitamini-eksikligi-belirtileri-nelerdir-d-vitamini-nelerde-var,290,3,0,False,"['D Vitamini Kaç Olmalı?', 'D Vitamini Günlük İhtiyacı Ne Kadardır?', 'D Vitamini Eksikliği Neden Olur?']","D2 vitamini (ergokalsiferol) ve D3 vitamini (kolekalsiferol) 7-dehidrokolesterolden sentezlenir ve ayrıca hayvansal gıdaların tüketimi yolu ile vücuda alınır. Doğal olarak güneşten alınabilen D vitamini için en iyi besin kaynakları yağlı balık eti ve balık karaciğeri yağlarıdır. Aynı zamanda yumurta sarısı ve peynirde az miktarda bulunur. D Vitamini Kaç Olmalı? D vitamininin normal aralığı mililitre başına nanogram (ng/mL) olarak ölçülür. 20 ile 50 ng/mL arasında bir seviye vücudun sahip olması gerektiği düşünülen D vitamini seviyeleridir. 12 ng/mL seviyelerinin altı ise düşük olarak kabul edilir. D Vitamini Günlük İhtiyacı Ne Kadardır? D vitamini ihtiyacı yaşa ve kişiye göre değişkenlik gösterir. 1 yaşına kadarki bebeklerde 400 IU yeterli iken, 1 yaşından sonraki 600 IU alınması gerekir. 70 yaşından sonra günlük D vitamini ihtiyacı artmaktadır. Düşük D vitamini seviyeleri, özellikle kemikler ve kaslar ile ilgili bir dizi soruna yol açabilir. D Vitamini Eksikliği Neden Olur? D vitamini eksikliğinin nedeni, güneş ışınlarına yeterince maruz kalmamak ve d vitamini içeren besinlerin yeteri kadar tüketilmemesidir."
doc_0272,doc_0272_parent_003,doc_0272_parent_003_child_003,D Vitamini Eksikliği Belirtileri Nelerdir? D Vitamini Nelerde Var?,https://www.memorial.com.tr/saglik-rehberi/d-vitamini-eksikligi-belirtileri-nelerdir-d-vitamini-nelerde-var,316,3,1,False,"['D vitamini eksikliği nasıl anlaşılır?', 'esi - İştah kaybı - Daha sık ve kolay hastalanma - Üşüme - Cildin soluklaşması - Kaslardaki zayıflamaya bağlı yürümede güçlük - Acıya karşı artan hassasiyet D vitamini ne işe yarar?', 'Gebelikte ve menopoz dönemlerinde D vitaminin önemi nedir?']","D vitamini eksikliği nasıl anlaşılır? D vitamini düşük olduğunda, kemik ağrısı, kaslarda güç kaybı ve zayıflık, depresyon, yorgunluk, daha sık hastalanma, saç dökülmesi ve yaraların geç iyileşmesi gibi belirtiler ortaya çıkar. Ayrıca kemik yoğunluğunda kayba, osteoporoza ve kemiklerin daha kırılgan hale gelmesine de neden olabilir. D vitamini eksikliği şu belirtilerle anlaşılabilir: - Halsiz ve bitkin hissetme - Uyku sorunları - Kemik ağrısı - Kaslarda zayıflık ve ağrı - Depresyon - Saç dökülmesi - İştah kaybı - Daha sık ve kolay hastalanma - Üşüme - Cildin soluklaşması - Kaslardaki zayıflamaya bağlı yürümede güçlük - Acıya karşı artan hassasiyet D vitamini ne işe yarar? D vitamini, bağışıklığı güçlendirir, inflamasyon, otoimmün hastalıklar ve enfeksiyon gelişmesini önlemeye yardımcı olur. Kemik oluşumu, kemik ve kas sağlığının korunması, kanser, tip 2 diyabet ve kalp hastalıklarının gelişme riskini azaltır. Yeterli d vitaminine sahip olmak çocuklarda raşitizmi ve yetişkinlerde osteomalaziyi önler. Gebelikte ve menopoz dönemlerinde D vitaminin önemi nedir? Gebelik döneminde de D vitamininin etkileri önemlidir. Sağlık Bakanlığı, gebe ve yeni doğanlara D vitamini verilmesi yönünde bir politika izlemektedir. Bu olumlu ve doğru bir politikadır."
doc_0280,doc_0280_parent_003,doc_0280_parent_003_child_002,"Hidrosefali Nedir? Hidrosefali Belirtileri, Nedenleri ve Tedavisi",https://www.memorial.com.tr/hastaliklar/hidrosefali-nedir-belirti-ve-tedavi-yontemleri-nelerdir,304,5,0,False,"['Hamilelikte hidrosefali neden olur?', 'Hidrosefalide batan güneş manzarası ne demek?', 'Hidrosefali hastaları yürüyebilir mi?', 'Hidrosefalinin bitkisel veya doğal tedavisi var mı ?', 'Hidrosefali ameliyatı sonrası nelere dikkat edilmelidir?']","Hamilelikte hidrosefali neden olur? Hamilelik sırasında geçirilen CMV (sitomegalovirüs) , kızamıkçık , kabakulak , frengi ve toksoplazmozis gibi enfeksiyonlar hidrosefaliye neden olabilir. Hidrosefalide batan güneş manzarası ne demek? Kafa içi sinirlerin bası altında kalması göz kaslarında kuvvetsizliğe neden olarak çift görme yapabilir. Basıncın artması sonucu yukarı bakış kısıtlılığı gelişebilir ve bu batan güneş manzarası olarak adlandırılır. Göz dibi muayenesinde ödem saptanabilir. Hidrosefali hastaları yürüyebilir mi? Erken teşhis edilen ve uygun tedavi yöntemleri ile tedavi edilmiş hastaların yürümesi,normal fiziksel aktivitelerini yapması mümkün olup, geçikilmiş ve tedavi edilmemiş vakalarda zeka gerilikleri ve yürüme problemleri olabilir. Hidrosefalinin bitkisel veya doğal tedavisi var mı ? Hidrosefalinin bilinen bitkisel ve doğal tedavisi yoktur. Normal basınçlı hidrosefali’de Beyin omurilik salgısının azaltan bazı ilaçlar klinik bulgularda düzelme sağlayabilmektedir. Hidrosefali ameliyatı sonrası nelere dikkat edilmelidir? Şant ameliyatı sonrası dikkat edilmesi gereken bazı noktalar mevcuttur. Özellikle operasyondan sonraki ilk aylar oldukça önemlidir. Vücuda yerleştirilen yabancı bir cisme karşı vücut reddetme belirtileri verir."
doc_0280,doc_0280_parent_004,doc_0280_parent_004_child_002,"Hidrosefali Nedir? Hidrosefali Belirtileri, Nedenleri ve Tedavisi",https://www.memorial.com.tr/hastaliklar/hidrosefali-nedir-belirti-ve-tedavi-yontemleri-nelerdir,300,5,0,False,"['Hidrosefalide baş çevresi ölçümü nedir ?', 'Hidrosefalide şant çıkarılması gerekir mi ?', 'Hidrosefali demans yapar mı?', '( Alzheimer , parkinson , vasküler demans gibi) Hidrosefali nöbet yapar mı?', 'Hidrosefali için hangi bölüme gidilmelidir?']","Hidrosefalide baş çevresi ölçümü nedir ? Periyodik çocuk doktoru, çocuk nörolojisi doktoru veya beyin cerrahi doktoru kontrollerinde, bebeğin baş çevresinin ölçülmesi sayesinde, kafa çevresinin gereğinden fazla büyümesi durumunda yaşanabilecek sorunlara erken müdahale edilebilmesi sağlanır. Hidrosefalide şant çıkarılması gerekir mi ? Şant enfeksiyonu veya diskonksiyonu denilen şantın herhangi bir nedenle tıkanması, çalışmaması durumunda, şantın çıkarılması ve sonrasında drenaj sistemi veya yeni bir şant ile değiştirilmesi gerekebilir. Hidrosefali demans yapar mı? Erişkin tip hidrosefali olan Normal basıçlı hidrosefalilerde demans gözlenir. Normal basınçlı hidrosefali, demansa sebebiyet veren diğer bazı hastalıklar ile karışabilir. ( Alzheimer , parkinson , vasküler demans gibi) Hidrosefali nöbet yapar mı? Beyin içerisinde, beyin omurilik sıvısının artması ile oluşan hidrosefali, beyin dokusuna bası yaparak epileptik nöbetlere ( havale ) sebep olabilir. Hidrosefali için hangi bölüme gidilmelidir? Çocuklarda; beyin, sinir ve omurilik cerrahi, çocuk ve çocuk nöroloji kliniklerinde, yetişkinlerde ise beyin, sinir ve omurilik cerrahi ve Nöroloji kliniklerinde teşhis ve tedavi işlemş gerçekleştirilir."
doc_0280,doc_0280_parent_004,doc_0280_parent_004_child_003,"Hidrosefali Nedir? Hidrosefali Belirtileri, Nedenleri ve Tedavisi",https://www.memorial.com.tr/hastaliklar/hidrosefali-nedir-belirti-ve-tedavi-yontemleri-nelerdir,290,3,0,False,"['Hidrosefali için hangi bölüme gidilmelidir?', 'Hidrosefalide fizik tedavi yapılır mı ?', 'Hidrosefalinin folik asit kullanımı ile ilgisi nedir ?']","Hidrosefali için hangi bölüme gidilmelidir? Çocuklarda; beyin, sinir ve omurilik cerrahi, çocuk ve çocuk nöroloji kliniklerinde, yetişkinlerde ise beyin, sinir ve omurilik cerrahi ve Nöroloji kliniklerinde teşhis ve tedavi işlemş gerçekleştirilir. Hidrosefalide fizik tedavi yapılır mı ? • Etkilenen bölgedeki kasların kuvvetini arttırmak, bunun içinde kişiye özel terapi uygulamak gerekir. • Denge ve koordinasyonun artırılmasına yönelik çalışmalar uygulanmalı, günümüz teknolojisinde robotik rehabilitasyon ile denge arttırılarak yürüme eğitimi yapılmalıdır. • Ergoterapi , kişinin günlük yaşama adapte olmasını sağlayan bir yöntemdir. Aynı zamanda verilen duyu bütünleme eğitimi ile kişinin fonksiyonlarının kazanmasında yardımcı olunur. Hidrosefalinin folik asit kullanımı ile ilgisi nedir ? Bebeklerde farklı dönemlerde değişik beyin, sinir, omurilik cerrahisi gerektiren hastalıklar sıklıkla görülür. Bu hastalıklardan en fazla görülenler beyinde su toplanması (hidrosefali), omurilik sorunları (spina bifida) ve beyin tümörleri şeklinde sıralanabilir. Hamile kalmadan 2 ay önce başlanan folik asit kullanımı, doğumsal olarak gelişen omurilik hastalıklarını neredeyse yüzde 70 oranında önlemede yardımcıdır. Spina Bifidalı hastaların %85’inden fazlasında hidrosefali de görülür."
doc_0280,doc_0280_parent_004,doc_0280_parent_004_child_004,"Hidrosefali Nedir? Hidrosefali Belirtileri, Nedenleri ve Tedavisi",https://www.memorial.com.tr/hastaliklar/hidrosefali-nedir-belirti-ve-tedavi-yontemleri-nelerdir,292,4,0,False,"['Hidrosefali genetik midir ?', 'Hidrosefali nedeniyle gebelik sonlandırılmalı mı?', 'Hidrosefali görme kaybına neden olur mu?', 'Hidrosefali ilaç tedavisi var mı?']","Spina Bifidalı hastaların %85’inden fazlasında hidrosefali de görülür. Hidrosefali genetik midir ? Hidrosefali her yaşta görülebilir, ancak sıklıkla çocuklarda ve yaşlılarda (60 yaşın üzerinde) olur. Hidrosefali hastalarının çoğunda tanı doğumda, doğum öncesinde veya erken bebeklikte konulmaktadır. Nadir olmakla birlikte genetik (kalıtsal) bozukluklara veya gelişimsel bozukluklara bağlı olabilir. Hidrosefali nedeniyle gebelik sonlandırılmalı mı? Hidrosefali hastalığında durumun ağırlığının doğru bir şekilde tespit edilmesi gerekir. Tanı konulduktan sonra aileler doğru bir biçimde bilgilendirilmelidir. Ağır olgularda aileye, istemeleri durumunda heyet raporu ile gebeliği sonlandırma hakları olduğu belirtilmelidir. Aile istemedikten sonra bebeğe dokunulamaz, doğumdan sonra gerekli tetkik ve tedavileri yapılabilir. Hidrosefali görme kaybına neden olur mu? Hidrosefaliye bağlı göz sinirlerinin etkilenmesine bağlı olarak, görme kaybı, çift ya da bulanık görme problemleri oratya çıkabilir. Hidrosefali ilaç tedavisi var mı? İlaç tedavisi hidrosefalide bazı özel durumlarda geçici olarak ve nadiren uygulanır. İlaç tedavisinde amaç beyin omurilik sıvısının üretimini mümkün olduğunca azaltmak ve beyinden su atılımını arttırmaktır."
doc_0280,doc_0280_parent_005,doc_0280_parent_005_child_002,"Hidrosefali Nedir? Hidrosefali Belirtileri, Nedenleri ve Tedavisi",https://www.memorial.com.tr/hastaliklar/hidrosefali-nedir-belirti-ve-tedavi-yontemleri-nelerdir,303,3,0,False,"['Hidrosefali uyku yapar mı?', 'Hidrosefali genellikle uyku hali veya uyuşukluk yapar Hidrosefali unutkanlık yapar mı?', '(Alzheimer,parkinson,vasküler demans gibi) Hidrosefali ve spina bifida arasında bir bağlantı var mı?']","Hidrosefali uyku yapar mı? Hidrosefali genellikle uyku hali veya uyuşukluk yapar Hidrosefali unutkanlık yapar mı? Erişkin tip hidrosefali olan Normal basıçlı hidrosefalilerde demans gözlenir. Demans hastalarının en çok yaşadığı problem unutkanlıktır. Normal basınçlı hidrosefali ,Demansa sebebiyet veren diğer bazı hastalıklar ile karışabilir. (Alzheimer,parkinson,vasküler demans gibi) Hidrosefali ve spina bifida arasında bir bağlantı var mı? Spina bifida ;ayrık ya da açık omurga anlamına gelir. 3 şekli vardır. 1) Spina Bifida Occulta En hafif şeklidir.Omurga kemiklerinin arka kısmı açık kalmıştır.Bulgu, belirti vermez.Şikayete sebep olmaz.Tesadüfen fark edilir.Tedavi gerektirmez. 2) Meningosel Omuriliği çevreleyen zarlar, açık olan omur kemikleri arka kısımdan dışarı çıkar. Dışarı çıkan kısımda sinirler bulunmaz.Sadece beyin-omurilik suyu bulunur.Genelde bacaklarda güçsüzlük, idrar-gaita problemi bulunmaz.Çok nadiren beyinde su toplanması (hidrosefali) bulunur.Ameliyatla, açık kalan zar ve beyin onarılarak kese kapatılır."
doc_0281,doc_0281_parent_002,doc_0281_parent_002_child_002,"Molluskum Kontagiozum Nedir? Nedenleri, Belirtileri ve Tedavisi",https://www.memorial.com.tr/saglik-rehberi/molluskum-kontagiozum-nedir,316,4,0,False,"['Molluskum tedavi edilmezse ne olur?', 'Molluskum HPV midir?', 'Molluskum için hangi doktora gidilir?', 'Molluskum Kontagiozum tehlikeli midir?']","Molluskum tedavi edilmezse ne olur? Molluskum kontagiozum çoğu vakada herhangi bir tedavi uygulanmadan kendi kendine iyileşir. Şişlikler ortalama 2 ay ila 3 ay içinde ortadan kalkar. Fakat bu süre içinde yeni lezyonların oluştuğu görülebilir. Tamamen iyileşme için 6 ay ila 12 ay beklenmesi gerekebilir. Ağır molluskum kontagiozum vakalarının en son safhasında patlayan lezyonlar kırmızı yaralara dönüşür. Bu haliyle derinin o bölgesinde, ikincil enfeksiyonlara açık yaralar görülebilir. Molluskum HPV midir? Molluskum kontagiozum etkeni çiçek virüsü ailesinde yer alan bir virüs türüdür. Bu virüsler insan papilloma virüsü ( HPV ) olarak adlandırılan siğillere yol açan virüslerden farklıdır. Yine de her iki oluşumun da bulaşıcı olması nedeniyle literatürde birlikte incelenirler. Molluskum için hangi doktora gidilir? Lezyonların molluskum olup olmadığının kesin olarak teşhis edilebilmesi için bu konuda deneyimli bir dermatolog görüşü alınmalıdır. Dermatolog derideki lezyonlara bakarak kolayca teşhis koyabilir. Molluskum Kontagiozum tehlikeli midir? Molluskum kontagiozum viral bir cilt hastalığıdır. Cilt üzerinde oluşan küçük pembe ya da ten rengi kabarcıklarla karakterizedir. Zararlı bir hastalık değildir. Virüs lezyonların içindeki şişliklerde yerleşik vaziyette bulunur."
doc_0284,doc_0284_parent_001,doc_0284_parent_001_child_001,Tiroid İle İlgili Merak Edilen 10 Soru,https://www.memorial.com.tr/saglik-rehberi/tiroid-ile-ilgili-merak-edilen-10-soru,278,12,10,False,"['1- Her nodül kanser midir?', '2- Tiroidin kanser dışı hastalıkları nelerdir?', '3- Tiroid nodülü nasıl fark edilir?', '4- Tiroid kanseri belirtileri nelerdir?', '5- Tiroid kanseri vücuda yayılır mı?', '6- Tiroid kanserinde tedavi nasıldır?', 'Kemoterapi gerekli midir?', '7- Tiroid kanseri genetik midir?', 'Ailede tiroid tespit edilirse ne yapmak gerekir?', '8- Tiroid kanseri diğer kanser türlerine göre daha az riskli midir?', '9- Tiroid hastalığının kilo ile ilişkisi var mı?', '10- Tiroid hastalığı veya kanseri gebeliği etkiler mi?']","Tiroid kanseri, diğer kanser türlerine oranla iyi seyir gösterir ve kadınlarda, erkeklere oranla daha sık ortaya çıkar. Tüm dünyada troid kanserinin görülme sıklığında ortaya çıkan %100’ün üzerinde artışa ise radyasyona maruziyet, teknolojinin günlük yaşamın içinde olması, genetik yatkınlık ve düzenli tarama yöntemleri ile çok küçük nodüllerin saptanabilmesi neden oluyor. Memorial Ataşehir - Hizmet Hastanesi Genel Cerrahi Bölümü’nden Prof. Dr. Bülent Çitgez, 25-20 Mayıs Tiroid Farkındalık Haftası’nda, tiroid hastalıkları ve kanserleri ile ilgili merak edilen soruları yanıtladı. - 1- Her nodül kanser midir? - 2- Tiroidin kanser dışı hastalıkları nelerdir? - 3- Tiroid nodülü nasıl fark edilir? - 4- Tiroid kanseri belirtileri nelerdir? - 5- Tiroid kanseri vücuda yayılır mı? - 6- Tiroid kanserinde tedavi nasıldır? Kemoterapi gerekli midir? - 7- Tiroid kanseri genetik midir? Ailede tiroid tespit edilirse ne yapmak gerekir? - 8- Tiroid kanseri diğer kanser türlerine göre daha az riskli midir? - 9- Tiroid hastalığının kilo ile ilişkisi var mı? - 10- Tiroid hastalığı veya kanseri gebeliği etkiler mi?"
doc_0284,doc_0284_parent_001,doc_0284_parent_001_child_002,Tiroid İle İlgili Merak Edilen 10 Soru,https://www.memorial.com.tr/saglik-rehberi/tiroid-ile-ilgili-merak-edilen-10-soru,317,4,2,False,"['9- Tiroid hastalığının kilo ile ilişkisi var mı?', '10- Tiroid hastalığı veya kanseri gebeliği etkiler mi?', '1- Her nodül kanser midir?', '2- Tiroidin kanser dışı hastalıkları nelerdir?']","- 9- Tiroid hastalığının kilo ile ilişkisi var mı? - 10- Tiroid hastalığı veya kanseri gebeliği etkiler mi? 1- Her nodül kanser midir? Çoğunlukla görüntüleme veya fizik muayene sırasında tesadüfen saptanan tiroid nodülleri yetişkin popülasyonun yarısını etkilemektedir. Yüksek yaygınlık oranına rağmen genellikle belirti vermeyen tiroid nodüllerinin yalnızca %10-15'i kötü huylu tümör olarak kendini göstermektedir. Tiroid nodüllerini değerlendirmede önemli olan iyi huylu nodüllerde hasta özelinde tedavi uygulanması ve düşük risk oluştursa da tıbbi müdahaleden fayda sağlayacak kötü huylu nodüllerin belirlenmesidir. 2- Tiroidin kanser dışı hastalıkları nelerdir? Tiroid hastalığının iki ana çeşidi hipotiroidizm ve hipertiroidizmdir . Her iki duruma da tiroid bezinin çalışma şeklini etkileyen diğer hastalıklar neden olabilmektedir. Hipertiroidizm semptomları kaygı ve sinirlilik hali, hiperaktivite, uykusuzluk, yorgunluk, ısıya duyarlılık, kas güçsüzlüğü, ishal, normalden daha sık idrara çıkmak, susuzluk hissi, kaşıntı ve cinsel isteksizliktir. Hipotiroidizm belirtileri durumun ciddiyetine bağlıdır. Sorunlar genellikle birkaç yıl içinde yavaş yavaş gelişir. Yorgunluk ve kilo alımı gibi hipotiroidizm semptomları çabuk fark edilmez."
doc_0284,doc_0284_parent_001,doc_0284_parent_001_child_004,Tiroid İle İlgili Merak Edilen 10 Soru,https://www.memorial.com.tr/saglik-rehberi/tiroid-ile-ilgili-merak-edilen-10-soru,293,4,0,False,"['4- Tiroid kanseri belirtileri nelerdir?', '5- Tiroid kanseri vücuda yayılır mı?', '6- Tiroid kanserinde tedavi nasıldır?', 'Kemoterapi gerekli midir?']","Bir santimetre ya da daha büyük nodüller, ultrasonda şüpheli görünüme sahip nodüller veya kötü huylu nodül riskini daha iyi ölçmek için hücresel analiz gerekir. Ameliyat öncesi biyopsi ve patolojik tanı, hastayı ikinci kez ameliyat riskinden kurtarmaktadır. 4- Tiroid kanseri belirtileri nelerdir? Çoğu tiroid kanseri, hastalığın erken döneminde herhangi bir belirti veya semptoma neden olmamaktadır. Tiroid kanser i büyüdükçe boyunda ele gelen yumru, dar gömlek yakalarının çok sıkı hale geldiği hissi, artan ses kısıklığı da dahil olmak üzere sesinizdeki değişiklikler, yutma güçlüğü, boyundaki şişmiş lenf düğümleri, boğaz ve boyunda ağrı gibi semptomlara neden olabilmektedir. 5- Tiroid kanseri vücuda yayılır mı? Tiroid kanseri bazen yakındaki lenf düğümlerine veya vücudun diğer bölgelerine yayılabilmektedir. Yayılan kanser hücreleri, ilk tanı konulduğunda veya tedavi sonrası takiplerde saptanabilir. Tiroid kanserlerinin büyük çoğunluğu ise hiç yayılım yapmaz. 6- Tiroid kanserinde tedavi nasıldır? Kemoterapi gerekli midir? Tiroid nodülü küçük ve tek taraflıysa nodül bulunan kısım çıkarılırken, büyük bir tiroid nodülü varsa tüm tiroid alınmaktadır."
doc_0287,doc_0287_parent_001,doc_0287_parent_001_child_002,Kondromalazi patella (koşucu dizi),https://www.memorial.com.tr/hastaliklar/kondromalazi-patella-kosucu-dizi,310,3,0,False,"['Kondromalazi patellanın nedenleri nedir?', 'Kondromalazi patella belirtileri nelerdir?', 'Kondromalazi Patella nasıl teşhis edilir?']","Kondromalazi patellanın nedenleri nedir? Kondromalazi patella rahatsızlığının başlıca nedeni, diz kapağının hareketinde bozukluklar oluşmasıdır. Bu hareket bozukluğu doğumsal veya gelişimsel olarak kemiklerin dizilimdeki bozukluklar nedeniyle ortaya çıkabileceği gibi, uyluğun ön ve arka tarafındaki kasların zayıf olması ya da uyluğun iç ve dış tarafındaki kaslar arasındaki dengesizlikler diz kapağında hareket sorunlarına yol açabilir. Yine uyluğun dış yan kısımdaki iliotibial bandın fazla gergin olması, buna karşın kuadriseps kasının iç yan parçasının zayıflığı söz konusudur. Koşma, zıplama, kayak gibi hareketlere bağlı tekrar tekrar diz kapağının aşırı strese maruz kalması ya da diz kapağına gelen ani bir travma da kondromalazi patella sebebi olabilir. Kondromalazi patella belirtileri nelerdir? Kondromalazi patella rahatsızlığının en önemli belirtisi tipik olarak dizin ön tarafında ağrı şikayetlerinin oluşmasıdır. Dizi büküp açarken sürtünme hissi veya çıtırtı sesleri gelebilir. Uzun süre oturunca veya diz üzerine fazla yük bindiren aktiviteler sırasında ağrı kötüleşebilir. Merdiven ve yokuş inmek genelde daha ağrılı olur. Kondromalazi Patella nasıl teşhis edilir? Kondromalazi patella rahatsızlığının teşhisinde öncelikle fizik muayene gerekir."
doc_0287,doc_0287_parent_002,doc_0287_parent_002_child_001,Kondromalazi patella (koşucu dizi),https://www.memorial.com.tr/hastaliklar/kondromalazi-patella-kosucu-dizi,318,3,1,False,"['Kondromalazi patella e vre 4: Kondromalazi patella için kimler risk altındadır?', 'lar, bisikletçiler veya sık egzersiz yapanlar - Kadınlar ( Kadınlar erkeklerden daha fazla risk altındadır) Kondromalazi Patella fizik tedavi ve rehabilitasyon desteği ile geçer mi?', 'Kondromalazi Patella erkeklerde mi kadınlarda mı çok görülür?']","Kondromalazi patella e vre 2: - Kondromalazi patella e vre 3: Kıkırdak yapıda incelme ve bozulma bulguları daha belirginleştiği evresidir. Kondromalazi patella e vre 3: - Kondromalazi patella e vre 4: Kıkırdağın büyük kısmı bozulmuş ve yer yer altta kalan kemik doku açığa çıkmıştır. Bunun sonucunda diz hareketleri sırasında kemik yüzeyler birbirine sürtünür. Kondromalazi patella e vre 4: Kondromalazi patella için kimler risk altındadır? Kondromalazi patella geliştirmene neden olan diz kapağındaki hareket bozuklukları doğumsal ya da gelişimsel dönemlerde oluşabilmektedir. Risk taşıyan gruplar şöyle sıralanabilir: - Fazla kilolu olanlar - Diz kapağı ve bu bölgeye yakın yaralanmaları olan kişiler - Koşucular, futbolcular, bisikletçiler veya sık egzersiz yapanlar - Kadınlar ( Kadınlar erkeklerden daha fazla risk altındadır) Kondromalazi Patella fizik tedavi ve rehabilitasyon desteği ile geçer mi? Başlangıç düzeyindeki kıkırdak zedelenmeleri zaman içinde kendi kendine iyileşebilir. İyileşme birkaç hafta kadar kısa sürebilir ya da bazen sorun yıllarca devam edip kronikleşebilir. Kondromalazi patellanın her evresinde fizik tedavi ve rehabilitasyon özellikle kişiye göre düzenlenmiş egzersiz programları etkilidir. Kondromalazi Patella erkeklerde mi kadınlarda mı çok görülür? Kadınlarda erkeklere göre daha sık ortaya çıkar."
doc_0288,doc_0288_parent_001,doc_0288_parent_001_child_001,"Krup Hastalığı Nedir? Belirtileri, Nedenleri ve Tedavisi",https://www.memorial.com.tr/hastaliklar/krup-hastaligi-nedir,320,3,0,False,"['Krup Hastalığı Nedir?', 'Krup Hastalığı Neden Olur?', 'Krup Hastalığı Belirtileri Nelerdir?']","Krup, genellikle 6 ay - 5 yaş arası bebek çocuklarda görülen, virüs kaynaklı üst solunum yolunun enfekte olup, daraldığı ve nefes almanın zorlaştığı bir enfeksiyon hastalığıdır. Krup hastalığı soluk borusunda ve ses tellerinde ödeme neden olur, oluşan ödem çocuklarda özellikle gece ve sabaha karşı ortaya çıkan kaba, havlar gibi bir öksürüğe neden olur. Krup Hastalığı Nedir? Krup hastalığı, çocuklarda enfeksiyonla birlikte görülen ve solunum güçlüğüne neden olan, gırtlak ve soluk borusunda iltihapla karakterize, parainfluenza virüsünün neden olduğu hafif üst solunum yolu enfeksiyonudur. Krup bulaşıcı bir hastalığı olduğu için hastalıkla enfekte olmuş bir kişi ile temas durumunda virüs kapılabilmektedir. Krup Hastalığı Neden Olur? Krup hastalığının en yaygın nedeni parainfluenza virüsüdür. Diğer nedenler arasında influenza A ve B, kızamık, adenovirüs ve solunum sinsitiyal virüsü olarak da bilinen RSV virüsü yer almaktadır. Bulaşıcı bir hastalık olduğu için hastalıkla enfekte kişilerin öksürme ve hapşırma sonrası saçılan damlacıklar ile bu virüs başkalarına da bulaşabilir. Krup Hastalığı Belirtileri Nelerdir? Krup hastalığı, şişmiş ses tellerine bağlı olarak seste belirgin değişmelere, nefes darlığına ve havlar gibi çıkan öksürük belirtisine neden olur."
doc_0288,doc_0288_parent_001,doc_0288_parent_001_child_002,"Krup Hastalığı Nedir? Belirtileri, Nedenleri ve Tedavisi",https://www.memorial.com.tr/hastaliklar/krup-hastaligi-nedir,297,3,1,False,"['Krup Hastalığı Belirtileri Nelerdir?', 'Krup Hastalığı Nasıl Teşhis Edilir?', 'Krup Hastalığı Nasıl Tedavi Edilir?']","Krup Hastalığı Belirtileri Nelerdir? Krup hastalığı, şişmiş ses tellerine bağlı olarak seste belirgin değişmelere, nefes darlığına ve havlar gibi çıkan öksürük belirtisine neden olur. Krup hastalığının başlıca belirtileri şu şekilde sıralanabilir; - Şiddetli ve sesli öksürük - Ateş - Burun tıkanması - Yutkunamama - Halsizlik - Salya akması - Boğuk ses - Seste çatallaşma - Sesli nefes alma - Bebek ve çocuklarda sık sık ağlama - Suratta gri ya da mavimsi cilt tonunda değişmeler görülebilir. Krup Hastalığı Nasıl Teşhis Edilir? Krup hastalığı tanısında çocuğun öksürük şekli önemli bir ipucudur. Ancak şikayetler başladığında mutlaka uzman yardımı alınmalıdır. Doktor, hasta öyküsünü aldıktan sonra gerçekleştireceği muayene ile kesin teşhisi koymaktadır. Krup Hastalığı Nasıl Tedavi Edilir? Krup hastalığı genellikle kendinden geçen bir hastalıktır. Bu süreci hızlandırmak için oda nemlendiriciler kullanarak çocuğun kolay nefes almasını kolaylaştırmak, ses telleri ve öksürüğün yumuşaması için ılık sıvılar vermek ve istirahat etmesini sağlamak tedavi sürecine yardımcı olacaktır. Birkaç gün içerisinde iyileşme sağlanmadığı takdirde hekim muayenesi sonrasında tedavi gerektirebilmektedir."
doc_0288,doc_0288_parent_001,doc_0288_parent_001_child_004,"Krup Hastalığı Nedir? Belirtileri, Nedenleri ve Tedavisi",https://www.memorial.com.tr/hastaliklar/krup-hastaligi-nedir,255,4,0,False,"['Krup hastalığı yetişkinlerde görülür mü?', 'Krup hastalığı tekrarlar mı?', 'Krup hastalığına ne iyi gelir?', 'Krup hastalığı kaç günde geçer?']","Özellikle öksürme ve hapşırma burada önemli bulaş sebebidir. Öksürme ve hapşırma sonrası damlacık yolu ya da elle temas sonrası kapılabilir. Krup hastalığı yetişkinlerde görülür mü? Bağışıklık sisteminin gelişme aşamasında olduğu bebek ve çocuklarda görülür. Ancak nadirde olsa yetişkinlerde de görülebilir. Genellikle yetişkinlerde görülen krup daha hafif atlatılır. Krup hastalığı tekrarlar mı? Krup hastalığının bir yıl içerisinde bir veya iki kez tekrarlaması olağandır. Sık sık tekrarlaması normal kabul edilmez. Mutlaka hekime başvurulmalıdır. Krup hastalığına ne iyi gelir? Belirtileri hafif düzeyde seyreden çocuklar istirahat ederek tıbbi yardım gerektirmeden bu hastalığı atlatabilir. Hastalığın şiddetinin arttığı durumlarda ise hastanın kliniğine göre soğuk buhar uygulaması, ağızdan veya damardan antibiyotik, glukokortikoid ve oksijen desteği verilebilir. Sıvı tüketimine özen gösterilmelidir. Krup hastalığı kaç günde geçer? Krup hastalığında 3-4 gün içerisinde iyileşme sağlanır. Hastalığın şiddetine göre bu durum 7 ila 10 gün arasında değişkenlik gösterebilir."
doc_0289,doc_0289_parent_001,doc_0289_parent_001_child_002,Doppler Ultrasonografi ( Doppler USG) nedir?,https://www.memorial.com.tr/tani-ve-testler/doppler-ultrasonografi-doppler-usg-nedir,315,4,1,False,"['Doppler ultrasonunun kullanım alanları nelerdir?', 'Doppler ultrason genellikle hangi durumlarda tercih edilir?', 'ler USG) - Sistemik hastalıklar ( karaciğer, böbrek vb ) - Onkolojik değerlendirme - Preoperatif ( operasyon öncesi) değerlendirme Doppler ultrasonografiye ne zaman başvurulmalıdır?', 'Doppler ultrason nasıl yapılır?']","Doppler ultrasonunun kullanım alanları nelerdir? Doppler ultrason vücuttaki damarsal yatağı, bu damarların kan akım özelliklerini ve diğer organlarla olan ilişkilerini değerlendirmek için kullanılır. Doppler ultrason genellikle hangi durumlarda tercih edilir? Doppler ultrasonografi genellikle damarsal hastalıkların tespitinde ve diğer hastalıkların damarsal yapılarla ilişkilerinin değerlendirilmesinde kullanılır. Doppler ultrasonu, aşağıdakiler de dahil olmak üzere birçok durumu teşhis etmeye yardımcı olabilir; - Santral ve periferik damar hastalıkları ( anevrizma, darlık, tıkanıklık) - Toplardamar hastalıkları (venöz yetmezlik, varis ven trombozu) - Damarsal anomaliler ve yaralanmalar - Doğumsal ve gelişimsel kalp hastalıkları (Ekokardiografi) - Gebelik dönemi değerlendirmeleri ve infertilite ( 2’li 3’lü test, Obstetrik doppler USG, Penil doppler USG) - Sistemik hastalıklar ( karaciğer, böbrek vb ) - Onkolojik değerlendirme - Preoperatif ( operasyon öncesi) değerlendirme Doppler ultrasonografiye ne zaman başvurulmalıdır? Doopler ultrasonografiye birçok hastalıkta rutin ultrasonografik tetkiklere ek olarak başvurulabilir. Doppler ultrason nasıl yapılır? Doppler USG rutin ultrasonografi görüntülemesi sırasında, ek bir işlem gerektirmeden, cihazların software donanımları kullanılarak yapılabilmektedir."
doc_0289,doc_0289_parent_001,doc_0289_parent_001_child_003,Doppler Ultrasonografi ( Doppler USG) nedir?,https://www.memorial.com.tr/tani-ve-testler/doppler-ultrasonografi-doppler-usg-nedir,253,5,0,False,"['Doppler ultrason nasıl yapılır?', 'Doppler Ultrasonografi ( Doppler USG) hakkında sık sorulan sorular Doppler ultrasonografi öncesi hazırlık nasıl yapılır?', 'Doppler ultrasonografi sırasında ne olur?', 'Doppler ultrasonografi ne sıklıkta yapılır?', 'Doppler USG hangi bölüm bakar?']","Doppler ultrason nasıl yapılır? Doppler USG rutin ultrasonografi görüntülemesi sırasında, ek bir işlem gerektirmeden, cihazların software donanımları kullanılarak yapılabilmektedir. Doppler Ultrasonografi ( Doppler USG) hakkında sık sorulan sorular Doppler ultrasonografi öncesi hazırlık nasıl yapılır? Doppler USG öncesinde belirgin bir hazırlık gerekmez. Hedef alanın incelenebilmesine imkan verecek giysiler kullanılarak gerçekleşebilmektedir. Doppler ultrasonografi sırasında ne olur? Doppler ultrasonografide damar yatağının tespiti, morfolojik ( biçimsel) yapısı, duvar yapısı, içerisindeki kan akımının yönü, miktarı ve akım formu incelenir. Ayrıca organların beslenmesi, fonksiyonu ve tümoral yapıların daha ayrıntılı olarak değerlendirilmesini sağlar. Doppler ultrasonografi ne sıklıkta yapılır? Doppler USG radyasyon içeren bir tetkik olmadığından ve bilinen bir zararı bulunmadığından, gebelik dahil her dönemde ihtiyaç duyuldukça yapılabilir. Doppler USG hangi bölüm bakar? Doppler USG uzman radyoloji doktorları tarafından yapılır ve çıkan sonuçlar ayrıntılı olarak rapor edilir."
doc_0292,doc_0292_parent_001,doc_0292_parent_001_child_001,Şalazyon (Göz Kapağı Kisti) Nedir? Şalazyon Belirtileri ve Tedavisi,https://www.memorial.com.tr/hastaliklar/salazyon-goz-kapagi-kisti-nedir,311,3,0,False,"['Şalazyon (Göz Kapağı Kisti) Nedir?', 'Şalazyon Belirtileri Nelerdir?', 'Şalazyon Neden Olur?']","Arpacık ile çok sık karıştırılan şalazyon (göz kapağı kisti), gözde bulunan yağ bezlerinin bir sebep nedeniyle tıkanmasıyla oluşan bir hastalık olarak tanımlanıyor. Gerek ilaçlar gerekse de cerrahi operasyonla tedavi edilebilen şalazyon hayat kalitesini düşürüyor. Memorial Şişli Hastanesi Göz Merkezi uzmanları, şalazyon ve tedavi yöntemleri hakkında bilgi verdi. Şalazyon (Göz Kapağı Kisti) Nedir? Şalazyon, göz kapağınızda görülen küçük, genellikle ağrısız, yumru veya şişliktir. Şalazyon gözde bulunan yağ bezlerinin iltihaplanması veya tıkanmasıyla oluşur. Şalazyon meibom bezi tıkandığında meydana gelir. Genelde üst göz kapağında görülür. Genellikle ağrı göstermemekle birlikte bazen alt göz kapağında da görülebilmektedir. Şalazyon Belirtileri Nelerdir? Şalazyon, kırmızı ve şiş bir göz kapağı görüntüsüyle kendisini gösterir. Başlangıçta bu alan ağrı yapabilmekle birlikte ağrı birkaç gün içinde geçer yerine şişlik kalır. Şalazyon, ışığa karşı hassasiyet, göz kapağında kabuklanma, göz kapağında ağırlık hissi, gözlerin sulanması, tahriş, bulanık görme bazen de görmeyi engelleyerek belirti verebilir. Şalazyon Neden Olur? Vücudun her yerinde çeşitli bezler vardır. Bu bezler, hücrelerin dokuların, organların olması gerektiği gibi çalışması için uğraşır."
doc_0292,doc_0292_parent_002,doc_0292_parent_002_child_001,Şalazyon (Göz Kapağı Kisti) Nedir? Şalazyon Belirtileri ve Tedavisi,https://www.memorial.com.tr/hastaliklar/salazyon-goz-kapagi-kisti-nedir,305,5,0,False,"['Şalazyon ameliyatı sonrası sıcak pansuman yapılır mı?', 'Şalazyon ameliyatı sonrası şişlik olması normal mi?', 'Pek çok kişi, “Şalazyon ameliyatı sonrası şişlik ne zaman geçer?', 'Şalazyon kendiliğinden geçer mi?', 'Bazıları da “Şalazyon kaç günde geçer?']","Gözde şalazyon ameliyatı sonrası Gözlere dokunmamak ya da onları ovuşturmamak, bir süre kontakt lens kullanmamak, göze su ya da şampuan kaçmaması, yüzmemek, bir süre makyaj yapmamak gerekmektedir. Şalazyon ameliyatı sonrası sıcak pansuman yapılır mı? Hekimler ameliyattan sonraki günlerde sıcak pansuman önerebilir. Bunun nasıl yapılacağı konusunda hekimden bilgi alınmalıdır. Şalazyon ameliyatı sonrası şişlik olması normal mi? Göz kapağında şalazyon ameliyatı sonrası şişlik olması normaldir. Pek çok kişi, “Şalazyon ameliyatı sonrası şişlik ne zaman geçer?” sorusunun yanıtını da merak ediyor. Cerrahi kesi genellikle yaklaşık 7 ila 10 gün içinde iyileşmektedir. Ancak en az iki hafta boyunca gözünüze zarar verebilecek faaliyetlerden kaçınmak iyi olacaktır. Bu süreçte hekimin dediklerini uygulamak, ilaçları doğru zamanda almak doğru olur. Ayrıca ameliyattan sonra yaklaşık bir hafta boyunca kontakt lens kullanmaktan ve bir aya kadar göz makyajından kaçınmak gerekmektedir. Şalazyon kendiliğinden geçer mi? Şalazyon kendi başına geçen bir hastalık değildir. Evde şalazyon tedavisi olmaz. Hekimler tarafından tedavi verilir ve uygulanır. Şalazyon bitkisel tedavisi de merak edilen konulardan biridir. Bitkisel yöntemler göz sağlığı açısından olumsuz sonuçlar getirebilir. Bazıları da “Şalazyon kaç günde geçer?” sorusunun yanıtını araştırmaktadır."
doc_0292,doc_0292_parent_002,doc_0292_parent_002_child_002,Şalazyon (Göz Kapağı Kisti) Nedir? Şalazyon Belirtileri ve Tedavisi,https://www.memorial.com.tr/hastaliklar/salazyon-goz-kapagi-kisti-nedir,314,6,0,False,"['Bazıları da “Şalazyon kaç günde geçer?', 'Şalazyon ameliyatı sonrası tekrarlaması mümkün mü?', 'Şalazyon göz damlası veya şalazyon ilaçları işe yaramazsa ne yapılır?', 'Arpacık ve şalazyon nedir?', 'Arpacık ve şalazyon arasındaki fark nedir?', 'Şalazyon riski taşıyanlar kimlerdir?']","Bazıları da “Şalazyon kaç günde geçer?” sorusunun yanıtını araştırmaktadır. Bu sorunun yanıtı da hastanın durumuna ve şalazyonun şiddetine göre değişmektedir. Şalazyon ameliyatı sonrası tekrarlaması mümkün mü? Oluşum nedenine göre bazı tür şalazyonlar yeniden nüksedebilmektedir. Şalazyon göz damlası veya şalazyon ilaçları işe yaramazsa ne yapılır? Bu durumda göz hekimleri ameliyat önerebilir. Arpacık ve şalazyon nedir? Arpacık, göz kapağının altında büyüyen bakteriyel enfeksiyon kaynaklı bir sorundur; genelde kirpik iltihabı ile gelişir. Şalazyon ise göz kapağındaki yağ bezesinin tıkanmasıyla meydana gelir. Arpacık ve şalazyon arasındaki fark nedir? Arpacık ve şalazyonu birbirinden ayırt etmek zor olsa da uzman bir göz hekimi ikisinin arasındaki farkı hemen ayırt edecektir. Arpacık, genelde ağrılı seyrederken; şalazyonda ağrı olmamaktadır ya da çok az olmaktadır. Arpacık, göz kapağının yanında olur ve iltihaplanan bir kirpik kökünden kaynaklanır. Şalazyon göz kapağının arkasında gelişir. Şalazyon riski taşıyanlar kimlerdir? Blefariti olanlar, daha önce arpacık çıkaranlar, seboreik dermatit gibi cilt hastalıkları olanlar ve diyabet ile farklı tıbbi sorunları olanlar göz şalazyonu açısından daha riskli durumdadır."
doc_0292,doc_0292_parent_002,doc_0292_parent_002_child_003,Şalazyon (Göz Kapağı Kisti) Nedir? Şalazyon Belirtileri ve Tedavisi,https://www.memorial.com.tr/hastaliklar/salazyon-goz-kapagi-kisti-nedir,310,5,0,False,"['Şalazyon riski taşıyanlar kimlerdir?', 'Şalazyon patlatılır mı?', 'Şalazyon ameliyatı nedir?', 'Şalazyon kendi kendine geçer mi?', 'Bazı kişiler “Şalazyon ameliyatsız geçer mi?']","Şalazyon riski taşıyanlar kimlerdir? Blefariti olanlar, daha önce arpacık çıkaranlar, seboreik dermatit gibi cilt hastalıkları olanlar ve diyabet ile farklı tıbbi sorunları olanlar göz şalazyonu açısından daha riskli durumdadır. Şalazyon patlatılır mı? Hiçbir şekilde şalazyon patlatma gibi davranışlara girilmemelidir. Çünkü bu tür durumlar daha olumsuz görme sorunlarına da neden olabilir. Şalazyona uzman bir göz hekimi müdahale etmelidir. Gerekirse şalazyon operasyonu yapılmaktadır. Şalazyon ameliyatı nedir? Göz kapağı kisti ameliyatı olarak da bilinen şalazyon ameliyatı, göz cerrahisi uzmanı tarafından yapılan bir operasyondur. Şalazyon kendi kendine geçer mi? Bazı durumlarda şalazyon kendi kendine geçebilir ama bu nadir bir durumdur. O nedenle göz kapağında oluşan bir şişlik veya değişiklikte mutlaka göz uzmanına başvurulmalıdır. Göz doktoru ilk etapta şalazyon için göz damlası ve şalazyon için ilaç önerebilir. Eğer bu şalazyon tedavisi ile fayda alınamazsa şalazyon ameliyatı önerilir. Bazı kişiler “Şalazyon ameliyatsız geçer mi?” şeklinde soruların yanıtlarını merak eder. İlaçla da gözde şalazyon tedavisi yapılmakla birlikte bazı hasta grubunda ilaç tedavisi fayda vermemektedir. Bazı hasta grubunda da ameliyatsız şalazyon tedavisi olumlu sonuçlar getirmektedir. Hastanın durumuna göre şalazyonda iyileşme de değişmektedir."
doc_0292,doc_0292_parent_003,doc_0292_parent_003_child_001,Şalazyon (Göz Kapağı Kisti) Nedir? Şalazyon Belirtileri ve Tedavisi,https://www.memorial.com.tr/hastaliklar/salazyon-goz-kapagi-kisti-nedir,202,3,0,False,"['Şalazyon evde tedavi edilebilir mi?', 'Gözde arpacık ameliyatı şalazyon ameliyatına benzer mi?', 'Hastaların en sık sorduğu sorulardan biri de “Arpacık ameliyatı kaç günde iyileşir?']","Çünkü içinden yayılan salgı enfeksiyonun daha da yayılmasına sebep olabilir. Şalazyon evde tedavi edilebilir mi? Şalazyon ilk etapta evde tedavi edilebilir. Çeşitli ilaçlar, antibiyotikli kremler, ılık kompresler uygulanır. Düzelme olmazsa şalazyon ameliyatı önerilir. Gözde arpacık ameliyatı şalazyon ameliyatına benzer mi? Halk arasında arpacık kisti ameliyatı olarak da bilinen işlemde amaç arpacıkta oluşan iltihap boşaltılıp, tıkanan yağ bezleri açılması ve kistin tedavi edilmesidir. Arpacık ameliyatı sonrası göz birkaç saat kapatılır. Arpacık ameliyatı sonrası iz kalmamaktadır. Hastaların en sık sorduğu sorulardan biri de “Arpacık ameliyatı kaç günde iyileşir?”dir. Bir hafta içinde iyileşme söz konusudur. Gözde arpacık ameliyatı sonrası şişlik olabilmektedir. Ama bu şişlik de kısa sürede geçmektedir."
doc_0295,doc_0295_parent_002,doc_0295_parent_002_child_002,Dil ve Konuşma Terapisi Nedir? Faydaları Nelerdir?,https://www.memorial.com.tr/saglik-rehberi/konusma-ve-dil-terapisi-nedir,313,3,1,False,"['litesi - Erken dil becerileri - Daha iyi yutma işlevi - İyileştirilmiş yaşam kalitesi Dil ve Konuşma Terapisi Hakkında Sık Sorulan Sorular Dil ve konuşma terapisi sırasında ne olur?', 'Akıcı konuşma bozukluğu nedir?', 'Gecikmiş dil ve konuşma bozuklukları neyi içerir?']","Dil ve konuşma terapisinin faydaları şöyledir: - Geliştirilmiş benlik saygısı - Artan bağımsızlık - Fikirleri, düşünceleri ve duyguları anlama ve ifade etme yeteneği - Küçük çocuklar için okula hazırlık - Gelişmiş ses kalitesi - Erken dil becerileri - Daha iyi yutma işlevi - İyileştirilmiş yaşam kalitesi Dil ve Konuşma Terapisi Hakkında Sık Sorulan Sorular Dil ve konuşma terapisi sırasında ne olur? Dil ve konuşma terapisi sırasında ne olacağı, hastanın yaşına ve sahip olduğu konuşma bozukluğunun türü dahil olmak üzere çeşitli faktörlere bağlıdır. Çocuklar için genellikle sıralama etkinlikleri veya dil tabanlı oyunlar gibi oyunları içerir. Yetişkinler için, belirli becerileri geliştirmeye veya yeniden oluşturmaya odaklanır. Dil ve konuşma patoloğunuz, benzersiz durumunuza göre uygun tedaviyi önerecektir. Birçok farklı konuşma terapisi yaklaşımı ve kategorisi vardır ve sağlık uzmanınız sizin için en uygun olanı bulacaktır. Akıcı konuşma bozukluğu nedir? Bir konuşma sırasında bozulmaların, duraksamaların olması durumuna akıcı konuşma bozukluğu var anlamına gelmektedir. Konuşma bozukluğu tedavisi ile akıcı konuşma bozukluğu tedavi edilebilir. Konuşma dil terapisti sorunun tanısını koyup, tedavisini yapacaktır. Gecikmiş dil ve konuşma bozuklukları neyi içerir? Çocukların konuşma ve konuşulanları anlama konusunda yaşıtlarından geri kalması durumuna gecikmiş dil ve konuşma bozukluğu denir."
doc_0295,doc_0295_parent_002,doc_0295_parent_002_child_003,Dil ve Konuşma Terapisi Nedir? Faydaları Nelerdir?,https://www.memorial.com.tr/saglik-rehberi/konusma-ve-dil-terapisi-nedir,271,4,0,False,"['Gecikmiş dil ve konuşma bozuklukları neyi içerir?', 'Dil ve konuşma terapisi kaç yaşında başlar?', 'Afazi terapisi nedir?', 'Yetişkinlerde konuşma bozukluğu neden olur?']","Gecikmiş dil ve konuşma bozuklukları neyi içerir? Çocukların konuşma ve konuşulanları anlama konusunda yaşıtlarından geri kalması durumuna gecikmiş dil ve konuşma bozukluğu denir. İşitme sorunları, otizm, dudak-damak yarıklığı, serebral palsi, disleksi , çevre koşulları, ebeveynin yanlış davranışları ve sebebi bilinmeyen sorunlardan dolayı çocukların konuşması gecikebilir. Bu durumda bir çocuk konuşma terapisti çocuğu görmeli. Dil ve konuşma terapisi kaç yaşında başlar? Dil ve konuşma terapisinde bir yaş sınırı bulunmaz. Gecikmiş konuşma terapisi de bir çocuk dil terapisti tarafından yapılmalıdır. Gerekli durumlarda pedagog konuşma terapisti için yönlendirme yapacaktır. Afazi terapisi nedir? Afazi beyin hasarı kaynaklı konuşma bozuklukları durumudur. Afazi terapisi de bu hastalara uygulanan bir dil ve konuşma terapisidir. Yetişkinlerde konuşma bozukluğu neden olur? Yetişkinlerde kekemelik, hızlı konuşma, ses bozuklukları, artikülasyon bozuklukları veya afazi durumlarından kaynaklı konuşma bozuklukları olabilmektedir. Yetişkinlerde konuşma bozukluğu tedavisi yapılabilir. Dil ve konuşma bozukluğu tedavisi yetişkinlere de uygulanabilmektedir."
doc_0296,doc_0296_parent_002,doc_0296_parent_002_child_001,Parazit Nedir? Vücuttaki Parazit Nasıl Temizlenir?,https://www.memorial.com.tr/saglik-rehberi/parazit-nedir,298,3,2,False,"['da az pişmiş et - Çiğ ya da yıkanmamış meyve ve sebzeler - Su teresi gibi pis sularda yetişen ham su bitkileri - Pastörize edilmemiş süt ve meyve suları Parazit Nasıl Teşhis Edilir?', 'Vücutta parazit teşhisi için şu yöntemlerden yararlanılır: - Kan ve dışkı testi - İdrar testleri - Görüntüleme testleri - Moleküler testler Parazit Nasıl Tedavi Edilir?', 'Paraziti Önlemenin Yolları Nelerdir?']","Parazitin en önemli ve dikkat edilmesi gereken bulaşma yollarından biri de gıdalardır. Toprakla temasta olan gıdalar ya da iyi temizlenmemiş besinler kişiye bulaşarak vücutta parazite neden olur. Parazitlerin yaygın besin kaynakları şöyle sıralanır: - Balık, çiğ ya da az pişmiş et - Çiğ ya da yıkanmamış meyve ve sebzeler - Su teresi gibi pis sularda yetişen ham su bitkileri - Pastörize edilmemiş süt ve meyve suları Parazit Nasıl Teşhis Edilir? Parazitler, idrar testi ve kan testi yoluyla tespit edilir. Bunun yanında fiziksel muayene ve tıbbi geçmiş oldukça önemlidir. Vücutta parazit teşhisi için şu yöntemlerden yararlanılır: - Kan ve dışkı testi - İdrar testleri - Görüntüleme testleri - Moleküler testler Parazit Nasıl Tedavi Edilir? Parazit teşhisinin ardından uzman doktor vücuttaki enfeksiyonu engellemek için antiparaziterler, antibiyotikler ve antifungaller içeren ilaçlardan yararlanır. Bazı durumlarda ise parazit türüne bağlı olarak cilt enfeksiyonlarını önleyici, bitler için çeşitli şampuanlar ya da akarlar için ilaçlı losyonlar kullanılabilir. Paraziti Önlemenin Yolları Nelerdir? Parazite karşı önlem alarak enfeksiyonun riskinin önüne geçme mümkündür. Bunun için paraziti önleyici şu yöntemlerden yararlanabilirsiniz: Ellerinizi sık sık yıkayın"
doc_0296,doc_0296_parent_002,doc_0296_parent_002_child_003,Parazit Nedir? Vücuttaki Parazit Nasıl Temizlenir?,https://www.memorial.com.tr/saglik-rehberi/parazit-nedir,275,3,0,False,"['Parazit ne demek?', 'Parazitler vücutta hangi hastalıklara neden olur?', 'Vücutta parazit nasıl temizlenir?']","Parazit varlığını teşhis etmek için kan ve dışkı testi yapılabilir. Parazit ne demek? Bir organizmaya bağlı olarak yaşamını sürdürebilen ve sonucunda zararlı etkilere neden olan mikroskopik veya makroskopik şekilde görüntülenebilen canlılardır. Parazitler vücutta hangi hastalıklara neden olur? Vücuttaki parazitler genellikle ishal, kabızlık, karın ağrısı, mide bulantısı ve kusma gibi sindirim sorunlarına neden olabilir. Diğer yandan parazitler, acanthamoeba enfeksiyonları, babesiosis (Babesia Enfeksiyonu), kapilleryazis (Kılcal Enfeksiyon), Dientamoeba fragilis enfeksiyonu, ekinokokkozis ve fascioliasis gibi hastalıklara da yol açabilir. Vücutta parazit nasıl temizlenir? Parazit kaynaklı bazı enfeksiyonlar kısa süre içinde kendiliğinden geçer ancak çoğu insan için bağırsak parazitlerinden kurtulmak doktor tarafından reçeteli antiparaziter ilaçların kullanımı önerilir. Bu antiparaziter ilaçlar vücuttaki parazitleri felç ederek, parazitlerin büyümelerini durdurarak veya paraziti veya yumurtalarını tamamen öldürmeyi hedefler. Bu ilaçlar sayesinde vücuttaki parazitler genellikle temizlenmiş olur. Ayrıca kişisel hijyene dikkat etmek de parazit kaynaklı enfeksiyonların önlenmesi noktasında etkili olur."
doc_0298,doc_0298_parent_001,doc_0298_parent_001_child_001,Kanserde hormon (endokrin) tedavileri,https://www.memorial.com.tr/tedavi-yontemleri/kanserde-hormon-endokrin-tedavileri,319,3,0,False,"['Kanserde hormon (Endokrin) tedavisi nedir?', 'Hormon tedavisi hangi kanser türlerinde kullanılır?', 'Hormon tedavisi hangi kanserlerde nasıl uygulanır?']","Özellikle meme, prostat kanseri ve rahim kanserinin tedavisinde kullanılan hormon (endokrin) tedavisi, hormonla beslenen tümörlerin büyümesini yavaşlatıp durdurabiliyor. Kanser türlerine göre birbirinden farklılık gösteren endokrin tedavilerinin kanserin geri gelmesini önleme, cerrahiden önce tümörün boyutunun küçültme gibi avantajları bulunuyor. Genellikle diğer kanser tedavilerine eklenen endokrin tedavisi, kanser semptomlarını hafifletmek için de kullanılabiliyor. Memorial Ankara Hastanesi Tıbbi Onkoloji Bölümü’nden Doç. Dr. Kübra Aydın , kanserde hormon (endokrin) tedavileri ile ilgili bilgi verdi. Memorial Ankara Hastanesi Tıbbi Onkoloji Bölümü’nden Doç. Dr. Kanserde hormon (Endokrin) tedavisi nedir? Hormon tedavisi, büyümek için hormonları kullanan kanserin büyümesini yavaşlatan veya durduran bir kanser tedavisidir. Bu tedavi yöntemi, büyümek için hormon kullanan bazı prostat kanseri ve meme kanseri gibi kanserleri tedavi etmek amacıyla kullanılır. Hormon tedavisi aynı zamanda endokrin tedavisi olarak da adlandırılmaktadır. Hormon tedavisi hangi kanser türlerinde kullanılır? Meme kanseri, prostat kanseri, nöroendokrin tümörler ve bazı jinekolojik kanserlerde hormonlar üzerinden etki eden endokrin tedavileri uygulanmaktadır. Hormon tedavisi hangi kanserlerde nasıl uygulanır? Hormon tedavisi, meme, prostat, nöroendokrin ve rahim kanserlerinde uygulanır. Bu kanser çeşitlerinde uygulanan hormon tedavileri kanser türlerine göre birbirinden farklılık göstermektedir."
doc_0298,doc_0298_parent_002,doc_0298_parent_002_child_003,Kanserde hormon (endokrin) tedavileri,https://www.memorial.com.tr/tedavi-yontemleri/kanserde-hormon-endokrin-tedavileri,292,3,0,False,"['Kanserde hormon tedavisinin avantajları nelerdir?', 'veya durdurur - Ameliyattan önce bir tümörün boyutunu küçültür Kanserde hormon tedavisi hakkında sık sorulan sorular Tüm meme kanserlerinde hormon (endokrin) tedaviler uygulanır mı?', 'Meme kanserinde hangi evrede endokrin tedaviler uygulanır?']","Diğer hormon baskılayıcı tedavi seçeneği olan letrozol ve anastrazol gibi aromataz enzimini baskılayarak etki eden ilaçların rahim kanserinde etkinliği daha azdır. Yapılan çalışmalarda tedaviden fayda görme oranı yüzde 10’dan daha azdır. Rahim kanseri için hormon tedavisi genellikle hap şeklinde verilir. Kanserde hormon tedavisinin avantajları nelerdir? - Kanserin geri gelmesini önler -Diğer meme dokusunda kanser gelişme riskini azaltır -Yayılan kanserin büyümesini yavaşlatır veya durdurur - Ameliyattan önce bir tümörün boyutunu küçültür Kanserde hormon tedavisi hakkında sık sorulan sorular Tüm meme kanserlerinde hormon (endokrin) tedaviler uygulanır mı? Meme kanserleri patoloji özelliklerine göre kabaca 4 gruba ayrılır; hormon pozitif(Luminal A/B), her 2 pozitif ve triple negatif. Bu tiplerden sadece hormon pozitif grupta olan hastalara endokrin tedaviler kullanılır. Meme kanserinde hangi evrede endokrin tedaviler uygulanır? Meme kanserinde hem erken evrede hem de metastatik evrede bu tedaviler kullanılmaktadır. Erken evrede tedavi süresi hastanın risk faktörlerine ve menapoz durumuna göre belirlenir. Metastatik evrede ise hasta tedaviden fayda gördüğü ve ciddi yan etki olmadığı sürece süresi belli olmaksızın tedaviye devam edilir."
doc_0298,doc_0298_parent_002,doc_0298_parent_002_child_004,Kanserde hormon (endokrin) tedavileri,https://www.memorial.com.tr/tedavi-yontemleri/kanserde-hormon-endokrin-tedavileri,289,4,0,False,"['Kanserde hormon tedavisi türleri nelerdir?', 'Hormon tedavisini kimler kullanabilir?', 'Kanser tedavisi sırasında ne zaman hormon tedavisi verilir?', 'Hormon tedavisi diğer kanser tedavileriyle birlikte kullanıldığında ne gibi etkilerde bulunur?']","Metastatik evrede ise hasta tedaviden fayda gördüğü ve ciddi yan etki olmadığı sürece süresi belli olmaksızın tedaviye devam edilir. Tedavi altında hastalık ilerlemesi olma durumunda farklı bir endokrin tedaviye geçilebilir ya da endokrin direnç gelişen durumlarda direnç kırıcı etkisi olan ilaçlar eklenerek bu tedaviler sürdürülür. Kanserde hormon tedavisi türleri nelerdir? Kanserde hormon tedavisi, vücudun hormon üretme yeteneğini engelleyenler ve hormonların vücutta nasıl davrandığına müdahale edenler olmak üzere iki geniş gruba ayrılır. Hormon tedavisini kimler kullanabilir? Hormon tedavisi, büyümek için hormon kullanan prostat, meme, rahim ve nöroendokrin kanserlerini tedavi etmek için kullanılır. Hormon tedavisi en sık diğer kanser tedavileriyle birlikte kullanılır. İhtiyaç olan tedavi türleri, kanserin türüne, yayılıp yayılmadığına ve ne kadar uzağa yayıldığına, büyümek için hormonları kullanıp kullanmadığına ve başka sağlık sorunlarının olup olmamasına bağlı olmaktadır. Kanser tedavisi sırasında ne zaman hormon tedavisi verilir? Hormon tedavisi genellikle diğer tedavilerle birlikte verilir. Zamanlama, diğer faktörlerin yanı sıra tümörün evresine ve konumuna bağlı olarak değişir. Hormon tedavisi diğer kanser tedavileriyle birlikte kullanıldığında ne gibi etkilerde bulunur? Hormon tedavisi cerrahi, kemoterapi ve radyoterapi gibi diğer kanser tedavileriyle birlikte kullanılabilir."
doc_0298,doc_0298_parent_003,doc_0298_parent_003_child_004,Kanserde hormon (endokrin) tedavileri,https://www.memorial.com.tr/tedavi-yontemleri/kanserde-hormon-endokrin-tedavileri,270,5,0,False,"['Kanserde hormon tedavisi için özel bir diyete ihtiyaç var mıdır?', 'Hormon tedavisi alan kanser hastaları iş hayatlarına devam edebilir mi?', 'Prostat kanserinde hormon tedavisinin cinsel yaşama etkisi var mıdır?', 'Kastrasyona dirençli prostat kanseri nedir?', 'Hormon tedavisinin etkileri kalıcı mıdır?']","Bunun yerine diğer kanser tedavileri kullanır. Kanserde hormon tedavisi için özel bir diyete ihtiyaç var mıdır? Prostat kanseri için hormon tedavisi kilo alımına neden olabilir. ideal kiloyu koruyabilmek için mutlaka bir diyetisyenden yardım almak gerekir. Hormon tedavisi alan kanser hastaları iş hayatlarına devam edebilir mi? Hormon tedavisi çalışma yeteneğini etkilemez. Bu tedaviyi alan hastalar iş yaşamlarına devam edebilirler. Prostat kanserinde hormon tedavisinin cinsel yaşama etkisi var mıdır? Prostat kanseri ve tedavisi cinsel isteğini etkileyebilir. Prostat kanseri için hormon tedavisi cinsel dürtüyü düşürür. Bunun nedeni, bazı hormon tedavisi türlerinin testosteron seviyesini düşürmesidir. Hormon tedavisi durdurulduktan sonra cinsel istek artabilir, ancak bu birkaç ay sürebilir. Kastrasyona dirençli prostat kanseri nedir? Kastrasyona dirençli prostat kanseri (CRPC), androjen düşürme tedavisine rağmen hastalığın ilerlemesi ile tanımlanır. Bu durumda serum prostat spesifik antijen (PSA) seviyelerinde sürekli bir artış, önceden var olan hastalığın ilerlemesi ve/veya yeni metastazların oluşması gözlemlenir. Hormon tedavisinin etkileri kalıcı mıdır? Hormonal ilaç tedavisi görmüş kadınlarda tedaviye bağlı menopoz geçici olabilir."
doc_0299,doc_0299_parent_001,doc_0299_parent_001_child_001,"Egzama Nedir, Ne İyi Gelir? Egzama Nedenleri ve Belirtileri",https://www.memorial.com.tr/hastaliklar/egzama-nedir-egzama-nasil-gecer,300,9,8,False,"['Egzama Nedir?', 'Egzama Neden Olur?', 'Egzama Çeşitleri Nelerdir?', 'Egzama Belirtileri Nelerdir?', 'Egzama Teşhisi Nasıl Yapılır?', 'Egzama Tedavisi Nasıl Yapılır?', 'Egzama Nasıl Geçer ve Egzamaya Ne İyi Gelir?', 'Egzamadan Korunmak İçin Neler Yapılmalıdır?', 'Egzama Hakkında Sık Sorulan Sorular Egzama Nedir?']","Egzama, ciltte döküntü, cilt kuruluğu ve kaşıntıya neden olan kalıtsal ve kronik inflamatuar cilt rahatsızlığıdır. En sık görülen türü atopik dermatittir. Dirsek kıvrımları, dizlerin arkası ve bilekler belirtilerin en yaygın görüldüğü yerlerdir. Cilt kuruluğu, çatlama, kabarıklık ve şişlik, ciltte kaşıntı ve pullu deri döküntüsü egzamanın en tipik belirtileridir. Tahriş edici veya alerjenle temas edildiğinde egzama belirtileri daha da şiddetlenebilir. Semptomları iyileştirmeye yardımcı olacak tedaviler mevcuttur ancak egzamanın kesin bir tedavisi yoktur. - Egzama Nedir? - Egzama Neden Olur? - Egzama Çeşitleri Nelerdir? - Egzama Belirtileri Nelerdir? - Egzama Teşhisi Nasıl Yapılır? - Egzama Tedavisi Nasıl Yapılır? Egzama Nasıl Geçer ve Egzamaya Ne İyi Gelir? - Egzamadan Korunmak İçin Neler Yapılmalıdır? - Egzama Hakkında Sık Sorulan Sorular Egzama Nedir? Egzama, pullu, kızarık görünen, kabuklu ve sertleşen veziküler lezyonlar yan ısıra kaşıntıya neden olan inflamatuar cilt rahatsızlığıdır. Küçük çocuklarda daha sık görülen egzama hastalığı her yaştan kişiyi de etkileyebilir."
doc_0299,doc_0299_parent_002,doc_0299_parent_002_child_003,"Egzama Nedir, Ne İyi Gelir? Egzama Nedenleri ve Belirtileri",https://www.memorial.com.tr/hastaliklar/egzama-nedir-egzama-nasil-gecer,310,4,0,False,"['Egzama Tedavisi Nasıl Yapılır?', 'Egzama Nasıl Geçer ve Egzamaya Ne İyi Gelir?', 'Elde egzama neden olur?', 'El egzamasına ne iyi gelir?']","Bu süre içerisinde kişinin spor yapmaması, duş almaması ve testi etkileyecek benzer davranışlarda bulunmaması gerekir. Bölgede kabarma, sulanma ve kızarıklık varsa, hastanın o bölgeye sürülen maddeye karşı alerjik egzama olduğu tespit edilir. Egzama Tedavisi Nasıl Yapılır? Egzama Nasıl Geçer ve Egzamaya Ne İyi Gelir? Egzama tedavisinde kortizon dışı bağışıklık sistemini baskılayıcı ilaçlar, ıslak pansumanlar ve lokal kortikosteroidli pomadlar kullanılır. Atak sıklığını azaltmak, deriyi güçlendirmek amacıyla nötral sabunlar, bariyer kremler, nemlendiriciler, egzama eldivenleri ve egzama şampuanları önerilmektedir. Elde egzama neden olur? Değişik tipleri bulunan egzamanın en çok etkilediği organlardan biri ellerdir. Ellerde egzama, derinin savunma kapasitesinin azalması veya yok olması sebebiyle ortaya çıkmaktadır. Sık sık el yıkamak, deterjan, sabun ve çamaşır suyu ile iç içe olmak, tozlu ortam gibi faktörler derinin yıpranmasına ve egzama oluşumuna zemin hazırlamaktadır. Elde egzama en fazla el ön kolda ve sırtta görülür. El egzamasına ne iyi gelir? Egzama tedavisinde kortizon dışı bağışıklık sistemini baskılayıcı ilaçlar, ıslak pansumanlar ve lokal kortikosteroidli pomadlar kullanılır."
doc_0299,doc_0299_parent_002,doc_0299_parent_002_child_004,"Egzama Nedir, Ne İyi Gelir? Egzama Nedenleri ve Belirtileri",https://www.memorial.com.tr/hastaliklar/egzama-nedir-egzama-nasil-gecer,308,3,0,False,"['El egzamasına ne iyi gelir?', 'Saç egzamasına ne iyi gelir?', 'Egzamadan Korunmak İçin Neler Yapılmalıdır?']","El egzamasına ne iyi gelir? Egzama tedavisinde kortizon dışı bağışıklık sistemini baskılayıcı ilaçlar, ıslak pansumanlar ve lokal kortikosteroidli pomadlar kullanılır. Atak sıklığını azaltmak, deriyi güçlendirmek amacıyla nötral sabunlar, bariyer kremler, nemlendiriciler, egzama eldivenleri ve egzama şampuanları önerilmektedir. Saç egzamasına ne iyi gelir? Salisilik asitle birlikte topikal steroidler saç egzaması tedavisinde yararlı olabilir. Saçlı deri egzaması enfeksiyon kapmışsa doktor tarafından ağızdan antibiyotik reçete edilebilir. Egzamadan Korunmak İçin Neler Yapılmalıdır? Egzamadan korunmak ya da egzama sürecinin daha rahat geçirilmesi için alınacak önlemler şu şekildedir: - Egzamalı bölgeyi kaşımamaya ve tahriş etmemeye özen gösterilmelidir. - Bulunan ortam yeterli nem ve ısı oranına sahip olmalıdır. - Ev sık sık havalandırılmalıdır. - Banyo sıklığı mevsime göre ayarlanmalıdır. - Gün aşırı banyo yapmaya özen gösterilmelidir. - Sert lifler ve keseler kullanılmamalı, çok sıcak suyla banyo yapılmamalıdır. - Nötr sabun tercih edilmelidir. - Banyo sonrası tüm vücuda nemlendirici sürülmelidir. - Egzamadan korunmak için bağışıklık sisteminin güçlü olmasına özen gösterilmelidir. - Eller sık sık nemlendirilmelidir."
doc_0299,doc_0299_parent_003,doc_0299_parent_003_child_001,"Egzama Nedir, Ne İyi Gelir? Egzama Nedenleri ve Belirtileri",https://www.memorial.com.tr/hastaliklar/egzama-nedir-egzama-nasil-gecer,296,3,1,False,"['Egzama Hakkında Sık Sorulan Sorular Egzama bulaşıcı mıdır?', 'Koltuk altında egzama olur mu?', 'Egzama sebepleri nelerdir?']","- Stresten uzak durulmaya çalışılmalıdır. - Çiğ sebze ve meyvelere, et ve balık ürünlerine çıplak elle temas edilmemelidir. - Sağlıklı beslenmeye özen gösterilmelidir. - Günlük yeterli miktarsa su içilmelidir. - Doktorun verdiği egzama diyeti uygulanmalıdır. Egzama Hakkında Sık Sorulan Sorular Egzama bulaşıcı mıdır? Hayır, egzama bulaşıcı değildir. Egzama hastalığı başkasından geçebilen bir hastalık değildir. Egzama daha çok genler, çevresel tetikleyiciler ve stres gibi faktörler nedeni ile ortaya çıkmaktadır. Koltuk altında egzama olur mu? Bir egzama türü olan atopik dermatit, koltuk altı bölgesini etkileyebilir. Cilt bariyerinde tahriş, ter, sürtünme veya deodorant gibi alerjenlere bağlı olarak cilt iltihaplanabilir, kaşıntılı pullu döküntülerin oluştuğu koltuk altında egzama meydana gelebilir. Egzama sebepleri nelerdir? Egzama neden olan en temel etkenler, cilt bariyerinde gelişen sorunlar, cilt kuruluğu, cilt enfeksiyonları, genetik yatkınlık, stres, bağışıklık problemleri, hormon problemleri ve strestir. Diğer yandan, sabun, tüy, toz akarları ve alerjenler gibi diğer tahriş edebilen etkenler ve bakteriyel enfeksiyonlarda egzamaya neden olabilmektedir."
doc_0299,doc_0299_parent_003,doc_0299_parent_003_child_002,"Egzama Nedir, Ne İyi Gelir? Egzama Nedenleri ve Belirtileri",https://www.memorial.com.tr/hastaliklar/egzama-nedir-egzama-nasil-gecer,290,5,0,False,"['Egzama ne kadar sürede geçer?', 'Egzama kışın artar mı?', 'Hangi vitamin eksikliği egzamaya neden olur?', 'Tuzlu su egzamaya iyi gelir mi?', 'Sıcak su egzamaya iyi gelir mi?']","Diğer yandan, sabun, tüy, toz akarları ve alerjenler gibi diğer tahriş edebilen etkenler ve bakteriyel enfeksiyonlarda egzamaya neden olabilmektedir. Egzama ne kadar sürede geçer? Çocuklukta ortaya çıkan egzama zamanla düzelse de egzama kronik olarak gelişirse hayat boyu devam edebilir. Egzama kışın artar mı? Kış aylarında soğuk hava ve nem oranının düşük olması egzama hastalığının artış göstermesine neden olur. Kapalı ısıtma sistemlerinin yaşam alanını kurutması, kalın kıyafetlerin giyilmesi ve daha sıcak banyo uygulaması da egzamayı tetikleyebilmektedir. Hangi vitamin eksikliği egzamaya neden olur? Egzama, vücutta B6 vitamini eksikliğini işaret edebilir. Eksikliğinde hücre yenilenmesi yavaşlar ve egzama, iltihaplanma gibi deri problemleri görülebilir. Tuzlu su egzamaya iyi gelir mi? Egzamanız varsa, cilt bakım rutininize tuzlu su kullanımını ekleyerek kaşıntıyı hafifleten ve egzamaya neden olan bakteri ve mantarların nemini azaltabilmek mümkün olmaktadır. Sıcak su egzamaya iyi gelir mi? Egzama hastaları ciltte oluşabilecek olan kurulukların giderilmesini ister. Bu neden ılık su ile banyo yaparak, egzama için kullanılan kremlerden kullanarak cildi düzenli olarak nemlendirmesi gerekmektedir."
doc_0301,doc_0301_parent_003,doc_0301_parent_003_child_001,"Kolera Nedir? Kolera Belirtileri Nelerdir, Nasıl Bulaşır?",https://www.memorial.com.tr/hastaliklar/kolera-nedir-nasil-bulasir,275,5,0,False,"['Kolera bulaşması açısından kimler daha yüksek risk altındadır?', 'Koleralı hasta ne zaman doktora gitmeli?', 'Kolera hamile ve çocuklara bulaşır mı?', 'Hamile ve kronik hastalığı olan kolera hastaları nasıl tedavi edilir?', 'Kolera hangi sistemin hastalığıdır?']","Kolera bulaşması açısından kimler daha yüksek risk altındadır? Koleranın aktif olarak bulaştığı bir bölgede kolera hastalarını tedavi eden sağlık çalışanları, kolera ile mücadele eden diğer çalışanlar ve temiz gıda ve suya ulaşamayanlar kolera bulaşması açısından daha yüksek risk altındadır. Koleralı hasta ne zaman doktora gitmeli? Kolera hastalığının hafif semptomları birkaç gün içinde kendi kendine geçebilir. Ancak şiddetli semptomlarınız varsa ve susuz kalmaya başlarsanız, tıbbi yardıma ihtiyacınız vardır. Çok hızlı bir şekilde sıvı takviyesi yapılması için tedaviye hemen başlanılmalıdır. Kolera hamile ve çocuklara bulaşır mı? Kolera ağız yoluyla bulaşan bir hastalık olduğu için dikkat edilmediği takdirde hamile kadınlar, çocuklar ve tüm insanlarda görülebilir. Hamile ve kronik hastalığı olan kolera hastaları nasıl tedavi edilir? Kolera hastalığının tedavisi hamile ve ciddi beslenme bozukluğu, HIV infeksiyonu gibi altta yatan hastalığı olan tüm hastalara kolera bakterilerine etkili antibiyotik tedavisi verilir. Antibiyotikler ishal süresini ve çıkarılan dışkı miktarını azaltarak daha hızlı iyileşmeye yardımcı olur. Kolera hangi sistemin hastalığıdır? Kolera Vibrio cholerae bakterisinin etken olduğu infeksiyöz bir sindirim sistemi hastalığıdır."
doc_0301,doc_0301_parent_003,doc_0301_parent_003_child_002,"Kolera Nedir? Kolera Belirtileri Nelerdir, Nasıl Bulaşır?",https://www.memorial.com.tr/hastaliklar/kolera-nedir-nasil-bulasir,296,3,0,False,"['Kolera hangi sistemin hastalığıdır?', 'Su kirliliği koleranın dışında hangi hastalıklara neden olur?', 'Kolera hastalığı ilk ne zaman ortaya çıktı?']","Kolera hangi sistemin hastalığıdır? Kolera Vibrio cholerae bakterisinin etken olduğu infeksiyöz bir sindirim sistemi hastalığıdır. Su kirliliği koleranın dışında hangi hastalıklara neden olur? Kirli sular ishal, kolera, amipli ve basilli dizanteri , tifo , hepatit A , çocuk felci gibi hastalıkların bulaşmasına neden olabilir. Kolera hastalığı ilk ne zaman ortaya çıktı? İlk kolera pandemisi (tüm dünyaya yayılan salgın) Hindistan’da Ganj deltasında Jessore’da bir salgınla başlamıştır. Hastalık ticaret yollarını izleyerek hızla Hindistan’ın çoğuna, Myanmar’a ve Sri Lanka’ya yayılmıştır. Bunun sonrasında son 200 yılda yedi kolera pandemisi görülmüştür. Yedinci kolera pandemisi şu anda devam etmektedir. Afrika, Güneydoğu Asya, Hindistan ve çevresi ve Haiti’de kolera hastalığı varlığını sürdürmektedir. Her yıl dünyada 1.3-4 milyon kolera vakası görüldüğü ve 21 bin ile 143 bin kişinin öldüğü tahmin edilmektedir. Kolera kirli su ilişkisi bağlamı 1854 yılındaki bir vakayla örneklendirilebilir. Tarihler 1854 yılını gösterdiğinde Londra’da kolera salgını sırasında John Snow harita üzerinde kolera vakalarının yerlerini işaretlemiş ve bunun sonucunda salgının kaynağı olduğunu saptadığı tulumba mühürlenmiş ve salgın kontrol altına alınmıştır."
doc_0303,doc_0303_parent_001,doc_0303_parent_001_child_001,Göz Kapağı Şişmesi Neden Olur? Nasıl Geçer?,https://www.memorial.com.tr/saglik-rehberi/goz-kapagi-sismesi,283,4,4,False,"['Göz Kapağı Şişmesi Nedir?', 'Göz Kapağı Şişmesi Neden Olur?', 'Göz Kapağı Şişmesi Nasıl Geçer?', 'Göz Kapağı Şişmesi Hakkında Sık Sorulan Sorular Göz Kapağı Şişmesi Nedir?']","Göz kapağının şişmesi, kirpik, göz yaşı bezleri, ter bezleri ve yağ bezlerinden oluşan cilt dokusu olan göz kapağının enfeksiyon kaynaklı inflamatuar reaksiyonlar, yorgunluk ve alerji gibi nedenlerle şişmesidir. Göz kapağı şişmesini geçirmek için soğuk kompres uygulamak ya da göz kapağı üstüne çay poşeti koymak iyi gelir. Şişliğin devam etmesi ve günden güne azalmaması durumunda doğru tedavi yöntemi için uzman doktora görünmek önemlidir. - Göz Kapağı Şişmesi Nedir? - Göz Kapağı Şişmesi Neden Olur? - Göz Kapağı Şişmesi Nasıl Geçer? - Göz Kapağı Şişmesi Hakkında Sık Sorulan Sorular Göz Kapağı Şişmesi Nedir? Göz kapağı şişmesi, alerji, yorgunluk, travma ve enfeksiyon kaynaklı göz kapağında ya da etrafındaki dokularda meydana gelen iltihaplanma sonucu yaşanan bir semptomdur. Göz kapağı hassas ve ince bir yapıya sahip olduğundan bu sorun sık görülebilir Göz kapağında oluşan şişlik birkaç gün içinde tedavisiz düzelse de fazla tekrar ederse uzman doktora görünmek önemlidir. Böylelikle göz kapağı şişmesinin nedenine göre tedavi uygulanır. Göz kapağı dokularında gelişen bu şişlikler, tek gözde olabileceği gibi iki gözü birden etkileyebilir."
doc_0308,doc_0308_parent_001,doc_0308_parent_001_child_001,Göze İyi Gelen Besinler Nelerdir?,https://www.memorial.com.tr/saglik-rehberi/goze-iyi-gelen-besinler,306,4,4,False,"['Göze İyi Gelen Besinler Nelerdir?', 'Göz Sağlığına İyi Vitamin ve Mineraller Nelerdir?', 'Göz Sağlığını Korumanın Yolları Nelerdir?', 'Göze İyi Gelen Besinler Hakkında Sık Sorular Göze İyi Gelen Besinler Nelerdir?']","Göz sağlığı yaşla ve tüketilen besinlerle beraber zaman içerisinde bozulabilir. Görme problemlerini önlemek ve buna yönelik olarak bir beslenme şekli tercih etmek gerekir. Gözler gün içerisinde sürekli olarak zararlı ışınlara, mavi ekrana ve çevresel faktörlere maruz kalabilir. Bu da göz sağlığının yıpranmasına neden olur. Günlük beslenme düzenini dikkat ederek vücuda alınan vitamin ve mineraller sayesinde göz sağlığı desteklenebilir. Göze iyi gelen besinlerden yararlanarak görme problemleri oluşma riskini azaltmak mümkündür. - Göze İyi Gelen Besinler Nelerdir? - Göz Sağlığına İyi Vitamin ve Mineraller Nelerdir? - Göz Sağlığını Korumanın Yolları Nelerdir? - Göze İyi Gelen Besinler Hakkında Sık Sorular Göze İyi Gelen Besinler Nelerdir? Özellikle A vitamini , E vitamini ve C vitaminin yanında çinko, omega-3 yağ asitleri açısından zengin olan besinler göz sağlığına iyi gelir. Bunlar arasında ıspanak ve marul ve pırasa, brokoli ve maydanoz gibi sebzeler, et ve kümes ürünleri, süt ürünleri, balık, istiridye ve somon gibi deniz ürünleri, tatlı patates, dolmalık biber, fasulye, avokado, ceviz ve havuç göze iyi gelen besinlerdir. Gözleri uzun vadede sağlıklı tutarak oluşabilecek göz hastalıklarına karşı önlem alınmasını sağlar."
doc_0311,doc_0311_parent_001,doc_0311_parent_001_child_003,Efor Testi Nedir? Efor Testi Nasıl Yapılır?,https://www.memorial.com.tr/tani-ve-testler/efor-testi-nedir,310,3,0,False,"['Hangi Durumlarda Efor Testi Yapılır?', 'Efor Testi Kimlere Yapılır?', 'Efor Testi Öncesi Nelere Dikkat Edilmelidir?']","Hangi Durumlarda Efor Testi Yapılır? - Koroner arter hastalığı şüphesi - Hastanın göğüs ağrısı ile doktora başvurması sebebiyle ön tetkik olarak yapılması - Efor kapasitesinin belirlenmesi - Hasta enfarktüs geçirmişse hastalık seyrini takip etme - Hipertansiyonun nedeni bulunamamışsa eforlu kan basıncını değerlendirme - Kalp ritim bozukluğunun eforla ilişkisini tayin etme - Kardiyak riski taşıyan kişilerin düzenli takibi ve değerlendirilmesi - Kalp damarına stent takılan ve koroner by-pass ameliyatı geçiren hasta kontrolü gibi durumlarda vücutta belirli bir problemin olması bu testle hastayı uygun tedaviye yönlendirebilir. Efor Testi Kimlere Yapılır? Kişi öncesinde kalp krizi geçirmişse, nedeni belirlenmeyen hipertansiyonu ve kalp ritim bozukluğu varsa, kalp ameliyatı olmuşsa, spor yaparken göğüs ağrısı şikayeti varsa, damar sertleşmesi var takibinde by-pass süreci geçirmişse ve bunun gibi nedenlerle ilgili doktora başvurduğu taktirde bu tetkik yapılabilir. Efor Testi Öncesi Nelere Dikkat Edilmelidir? Öncelikle efor testi için hasta hazırlığı oldukça önemlidir, hastaya 2-3 saat öncesinde hafif beslenmesi tavsiye edilir. Bununla birlikte, test öncesinde dikkat edilmesi gerekenler aşağıdaki gibi sıralanabilir: - Önceki EKG tetkikleri hastanın yanında olmalı - Kadın hastalar, iki parçadan oluşan kıyafetle gelmeli - Hasta rahat edeceği spor kıyafetler giymeli"
doc_0311,doc_0311_parent_002,doc_0311_parent_002_child_002,Efor Testi Nedir? Efor Testi Nasıl Yapılır?,https://www.memorial.com.tr/tani-ve-testler/efor-testi-nedir,304,3,0,False,"['sırası ve sonrasında yorgunluk, baygınlık hissi, baş ağrısı, nefes darlığı ve bulantı bazı yan etkiler Efor Testi İle İlgili Sık Sorulan Sorular Efor testi ne sıklıkla yapılmalıdır?', 'Efor testinin alternatifleri nelerdir?', 'Efor testi kaç dakika sürer?']","Efor Testi Yapılırken Dikkat Edilmesi Gerekenler Efor ne demek sorusu düşük ve yüksek kan basıncının dengesinde kritik bir sorudur. Bu sorunun yanıtını doğru bulmak adına efor testi öncesi yapılması gerekenleri direktifler dahilinde takip edilmesi önerilir. Koşu bandında kolların aşağıya bırakılmaması, bir şikayet olduğunda doktora bildirme, egzersiz süresince olağandışı durumlarda devam edilmemesi gibi hususlara dikkat edilir. Efor Testinin Yan Etkileri - 1/2500 kişide bir nadir kalp krizi durumu - 1/25000 kişide belirgin düşük şekilde ölüm riski durumu - 9.5/10000 kişide kalp ritminde düzensizlik durumu - Test sırası ve sonrasında yorgunluk, baygınlık hissi, baş ağrısı, nefes darlığı ve bulantı bazı yan etkiler Efor Testi İle İlgili Sık Sorulan Sorular Efor testi ne sıklıkla yapılmalıdır? Herhangi bir kalp şikayeti olanlar öncelikle doktora başvurmalı, sıklık derecesi kişiye özel belirlenir. Ciddi bir kalp rahatsızlığı olan kişilerde doktor çok aralıklı olarak teste ihtiyaç duyabilir. Efor testinin alternatifleri nelerdir? Holter testi ve stress ekokardiyografi işlem benzerliği ve sonuçlar açısından alternatif olabilir. Efor testi kaç dakika sürer? Efor testi ne kadar sürer sorusunun cevabı '10-15 dk'dır' şeklinde verilebilir. Bununla birlikte, efor testi normal değerleri HR değerine göre 60-100 arasında olmalıdır."
doc_0311,doc_0311_parent_002,doc_0311_parent_002_child_003,Efor Testi Nedir? Efor Testi Nasıl Yapılır?,https://www.memorial.com.tr/tani-ve-testler/efor-testi-nedir,104,4,0,False,"['Efor testi hangi sıklıkta yapılmalıdır?', 'Efor testi pozitif çıkarsa ne olur?', 'Efor testi negatif çıkarsa ne olur?', 'Efor testini hangi bölüm yapar?']","Bununla birlikte, efor testi normal değerleri HR değerine göre 60-100 arasında olmalıdır. Efor testi hangi sıklıkta yapılmalıdır? Doktorların tetkikleri değerlendirmesine göre tekrarlanabilir. Efor testi pozitif çıkarsa ne olur? Pozitifi sonuç kişinin kalp-damar hastalığı açısından bir probleminin olduğunu ifade edebilir. Efor testi negatif çıkarsa ne olur? Negatif sonuç kişinin EKG değerlerinin normal olduğunu ifade eder. Efor testini hangi bölüm yapar? Kardiyoloji bölümü bakar."
doc_0313,doc_0313_parent_001,doc_0313_parent_001_child_001,Skolyoz için Scroth Yöntemi Nedir? Nasıl Yapılır?,https://www.memorial.com.tr/saglik-rehberi/schroth-yontemi,309,4,4,False,"['Schroth Egzersizi Nedir?', 'Schroth Egzersizlerinin Temel Prensipleri - Schroth Egzersizleri Hangi Durumlarda ve Kimler İçin Uygundur?', 'Schroth Egzersizleri Ne Sıklıkla ve Nasıl Yapılmalıdır?', 'Schroth egzersizleri ile İlgili Sık Sorulan Sorular Schroth Egzersizi Nedir?']","Skolyoz, her yaşta görülebilen bir omurga eğriliği rahatsızlığıdır. Özellikle ergenlik dönemindeki gençlerde görülen bu rahatsızlık, omurgadaki duruş bozukluğu olarak da bilinir. Scrtoth egzersizleri ile hastanın duruş bozukluğunu düzeltmek ve omurga eğriliğinin ilerlemesini durdurmak hedeflenir. - Schroth Egzersizi Nedir? - Schroth Egzersizlerinin Temel Prensipleri - Schroth Egzersizleri Hangi Durumlarda ve Kimler İçin Uygundur? - Schroth Egzersizleri Ne Sıklıkla ve Nasıl Yapılmalıdır? - Schroth egzersizleri ile İlgili Sık Sorulan Sorular Schroth Egzersizi Nedir? Schroth egzersizleri yani s kolyoz egzersizleri, skolyoz tedavisinde cerrahi şlem gerektirmeden kullanılan alternatif bir yöntemdir. Eğri bir omurgayı daha doğal bir pozisyona döndürmek için kişiye özel olarak planlanan bir tedavi yöntemidir. Scrotch skolyoz egzersizleri ile kas simetrisini ve duruş hizalamasını geri kazandırmak amaçlanır. Bu yaklaşım, Katharina Scrotch tarafından geliştirilmiş ve kızı Christa tarafından yaygın bir hale getirilmiştir. s Schroth Egzersizlerinin Temel Prensipleri Her hastalığın bir tedavi yöntemi ve prensibi olduğu gibi Schroth tedavisi de belirli bir temel prensip doğrultusunda ilerler."
doc_0313,doc_0313_parent_002,doc_0313_parent_002_child_003,Skolyoz için Scroth Yöntemi Nedir? Nasıl Yapılır?,https://www.memorial.com.tr/saglik-rehberi/schroth-yontemi,302,3,0,False,"['Schroth egzersizleri kimler için uygun değildir?', 'Evde Schroth egzersizi yapılabilir mi?', 'Nefes egzersizi neden bu kadar önemlidir?']","Tedavi sonucunda iyileştirilmiş bir duruş, daha az ağrı ve daha kolay nefes alma gibi durumlar ile süreç takip edilebilir. Schroth egzersizleri kimler için uygun değildir? Schroth metodu, skolyozu olan kişilerin duruşunu ve kas dengesini iyileştirmek için kişiye özel olarak planlanan bir tedavi yöntemidir. Bu yöntem herkes için uygun olmayabilir. Detaylı bir değerlendirme sonrası eğer doktorunuz, terapiyi uygun bulmadıysa sizin için doğru bir tedavi yöntemi değildir. Bununla birlikte Schroth yöntemi, devamlılık ve düzenli katılım gerektirir. Tedavi sürecini başarılı bir şekilde sonuçlandırmak için programa uymak şarttır, bunları sağlayamıyorsanız eğer Schroth egzersizleri sizin için uygun değildir. Evde Schroth egzersizi yapılabilir mi? Schroth egzersizi evde yapılabilir. Ancak, bunun için fizyoterapistin bir ev programı belirlemesi gerekir. Bu egzersizleri fizyoterapistin belirlediği doğrulta yapmalısınız. Evde Scroth egzersizleri arasında kedi deve egzersizi, köprü egzersizi, C ve S skolyoz egzersizleri yer alır. Nefes egzersizi neden bu kadar önemlidir? Nefes egzersizi, Schroth yönteminin temel prensipleri arasındadır. Doğru nefes almanın genel vücut sağlığınızı etkilemekle beraber duruşunuzu, omurga sağlığınızı da etkilediği bilinir. Bu doğrultuda özel nefes teknikleri ile omurga duruşunuzun iyileşmesi hedeflenir."
doc_0315,doc_0315_parent_001,doc_0315_parent_001_child_004,Antibiyotik Nedir? Antibiyotik Ne İşe Yarar?,https://www.memorial.com.tr/saglik-rehberi/antibiyotik-nedir,320,3,1,False,"['Antibiyotik Faydaları Nelerdir?', 'Antibiyotik Hangi Durumlarda Kullanılmaz?', 'feksiyonlar şöyledir: - Grip - Soğuk algınlığı - Bronşit - Virüs kaynaklı sinüs enfeksiyonu - Bazı kulak enfeksiyonları - Mide gribi - Koronavirüs Antibiyotik Yan Etkileri Nelerdir?']","Antibiyotikler mevcut bakterileri yok etme ve yeni bakteri ortaya çıkışını engelleme konusunda güçlü bir silah olarak devreye girer. Antibiyotik Faydaları Nelerdir? Antibiyotik kullanımı vücuttaki bakterileri temizler, hastalığın belirtileri azaltır, iyileşme sürecini hızlandırır, enfeksiyonun başkalarına yayılmasını engeller ve daha sonrasında ortaya çıkabilecek ciddi hastalıklara karşı koruyucu görevi üstlenir. Antibiyotik Hangi Durumlarda Kullanılmaz? Antibiyotikler bakteriyel kaynaklı enfeksiyonların tedavisinde kullanıldığı için virüs kaynaklı hastalık veya enfeksiyonlar için yarar sağlamaz. Grip , nezle, soğuk algınlığı, bronşit , virüs kaynaklı sinüs enfeksiyonu, bazı kulak enfeksiyonları, mide gribi ve koronavirüs bunlara örnek olarak verilebilir. Antibiyotiğin kullanılmadığı virüs kaynaklı enfeksiyonlar şöyledir: - Grip - Soğuk algınlığı - Bronşit - Virüs kaynaklı sinüs enfeksiyonu - Bazı kulak enfeksiyonları - Mide gribi - Koronavirüs Antibiyotik Yan Etkileri Nelerdir? Antibiyotiklerin neden olabileceği yan etkiler mide ağrısı, ishal, hazımsızlık, iştah kaybı , mide bulantısı ve kusma , döküntü, kaşıntı, nefes alma sorunları, baş dönmesi ve alerjik reaksiyonlardır. Antibiyotiğin yaygın görülebilen yan etkileri şunlardır: - Alerjik reaksiyonlar"
doc_0315,doc_0315_parent_002,doc_0315_parent_002_child_001,Antibiyotik Nedir? Antibiyotik Ne İşe Yarar?,https://www.memorial.com.tr/saglik-rehberi/antibiyotik-nedir,268,4,1,False,"['Kalp atışında hızlanma Antibiyotik Hakkında Sık Sorulan Sorular Antibiyotik ne demek?', 'Antibiyotik ishal yapar mı?', 'Antibiyotik tam 12 saatte bir alınmazsa ne olur?', 'Antibiyotik aç karnına içilir mi?']","- Kalp atışında hızlanma Antibiyotik Hakkında Sık Sorulan Sorular Antibiyotik ne demek? Antibiyotik, sadece bakterilerin neden olduğu belirli enfeksiyonları tedavi eden, bakterileri öldüren veya büyümelerini yavaşlatan bir dizi güçlü antimikrobiyal ilaç grubudur. Antibiyotik ilaçlar bakterilerin neden olduğu enfeksiyonlarla savaşmak için kullanılan ilaçlardır. Antibiyotik ishal yapar mı? Antibiyotiğin yan etkilerinden biri de ishaldir. Bu süreçte ishale rastlanırsa doktorla iletişime geçilmeli ve gerekirse antibiyotik kullanımı bırakılmalıdır. Antibiyotik tam 12 saatte bir alınmazsa ne olur? Antibiyotik, enfeksiyona bağlı olarak hem 12 saatte bir hem de 24 saatte bir olacak şekilde kullanılır. Bunun kararını doktor verir ve iki şekilde de tüketimi söz konusudur. 12 saatte bir alınmayan antibiyotiğin sonuçları konusunda net cevap verilemez. Antibiyotik aç karnına içilir mi? Bazı antibiyotikler aç karnına içilirken bazı antibiyotikler için ise doğru kullanım tok karnınadır. Ancak antibiyotikler genellikle tok karnına içilen ilaçlardır ve aç karna içildiği takdirde mide rahatsızlıklarına yol açabilir."
doc_0315,doc_0315_parent_002,doc_0315_parent_002_child_002,Antibiyotik Nedir? Antibiyotik Ne İşe Yarar?,https://www.memorial.com.tr/saglik-rehberi/antibiyotik-nedir,304,5,0,False,"['Kimler antibiyotik kullanamaz?', 'Antibiyotik kaç günde etki eder?', 'Bilinçsiz antibiyotik kullanımının tehlikeleri nelerdir?', 'Doğru antibiyotik kullanımı nasıl olur?', 'Antibiyotik boğaz ağrısına iyi gelir mi?']","Ancak antibiyotikler genellikle tok karnına içilen ilaçlardır ve aç karna içildiği takdirde mide rahatsızlıklarına yol açabilir. Kimler antibiyotik kullanamaz? Antibiyotik kullanımı özel bir risk grubu yoktur ancak daha önce kullanılan herhangi bir antibiyotiğe karşı alerjik reaksiyon göstermiş kişiler için antibiyotik bir risk teşkil edebilir ancak bu durum söz konusu olsa ilgili kişiler için de uygun antibiyotikler reçete edilebilir. Antibiyotik kaç günde etki eder? Antibiyotikler, kullanımı sonrasındaki birkaç saat içerisinde etkisini gösterir. Enfeksiyonun ortaya çıkardığı belirtiler ise genellikle birkaç gün içinde kaybolur ve iyileşme süreci başlar. Bilinçsiz antibiyotik kullanımının tehlikeleri nelerdir? Bilinçsiz bir şekilde kullanılan antibiyotikler karaciğer ve böbreklerde hasar oluşmasına, antibiyotiklere karşı direnç gelişimine, mantar enfeksiyonlarının oluşumuna ve bağırsaktaki probiyotiklerin kaybedilmesine yol açabilir. Doğru antibiyotik kullanımı nasıl olur? Doğru antibiyotik kullanımının kriterleri arasında antibiyotiğe doktor kontrolünde başlanılması, sadece bakteriyel hastalıklarda kullanılması, direnç gelişmemesi amacıyla saatlerine dikkat edilerek alınması ve zamanından önce bırakılmaması yer alır. Antibiyotik boğaz ağrısına iyi gelir mi? Boğaz ağrısı eğer bakteri kaynaklı bir enfeksiyon sonucu meydana geldiyse antibiyotikler işe yarar."
doc_0317,doc_0317_parent_001,doc_0317_parent_001_child_001,Budd-Chiari Sendromu Nedir? Belirtileri Nelerdir?,https://www.memorial.com.tr/hastaliklar/budd-chiari-sendromu,316,4,4,False,"['Budd-Chiari Sendromu Nedir?', 'Budd-Chiari Sendromu Belirtileri - Budd-Chiari Sendromu Neden Olur?', 'Budd-Chiari Sendromu Tanısı Nasıl Konur?', 'Budd-Chiari Sendromunun Tedavi Yöntemleri - Budd-Chiari Sendromu ile Yaşam - Budd-Chiari Sendromu Hakkında Sık Sorulan Sorular Budd-Chiari Sendromu Nedir?']","Budd-Chiari sendromu, karaciğeri boşaltan toplardamarlarda oluşan tıkanıklık ve kan pıhtısıyla ortaya çıkan bir hastalıktır. Çoğunlukla yetişkinlerde görülen Budd-Chiari sendromu, karın ağrısı, sarılık, karaciğerde büyüme ve beyinde hasar oluşumu gibi belirtilerle kendini gösterir. Karaciğer biyopsisi ve bazı testlerle teşhisi koyulan Budd-Chiari bazı durumlarda siroz, dalak büyümesi ve portal hipertansiyon gibi rahatsızlıklara neden olabilir. - Budd-Chiari Sendromu Nedir? - Budd-Chiari Sendromu Belirtileri - Budd-Chiari Sendromu Neden Olur? - Budd-Chiari Sendromu Tanısı Nasıl Konur? - Budd-Chiari Sendromunun Tedavi Yöntemleri - Budd-Chiari Sendromu ile Yaşam - Budd-Chiari Sendromu Hakkında Sık Sorulan Sorular Budd-Chiari Sendromu Nedir? Budd-Chiari sendromu, karaciğerden kan taşıyan hepatik damarların kan pıhtıları nedeniyle daralması ve/veya tıkanmasıyla oluşan ve nadir görülen bir hastalıktır. Karaciğer hastalıkları grubunda yer alan Budd-Chiari sendromu, karaciğerden kan taşıyan hepatik venlerin tıkanması veya daralması sonucuyla meydana gelir ve tıbbi olarak neden bu olarak kabul edilir."
doc_0318,doc_0318_parent_002,doc_0318_parent_002_child_002,"Karpal Tünel Sendromu Nedir? Belirtileri, Nedenleri ve Tedavisi",https://www.memorial.com.tr/saglik-rehberi/karpal-tunel-sendromundan-10-dakikada-kurtulabilirsiniz,295,5,0,False,"['Karpal tünel sendromu kalıtsal bir hastalık mıdır?', 'Tedavin geciktirilmesi ne gibi sonuçlar doğurur?', 'Karpal tünel sendromu meslek hastalığı mıdır?', 'En çok hangi yaş grubunda görülür?', 'Hastalık 40 yaş üzerinde, özellikle 40-60 yaş grubu kadınlarda 4 kat daha fazla izlenir Hastalığın gebelerde görülme nedeni ve sıklığı nedir?']","Ayrıca sinir sistemini etkileyen başta şeker hastalığı olmak üzere diğer metabolik hastalıklarda da benzer sorunlar görülebilir. Karpal tünel sendromu kalıtsal bir hastalık mıdır? Karpal tünel sendromu kalıtsak bir hastalık değildir ve bu hastalığın meydana gelmesinde genetik faktörün bir etkisi söz konusu değildir. Tedavin geciktirilmesi ne gibi sonuçlar doğurur? Hastalığın tedavisinin başarılı olması için teşhisin tam olarak konulması gerekir. Oluşan bozuklukların düzelmesi geciktirilir ve ileri derecede sinir hasarı meydana gelirse tedavi ile iyileştirmede sıkıntılar yaşanır ve kalıcı sakatlıkların oluşmasına sebebiyet verir. Karpal tünel sendromu meslek hastalığı mıdır? Karpal tünel sendromunu tamamen bir meslek hastalığı olarak tanımlamak doğru değildir. Çünkü elini aşırı kullanan, zorlayan ve tekrarlayan hareketleri yapan kişilerde daha fazla görülmesinin yanında pek çok hastada neden olarak ortaya konulamayabilmektedir. El bileği kırıkları, yumuşak doku tümörleri, damar ve kas anomalileri gibi meslek dışı sorunlarda da bu hastalık görülebilir. En çok hangi yaş grubunda görülür? Hastalık 40 yaş üzerinde, özellikle 40-60 yaş grubu kadınlarda 4 kat daha fazla izlenir Hastalığın gebelerde görülme nedeni ve sıklığı nedir? Hamilelikte vücudun fazla su tutması karpal kanalı da etkiler."
doc_0322,doc_0322_parent_003,doc_0322_parent_003_child_001,Multipl Miyelom nedir? Tedavi yöntemleri nelerdir?,https://www.memorial.com.tr/hastaliklar/multipl-miyelom-nedir,309,3,0,False,"['Otolog kemik iliği nakli Multipl miyelomdan korunmak için neler yapmak gerekir?', 'Multipl miyelom hakkında sık sorulan sorular Multipl miyelom hastalığı erken teşhis edilebilir mi?', 'Multipl miyelom ölüm riski nedir?']","Kemoterapi: Kortikosteroidler: Vücuttaki iltihabı azaltarak bağışıklık sistemini dengelemek ve miyelom hücrelerini tedavi etmek için hap şeklinde ya da damardan verilen bir tedavi türüdür. Kortikosteroidler: Radyasyon tedavisi: Miyelom hücrelerinin büyümelerini durdurmak, küçültmek ve yok etmek için güçlü radyasyon enerji ve ışınları kullanılır. Radyasyon tedavisi: Otolog kemik iliği nakli : Hastalıklı kemik iliği tedavi edildikten sonra hastanın kendisinden kök hücre toplanıp.Ardından da yüksek doz kemoterapi verilip hastaya toplanan kök hücresi geri verilir. Böylece kök hücreler vücudunuza aşılanabilir, burada kemiklere taşınırlar ve kemik iliğini yeniden oluşturmaya başlarlar.Buna Otolog Kemik iliği nakli adı verilir. Otolog kemik iliği nakli Multipl miyelomdan korunmak için neler yapmak gerekir? Multipl miyelom kanserinin kesin nedeni bilinmediği için hastalıktan korunma şeklide bilinmemektedir. Multipl miyelom hakkında sık sorulan sorular Multipl miyelom hastalığı erken teşhis edilebilir mi? Multipl miyelom kanseri ilerleyen tıbbı teknolojik imkanlarla günümüzde erken teşhis edilebilmektedir. Multipl miyelom ölüm riski nedir? Her Kanserden olduğu gibi multipl miyolem de tedavi edilmezse ölüm riski yüksektir."
doc_0322,doc_0322_parent_003,doc_0322_parent_003_child_002,Multipl Miyelom nedir? Tedavi yöntemleri nelerdir?,https://www.memorial.com.tr/hastaliklar/multipl-miyelom-nedir,304,8,0,False,"['Multipl miyelom ölüm riski nedir?', 'Multipl miyelom hastası ne kadar yasar?', 'Multipl miyelom genetik bir hastalık mıdır?', 'Multipl miyelom hastası nasıl beslenmeli?', 'Multipl miyelom kanser mi?', 'Multipl miyelom hastalığının bitkisel tedavisi var mı?', 'Multipl miyelom kemoterapi görür mü?', 'Multipl miyelom hastasının tedavi şansı nedir?']","Multipl miyelom ölüm riski nedir? Her Kanserden olduğu gibi multipl miyolem de tedavi edilmezse ölüm riski yüksektir. Multipl miyelom hastası ne kadar yasar? Multipl miyelom hastaları yeni geliştirilen kemoterapik ilaçlar sayesinde daha uzun yaşayabilir. Multipl miyelom genetik bir hastalık mıdır? Ailesinde multipl miyelom hastalığı olan kişi bu hastalık konusunda daha fazla risk altındadır. Ancak bu hastalığın genetik bir hastalık olmadığı düşünülmektedir. Multipl miyelom hastası nasıl beslenmeli? Multipl miyelon hastaları beslenme programlarını tedaviyi yürüten doktor kontrolünde yapmalıdır. Doktorunun önereceği şekilde protein ağırlıklı beslenmelidir. Multipl miyelom kanser mi? Multipl miyelom olarak da bilinen miyelom, plazma hücrelerinden kaynaklanan bir kemik iliği kanseridir. Multipl miyelom hastalığının bitkisel tedavisi var mı? Bilimsel makalelerde zencefilin kemoterapi tedavisi gören multipl miyelom hastalarına iyi geldiğini belirten yazılar mevcuttur. Multipl miyelom kemoterapi görür mü? Diğer kanser türlerinde olduğu gibi multipl miyelom kanserinde de damardan ya da hap şeklinde verilen kemoterapi tedavisi uygulanır. Multipl miyelom hastasının tedavi şansı nedir? Multipl miyelom kanserinin ilerlemesi ve hastalığın yayılmaması için uygulanan tedavi yöntemlerinden başarılı bir şekilde sonuçlar alınabilmektedir"
doc_0322,doc_0322_parent_003,doc_0322_parent_003_child_003,Multipl Miyelom nedir? Tedavi yöntemleri nelerdir?,https://www.memorial.com.tr/hastaliklar/multipl-miyelom-nedir,318,9,0,False,"['Multipl miyelom hastasının tedavi şansı nedir?', 'lom kanserinin ilerlemesi ve hastalığın yayılmaması için uygulanan tedavi yöntemlerinden başarılı bir şekilde sonuçlar alınabilmektedir Multipl miyelom kemik iliği nakli yapılır mı?', 'Multipl miyelom kemik iliği nakli sonrası yaşamı nasıldır?', 'Multipl miyelom hastasına kök hücre nakli yapılır mı?', 'Multipl miyelom metastaz yapar mı?', 'Multipl miyelom hastalığı erkeklerde mi yoksa kadınlarda mı çok görülür?', 'Multipl miyelom hastası bir kadın hamile kalabilir mi, kalırsa kendisi ve bebek için risk var mı?', 'Multipl miyelom hastalığı ülkemizde en sık nerelerde görülür?', 'Multipl miyelom hastalığı daha çok hangi yaşta ortaya çıkar?']","Multipl miyelom hastasının tedavi şansı nedir? Multipl miyelom kanserinin ilerlemesi ve hastalığın yayılmaması için uygulanan tedavi yöntemlerinden başarılı bir şekilde sonuçlar alınabilmektedir Multipl miyelom kemik iliği nakli yapılır mı? Multipl miyelom hastalarına otolog kemik iliği nakli yapılmaktadır. Multipl miyelom kemik iliği nakli sonrası yaşamı nasıldır? Multipl miyelom hastalarına Otolog kemik iliği nakli yapıldıktan yaklaşık 6 ay sonra normal hayatına dönebilir. Multipl miyelom hastasına kök hücre nakli yapılır mı? Multipl miyelom hastalarına Otolog kemik iliği nakli yapılmaktadır. Multipl miyelom metastaz yapar mı? Multipl miyelom daha çok kemiklere metastaz yapar. Multipl miyelom hastalığı erkeklerde mi yoksa kadınlarda mı çok görülür? Multipl miyelom erkeklerde kadınlara göre daha sık görülür. Multipl miyelom hastası bir kadın hamile kalabilir mi, kalırsa kendisi ve bebek için risk var mı? Multipl miyelom hastası bir kadın hamile kalabilir. Ancak hastalığının kontrol altında olması ve kemoterapi almıyor olması gerekir. Multipl miyelom hastalığı ülkemizde en sık nerelerde görülür? Multipl miyelomun ülkemizde ne kadar görüldüğünü gösteren bir istatistik bilgi mevcut değil. Multipl miyelom hastalığı daha çok hangi yaşta ortaya çıkar? Multipl miyelom nadir görülen bir kanser türüdür."
doc_0322,doc_0322_parent_003,doc_0322_parent_003_child_004,Multipl Miyelom nedir? Tedavi yöntemleri nelerdir?,https://www.memorial.com.tr/hastaliklar/multipl-miyelom-nedir,267,8,0,False,"['Multipl miyelom hastalığı daha çok hangi yaşta ortaya çıkar?', 'Multipl miyelom hastalığı bulaşıcı bir hastalık mıdır?', 'Multipl miyelom hastalığı hangi doktor tarafından tedavi edilir?', 'Multipl miyelom hastalığı d vitamini alınarak önlenebilir mi?', 'Multipl miyelom böbrek yetmezliğine neden olur mu?', 'Multipl miyelom tahlil sonuçları ne zaman çıkar?', 'Multipl Miyelom kan ve idrar testinde belli olur mu?', 'Multipl miyelom kemik iliği kanseri midir?']",Multipl miyelom hastalığı daha çok hangi yaşta ortaya çıkar? Multipl miyelom nadir görülen bir kanser türüdür. Genellikle 60 yaş üzerinde görülen hastalık 35 yaş altındaki kişilerde de nadir olarak görülebilir. Multipl miyelom hastalığı bulaşıcı bir hastalık mıdır? Multipl miyelom bulaşıcı bir hastalık değildir. Multipl miyelom hastalığı hangi doktor tarafından tedavi edilir? Multipl miyelom hastaları hematoloji uzmanları tarafından tedavi edilir. Multipl miyelom hastalığı d vitamini alınarak önlenebilir mi? Multipl miyelom hastalığı d vitamini alınarak önlenemez. Multipl miyelom böbrek yetmezliğine neden olur mu? Multipl miyelom Evre III’de böbrek yetmezliğine neden olabilir. Multipl miyelom tahlil sonuçları ne zaman çıkar? Multipl miyelom tahlil çeşitleri fazladır. Bu nedenle her tahlilinin sonuçlanması farklı sürelerde olur. Multipl Miyelom kan ve idrar testinde belli olur mu? Multipl miyelom hastalığı bazen rutin bir kan ve idrar tahlilinde belli olur. Multipl miyelom kemik iliği kanseri midir? Multipl miyelom sıklığı giderek artan bir kemik iliği kanseri türüdür.
doc_0323,doc_0323_parent_001,doc_0323_parent_001_child_001,Carnivore Diyeti Nedir? Carnivore Diyeti Nasıl Yapılır?,https://www.memorial.com.tr/saglik-rehberi/carnivore-diyeti,301,4,4,False,"['Carnivore Diyeti (Etçil Diyet) Nedir?', 'Carnivore Diyeti (Etçil Diyet) Nasıl Yapılır?', 'Carnivore Diyeti (Etçil Diyet) Faydaları - Carnivore Diyeti Ne İşe Yarar?', 'ivor Beslenmede Yenmesi Gereken Yiyecekler - Carnivor Beslenmede Kaçınılması Gereken Yiyecekler - Carnivore Diyeti Hakkında Sık Sorulan Sorular Carnivore Diyeti (Etçil Diyet) Nedir?']","Carnivore diyeti, sadece hayvansal gıda tüketimine dayanan ve etçil diyet olarak da adlandırılan bir beslenme modelidir. Carnivor beslenme; kırmızı et, tavuk, yumurta, balık ve süt ürünleri gibi hayvansal gıdaları içerir. Bu kapsamda baklagiller, tahıl, sebze ve meyve gibi bitkisel besinler çıkarılır. Söz konusu olan diyetin prensibi, vücuda enerjiyi yağ ve proteinden sağlamaktır. Böylece vücudu ketozis durumuna geçirerek yağ yakımını hızlandırır ve kilo verme etkileri gözlemlenir. - Carnivore Diyeti (Etçil Diyet) Nedir? - Carnivore Diyeti (Etçil Diyet) Nasıl Yapılır? - Carnivore Diyeti (Etçil Diyet) Faydaları - Carnivore Diyeti Ne İşe Yarar? - Carnivor Beslenmede Yenmesi Gereken Yiyecekler - Carnivor Beslenmede Kaçınılması Gereken Yiyecekler - Carnivore Diyeti Hakkında Sık Sorulan Sorular Carnivore Diyeti (Etçil Diyet) Nedir? Carnivore diyeti, karbonhidrat besin içermeyen ve sadece hayvansal gıdaların tüketimine izin veren bir beslenme programıdır. Ketojenik (keto) diyet ile benzerlik gösteren carnivor beslenmede amaç, karbonhidratları keserek vücudun enerji olarak yağ yakmasını sağlamaktır."
doc_0323,doc_0323_parent_002,doc_0323_parent_002_child_002,Carnivore Diyeti Nedir? Carnivore Diyeti Nasıl Yapılır?,https://www.memorial.com.tr/saglik-rehberi/carnivore-diyeti,317,3,0,False,"['Carnivore diyeti kimler için uygundur?', 'Carnivore diyeti ve paleo diyeti arasındaki fark nedir?', 'Carnivore diyetinde kahve ve çay tüketilebilir mi?']","Bununla birlikte yüksek protein içeren bir diyet türü olduğundan böbrek fonksiyonlarını da bozabilir. Carnivore diyeti kimler için uygundur? Karnivor diyeti, düşük karbonhidrat alımıyla kilo vermek isteyenler için uygun bir diyettir. Ayrıca karbonhidrat içeren besinlerden kaynaklı sindirim problemi yaşayanlar için de kısa süreliğine uygulanabilir bir programdır. Diğer yandan yüksek protein içeren carnivor diyeti, böbrek rahatsızlığı olanlar için uygun değildir. Ayrıca fazla miktarda doymuş yağ içerdiği için kalp rahatsızlığı yaşayanlar veya riski taşıyanlar için önerilen bir diyet değildir. Carnivore diyeti ve paleo diyeti arasındaki fark nedir? Carnivore ve paleo diyetinin arasındaki en önemli fark; karnivor beslenmede sadece hayvansal gıdaların tüketilmesidir. Oysa paleo diyeti hem hayvansal hem de bitkisel besinlerin tüketilmesine izin verir. Paleo diyeti, paleolitik çağında yaşayan insanların beslenme rutinini bir beslenme programı haline getirir. Tohum, sebze, meyve ve kuruyemiş gibi besinlerin tüketilmesine izin verdiği için etçil diyetten farklıdır. Carnivore diyetinde kahve ve çay tüketilebilir mi? Carnivore diyeti tamamen hayvansal gıdalara dayalı bir diyet olduğu için kahve ve çay tüketimi önerilmez. Zira kahve ve çay bitkisel besinlerdir ve aynı zamanda yüksek kafein içerir. Bu nedenle etçil diyete bağlı kalmak için diyet boyunca tüketimi sınırlandırılabilir."
doc_0324,doc_0324_parent_001,doc_0324_parent_001_child_001,Pestisit Nedir? Zararları Nelerdir?,https://www.memorial.com.tr/saglik-rehberi/pestisit-nedir-zararlari-nelerdir,305,5,4,False,"['Pestisit Türleri Nelerdir?', 'Pestisit Etkileri Zararları nelerdir?', 'Pestisitten korunmak için neler yapmalıyız?', 'Günümüzde yaygın olarak kullanılan pestisitler nelerdir?', 'Pestisit Türleri Nelerdir?']","Pestisit, tarımda ekinlere ve bitkilere zarar verme potansiyeli bulunan haşereleri, istenmeyen yabani otları, böcekleri yok etmek ve kontrol altında tutmak için kullanılan kimyasal bir maddedir. Kimyasal yapılarına ve işlevlerine göre sınıflara ayrılan pestisit, böcek öldürücü (insektisit), ot öldürücü (herbisit), mantar öldürücü (fungusit) gibi çeşitleri bulunmaktadır. Pestisitler gıdalarda kalıntı bırakabilir. Pestisit, meyve-sebze gibi gıdaların iyi yıkanmayıp yenmesi sonucunda sağlık açısından ciddi zararlara neden olabilir. - Pestisit Türleri Nelerdir? - Pestisit Etkileri Zararları nelerdir? - Pestisitten korunmak için neler yapmalıyız? - Günümüzde yaygın olarak kullanılan pestisitler nelerdir? Pestisit Türleri Nelerdir? Pestisitler, insanları ve çevreyi olumsuz etkilemeden zararlıları yok etmeyi amaçlamaktadır. Kullanıldıkları alana göre pestisit çeşitleri şu şekilde sıralanabilir: İnsektisit: Böcek ve haşerelere karşı kullanılmaktadır. İnsektisit: Herbisitler: İstenmeye nabani ot ve bitkilerde tercih edilmektedir. Herbisitler: Rodentisit: Kemirgenler (sıçanlar ve fareler) karşı bu çeşidi görev almaktadır. Rodentisit: Bakterisit: Bakterilere karşı kullanılmaktadır."
doc_0325,doc_0325_parent_001,doc_0325_parent_001_child_001,Alerji,https://www.memorial.com.tr/saglik-rehberi/alerji,314,8,7,False,"['Memorial Hastanesi Çocuk Hastalıkları Merkezi’nden Pediatri bölümü doktorları ‘Allerji nedir ve Allerji’den korunma yöntemleri nasıl olmalıdır?', '’ konularında bilgi verdi: - Allerji nedir?', 'Allerjik hastalıkların artış nedenleri: - Allerjik Belirtiler Nelerdir?', 'Nedenleri nelerdir?', 'Nasıl tanı konulur?', 'Allerjik Rinit ( Saman Nezlesi) Nedir ?', 'Tedavisi nedir?', 'Ürtiker (Kurdeşen) - Besin Allerjileri - İlaç Allerjileri - Egzema - Astım Allerji nedir?']","Son yıllarda artış gösteren hastallıklardan biri de allerji... Çağımızın hastalığı... Medeniyet arttıkça, toplumlar hijyene önem vermeye başladıkça allerjik vakalar da artmaya başlıyor. Dünyada en sık rastlanan hastalıklar arasında 6. sıraya yükselen allerjinin türleri de gün geçtikçe artıyor. Globalleşmenin doğal bir sonucu olarak toplumlar arasında karşılıklı alışveriş artmasıyla allerjiye zemin hazırlandı. Enfeksiyon hastalıklarında azalma oldukça bir diğer deyişle mikroplardan arındıkça alerjik hastalıkların görülme oranı artmaktadır. Az gelişmiş ülkelerde allerjik hastalıklar daha az görülmektedir.Allerji yaşamın herhangi bir döneminde ortaya çıkabilir. Allerjinin oluşmasını önlemek için bebeklikten itibaren bazı tedbirler almak gerekiyor. Memorial Hastanesi Çocuk Hastalıkları Merkezi’nden Pediatri bölümü doktorları ‘Allerji nedir ve Allerji’den korunma yöntemleri nasıl olmalıdır?’ konularında bilgi verdi: - Allerji nedir? - Allerjik hastalıkların artış nedenleri: - Allerjik Belirtiler Nelerdir? - Nedenleri nelerdir? - Nasıl tanı konulur? - Allerjik Rinit ( Saman Nezlesi) Nedir ? - Tedavisi nedir? - Ürtiker (Kurdeşen) - Besin Allerjileri - İlaç Allerjileri - Egzema - Astım Allerji nedir? Allerji vücudun gösterdiği normal tepkinin aşırı olması şeklinde tanımlanabilir.Genetik yapı hastalığın görülmesinde en önemli faktördür."
doc_0325,doc_0325_parent_001,doc_0325_parent_001_child_003,Alerji,https://www.memorial.com.tr/saglik-rehberi/alerji,315,3,0,False,"['Nasıl tanı konulur?', 'Ev tozu( mite) Polenler Küf mantarları Kedi-köpek tüyü Boyalı, katkı maddeli gıdalar Allerjik Rinit ( Saman Nezlesi) Nedir ?', 'Tedavisi nedir?']","Yıl boyu sürebildiği gibi mevsimsel ( bahar aylarında) de olabilmektedir. Saman nezlesi olan hastalar x3 daha fazla astım olma riski taşımaktadır.. Nasıl tanı konulur? Ev tozu( mite) Polenler Küf mantarları Kedi-köpek tüyü Boyalı, katkı maddeli gıdalar Allerjik Rinit ( Saman Nezlesi) Nedir ? Sorumlu allerjnin saptanması için cilt allerji testi yapılır. Tedavisi nedir? Hasta eğitimi tedavinin en önemli aşamasıdır. Zaman ayırıp hastalığın gidişi, yakınmaların yoğunluğuna göre tedavide yapılması planlanan değişiklikler, ilaç ya da aşı tedavisi konuşulmalıdır. 1. Sorumlu etkenin saptanıp uzaklaştırılması tedavinin ilk aşamasıdır. En sık rastlanan etkenler; yıl boyu süren rinitte ev tozu akarları olup mevsimsel görülen rinitte ise polenlerdir. Ev tozu akarlarının azaltılması için; yatak çarşaflarının haftada bir en az 55 derece ve üzerinde yıkanması, tüylü oyuncakların, halıların uzaklaştırılmaları, yıkanabilir perde kullanılması, yün ve kuş tüyü içeren yastık ve yorgan kullanılmaması gerekmektedir. Küf allerjisi olanlarda ev içindeki nemin azaltılması önemlidir. Polen allerjisi olanlarda; sıcak, kuru ve rüzgarlı günlerde dışarı çıkmamaları, saçlar yatmadan önce mutlaka yıkanmalı, gözlük ve şapka kullanmalı evde ve arabada iltre kullanmalıdır."
doc_0326,doc_0326_parent_001,doc_0326_parent_001_child_004,Protein Tozu Nedir? Protein Tozu Zararlı mı?,https://www.memorial.com.tr/saglik-rehberi/protein-tozu-ne-ise-yarar-protein-tozu-zararli-midir,272,3,0,False,"['Günlük Protein İhtiyacı Nedir?', 'Protein Tozu Ne İşe Yarar?', 'Protein Tozunun Faydası Var mı?']","Günlük Protein İhtiyacı Nedir? Sporcuların yanı sıra, uzmanlar tarafından yaşlılara da protein tozu tavsiye edilmektedir. Protein tozu, yaşlıların kas kaybını önlemekte ya da en azından yavaşlatmaktadır. Çünkü yaşlılarda, hareket kabiliyetinin kaybının ana nedeni kas kütlesindeki azalmadır. Yaşlılar günlük vücut ağırlığının kilogramı başına yaklaşık 1,5 gram protein tüketmelidir. Vücuda yeterli miktarda protein sağlanması önemlidir. Ayrıca yaşlıların sadece protein tozu kullanması yeterli olmayacaktır. Yaşlılar, kendilerine uygun sporu yaparak kaslarını geliştirmelidir. Protein Tozu Ne İşe Yarar? Ağır spor yapanların kas yapısını artırmak için kullanılan protein tozu, aslında bir besin takviyesidir. Proteini yeteri kadar alamayan sporcular, genelde protein tozunu bir supplement olarak kullanır. Vücuda ek protein alımı sayesinde kas kütlesinde daha hızlı ve daha büyük bir kazanç elde etmek amaçlanır. Protein Tozunun Faydası Var mı? Protein tozu, genellikle spor yapanların ve sporcuların antrenman sonrası ihtiyaç duydukları protein miktarını karşılamak için kullandığı takviyeler olarak bilinir. Spor yaparken kas liflerinin yıpranmasını destekleyen protein tozu, doğru tüketildiği durumda kasların onarılmasına yardımcı olur."
doc_0326,doc_0326_parent_003,doc_0326_parent_003_child_002,Protein Tozu Nedir? Protein Tozu Zararlı mı?,https://www.memorial.com.tr/saglik-rehberi/protein-tozu-ne-ise-yarar-protein-tozu-zararli-midir,311,5,0,False,"['Protein tozu nasıl kullanılmalıdır?', 'Protein tozu evde yapılır mı?', 'Protein tozu kilo aldırır mı?', 'Protein tozu saç döker mi?', 'Protein tozu kas yapar mı?']","Yapılan araştırmalar kadınların gebe kalmadan önce yeterince protein tüketmesinin ne kadar önemli olduğunu göstermiştir. Southampton Üniversitesi'nde yapılan bir araştırmada gebelerin düşük proteinli diyet uygulamasının, anne karnındaki bebeğin beyin gelişimi üzerinde zararlı sonuçları olduğu belirlenmiştir. Hamile kadınların protein gereksinimleri biraz daha yüksektir. Gebelik süresince protein gereksiniminin doğal besinler yoluyla tamamlanması, protein tozu kullanılacaksa doktor onayı alınması gerekmektedir. Protein tozu nasıl kullanılmalıdır? Besin takviyesi olan protein tozu, sporcuların tükettiği besinlerin temelini oluşturur. Protein tozu tüketirken su ya da süt ile karıştırılabilir. Sütün içeriğinde de protein yer aldığından daha çok süt ile tüketilir. Protein tozu evde yapılır mı? Piyasada satılan protein tozları birçok endüstriyel işlemden geçirilerek üretilmektedir. Fiyatları son derece pahalı olan bu protein tozlarının saflıklarını artırmak için pek çok işlem uygulanmaktadır. Evde yapılması mümkün değildir. Protein tozu kilo aldırır mı? Özellikle sporcuların tercihi olan ve uzman kontrolünde tüketilmesi gereken protein tozu doğru kullanılmadığında kilo alımına sebep olabilir. Yeterli ve düzenli seviyede egzersiz yapmamak da bunun sebebidir. Protein tozu saç döker mi? Protein tozu içeriğinde yer alan bazı maddelerden dolayı kilo alımına sebep olduğu gibi saç dökülmelerini de etkileyebilir. Protein tozu kas yapar mı? İşlenmiş olan protein tozu tüketildiğinde doğrudan kas yapmamaktadır."
doc_0326,doc_0326_parent_003,doc_0326_parent_003_child_003,Protein Tozu Nedir? Protein Tozu Zararlı mı?,https://www.memorial.com.tr/saglik-rehberi/protein-tozu-ne-ise-yarar-protein-tozu-zararli-midir,181,4,0,False,"['Protein tozu kas yapar mı?', 'Protein tozu yaş sınırı kaç?', 'Protein tozu göbek yapar mı?', ', Gece yatarken protein tozu içilir mi?']","Protein tozu kas yapar mı? İşlenmiş olan protein tozu tüketildiğinde doğrudan kas yapmamaktadır. Sporcular doğru egzersiz ve günlük beslenme rutinini düzenleyerek takviyes aldıkları protein tozu ile kas oluşturabilir. Protein tozu yaş sınırı kaç? Protein tozunu mutlaka bir uzmana danıştıktan sonra tüketmek gerekebilir. Çocuklar ve hamileler tüketim konusunda dikkatli olmalıdır. Bunun yanında 18 yaş altındaki bireylerin protein tozu kullanımı sakıncalı olabilmektedir. Protein tozu göbek yapar mı? Egzersiz ve doğru beslenmeyle desteklenen protein tozu göbek yapmamaktadır. , Gece yatarken protein tozu içilir mi? Her kişide protein tozu farklı hızda sindirildiği için tüketim zamanı farklı olabilir fakat kaslar gece boyunca protein alacağından yatmadan önce içilen protein tozu kas yakımını engelleyebilir."
doc_0329,doc_0329_parent_002,doc_0329_parent_002_child_001,Beyin Pili Nedir? Beyin Pili Ameliyatı Nasıl Yapılır?,https://www.memorial.com.tr/tedavi-yontemleri/beyin-pili-nedir,308,5,0,False,"['Beyin Pili ile İlgili Sık Sorulan Sorular Pil değiştiriliyor mu?', 'Beyin pili günlük yaşamı nasıl etkiler?', 'Beyin pili olanlar güvenlik cihazlarından geçebilir mi?', 'Beyin pili olan hastaların x-ray, güvenlik tarama cihazlarına girmesinde herhangi bir sakınca yoktur Beyin pili olan hastalar tomografi ya da MR çektirebilir mi?', 'Beyin pili olan hastaların spor veya egzersiz yapması sakıncalı mıdır?']","- Pil açık haldeyken bazı hastalarda konuşmada zorluk, görmede bulanıklık veya çift görme gibi sorunlar oluşabilir. - Pil bittiğinde veya düzgün çalışmadığında, pil değişimi gerekebilir. Beyin pili tedavisi sonrası bazı kişilerde tedavinin sonuçlarına veya yan etkilerine uyum konusunda güçlük çekebilir. Bu nedenle psikolojik destek önerilebilir. Beyin Pili ile İlgili Sık Sorulan Sorular Pil değiştiriliyor mu? Takılan pilin ömrü ortalama 5-6 yıl kadardır. Bu sürenin sonunda beyindeki kablolara müdahale edilmeksizin 15 dakikalık bir işlemle eski pil yenisi ile değiştirilebilmektedir. Beyin pili günlük yaşamı nasıl etkiler? Operasyon sonrası hasta doktorunun uygun gördüğü şekilde iş ve sosyal yaşamına dönüş yapabilmektedir. Kişi günlük ihtiyaçlarını rahatça kendisi karşılayabilirken, sağlıklı bir birey olarak yaşamını sürdürebilmektedir. Beyin pili olanlar güvenlik cihazlarından geçebilir mi? Beyin pili olan hastaların x-ray, güvenlik tarama cihazlarına girmesinde herhangi bir sakınca yoktur Beyin pili olan hastalar tomografi ya da MR çektirebilir mi? Bu hastaların tomografi çektirmesinde sorun yoktur. Vücut MR önerilmemektedir ancak uygun şekilde beynin görüntülenmesi için MR çektirilebilir. Beyin pili olan hastaların spor veya egzersiz yapması sakıncalı mıdır? Hastalar uygun şekilde egzersiz yapabilirler hatta aktif bir yaşam çok önemlidir. Ancak yakın temas gerektiren, travmaya neden olabilecek sporlardan uzak durulmalıdır."
doc_0331,doc_0331_parent_002,doc_0331_parent_002_child_001,Gizli Şeker (Prediyabet) Nedir? Gizli Şeker Belirtileri Nelerdir?,https://www.memorial.com.tr/hastaliklar/gizli-seker-nedir,313,3,0,False,"['Gizli Şeker Tedavisi Nasıl Yapılır?', 'Gizli Şeker (Prediyabet) Hakkında Sık Sorulan Sorular Gizli şekerin görülme sıklığı nedir?', 'Gizli şeker testi nasıl yapılır?']","Ardından 75 gr glukoz içeren şekerli bir solüsyon içildikten ve üzerinden iki saat geçtikten sonra kan şekeri seviyesi tekrar ölçülür. Prediyabet varlığı durumunda yılda en az bir kez kan şekeri seviyesinin kontrol edilmesi gerekir. Gizli Şeker Tedavisi Nasıl Yapılır? Gizli şeker tedavisi de şeker hastalığı tedavisi gibi öncelikle yaşam tarzı değişikliği (sağlıklı beslenme ve hareketli bir yaşam) ve gerekli durumlarda ilaç tedavisini içerir. Şekeri azaltarak, sağlıklı beslenerek, düzenli egzersiz yaparak, uyku düzeni oluşturarak, stresten uzak durarak gizli şekerin kontrol altına alınmasını sağlar ve tip 2 diyabete dönüşmesini engelleyebilirsiniz. Tüm bu yöntemler, uzman bir doktor kontrolünde yapılırsa daha sağlıklı sonuçlar elde edilir. Gizli Şeker (Prediyabet) Hakkında Sık Sorulan Sorular Gizli şekerin görülme sıklığı nedir? Dünya Diyabet Federasyonu'nun 2015 diyabet atlasında dünya genelinde bozulmuş glokoz toleransı sıklığı yüzde 6,7 olarak belirtilmiştir. Ülkemizde yapılan TURDEP-2 araştırmasına göre ise Türkiye’de prediyabet görülme sıklığı yüzde 30,4 olarak saptanmıştır. Gizli şeker testi nasıl yapılır? Kişinin 10-12 saat açlıktan sonra kan şekeri ölçülür. Özel hazırlanmış 75 gram glukoz içeren sıvı içildikten iki saat sonra tekrar kan şekeri ölçülür. İkinci saatteki kan şekeri düzeyi 140 mg/dl üzerinde fakat 200 mg/dl’nin altında ise bozulmuş glukoz toleransı olarak adlandırılır."
doc_0331,doc_0331_parent_002,doc_0331_parent_002_child_002,Gizli Şeker (Prediyabet) Nedir? Gizli Şeker Belirtileri Nelerdir?,https://www.memorial.com.tr/hastaliklar/gizli-seker-nedir,278,3,0,False,"['Normal şeker değeri kaç olmalıdır?', 'Gizli şeker nasıl anlaşılır?', 'Gizli şekeri anlamak için uygulanan testler nelerdir?']","İkinci saatteki kan şekeri düzeyi 140 mg/dl üzerinde fakat 200 mg/dl’nin altında ise bozulmuş glukoz toleransı olarak adlandırılır. Normal şeker değeri kaç olmalıdır? Normal şeker değeri açlıkta 100 mg/dl, toklukta ise 140 mg/dl’nin altında olmalıdır. Gizli şeker nasıl anlaşılır? Ağız kuruluğu , halsizlik, çok yemek yemek ve açlık hissi, sık ve bol miktarda idrar, cinsel sorunlar, el ve ayaklarda karıncalanma ile uyuşukluk, yaraların geç iyileşmesi, görme bulanıklığı gibi şikayetler gizli şekerin belirtileri arasında yer almaktadır. Akantozis nigrikans vücudun belirli bölgelerinde derinin koyulaşmasıdır. İnsülin direnci ve prediyabeti olan hastalarda görülür. Etkilenen alanlar arasında boyun, koltuk altları gibi katlantı bölgeleri olabilir. Yine bu bölgelerde olan skin tag denilen minik et benleri de insülin direncinin eşlik ettiği prediyabetli hastalarda görülebilir. Gizli şekeri anlamak için uygulanan testler nelerdir? Gizli şekerin anlaşılması için A1C testi, açlık plazma glukozu (FPG) testi veya oral glukoz tolerans testi (OGTT) dahil olmak üzere birkaç farklı yöntem kullanılabilir."
doc_0331,doc_0331_parent_002,doc_0331_parent_002_child_003,Gizli Şeker (Prediyabet) Nedir? Gizli Şeker Belirtileri Nelerdir?,https://www.memorial.com.tr/hastaliklar/gizli-seker-nedir,312,4,0,False,"['Gizli şekeri anlamak için uygulanan testler nelerdir?', 'Gizli şeker geçer mi?', 'Gizli şeker diyetinde nelere dikkat edilmelidir?', 'Gizli şeker göze zarar verir mi?']","Gizli şekeri anlamak için uygulanan testler nelerdir? Gizli şekerin anlaşılması için A1C testi, açlık plazma glukozu (FPG) testi veya oral glukoz tolerans testi (OGTT) dahil olmak üzere birkaç farklı yöntem kullanılabilir. Bu tıbbi yöntemlerin dışında kişi kendini sürekli yorgun hissediyorsa, uyuklama hali oluyorsa, açlık-susuzluk hissi artıyorsa, gün içinde sık sık idrara çıkıyorsa ve el-ayaklarda karıncalanma varsa bu durum gizli şekere işaret olabilir. Gizli şeker geçer mi? Gizli şeker uygun yaşam tarzı değişikliği, sağlıklı beslenme, düzenli egzersiz ve kaliteli bir uyku ile geri döndürülebilir bir durumdur. Gizli şeker diyetinde nelere dikkat edilmelidir? Sağlıklı beslenmeye ve hareketli bir yaşam sürmeye dikkat edilmelidir. Bunun için sebze, meyve, yağsız kırmızı etler, tavuk eti ve balık, bakliyat ve tahıllar gibi pek çok çeşitli yiyecek doğru biçimde yeterli miktarda tüketilmelidir. Sağlıklı beslenme hem kilo kontrolünde hem de gizli şekerin şeker hastalığına dönüşümünün engellenmesinde rol oynar. Hareketli bir yaşam için pratik bir gösterge olarak günlük adım sayısının 7500’ün üzerinde olması (mümkünse 10 bin adım) düşünülebilir. Gizli şeker göze zarar verir mi? Yapılan son çalışmalar gizli şekerin de daha düşük oranda olsa da şeker hastalığının göze verdiği zararlara benzer zararlar verdiğini göstermektedir."
doc_0331,doc_0331_parent_002,doc_0331_parent_002_child_004,Gizli Şeker (Prediyabet) Nedir? Gizli Şeker Belirtileri Nelerdir?,https://www.memorial.com.tr/hastaliklar/gizli-seker-nedir,301,4,0,False,"['Gizli şeker göze zarar verir mi?', 'Gizli şeker gebeliğe engel midir?', 'Gizli şekerden korunma yolları nelerdir?', 'Gizli şeker ve insülin direnci aynı anlama mı gelir?']","Gizli şeker göze zarar verir mi? Yapılan son çalışmalar gizli şekerin de daha düşük oranda olsa da şeker hastalığının göze verdiği zararlara benzer zararlar verdiğini göstermektedir. Gizli şeker gebeliğe engel midir? Gizli şeker sorunu olan kadınların, gebeliklerinde daha ileri düzeylerde şeker yükseklikleri ve buna bağlı olarak hem anne hem de bebek üzerinde olumsuz etkileri olabilir. Bu nedenle her ne kadar gizli şeker gebeliğe engel olmasa da; sağlıklı bir gebeliğin sağlanabilmesi için kan şekeri düzeylerinin normale getirildikten sonra gebelik planlanmasının yapılması önerilmektedir. Gizli şeker de aynı gebelik şekeri gibi bebekte ve annede ciddi sorunlara yol açar. İri bebek olarak adlandırılan durum, bebek için doğum sırasında oluşabilecek omuz çıkıkları, sinir yaralanmaları, solunum sıkıntısı, şeker düşüklüğü ve sarılık gibi pek çok risk içerir. Bunun ötesinde gebeliğin erken dönemlerinde bebeğin organ gelişimi sırasında da annenin kan şekerinin yüksek olması bebeğin dolaşım, sindirim ve sinir sistemi gibi hayati organlarının gelişiminde anormalliklere yol açabilir. Gizli şekerden korunma yolları nelerdir? Sağlıklı beslenme, hareketli bir yaşam tarzı ve risk faktörleri olanların düzenli sağlık kontrollerini aksatmaması korunma yolları arasında yer almaktadır. Gizli şeker ve insülin direnci aynı anlama mı gelir? İnsülin direnci ile gizli şeker farklı durumları ifade etmektedir."
doc_0331,doc_0331_parent_003,doc_0331_parent_003_child_001,Gizli Şeker (Prediyabet) Nedir? Gizli Şeker Belirtileri Nelerdir?,https://www.memorial.com.tr/hastaliklar/gizli-seker-nedir,297,6,0,False,"['Gizli şekeri olanlar oruç tutabilir mi?', 'Gizli şeker tedavisi ne kadar sürer?', 'Gizli şeker tedavisinde kullanılan ilaçların yan etkileri var mıdır?', 'Çocuklarda gizli şeker görülür mü?', 'Gizli şeker baş ağrısı yapar mı?', 'Gizli şeker kilo aldırır mı?']","Gizli şekeri olanlar oruç tutabilir mi? Gizli şekeri olan hastalar oruç tutabilirler. Gizli şeker tedavisi ne kadar sürer? Gizli şeker tedavisi hayat boyu sürdürülmesi gereken yaşam tarzı değişikliğini içermelidir. Bu durum da sağlıklı beslenme ve hareketli bir yaşam anlamına gelmektedir. İlaç tedavileri ise belli bir süre kullanıldıktan sonra gerekli görüldüğünde kesilebilir. Gizli şeker tedavisinde kullanılan ilaçların yan etkileri var mıdır? Gizli şekerin tedavisinde kullanılan ilaçlar sıklıkla mide bağırsak sistemi üzerinde şişkinlik, gaz, hazımsızlık, bazen bulantı ve ishal gibi yan etkilere yol açabilir. Ancak bu yan etkiler herkeste görülmez ve genellikle görüldüğünde de bir süre sonra tolerans gelişip kaybolur. Çocuklarda gizli şeker görülür mü? Çocuklarda da erişkinlerde olduğu gibi özellikle obezitenin artması nedeniyle hem gizli şeker hem de şeker görülme riski yükselmiştir. Gizli şeker baş ağrısı yapar mı? Kan şekerindeki her türlü dalgalanma baş ağrısı gibi nörolojik problemlere yol açabilir. Gizli şeker kilo aldırır mı? İnsülin direncinin zemininde gelişen gizli şeker, kilo vermede zorluğa yol açabilir. Kilo alımı da gizli şekere zemin hazırlayan faktörler arasında yer almaktadır. Kilo alımında gizli şeker ile insülin direnci arasında tavuk yumurta ilişkisi vardır."
doc_0331,doc_0331_parent_003,doc_0331_parent_003_child_002,Gizli Şeker (Prediyabet) Nedir? Gizli Şeker Belirtileri Nelerdir?,https://www.memorial.com.tr/hastaliklar/gizli-seker-nedir,313,3,0,False,"['Gizli şeker bitkisel tedavi ile düşürülebilir mi?', 'Gizli şeker hastaları nelere dikkat etmelidir?', 'Gizli şeker risk faktörleri nelerdir?']","Kilo alımında gizli şeker ile insülin direnci arasında tavuk yumurta ilişkisi vardır. Gizli şeker bitkisel tedavi ile düşürülebilir mi? Gizli şeker bitkisel yöntemler ile tedavi edilemez. Gizli şeker hastaları nelere dikkat etmelidir? Gizli şeker hastaları düzgün bir yaşam tarzı oluşturmalı, sağlıklı besinler tüketmeli, haftada en az 150 dakika veya haftanın birçok günü yaklaşık 30 dakika orta düzeyde fiziksel aktivite yapmalı, ideal vücut ağırlığına ulaşmalı, kan basıncı ve kolesterolü kontrol altında tutmalı ve sigarayı bırakmalıdır. Gizli şeker risk faktörleri nelerdir? Tip 2 diyabete yakalanma olasılığını artıran aynı faktörler, prediyabet riskini de artırır. Bu faktörler şunları içerir: Vücut yağ oranı fazlalığı: Fazla kilolu olmak, prediyabet için birincil risk faktörüdür. Vücutta var olan fazla yağ dokusu (özellikle iç ve karın çevresindeki yağlanma) hücrelerin insüline daha dirençli hale gelmesine neden olur. Vücut yağ oranı fazlalığı: Bel çevresi: Büyük bir bel çevresi, insülin direncini gösterebilir. Bel çevresi, kadınlarda 80 cm ve erkeklerde 94 cm’nin üzerine çıktığında insülin direnci riski artmaktadır. Bel çevresi: Diyet: Basit şekerli yiyecek ve içecekler prediyabet riskini artırır. Akdeniz tipi beslenme prediyabet riskini düşürür."
doc_0333,doc_0333_parent_001,doc_0333_parent_001_child_003,"Böbrek Kanseri Nedir? Belirtileri, Nedenleri ve Tedavisi",https://www.memorial.com.tr/hastaliklar/bobrek-kanseri-nedir,308,1,0,True,['Böbrek Kanseri Evreleri Nelerdir?'],"Bu tümörler, farklı tipte bağ dokularından (kan damarları, düz kaslar ve yağ) oluşur. Herhangi bir belirtiye neden olmuyorlarsa genellikle yakından izlenebilir. Sorun yaratmaya başladığı takdirde (ağrı veya kanama gibi…) tedavi edilmeleri gerekebilir. Onkositom Onkositomlar, yaygın olmayan, bazen oldukça büyüyebilen iyi huylu böbrek tümörleridir. Erkeklerde daha sık görülür ve diğer organlara yayılmaz. Böbrek Kanseri Evreleri Nelerdir? Evreleme, kanserin ne kadar kapsamlı olduğunu belirleme süreci ve teşhisin önemli bir parçasıdır. Zira kanserin hangi evrede olduğuna göre en uygun tedavi seçenekleri belirlenir. Böbrek kanserinin evreleri Evre I'den (en az şiddetli evre) Evre IV'e kadar değişir. Hastaların böbrek kanseri olduğu doğrulandığında, doktor evrelemeyi tartışacaktır. Evre I (En az şiddetli evre) Tümör 7 cm veya daha küçüktür ve sadece böbrekte bulunur. Lenf düğümlerine veya uzak organlara yayılmamıştır. Evre II Tümör 7 cm'den büyüktür ve sadece böbrekte bulunur. Lenf düğümlerine veya uzak organlara yayılmamıştır. Evre III Evre III’de tümör, böbrek dışındaki çevre dokulara uzanım gösterir ve bölgesel lenf düğümlerine de yayılmış olabilir."
doc_0333,doc_0333_parent_001,doc_0333_parent_001_child_004,"Böbrek Kanseri Nedir? Belirtileri, Nedenleri ve Tedavisi",https://www.memorial.com.tr/hastaliklar/bobrek-kanseri-nedir,294,1,0,True,['Böbrek Kanseri Neden Olur?'],"Evre III Evre III’de tümör, böbrek dışındaki çevre dokulara uzanım gösterir ve bölgesel lenf düğümlerine de yayılmış olabilir. Evre IV Tümör, böbrekleri ve böbreküstü bezlerini sıkıştıran bağ dokusu tabakası olan Gerota fasyasının dışındaki bölgelere yayıldı ve böbreküstü bezine uzanıyor. Kanser çok sayıda lenf noduna ya da, kemikler, karaciğer ya da akciğerler gibi vücudun uzak alanlarına da yayılım gösterir. Böbrek Kanseri Neden Olur? Böbrek kanseri için kesin bir neden bilinmemekle birlikte böbrek kanseri riskini artıran bazı faktörler bulunmaktadır. Bunlar sigara kullanımı, yüksek tansiyon, diyabet, obezite, ailede böbrek kanseri öyküsü, kimyasallarla çalışma gibi mesleki maruziyet, yaş, genetik bozukluk ve cinsiyettir. Erkeklerde kadınlardan iki kat daha yaygın görülür. Böbrek kanseri riski yaşın ilermesiyle birlikte artar. Nitekim çoğu böbrek kanseri vakası 50 yaşın üzerindeki kişilerde görülür. Böbrek kanserinin nedeni tam olarak bilinmese de aşağıda sıralanan faktörler, böbrek kanserine yakalanma riskini artırabilir. Sigara içmek: Sigara içen kişilerin, sigara içmeyenlere göre böbrek kanserine yakalanma riski neredeyse iki katıdır."
doc_0333,doc_0333_parent_003,doc_0333_parent_003_child_002,"Böbrek Kanseri Nedir? Belirtileri, Nedenleri ve Tedavisi",https://www.memorial.com.tr/hastaliklar/bobrek-kanseri-nedir,211,3,0,False,"['Not: Böbrek Kanseri ile İlgili Sık Sorulan Sorular Böbrek kanseri tedavisinde uygulanabilen embolizasyon nedir?', 'Böbrek kanserine yakalanma önlenebilir mi?', 'Böbrek kanseri ölümcül mü?']","Not: Böbrek Kanseri ile İlgili Sık Sorulan Sorular Böbrek kanseri tedavisinde uygulanabilen embolizasyon nedir? Cerrah bir kateter yerleştirir ve sentetik bir materyali kan damarına geçirir. Bu malzeme, tümörü oksijen ve besin maddelerinden mahrum bırakan ve büzülmesine neden olan böbreğe giden kan akışını bloke eder. Böbrek kanserine yakalanma önlenebilir mi? Böbrek kanserinin nedenleri tam olarak bilinmediğinden hastalığın yüzde yüz önlenmesi mümkün değildir; ancak sağlıklı bir yaşam tarzı sürdürmek, sağlıklı bir diyet ve düzenli egzersiz kombinasyonu, böbrek kanseri için önemli bir risk faktörü olan obezite hastalığını önlemeye yardımcı olacaktır. Böbrek kanseri ölümcül mü? Böbrek kanseri sürecinde iyileşme durumu kanserin bulunduğu evreye göre değişiklik gösterir. Böbrek kanseri vakalarının ortalama yaşam süreleri kanserin evrelerine göre belirleniyor olsa da bu durum kişiden kişiye farklılaşabilmektedir."
doc_0334,doc_0334_parent_002,doc_0334_parent_002_child_002,Havale Nedir? Havale Belirtileri Nelerdir?,https://www.memorial.com.tr/saglik-rehberi/havale-nedir,286,4,1,False,"['Havale Hakkında Sık Sorulan Sorular Havale geçirmek ne demek?', 'Havale geçirdiğini nasıl anlarsın?', 'Havale fark edilmezse ne olur?', 'Ne zaman havale geçirilir?']","- Metabolik dengesizlikten kaynaklanıyorsa, kan şekeri, elektrolit seviyeleri veya sıvı dengesi normalleştirilmeye yönelik tedavi uygulanabilir. - Havale, beyin enfeksiyonu nedeniyle oluşuyorsa enfeksiyonu tedavi etmek için uygun ilaçlar kullanılabilir. - Yaşam tarzında yapılan değişiklikler ve beslenmenin planlanması gerekebilir. Havale Hakkında Sık Sorulan Sorular Havale geçirmek ne demek? Havale geçirmek, ateş, kafaya alınan darbe veya kanda toksin bulunması gibi nedenlerle beyin hücrelerinde meydana gelen elektriksel aktivite sonucu vücut kaslarının hızla ve tekrar tekrar kasılıp gevşediği, titreme ve seğirmelerle karakterize bir nörolojik bir durumdur. Havale geçirdiğini nasıl anlarsın? Havale geçirme esnasında vücutta titreme ve ani kasılmalar oluşabilir. Bunun yanında şuur kaybı da yaşanmasının yanında nefes darlığı ya da gözlerin sabitlenmesi görülür. Havale fark edilmezse ne olur? Havale fark edilmediği durumda ilerleyerek beyin hasara neden olabilir. Özellikle uzun süreli havaleye müdahale edilmediği durumda organ hasarı oluşabilir. Ne zaman havale geçirilir? Havale, beyin fonksiyonlarının değişmesi ve bozulması durumunda oluşabilir. Özellikle çocuklarda ateşli hastalıklar geliştiğinde, yetişkinlerde ise epilepsi gibi durumların yer almasında havale ortaya çıkabilir."
doc_0335,doc_0335_parent_001,doc_0335_parent_001_child_001,Lipödem (Ağrılı Selülit) Nedir? Lipödem Belirtileri ve Tedavisi,https://www.memorial.com.tr/hastaliklar/lipodem-nedir,291,3,2,False,"['Nasıl Önlenir ?', 'Lipödem Nasıl Tedavi Edilir?', 'Lipödem Hakkında Sık Sorulan Sorular Lipödem (Ağrılı Selülit) Nedir?']","Lipödem, vücudun her iki tarafının eşit etkilenerek, bacaklarda, kalçada ve bazen kollarda oluşan, yağ birikmesine bağlı ağrılı cilt büyümesidir. Lipödem, diyet ya da egzersiz uygulandığında yanıt vermeyebilir. Bu durumun düzeltilmesi için tedaviye ihtiyaç duyulabilmektedir. Nasıl Önlenir ? - Lipödem Nasıl Tedavi Edilir? - Lipödem Hakkında Sık Sorulan Sorular Lipödem (Ağrılı Selülit) Nedir? Lipödem, bacaklarda bazen ise kollarda ama genellikle vücudun alt bölümünü etkileyen ve anormal şekilde yağ birikmesine neden olan metabolizma ile bağlantılı bir hastalıktır. Lipödem çoğunlukla kalça bölgesini, bacakları ve baldırları içerir. Eller ve ayaklarda lipödem görülmemektedir. Ortalama olarak kadınların %11’ini etkileyen lipödem, yağın kalça ve bacaklarda düzensiz dağılmasından dolayı görüntü bakımından rahat edici olabilmektedir. Bunların yanında ağrı ve diğer sağlık problemlerine de neden olabilir. Lipödem, obezite ya da lenfödem ile karıştırılabilir fakat bunlar farklı durumlardır. Bununla birlikte, lipödem, lenf bezlerinde oluşan tıkanmalara bağlı olarak ortaya çıkan lenfödeme yol açabilir. Lipödemi bulunan birçok kişinin vücut kitle indeksi (VKİ) 35'ten yüksek olmaktadır."
doc_0335,doc_0335_parent_001,doc_0335_parent_001_child_003,Lipödem (Ağrılı Selülit) Nedir? Lipödem Belirtileri ve Tedavisi,https://www.memorial.com.tr/hastaliklar/lipodem-nedir,307,3,2,False,"['Yorgunluk ve halsizlik - Bacaklarınızda varisli damarlar Lipödem (Ağrılı Selülit) Türleri Nelerdir?', 'Lipödem (Ağrılı Selülit) İçin Risk Faktörleri Nelerdir?', 'Lipödemin Komplikasyonları Nelerdir?']","- Yorgunluk ve halsizlik - Bacaklarınızda varisli damarlar Lipödem (Ağrılı Selülit) Türleri Nelerdir? Lipödem oluştuğu bölgeye ve semptomlarına göre türlere ayrılır. Lipödem türleri şöyledir; - Tip I: Yağ, göbek deliği ile kalçalar arasında yer alır - Tip II: Yağ, pelvis ve dizler arasında yer alır - Tip III: Yağ, pelvis ve ayak bilekleriniz arasında yer alır - Tip IV: Yağ, omuzlar ve bilekler arasında yer alır - Tip V: Yağ, dizler ve ayak bilekler arasındadır. Lipödem (Ağrılı Selülit) İçin Risk Faktörleri Nelerdir? Hamile olmak, ergenlik ya da menopoz döneminde olmak lipödem alma olasılığını artırır. Ailede lipödem öyküsü olması ve 35’ten daha yüksek bir vücut kitle indeksine sahip olmak lipödem risk faktörleri arasında yer alır. Lipödemin Komplikasyonları Nelerdir? Lipödem tedavi edilmediği durumlarda fibroz adıyla bilinen skar benzeri doku gelişimine, yaraların geç iyileşmesine ve bacaklarda deri sertliğine neden olur. Bunların yanında lipödem ile birlikte şu komplikasyonlar görülebilir: - Yürümede güçlüğe - Utanç ve endişe duygulara - Depresyona - Venöz yetersizlik olarak bilinen damar hastalığına - Düz ayak tabanına"
doc_0335,doc_0335_parent_001,doc_0335_parent_001_child_004,Lipödem (Ağrılı Selülit) Nedir? Lipödem Belirtileri ve Tedavisi,https://www.memorial.com.tr/hastaliklar/lipodem-nedir,262,2,2,False,"['Venöz yetersizlik olarak bilinen damar hastalığına - Düz ayak tabanına - Dizlerin birbirine vurmasına neden olur Lipödem Nasıl Teşhis Edilir?', 'eşhisi için kullanılan bir test olmasa da şu yöntemlerden yararlanılabilir: - Ultrason - Manyetik rezonans görüntüleme (MR) - Bilgisayarlı tomografi (BT) Lipödem Aşamaları Nelerdir?']","- Venöz yetersizlik olarak bilinen damar hastalığına - Düz ayak tabanına - Dizlerin birbirine vurmasına neden olur Lipödem Nasıl Teşhis Edilir? Lipödem teşhisi için fiziki muayenenin ardından kişinin tıbbi geçmişine bakılır. Ağrılı olarak oluşan yağ birikintileri, sıradan vücut yağından farklı olarak ortaya çıkar. Her iki bacak etkilenebileceği gibi tek bir bacak da etkilenebilir. Bacaklar arasındaki boyut farklı lipödemin teşhisinde önemli rol oynar. Lipödemin teşhisi için kullanılan bir test olmasa da şu yöntemlerden yararlanılabilir: - Ultrason - Manyetik rezonans görüntüleme (MR) - Bilgisayarlı tomografi (BT) Lipödem Aşamaları Nelerdir? Lipödemin aşamaları bulunur ve önem alınmadığında kötüleşebilir. Lipödem aşamaları şöyle sıralanır: - Aşama 1: Cilt normal görünür, cildin altında küçük çakıl taşı gibi dokular hissedilir. Bu aşamada ağrı ve morarma görülür. - Aşama 2: Cilt yüzeyi pürüzlü olabilir ve belirgin çukurlar oluşur. - Aşama 3: Şiş bacaklar görülür, deride yağ kıvrımları ve varisler bulunur."
doc_0339,doc_0339_parent_001,doc_0339_parent_001_child_001,Peynirin Faydaları Nelerdir?,https://www.memorial.com.tr/saglik-rehberi/peynirin-faydalari,310,5,5,False,"['Peynir Besin Değeri Nedir?', 'Peynirin Faydaları Nelerdir?', 'Peynirin Zararları Nelerdir?', 'Peynir Hakkında Sık Sorulan Sorular Peynir Besin Değeri Nedir?', ',3 gram - Protein: 11 gram - Kalsiyum : 103 miligram - Fosfor: 148 miligram - Potasyum : 120 miligram - Selenyum: 14,6 mikrogram - Sodyum : 321 miligram Peynirin Faydaları Nelerdir?']","Peynir, sütten elde edilen kalsiyum kaynağı olarak bilinen bir besindir. İnek, keçi, koyun ve manda sütünden elde edilen peynir, besin değeri açısından oldukça zengindir. Peynirde yer alan A, D, K vitaminleri ve çinko kemik sağlığına katkıda bulunur. Kemiklerin güçlenmesine destek olarak osteoporozun önlenmesini sağlar. Bazı peynirlerin yağ oranı yüksek olduğundan beslenirken dikkat edilmesi önerilir. Ancak beslenme dengeli ve aktif bir yaşam tarzınız varsa, peynirin vücuda faydaları yüksektir. - Peynir Besin Değeri Nedir? - Peynirin Faydaları Nelerdir? - Peynirin Zararları Nelerdir? - Peynir Hakkında Sık Sorulan Sorular Peynir Besin Değeri Nedir? Peynir, protein, yağ ve mineral kaynağı olarak besin açısından yoğun bir süt ürünüdür. Peynir, bazı laktoz intorelansı olan kişilerde sütten daha iyi tolere edilebilir çünkü peynir, içerisindeki laktoz miktarı daha düşüktür. Peynirde birçok besin maddesin yer alır. 100 gramlık bir peynir içerisinde şu besin değerleri yer alır: - Kalori: 84. - Yağ: 2,3 gram - Protein: 11 gram - Kalsiyum : 103 miligram - Fosfor: 148 miligram - Potasyum : 120 miligram - Selenyum: 14,6 mikrogram - Sodyum : 321 miligram Peynirin Faydaları Nelerdir?"
doc_0340,doc_0340_parent_001,doc_0340_parent_001_child_001,Dişlerinize Özen Göstermenin Tam Zamanı,https://www.memorial.com.tr/saglik-rehberi/dislerinize-ozen-gostermenin-tam-zamani,277,4,3,False,"['l Hastanesi Ağız ve Diş Hastalıkları Bölümü Uzmanları, diş hastalıkları tedavi yöntemleri hakkında bilgi verdi: - Dişleri beyazlatmak artık daha kolay - Çocuğumun dişleri düzgün mü?', 'Ortodondik tedavi için belli bir yaş sınırı var mı?', 'Çocuğumun dişleri düzgün mü?', 'Ortodondik tedavi için belli bir yaş sınırı var mı?']","Memorial Hastanesi Ağız ve Diş Hastalıkları Bölümü Uzmanları, diş hastalıkları tedavi yöntemleri hakkında bilgi verdi: - Dişleri beyazlatmak artık daha kolay - Çocuğumun dişleri düzgün mü? - Ortodondik tedavi için belli bir yaş sınırı var mı? - Vidalı dişler... Dişleri beyazlatmak artık daha kolay Sizin için iki ayrı diş beyazlatma sistemini tek pakette topladık. Office-bleaching ile 1 saat içinde dişlerinizi beyazlatıyor ve home- bleaching ile bu beyazlığın kalıcı olmasını sağlıyoruz. Ağrısız, hızlı ve etkin bir diş beyazlatma için bu fırsattan yararlanmanısı tavsiye ederiz. Çocuğumun dişleri düzgün mü? Ortodontik bozukluk, çok sık karşılaşılan bir sorundur. Erken dönemde gereken önemler alınmazsa ve tedavi edilmezse ortodontik bozukluklar kişinin yüz gelişimini, beslenmesini, konuşmasını, ağız sağlığını ve diş estetiğini olumsuz yönde etkiler. Çocuğunuzun bu gibi sorunlar yaşamasını önlemek isterseniz, Aralık 2005 - Ocak 2006 boyunca uyguladığımız ücretsiz ortodonti muayenesi kampanyamızdan yararlanabilirsiniz. Ortodondik tedavi için belli bir yaş sınırı var mı? Dişleri teller yardımı ile hareket ettirerek düzeltmek, mekanik bir uygulamadır. Bu nedenle yaşınız ne olursa olsun ortodontik tedavi görebilirsiniz."
doc_0342,doc_0342_parent_002,doc_0342_parent_002_child_001,Kolin Nedir? Kolin Ne İşe Yarar?,https://www.memorial.com.tr/saglik-rehberi/kolin-nedir,254,4,0,False,"['Kolin Eksikliği Belirtileri Nelerdir?', 'Kolin Hakkında Sık Sorulan Sorular Kolin ne demek?', 'Kolin en çok nerede bulunur?', 'Kolin hapı var mı?']","Homosisteini azaltarak kalp hastalıkları riskini düşürebilir Vücuttaki homosistein seviyesini azaltma etkisi bulunan kolin böylelikle kalp hastalıkları riskinin düşmesi noktasında faydalı bir bileşik olarak karşımıza çıkar. Kolin Eksikliği Belirtileri Nelerdir? Kolin eksikliği, vücutta yeterli düzeyde kolin bulunmaması durumudur. Bu durum, kişide bazı belirtiler ortaya çıkarabilir. Kolin eksikliği belirtileri arasında enerjinin düşmesi sonucu yorgunluk , hafıza kaybı, öğrenme sürecinde gerileme, kas ağrıları ve ruh halinde dalgalanmalar yer alır. Kolin Hakkında Sık Sorulan Sorular Kolin ne demek? Kolin, başta beyin ve sinir sistemi olmak üzere vücuttaki birçok fonksiyonun işlevini düzenleyen, besin takviye olarak vücuda alınan ve suda çözünebilen faydalı bir bileşiktir. Kolin en çok nerede bulunur? Kolin en çok et, süt, yumurta, balık , fındık ve brokoli, karnabahar , brüksel lahanası gibi sebzelerde bulunur. Kolin hapı var mı? Kolin, vücuda takviye olarak alındığı kapsül veya tablet formları bulunur."
doc_0343,doc_0343_parent_001,doc_0343_parent_001_child_001,Kolon Kanserinde Patolojinin Önemi,https://www.memorial.com.tr/saglik-rehberi/kolon-kanserinde-patolojinin-onemi,306,3,3,False,"['\u200b - Kalın Bağırsağın Anatomik Yapısı - Kalın Bağırsak (Kolon) Kanserleri/ Kolorektal Kanserler - Kalın Bağırsak (Kolon) Kanseri/ Kolorektal Kanser Denilince Ne Anlaşılmalıdır?', 'Kalın Bağırsak (Kolon) Kanserinin Tanısı Nasıl Konulur?', 'Kalın Bağırsak (Kolon) Kanserinde Patolojik İnceleme Neden Çok Önemlidir?']","Erken dönemde belirti vermeyen kolon kanseri, dünya genelinde yeni kanser vakaları arasında görülme sıklığı bakımından üçüncü sıradadır. Kolon kanserinde, patoloji uzmanı tarafından incelenen dokuların kanser içerip içermediği, varsa kanserin tipi ve biyolojik davranışı hakkında önemli bilgiler elde edilir. Ankara Memorial Hastanesi konsültan hekimlerimizden, patoloji uzmanı Prof. Dr. Yıldırım Karslıoğlu kolon kanserinde patolojik incelemenin önemi hakkında bilgiler verdi.​ - Kalın Bağırsağın Anatomik Yapısı - Kalın Bağırsak (Kolon) Kanserleri/ Kolorektal Kanserler - Kalın Bağırsak (Kolon) Kanseri/ Kolorektal Kanser Denilince Ne Anlaşılmalıdır? - Kalın Bağırsak (Kolon) Kanserinin Tanısı Nasıl Konulur? - Kalın Bağırsak (Kolon) Kanserinde Patolojik İnceleme Neden Çok Önemlidir? - Memorial Patoloji Laboratuvarı’nda Kolon Kanseri Tanısı ve İleri İncelemeler Kalın Bağırsağın Anatomik Yapısı Kalın bağırsak (kolon), sindirim sisteminde ince bağırsak ve anüs arasında yer alır. Erişkin insanlarda 1,5 - 2 metre uzunluğundadır. İnce bağırsağın son kısmı olan ileumdan itibaren, çekum, çıkan kolon, transvers kolon, inen kolon, sigmoid kolon ve rektum adı verilen bölümlerden oluşur."
doc_0344,doc_0344_parent_003,doc_0344_parent_003_child_002,Gluten Nedir? Gluten Nelerde Var?,https://www.memorial.com.tr/saglik-rehberi/gluten-nedir-gluten-hangi-besinlerde-bulunur,294,5,1,False,"['Strese iyi gelir Gluten Hakkında Sık Sorulan Sorular Gluten içeren besinler nelerdir?', 'Pirinçte gluten var mı?', 'Yulafta gluten var mı?', 'Bulgurda gluten var mı?', 'Patateste gluten var mı?']","- Strese iyi gelir Gluten Hakkında Sık Sorulan Sorular Gluten içeren besinler nelerdir? Buğday, çavdar, arpa ve yulaf içeren tahıllar, bulgur, erişte ve makarna gibi hububatlar, kurabiye, kek, pasta ve baklava gibi pasta ve tatlılar, arpa ve malt içeren bira gibi alkollü içecekler, işlenmiş et ve kahveler gluten içeren besinlerdir. Pirinçte gluten var mı? Pirinç glüten içermeyen bir besindir. Tüm pirinç türleri doğal hallerinde glütensizdir. Pirinç gluten içermediği için, çölyak gibi glutene hassasiyeti olan tüketebileceği iyi bir tahıl alternatifidir. Yulafta gluten var mı? Yulafın saf hali glütensizdir. Ancak, üretim alanlarında genellikle buğday, arpa ve çavdar gibi glüten içeren ürünlerle birlikte yetiştirilip, işlenip taşındığı için glutenle kirlenmiş olabilir. Bulgurda gluten var mı? Evet, bulgur gluten içermektedir. Bulgur, gluten içeren besinlerin başında gelen buğdaydan yapılan bir tahıl ürünüdür. O nedenle gluten hassasiyeti bulunan kişiler için tüketilmesi önerilen bir besin değildir. Patateste gluten var mı? Hayır, patates doğal olarak gluten içermeyen besinlerdendir."
doc_0344,doc_0344_parent_003,doc_0344_parent_003_child_003,Gluten Nedir? Gluten Nelerde Var?,https://www.memorial.com.tr/saglik-rehberi/gluten-nedir-gluten-hangi-besinlerde-bulunur,301,3,0,False,"['Patateste gluten var mı?', 'Glutenin yapısı nasıldır?', 'Gluten hassasiyeti olanlar süt tüketebilir mi?']","Patateste gluten var mı? Hayır, patates doğal olarak gluten içermeyen besinlerdendir. Patates genelde buğday, arpa, çavdar gibi tahıllarda bulunur ancak patates tahıl değil, nişastalı bir gıdadır. Ancak, hazır satılan patates kızartmaları ve patates cipslerininin her zaman glutensiz olmayabilir. Pakette yer alan içerikte buna dikkat edilmelidir. Glutenin yapısı nasıldır? Gluten, yoğurulduğunda bir ağ oluşturan ve pişmiş buğday ürünlerinin esnekliğini sağlayan benzersiz bir yapısal proteine ​​sahiptir. Bu özellikler, nihai ürünün viskoelastisitesi olarak adlandırılır ve hamurun elastikiyetini, viskozitesini, uzayabilirliğini, mukavemetini ve kohezyonunu içerir. Yapısal olarak glutene benzeyen sekalin, hordein ve aveninler gibi diğer proteinler; çavdar, yulaf ve arpa gibi tahıllarda bulunur. Glutenin kendisi, buğdayın nerede yetiştirildiğine, nasıl öğütüldüğüne ve tahılın genetik yapısına bağlı olarak çeşitli gliadinlerin ve gluteninlerin olası kombinasyonları nedeniyle çeşitli buğday genotipleri arasında farklılık gösterir. Gluten hassasiyeti olanlar süt tüketebilir mi? Gluten hassasiyeti olanlarda genellikle laktoza karşı da hassasiyet olabilir."
doc_0344,doc_0344_parent_004,doc_0344_parent_004_child_001,Gluten Nedir? Gluten Nelerde Var?,https://www.memorial.com.tr/saglik-rehberi/gluten-nedir-gluten-hangi-besinlerde-bulunur,303,3,0,False,"['Glutensiz diyette yulaf tüketilebilir mi?', 'Karnıyarık otu tozu glutensiz diyette neden öneriliyor?', 'Glutensiz diyette maya tüketebilir miyim?']","Öte yandan bazı araştırmalar glutenin bir prebiyotik rolü oynadığını, bağırsak iltihabını ve kolorektal kanseri önleyen kolonda bifidobakteriyel gibi yararlı bakterilerin büyümesini teşvik ettiğini öne sürer. Glutensiz diyette yulaf tüketilebilir mi? Yulaf gluten içermez. Avenin adı verilen benzer bir protein içerirler ve araştırmalar çölyak hastalığı olan çoğu insanın avenin proteini içeren besinlerin güvenle yiyebileceğini göstermiştir. Marketlerde satılan yulaf içeren ürünlerdeki temel sorun ürünlerin işleme sırasında (hasat veya öğütme gibi) buğday, çavdar veya arpadan gluten ile çok sık kontamine olmalarıdır. Bu nedenle, glutensiz olarak etiketlenmeyen yulaf içeren ürünlerden kaçınılmalıdır. Karnıyarık otu tozu glutensiz diyette neden öneriliyor? Karnıyarık otu tozu glutensiz beslenenler tarafından son dönemlerde sıkça terdih edilmektedir Bunun nedeni glutensiz un ile hamur hazırlanmak istediğinde hem hazırlanan besinin lif içeriğinin artması hem de bu tozun glutenin vermiş olduğu kıvamı yakalamaya yardımcı olmasıdır. Glutensiz diyette maya tüketebilir miyim? Taze maya doğal olarak glutensizdir. Ancak bileşenlerinde buğday nişastası içeren ve bu nedenle glutensiz olmayan bazı kurutulmuş paket mayalar da mevcuttur."
doc_0344,doc_0344_parent_004,doc_0344_parent_004_child_002,Gluten Nedir? Gluten Nelerde Var?,https://www.memorial.com.tr/saglik-rehberi/gluten-nedir-gluten-hangi-besinlerde-bulunur,311,3,0,False,"['Çin soya sosu gluten içerir mi?', 'Glutensiz buğday nişastası nedir?', 'Glutensiz yemek pişirmek için nelere dikkat edilmelidir?']","Ancak bileşenlerinde buğday nişastası içeren ve bu nedenle glutensiz olmayan bazı kurutulmuş paket mayalar da mevcuttur. Çin soya sosu gluten içerir mi? Çin soya sosu geleneksel olarak buğdaydan yapılır. Bu nedenle soya sosu çölyak hastalığı vb. rahatsızlıkları olan kişiler için uygun değildir. Glutensiz buğday nişastası nedir? Glutensiz buğday nişastası, glutenin eser miktarda uzaklaştırıldığı, özel olarak üretilmiş bir bileşendir. Bazı üreticiler tarafından glutensiz ürünlerin kalitesini ve dokusunu iyileştirmek için kullanılır. Glutensiz etiketli buğday nişastası içeren yiyecekler çölyak hastalığı olan tüm insanlar için uygundur. Diyetlerine buğday nişastası içeren ürünleri dahil etme konusunda herhangi bir endişesi olanlar doktorlarına danışmalıdır. Glutensiz yemek pişirmek için nelere dikkat edilmelidir? - Glutenin rolünü ksantan sakızı veya guar sakızı tozlarıyla değiştirin. (Genellikle aile boyu kek için yaklaşık yarım çay kaşığı ve ekmek için bir çorba kaşığı gerekir). Gözleme hamurlarına fazladan bir yumurta ekleyin. - İlk denemelerinizden birkaçının başarısız olabileceğini kabul etmeye hazır olun. - Gözleme hamurlarına fazladan bir yumurta ekleyin. - Glutensiz un muadilleri için birçok tarif vardır veya hazır glutensiz un karışımları, hamur işleri ve kabartma tozu satın alabilirsiniz."
doc_0345,doc_0345_parent_001,doc_0345_parent_001_child_001,Kalpte Ritim Bozukluğu İnme Riskini 5 Kat Artırıyor,https://www.memorial.com.tr/saglik-rehberi/kalpte-ritim-bozuklugu-inme-riskini-5-kat-artiriyor,299,2,2,False,"['Aritmiye bağlı inme daha tehlikeli olabiliyor - Aritmiye bağlı inmeden korunmak mümkün - Aritmide inmeden korunmada aspirin yeterli mi?', 'Kan sulandırıcı ilaçların riski var mıdır?']","İnme, dünya genelinde ilk sırada, Türkiye’de ise üçüncü sakatlık nedeni olarak karşımıza çıkıyor. Kalp hastalıklarından sonra ikinci ölüm nedeni olarak gösterilen inme, yaş ilerledikçe özellikle 60-65 yaşlarından sonra daha sık görülüyor. İnme riskini artıran risklerin başında ise kalpte en sık görülen ritim bozuklukları arasında yer alan “atriyal fibrilasyon” geliyor. Memorial Sağlık Grubu İnme Rehabilitasyon ve Araştırma Ünitesi uzmanları, kalp sağlığı ve inme ilişkisi hakkında bilgi verdi. - Aritmiye bağlı inme daha tehlikeli olabiliyor - Aritmiye bağlı inmeden korunmak mümkün - Aritmide inmeden korunmada aspirin yeterli mi? - Kan sulandırıcı ilaçların riski var mıdır? Kalp çarpıntısı hakkında detaylı bilgi için tıklayınız! Aritmiye bağlı inme daha tehlikeli olabiliyor Atriyal fibrilasyon (AF) yani anormal kalp ritmi ya da aritmi altta kalp kapak hastalıkları gibi başka bir kalp hastalığı yatmasa bile inme riskini 4-5 kat artırmaktadır. Tüm inmelerin yaklaşık üçte birinin aritmiye bağlı geliştiği görülmektedir. Ayrıca aritmiye bağlı inme daha ağır bir seyir göstermekte ve daha ölümcül olmaktadır. Aritmide yaş ile birlikte inme sıklığı artış göstermektedir. Yaş dışında birçok etken aritmi ile birlikte inme geçirme riskini yükseltir."
doc_0349,doc_0349_parent_002,doc_0349_parent_002_child_002,Teratojen Nedir? Teratojenlerin Etkileri Nelerdir?,https://www.memorial.com.tr/saglik-rehberi/teratojen-nedir,320,3,0,False,"['Teratojenlere maruz kalmamak için hangi önlemler alınabilir?', 'Teratojenler sadece hamilelikte mi etkilidir?', 'Gıda katkı maddeleri teratojenik olabilir mi?']","Hamilelik sırasında kullanılan belli ilaçları ve kimyasalları doğum sonuçları üzerinden değerlendirmek amaçlı klinik gözlemler de yapılır. Teratojenlere maruz kalmamak için hangi önlemler alınabilir? Teratojenlerden etkilenmemek adına ilaç kullanımından kaçınmalı, kullanılacak ise mutlaka doktora danışılmalıdır. Kimyasallardan kaçınmak için bulunduğumuz ortamlarda kullanılan kimyasal ürünlerin güvenliğinden emin olunmalıdır. Mutlaka alkol ve sigaradan uzak durulmalıdır. Teratojenlere maruz kalmamak için dengeli ve sağlıklı bir diyet programıyla sağlıklı gelişim gösterilebilir. Teratojenler sadece hamilelikte mi etkilidir? Teratojenler, hamilelik döneminde embriyo ve fetüsün hızla gelişmesi sebebiyle dış etkenlere karşı oldukça hassas bir dönem olduğundan en çok hamilelik döneminde etkilidir. Ancak teratojenlerin etkileri sadece hamilelikle sınırlı değildir. Genel sağlık açısından her dönemde teratojenlere maruz kalmamak önemlidir. Gıda katkı maddeleri teratojenik olabilir mi? Genellikle gıdalardaki katkısal maddeler, insan sağlığına zarar vermemesi için sıkı denetimlerden geçer ve bu maddeler belirli limitlerle kullanılır. Fakat bazı katkı maddeleri yüksek dozlarda ve uzun süreli kullanım durumunda toksik etkiler göstererek teratojenik faktörler olabilir. Bunlar bazı tatlandırıcılar, koruyucular ve renklendiriciler gibi etki maddeleridir. Bu maddelerin gıdalar üzerinde kullanımına izin verilen miktarları ise oldukça düşüktür. Bu sebeple gıda kaynaklı teratojenlerden kaçınmak için iyi yıkanmış ve güvenilir kaynaklardan gelen gıdalar tüketilmelidir."
doc_0350,doc_0350_parent_003,doc_0350_parent_003_child_002,Göz altı Işık Dolgusu Nedir? Göz altı Işık Dolgusu Nasıl Yapılır​?,https://www.memorial.com.tr/tedavi-yontemleri/gozalti-isik-dolgusu,313,4,0,False,"['Göz altı Işık Dolgusu Hakkında Sık Sorulan Sorular Göz altı ışık dolgusu sonrasında yüz yıkanabilir mi?', 'Göz altı dolgusu göze zarar verir mi?', 'Göz altı ışık dolgusu uygulaması tüm cilt tiplerine uygun mu?', 'Göz altı ışık dolgusu kaç yıl gider?']","Ancak alerjik reaksiyon gösterebilecek olan hastaların uzmanlar eşliğinde değerlendirilerek işleme başlaması önerilmektedir. Göz altı Işık Dolgusu Hakkında Sık Sorulan Sorular Göz altı ışık dolgusu sonrasında yüz yıkanabilir mi? En çok sorulan sorular arasında göz altı ışık dolgusu sonrasında yüz yıkanabilir mi sorusu yer almaktadır. Göz altı ışık dolgusu işleminden yarım saat sonra yüz yıkanabilmektedir. Yüzde kızarıklık, morluk veya şişlik oluşması yıkama için bir engel oluşturmamaktadır. Göz altı dolgusu göze zarar verir mi? Göz altı ışık dolgusunun göze veya göz çevresine zararı bulunmamaktadır. İşlem sonrası şişme, kızarıklık veya geçici morluk ortaya çıkabilmektedir. Ancak işlemden sonraki sürede bu yan etkiler de kendiliğinden 3-5 gün içinde geçmektedir. Ancak alerjik reaksiyon gösterebilecek olan hastaların uzmanlar eşliğinde değerlendirilerek işleme başlaması önerilmektedir. Göz altı ışık dolgusu uygulaması tüm cilt tiplerine uygun mu? Göz altı ışık dolgusu işlemi, her cilt tipine uygun olabilir. Fakat hassas cilde sahip olan kişilerde işlem sonrasında morarma ya da şişlik gelişebilir. Göz altı oluşan morarma ya da sarkma problemleri ne kadar şiddetli ise dolgu malzemesi de ona göre seçilir ve uygulanabilir. Göz altı ışık dolgusu kaç yıl gider? Göz altı ışık dolgusunun 1 yıl kadar kalıcılığı olabilmektedir. Hastanın deri yapısı veya ten rengine göre kalıcılık değişkenlik gösterebilmektedir."
doc_0350,doc_0350_parent_003,doc_0350_parent_003_child_003,Göz altı Işık Dolgusu Nedir? Göz altı Işık Dolgusu Nasıl Yapılır​?,https://www.memorial.com.tr/tedavi-yontemleri/gozalti-isik-dolgusu,278,4,0,False,"['Göz altı dolgusu acıyor mu?', 'Göz altı ışık dolgusu kırışıklıklara iyi gelir mi?', 'Göz altı ışık dolgusu kaç seans yapılır?', 'Göz altı ışık dolgusu hangi dolgu maddesiyle yapılır?']","Hastanın deri yapısı veya ten rengine göre kalıcılık değişkenlik gösterebilmektedir. Uygulamanın etkisi ömür boyu kalıcı olmamaktadır. Hastanın yapısına göre 6-12 ay arasında kalıcılık değişebilmektedir . . Göz altı dolgusu acıyor mu? Göz altı ışık dolgusu yapılacak olan işleme lokal veya topikal anestezi uygulanmaktadır. İşlem başlamadan önce uygulanan lokal veya topikal anestezi sayesinde hasta işlem sırasında herhangi bir acı hissedilmemektedir. Göz altı ışık dolgusu kırışıklıklara iyi gelir mi? Göz altı ışık dolgusunun içeriğinde yer alan hyaluronik asit cilt altına uygulandığı için sağlıklı bir görüntü oluşturmaktadır. Bu nedenle göz altı kırıklıklarına da etkili bir yöntem olmaktadır. Göz altı ışık dolgusu kaç seans yapılır? Göz altı ışık dolgusunda ilk uygulama sonrasında istenilen görüntü elde edilebilmektedir. Ancak uzmanın kontrole çağırmasıyla birlikte eğer göz altında koyu halkalar mevcut ise bir kez daha uygulama önerilebilmektedir. Göz altı ışık dolgusu hangi dolgu maddesiyle yapılır? Göz altı ışık dolgusu, hyaluronik asit içeren dolgularla uygulanabilir. Hyaluronik asit, vücutta doğal olarak bulunan bir maddedir ve bu nedenden dolayı cilt yapılarıyla uyumludur. Bunun yanında başka dolgu maddeleri de kullanılabilir fakat en yaygın olarak tercih edileni hyaluronik asittir."
doc_0353,doc_0353_parent_001,doc_0353_parent_001_child_004,Kan Grupları Nelerdir? Kan Grupları Neyi İfade Eder?,https://www.memorial.com.tr/saglik-rehberi/kan-gruplari,303,2,2,False,"['Bilimsel kanıt olmasa da karakter oluşumuna etki edebilir - A grubuna sahip kişilerin sebze ve bakliyat tüketmesi faydalı olabilir 0 Rh Pozitif (+) Kan Grubu Özellikleri Nelerdir?', 'yalnızca Rh faktörü bulunur - Evrensel olarak verici bir kan grubudur - Travmatik kanama ve acil sağlık durumlarında işe yarayabilir 0 Rh Negatif (-) Kan Grubu Özellikleri Nelerdir?']","A Rh pozitif kan grubunun en temel özelliği kanda Rh faktörünün bulunmasıdır. A Rh pozitif (+) kan grubunun temel özellikleri şöyledir: A Rh pozitif (+) kan grubunun temel özellikleri şöyledir: - Kanda A tipi antijenler ve Rh faktörü bulunur - En yaygın bulunan kan gruplarından biridir - Bilimsel kanıt olmasa da karakter oluşumuna etki edebilir - A grubuna sahip kişilerin sebze ve bakliyat tüketmesi faydalı olabilir 0 Rh Pozitif (+) Kan Grubu Özellikleri Nelerdir? Rh faktörü, kırmızı kan hücrelerinin yüzeyinde yer alan bir proteindir. Kırmızı kan hücrelerinde Rh proteini varsa Rh pozitif anlamına gelir. 0 ifadesi genel bir kanıyı ifade eder. 0 Rh pozitif kan grubu ise kanda sadece Rh faktörü bulunduğunu gösterir. 0 kan grubunda A veya B antijeni yer almaz. 0 kan grubu evrensel olarak verici olmakla birlikte travmatik kanama ve acil sağlık durumlarında aranan bir kan grubudur. 0 Rh pozitif (+) kan grubu şu özelliklere sahiptir: 0 Rh pozitif (+) kan grubu şu özelliklere sahiptir: - Kanda A veya B antijeni yer almaz - Kanda yalnızca Rh faktörü bulunur - Evrensel olarak verici bir kan grubudur - Travmatik kanama ve acil sağlık durumlarında işe yarayabilir 0 Rh Negatif (-) Kan Grubu Özellikleri Nelerdir?"
doc_0353,doc_0353_parent_002,doc_0353_parent_002_child_004,Kan Grupları Nelerdir? Kan Grupları Neyi İfade Eder?,https://www.memorial.com.tr/saglik-rehberi/kan-gruplari,304,3,0,False,"['Kan Grubu Öğrenme Nasıl Olur?', 'Kan Grupları Hakkında Sık Sorulan Sorular Kan grubu çeşitleri nelerdir?', '0 Rh pozitif kan grubu özellikleri nelerdir?']","0 kan grubuna göre beslenme listesi içinde bulunan sebzeler, meyveler, tam tahıllar, baklagiller ve sağlıklı yağlar da diyetin bir parçasıdır. 0 kan grubu beslenme düzeni: * Not olarak belirtmek gerekir ki, özellikle kan grubuna göre beslenme programı uygulamak isteyen kişilerin bunu doktor ve diyetisyen kontrolünde yapmaları daha sağlıklı olur. Kronik hastalığı olanlar veya belli yaş grubuna ait kişilerin yalnızca kan grubu özelinde yapacakları diyet bazı riskleri beraberinde getirebilir. Bu sebeple doktor kontrolü her zaman daha sağlıklı sonuçlar verecektir. * Kan Grubu Öğrenme Nasıl Olur? Kan grubunu öğrenmek isteyen bireyler sağlık kuruluşlarına giderek kan verme işlemi ile birlikte kan grubu testi yaptırabilir. Daha sonra E-nabız veya işlemin yaptırıldığı laboratuvar ya da hastane tahlil sonuç sayfasından kan grubu öğrenilebilir. Kan Grupları Hakkında Sık Sorulan Sorular Kan grubu çeşitleri nelerdir? Antikorlar ve antijenlerin etkisiyle oluşan kan grupları A, B, AB ve 0 olmak üzere dört ana grupta incelenirken, kendi içinde negatif ve pozitif ayrımı yapılarak toplamda A+, A- , B+, B- , 0+, 0- , AB+, AB- olmak üzere 8 kan grubundan oluşur. 0 Rh pozitif kan grubu özellikleri nelerdir? 0 Rh pozitif kan grubu, 0 tipi pozitif kan kritik öneme sahiptir."
doc_0353,doc_0353_parent_003,doc_0353_parent_003_child_001,Kan Grupları Nelerdir? Kan Grupları Neyi İfade Eder?,https://www.memorial.com.tr/saglik-rehberi/kan-gruplari,288,5,0,False,"['En çok bulunan kan grubu hangisidir?', 'AB Rh pozitif kan grubu özellikleri nelerdir?', 'Hangi kan grupları birbirine kan verebilir?', 'Kan grubu değişir mi?', 'Kan grubu kartı nasıl ve nereden alınır?']",En çok bulunan kan grubu hangisidir? Başta dünya geneli olmak üzere özellikle ülkemizde en çok bulunan kan grubu A Rh pozitif kan grubudur. AB Rh pozitif kan grubu özellikleri nelerdir? AB Rh pozitif kan grubunda hem A hem de B antijeni bulunur. Aynı zamanda Rh faktörü de kan grubunun içinde yer alır. Bu kan grubuna sahip kişiler genel alıcıdır. Hangi kan grupları birbirine kan verebilir? 0 Rh negatif kan grubu içeriğinde hiçbir antijeni bulundurmadığı için bütün kan gruplarına kan verebilir ve evrensel verici olarak ifade edilir. Evrensel alıcı olarak bilinen kan grubu ise AB pozitif (AB+) kan grubudur. İçeriğinde hem A hem de B antijenini bulundurduğu için tüm kan gruplarından kan alabilir. Kan grubu değişir mi? Kan grupları genellikle yaşam boyunca aynı kalır ve değişmez. Ancak bazı faktörler kan gruplarının nadir de olsa değişmesine sebebiyet verebilir. Bunlara örnek olarak kemik iliği nakli veya lösemi verilebilir. Bu iki durum kanın yapısında değişikliğe yol açabilir. Kan grubu kartı nasıl ve nereden alınır? Kan grubu testi yaptırmak için başvurduğunuz sağlık kuruluşundan aynı zamanda kan grubu kartını da temin edebilirsiniz. Bu kartın üstünde hangi kan grubuna sahip olduğunuz yazar.
doc_0356,doc_0356_parent_001,doc_0356_parent_001_child_002,Periyodik ateş sendromu nedir? Tedavisi nasıl yapılır?,https://www.memorial.com.tr/hastaliklar/periyodik-ates-sendromu-nedir-tedavisi-nasil-yapilir,306,3,0,False,"['Periyodik ateş sendromu belirtileri nelerdir?', 'Periyodik ateş sendromu neden olur?', 'Periyodik ateş sendromu teşhisi nasıl konulur?']","Periyodik ateş sendromu belirtileri nelerdir? Bu sendromun en belirgin özelliği döngüsel ateş ataklarıdır. Çocukta ateş aniden başlamakta, 38.9-41 derece arasında seyretmekte, 3-6 gün arasında görülen ateş genellikle 7 günden uzun sürmemekte ve kimi zaman aniden düzelmektedir. Ateş döngüsü 26-30 gün arasında değişmekle birlikte ortalama 28 gün de bir olmakta ve yılda ortalama 11-12 ateş atağı gözlenmektedir. Bu tabloda çocuk sağlıklı görünmesinin yanı sıra normal büyüme ve gelişimini de sürdürmektedir. Ateşle birlikte çocuklarda ağız içinde aftöz ülserler görülebilmektedir. Kesin bir laboratuvar tanısı olmasa da, klinik olarak teşhis konulmakta ve en az üç ateş atağının tanımlanması gerekmektedir. Periyodik ateş sendromu neden olur? Periyodik ateş sendromunun etiyolojisi yani nedeni bilinmemektedir. Tek bilinen sık ateşli hastalık geçiren çocuklarda görülmesidir. Periyodik ateş sendromu teşhisi nasıl konulur? Üç ile altı gün arasında görülen 38.9-41 derece ateş, 28 günde bir olabilmektedir. Çocukta yılda 11-12 kez bu şekilde ateş atağı görülürse periyodik ateş sendromu düşünülmelidir. Kesin bir laboratuvar tanısı bulunmamaktadır. Teşhisi çocuk sağlığı ve hastalıkları uzmanı tarafından hasta öyküsü alınarak ve ayrıntılı muayene ile konulmaktadır."
doc_0356,doc_0356_parent_001,doc_0356_parent_001_child_004,Periyodik ateş sendromu nedir? Tedavisi nasıl yapılır?,https://www.memorial.com.tr/hastaliklar/periyodik-ates-sendromu-nedir-tedavisi-nasil-yapilir,315,5,0,False,"['Periyodik ateş sendromu başka hastalıkla karıştırılabilir mi?', 'Periyodik ateş sendromu başka hastalıkla karıştırılabilir mi?', 'Periyodik ateş sendromu en çok kimlerde görülür?', 'Periyodik ateş sendromu en çok kimlerde görülür?', 'Periyodik ateş sendromunun yan etkisi var mı?']","Bazı olgularda bademciklerin alınması da atakları önleyebilmektedir. Periyodik ateş sendromu başka hastalıkla karıştırılabilir mi? Bu rahatsızlık, çocuklarda periyodik ateş sendromları içinde sayılan Ailevi Akdeniz Ateşi (FMF) ile karıştırılabilmektedir. FMF genellikle daha büyük yaşlarda ortaya çıkmakta ve ataklar düzensiz aralıklarla gerçekleşmektedir. Ateş 38-40 derece arasında değişmekle birlikte, 12-36 saat devam edip kendiliğinden düşmektedir. Özellikle karın ağrısının eşlik ettiği ateşin yanında göğüs ve eklem ağrıları da görülebilir. Ataklar arasında çocuk sağlıklı görünmektedir. Genetik geçiş bulunduğu için ailede benzer şikayetleri olan kişiler de olabilir. Ailevi Akdeniz Ateşi’nin bu rahatsızlıktan farklı olarak mutlaka tedavi edilmesi gerekir. Aksi halde vücutta amiloid birikimine bağlı olarak başta böbrek olmak üzere diğer iç organlarda da hasar meydana gelebilir. Periyodik ateş sendromu başka hastalıkla karıştırılabilir mi? Periyodik ateş sendromu en çok kimlerde görülür? Genellikle 41 dereceyi bulan ateşle belirti veren ve aileleri oldukça endişelendiren periyodik ateş sendromuna, 2-5 yaş grubu çocuklarda sık rastlanıyor. Periyodik ateş sendromu en çok kimlerde görülür? Periyodik ateş sendromunun yan etkisi var mı? Periyodik yüksek ateş sendromu en çok ağız içinde aft , boyunda şişlik ve farenjitin eşlik ettiği ateş ile belirti veriyor."
doc_0356,doc_0356_parent_001,doc_0356_parent_001_child_005,Periyodik ateş sendromu nedir? Tedavisi nasıl yapılır?,https://www.memorial.com.tr/hastaliklar/periyodik-ates-sendromu-nedir-tedavisi-nasil-yapilir,90,4,0,False,"['Periyodik ateş sendromunun yan etkisi var mı?', 'Periyodik ateş sendromuna hangi uzman bakar?', 'Periyodik ateş sendromuna hangi uzman bakar?', 'Yüksek ateşte ne olur?']","Periyodik yüksek ateş sendromu en çok ağız içinde aft , boyunda şişlik ve farenjitin eşlik ettiği ateş ile belirti veriyor. Periyodik ateş sendromunun yan etkisi var mı? Periyodik ateş sendromuna hangi uzman bakar? Periyodik ateş sendromuna Çocuk Sağlığı ve Hastalıkları uzmanı bakmaktadır. Periyodik ateş sendromuna hangi uzman bakar? Yüksek ateşte ne olur?"
doc_0356,doc_0356_parent_002,doc_0356_parent_002_child_001,Periyodik ateş sendromu nedir? Tedavisi nasıl yapılır?,https://www.memorial.com.tr/hastaliklar/periyodik-ates-sendromu-nedir-tedavisi-nasil-yapilir,314,4,0,False,"['Yüksek ateşte ne olur?', 'Periyodik ateş sendromunda ateş yüksekse ne yapmalı?', 'Periyodik ateş sendromunda ateş yüksekse ne yapmalı?', 'Sirkeli su periyodik ateş sendromuna iyi gelir mi?']","Ateş 39-40 derecenin üzerine çıktığında vücut aşırı enerji harcamaya başlar, kalp ve solunum sistemi daha hızlı çalışır. Vücut, kol ve bacaklardaki damarları büzüp bu bölgelere daha az kan gönderirken; beyin, kalp, karaciğer gibi organlara daha fazla kan gönderir. Vücut alacalı, mermerimsi bir görüntü alır, el- kol ve bacaklarda soğukluk olmasına rağmen gövdede yüksek sıcaklık görülür. Her ateş yükselmesinde paniklemek doğru değildir ancak 40 dereceyi geçen ateşte dikkat etmek gerekir. Yüksek ateşte ne olur? Periyodik ateş sendromunda ateş yüksekse ne yapmalı? Hemen telaşa kapılıp panik yapmamak gerekir. Çünkü panik yanlış tedaviyi getirebilir. Ateşli çocuğun üzerini örtmek tamamıyla yanlış bir uygulamadır. Çocuğun havale geçirmesine dahi sebep olabilir. Üzerini örtmek yerine odanın ısısı düşürülmelidir. Çocuğun ateşi 39 dereceyi buluyorsa, ateşe öksürük, kusma ve ishal de ekleniyorsa, hemen doktora başvurmak gerekir. Periyodik ateş sendromunda ateş yüksekse ne yapmalı? Sirkeli su periyodik ateş sendromuna iyi gelir mi? İçine aspirin ezilmiş soğuk ve sirkeli suya batırılmış bezlerle alın ve koltuk altlarına baskı uygulanmamalıdır. Tamamıyla yanlış olan bu geleneksel yöntem, çocukların ateşi vücudundan atmasını daha da zorlaştırmaktadır."
doc_0356,doc_0356_parent_002,doc_0356_parent_002_child_002,Periyodik ateş sendromu nedir? Tedavisi nasıl yapılır?,https://www.memorial.com.tr/hastaliklar/periyodik-ates-sendromu-nedir-tedavisi-nasil-yapilir,291,3,0,False,"['Sirkeli su periyodik ateş sendromuna iyi gelir mi?', 'Periyodik ateş sendromunda ateş nasıl ölçülmeli?', 'Periyodik ateş sendromunda ateş düşürücü kullanılmalı mı?']","Tamamıyla yanlış olan bu geleneksel yöntem, çocukların ateşi vücudundan atmasını daha da zorlaştırmaktadır. Fark edilmeyen durumlarda ya da ani ateş yükselmelerinde çocuğa başını dışarda bırakacak şekilde ılık bir duş aldırmak doğru olacaktır. Bunların hiçbiri ateşi düşürmezse, mutlaka uzmana başvurmak gerekmektedir. Sirkeli su periyodik ateş sendromuna iyi gelir mi? Periyodik ateş sendromunda ateş nasıl ölçülmeli? Koltuk altından ölçülen ateşin 37.5; kulak ve makattan ölçülen ateşin 37.8 üzerinde olması yüksek ateş olarak kabul edilir. Bebeklik ve çocukluk çağında ateş kriterleri biraz daha farklıdır. Bebeklerin ilk üç ayında koltukaltı ve makattan ateş ölçülmesi doğrudur. Koltukaltından ölçülen ateş 37.5'in üzerindeyse ilk olarak bebeği soymak gerekir. Genelde bebeklerin üşüyeceği düşünülerek kat kat kalın kıyafetler giydirilmektedir ancak bu yanlış bir uygulamadır. Bebeğin bulunduğu ortam biraz serinletildikten 15 dakika sonra yeniden ateş ölçülmelidir. Eğer hala 37.5 derecenin üzerindeyse mutlaka bir doktora başvurulmalıdır. Periyodik ateş sendromunda ateş düşürücü kullanılmalı mı? Ateş düşürücülerin miktar ve sıklıkları çocukların yaş grupları ve kilolarına göre değişebileceğinden bu konuda doktor önerisi ile hareket edilmelidir."
doc_0358,doc_0358_parent_002,doc_0358_parent_002_child_002,Osgood Schlatter Nedir? Belirtileri Nelerdir?,https://www.memorial.com.tr/saglik-rehberi/osgood-schlatter-hastaligi,259,3,0,False,"['Osgood Schlatter Hakkında Sık Sorulan Sorular Osgood-Schlatter tehlikeli mi?', 'Osgood-Schlatter hangi doktora gidilir?', 'Osgood-Schlatter bandı ne işe yarar?']","Dizlerinizi bükerek sandalyeye oturun ve ayakta durma pozisyonuna tekrar dönün. Oturma süresi birkaç saniye olacağı için kontrollü yapmak gerekir. Dizinizin aynı hizada olmasına, içe veya dışarı doğru kaymamasına dikkat etmelisiniz. Aynı zamanda çömelirken öne doğru eğilmemeye dik bir duruşla egzersizi uygulamalısınız. Osgood Schlatter Hakkında Sık Sorulan Sorular Osgood-Schlatter tehlikeli mi? Osgood Schlatter geçici bir rahatsızlık olduğu için tehlikeli değildir. Aynı zamanda kendini sınırlayan bir hastalık olduğu için ilerlemez ve erişkinlik çağına geçildiğinde sona erer. Osgood-Schlatter hangi doktora gidilir? Osgoof Schlatter kas ve kemik dokusunun içeren bir rahatsızlıktır. Bu nedenle Ortopedi ve Travmatoloji bölümünden uzman bir doktora başvurmak gerekir. Osgood-Schlatter bandı ne işe yarar? Osgood Schlatter hastalığında yardımcı tedavi yöntemlerinden biri de bant kullanımıdır. Bu özel bant diz kapağının alt kısmına takılır ve patellar tendona basınç uygular. Böylece tendona binen yükü hafifletir ve ağrının da azalmasını sağlar."
doc_0360,doc_0360_parent_002,doc_0360_parent_002_child_002,Koma Nedir? Koma Pozisyonu Nedir?,https://www.memorial.com.tr/saglik-rehberi/koma-nedir,231,6,0,False,"['Koma İle İlgili Sık Sorulan Sorular Komanın etkileri kalıcı mıdır?', 'Koma ne kadar sürer?', 'Komadaki insanlar nasıl beslenir?', 'Komadaki hasta acı hisseder mi?', 'Komadan sonra hasta tamamen normal hayata döner mi?', 'Koma sonrasında kişi çevresinde olanları hisseder mi?']","İyileşme sürecinde fiziksel ve zihinsel değişimler Kişi bir süre hafıza bulanıklığı, odaklanmada problem, hareketlerinde yavaşlama gibi durumları aşarak eski koordinasyonuna dönebilir. Destek grupları ve psikolojik yardım Mesleki ve fiziksel terapilerle hayat kalitesi yükseltilebilir. Hastalık sonrası anksiyete ve depresyon gibi belirtiler danışmanlık desteği ile minimize edilebilir. Koma İle İlgili Sık Sorulan Sorular Komanın etkileri kalıcı mıdır? Beyin hasarına göre kalıcı olarak etkileri kalabilir ya da tamamen düzelebilir. Koma ne kadar sürer? Eşdeğer olarak koma süreci 1-2 gün de sürebilir, 1 yıl da devam edebilir. Komadaki insanlar nasıl beslenir? Damar yoluyla gerekli vitamin ve mineral desteği sağlanabilir. Komadaki hasta acı hisseder mi? Acı hissi ve diğer duyusal hisler kişi tarafından yaşanmaz. Komadan sonra hasta tamamen normal hayata döner mi? Kişiye özgü değişkenlik gösterir. Koma sonrasında kişi çevresinde olanları hisseder mi? Bu konuda, beyin aktivitesinde belirgin bir değişiklik gözlemlenmemiştir."
doc_0363,doc_0363_parent_002,doc_0363_parent_002_child_003,Kadın Hastalıklarında Laparoskopik Cerrahi,https://www.memorial.com.tr/tedavi-yontemleri/kadin-hastaliklarinda-laparoskoik-cerrahi,291,3,0,False,"['Laparoskopi İşlemi Ne Kadar Sürer?', 'Ameliyat Sonrası Ne Zaman Taburcu Olabilirim?', '1 gündür Ameliyat Sonrası Dikiş İzi Kalır Mı?']","Yine ameliyat öncesi anestezi hekimi tarafından yapılacak muayenede hastanın ameliyat için gerekli koşulları sağlayıp sağlamadığı değerlendirilecektir. Laparoskopi İşlemi Ne Kadar Sürer? Bu sorunun cevabı yapılacak ameliyata göre değişkenlik göstermektedir. Tanı amaçlı, dış gebelik, tüp bağlanması gibi ameliyatlar genellikle 30 dakika civarında sürmektedir. Kist ameliyatları 1 saat civarında, rahim alınması ve miyom ameliyatları 2 saat civarında sürmektedir. Rahim sarkması, Endometriozis, kanser ameliyatları için 2 saati aşan sürelere ihtiyaç duyulabilmektedir. Ameliyat Sonrası Ne Zaman Taburcu Olabilirim? Laparoskopik cerrahinin açık ameliyatlara göre en büyük avantajı da erken dönemde taburculuk imkanı sunmasıdır. Laparoskopik ameliyatlar sonrasında hastanede kalış süresi genellikle 1 gündür ancak daha küçük prosedürlerde aynı gün taburculuk da sağlanmaktadır. 1 gündür Ameliyat Sonrası Dikiş İzi Kalır Mı? Laparoskopik ameliyatlarda yapılan en büyük kesi 1 cm boyutlarındadır. Bunun dışında birkaç adet yarım cm kesiler de bulunur. Bu kesilerin iyileşmesi açık cerrahide gerçekleştirilen 8-10 cm kesiye göre çok daha hızlı olmaktadır ve çok daha iyi kozmetik sonuçları vardır. Bu küçük izler de zaman içerisinde tamamen kaybolacaktır. Özellikle hekiminizin önerisiyle ameliyat sonrasında uygulayacağınız özel jellerle bu süreyi kısaltmak mümkündür."
doc_0364,doc_0364_parent_002,doc_0364_parent_002_child_002,Hipermetrop Nedir? Hipermetrop Belirtileri Nelerdir?,https://www.memorial.com.tr/saglik-rehberi/hipermetrop-nedir,295,5,0,False,"['Hipermetrop ile İlgili Sık Sorulan Sorular Hipermetrop gözlük kullanmalı mı?', 'Hipermetrop astigmat nedir?', 'Görüntü eğer retinanın arkasında odaklanırsa bu durum oluşmaktadır Miyop hipermetrop ile birlikte görülür mü?', 'Hipermetrop gözlüğü sürekli takılır mı?', 'Hipermetrop hangi mercek ile düzelir?']","Hipermetrop ile İlgili Sık Sorulan Sorular Hipermetrop gözlük kullanmalı mı? Gözlük, lens veya cerrahi yöntemlerle hipermetrop göz kusuru tedavisi yapılabilir. Eğer doktor gözlük verdiyse mutlaka kullanılmalıdır. Hipermetrop astigmat nedir? Yakının net görülmediği hipermetrop sorunuyla astigmatın birlikte görülmesi durumuna hipermetrop astigmat denilebilir. Görüntü eğer retinanın arkasında odaklanırsa bu durum oluşmaktadır Miyop hipermetrop ile birlikte görülür mü? Miyop olan göz, hipermetroba; hipermetrop da miyoba dönebilmektedir ancak aynı anda miyop hipermetrop görülmemektedir. Hipermetrop olan gözde astigmat görülür. Yani miyop ve hipermetrop aynı anda görülmez. Hipermetrop miyop ile birlikte olmaz. Hipermetrop gözlüğü sürekli takılır mı? Gözlük önerisini göz doktorları yapmaktadır. Hipermetrop gözlüğünün sürekli takılıp takılmayacağı ile ilgili bilgiyi hastanın durumuna göre göz doktoru vermektedir. Hipermetrop hangi mercek ile düzelir? Hipermetrop için gözlük camlarında ışığın retinada odaklanmasını sağlayan, gözün kırma gücünü artıran ince kenarlı dışbükey mercekler kullanılır. Aynı optik özelliklere sahip kontakt lensler de kırma kusurunu düzeltmek için kullanılabilir."
doc_0364,doc_0364_parent_002,doc_0364_parent_002_child_003,Hipermetrop Nedir? Hipermetrop Belirtileri Nelerdir?,https://www.memorial.com.tr/saglik-rehberi/hipermetrop-nedir,319,4,0,False,"['Yani “Hipermetrop ince kenarlı mercek mi?', 'Bebeklerde hipetmetrop neden olur?', 'Bebeklerde hipermetrop tedavisi nasıldır?', 'Hipermetrop lens ile tedavi edilir mi?']","Aynı optik özelliklere sahip kontakt lensler de kırma kusurunu düzeltmek için kullanılabilir. Yani “Hipermetrop ince kenarlı mercek mi?” sorusunun yanıtı, ince kenarlı mercek olarak verilebilir. Bebeklerde hipetmetrop neden olur? Çocukların büyük çoğunluğu dünyaya hipermetrop olarak gelmektedir. İlerleyen yaşlarda hipermetropi kaybolabilir ancak bazen bu olmayabilir. Bebeklerde hipermetrop tedavisi nasıldır? Aileler bebeklerini 36’ıncı aya kadar göz muayenesi yaptırması önerilmektedir. Ailede hipermetropi sorunu hikayesi varsa bu muayeneler daha önem kazanmaktadır. Ayrıca, üç yaşa kadar senede iki ve sonrasında her sene çocukların göz muayenesinden geçmesi önemlidir. Çünkü yüksek hipermetrop sorunu çocukların gözlerinde şaşılık ve tembellik olma ihtimalini yükseltmektedir. Yani bebeklerde hipermetrop ve göz kayması görülebilir. Bu durum çocuklarda da yaşanabilir. Hipermetrop tedavisinde ilk aşamada göz doktorunun muayenesi ile gerçekleşen tanı koyma evresi bazı testlerle devam eder. “Çocuğum hipermetrop” diyerek telaşlanmaya gerek yoktur. Erken çocukluk döneminde gelişen hipermetropi, bazen düşük numaralı gözlüklerle bile tedavi edilebilir ve birçok çocukta yaş ilerledikçe sorun kendiliğinden çözülebilir. Ayrıca okula başlamadan göz taraması da mutlaka ailelere önerilmektedir. Hipermetrop lens ile tedavi edilir mi? Kontakt lens de hipermetrop tedavisi arasında yer almaktadır."
doc_0364,doc_0364_parent_002,doc_0364_parent_002_child_004,Hipermetrop Nedir? Hipermetrop Belirtileri Nelerdir?,https://www.memorial.com.tr/saglik-rehberi/hipermetrop-nedir,259,4,0,False,"['Hipermetrop lens ile tedavi edilir mi?', 'Hipermetrop göz kusurunda hangi mercek kullanılır?', 'Hipermetrop nasıl görür?', 'Hipermetropta görüntü nereye düşer?']","Hipermetrop lens ile tedavi edilir mi? Kontakt lens de hipermetrop tedavisi arasında yer almaktadır. Hekim eğer lens kullanımını uygun görmüşse lens kullanılabilir. Lens kullanırken hekimin verdiği lens eğitimini almak gerekir. Hipermetrop göz kusurunda hangi mercek kullanılır? Hipermetrop tedavisinde dışbükey mercek kullanılmaktadır. Bu mercek üzerine gelen ışınları bir noktada toplayarak görüntüyü yakınlaştırır. Dışbükey merceğin kenarı ince, ortası kalın ve şişkin görünür. Hipermetrop nasıl görür? Hipermetroplar uzaktaki cisimleri çok net görür ama yakındaki cisimleri bulanık görürler. Yazıları okurken, çizim yaparken, yazı yazarken, televizyon, tableti bilgisayar ya da telefonda bir şeyler izlerken bulanık görürler. Cisimlerin kenar çizgileri dağınık olabilir, cisimlerin sınırları net görülmeyebilir. Yakın çalışmalarda harfler, iç içe geçmiş olabilir. Hipermetropta görüntü nereye düşer? Göze gelen görüntü iki noktada kırılıp, bir noktada odaklanarak görme olur. Kornea, gözdeki saydam tabaka olmakla birlikte gözdeki en kırıcı ortamdır."
doc_0364,doc_0364_parent_003,doc_0364_parent_003_child_001,Hipermetrop Nedir? Hipermetrop Belirtileri Nelerdir?,https://www.memorial.com.tr/saglik-rehberi/hipermetrop-nedir,304,3,0,False,"['Hipermetrop yakın mı uzak mı görmemeye neden olur?', 'Hipermetropi başka görme sorunuyla karışır mı?', 'Gizli hipermetrop belirtileri nelerdir?']","Hipermetrop yakın mı uzak mı görmemeye neden olur? Hipermetrop uzağı görememe değil yakın görmekte zorlanma sorunu anlamına gelmektedir. Hipermetropi başka görme sorunuyla karışır mı? Ne miyop, ne astigmat ve ne de hipermetrop olmayıp da 40’lı yaşlarda başlayan “Yakını iyi görememe"" sorunu da toplumda yaygın olarak hipermetropi olarak bilinmektedir. Ama bu yanlış bir bilgidir. Hipetmetropi, yaşın ilerlemesiyle birlikte oluşan göz sorunuyla karıştırılmaktadır. Yaşlılıkta ortaya çıkan yakını görememe sorununa “Presiyobi” denmektedir. Hipermetropi her yaş grubunda olabilirken; “Presiyobi” yaşın ilerlemesiyle ortaya çıkmaktadır. Her ikisinde de uzağı görme yakını görmeden daha iyidir, gözlükle tedavilerinde (+) numaralı cam kullanılır, ancak camların çerçeveye yerleştirilmesinde fark vardır. Gizli hipermetrop belirtileri nelerdir? Bu sorun genelde ilköğretim okulu öğrencilerinde görülür. Teşhis edilemezse daha ciddi sorunlara neden olur. Genelde bu çocuklar uzak ve yakını net ve iyi görür. Ama sadece okuma yaparken ve özellikle de geceleri görme sorunu yaşarlar. Bu sorunla birlikte baş ağrısı, gözde yorgunluk olur. Bu durum okulda başarısızlığa da sebebiyet verir. Bundan korunmak için çocukları rutin göz muayenesine götürmek gereklidir."
doc_0365,doc_0365_parent_001,doc_0365_parent_001_child_001,Alkol,https://www.memorial.com.tr/saglik-rehberi/alkol,303,5,0,False,"['Siz kaç tanesini doğru bildiniz?', 'Siz kaç tanesini doğru bildiniz?', 'Alkol karaciğer hastalığına sebep olur mu?', 'Alkol karaciğer hastalığına sebep olur mu?', 'Güvenli olarak ne kadar alkol tüketebilirim?']","Doğru veya Yanlış 1. Karaciğer hastalığına yakalananların çoğu alkolik değildir. 2. Sosyal olarak orta derecede alkol alanlar bile karaciğer hasarı için risk oluştururlar. 3. Alkollü içecekleri hiç tüketmeyen kişiler de ciddi karaciğer problemlerine sahip olabilirler. Cevap: Tüm 3 ifade de doğrudur. Siz kaç tanesini doğru bildiniz? Eğer cevaplar sizi şaşırttıysa cesaretiniz kırılmasın, çünkü yalnız değilsiniz. Alkol ve karaciğer arasındaki ilişki birçok kişinin kafasını karıştırmıştır. Amerikan Karaciğer Vakfı bu konu hakkında birçok yanlış anlaşılma olduğunu göstermiştir. Söylentiler zararlı olabileceğinden dolayı, aşağıda alkol ve karaciğer hakkında en sık rastlanılan soruların doğru cevaplarını bulacaksınız. Cevap: Tüm 3 ifade de doğrudur. Siz kaç tanesini doğru bildiniz? Alkol karaciğer hastalığına sebep olur mu? Evet, fakat sadece var olan diğer birçok nedenden biridir ve risk ne kadar çok miktarda ve ne kadar süredir içtiğinize bağlıdır. 100’den fazla karaciğer hastalığı vardır. Virüsler, kalıtsal bozukluklar ve kimyasal madde ve ilaçlara karşı oluşan tepkiler bilinen sebeplerdir. Bilim adamları en ciddi karaciğer hastalıkların nedenlerini halen araştırmaktadır. Alkol karaciğer hastalığına sebep olur mu? Güvenli olarak ne kadar alkol tüketebilirim?"
doc_0365,doc_0365_parent_001,doc_0365_parent_001_child_002,Alkol,https://www.memorial.com.tr/saglik-rehberi/alkol,313,8,0,False,"['Alkol karaciğer hastalığına sebep olur mu?', 'Güvenli olarak ne kadar alkol tüketebilirim?', 'Güvenli olarak ne kadar alkol tüketebilirim?', 'Tüketilen alkol miktarı yanında başka tehlikeler var mıdır?', 'Tüketilen alkol miktarı yanında başka tehlikeler var mıdır?', '""Sosyal içiciler"" alkolik hepatit olabilir mi?', '""Sosyal içiciler"" alkolik hepatit olabilir mi?', 'çok miktarda alkol ile ne tür karaciğer hastalıkları olabilir?']","Alkol karaciğer hastalığına sebep olur mu? Güvenli olarak ne kadar alkol tüketebilirim? Bazı insanlar alkole diğerlerinden daha duyarlı olduğundan dolayı, herkes için uygun olabilecek basit bir cevap yoktur. Genelde eğer içki kullanan biriyseniz doktorlar günde iki içkiden fazla içmemeyi tavsiye ederler. Güvenli olarak ne kadar alkol tüketebilirim? Tüketilen alkol miktarı yanında başka tehlikeler var mıdır? Evet. Asetominofen içeren ilaçlarla birlikte alkol orta derecede bile alınırsa toksik etkileri olabilir. Bu tarz ilaçlar alıyorsanız, alkol alma konusunda özellikle dikkatli olmalı ve ilacınızı almak için alkollü içecek kullanmamalısınız. Yazılan ilaçlar nelere dikkat etmeniz gerektiğini doktorunuza danışınız. Tüketilen alkol miktarı yanında başka tehlikeler var mıdır? ""Sosyal içiciler"" alkolik hepatit olabilir mi? Evet. Alkolik hepatit sık olarak alkoliklerde görülse de alkolik olmayanlarda da görülebilir.Alkole karşı verilen karaciğer cevabı kişilerde belirgin değişkenlik gösterebilir. ""Sosyal içiciler"" alkolik hepatit olabilir mi? çok miktarda alkol ile ne tür karaciğer hastalıkları olabilir? Alkoli hepatit, karaciğerin bir veya iki hafta süren iltihabıdır. İştahsızlık, bulantı, kusma, karın ağrısı ve gerginliği, ateş, sarılık ve bazen bilinç bulanıklığı bulguları görülebilir."
doc_0365,doc_0365_parent_001,doc_0365_parent_001_child_003,Alkol,https://www.memorial.com.tr/saglik-rehberi/alkol,315,4,0,False,"['çok miktarda alkol ile ne tür karaciğer hastalıkları olabilir?', 'Alkolik hepatit nasıl teşhis edilir?', 'Alkolik hepatit nasıl teşhis edilir?', 'Kadın ve erkek alkolik hepatit için aynı riski mi taşır?']","İştahsızlık, bulantı, kusma, karın ağrısı ve gerginliği, ateş, sarılık ve bazen bilinç bulanıklığı bulguları görülebilir. Alkole bağlı siroz yıllar içinde görülür. Siroz hastalığı için karaciğer hücrelerinin kalıcı hasarı gerekir. “yağlı karaciğer” alkolik karaciğer hastalığında görülen en erken evredir. Eğer hasta bu evrede alkol almayı bırakırsa, karaciğer kendisini iyileştirir. çok miktarda alkol ile ne tür karaciğer hastalıkları olabilir? Alkolik hepatit nasıl teşhis edilir? Alkolik hepatitin tanısı kolay değildir. Bazen bulgular alkol alındığı döneme göre, alkolün bırakıldıktan sonraki dönemde daha kötü olabilir. Genelde hastalık çok miktarda alkol tüketilen bir dönemden sonra ortaya çıksa da, orta derecede içenlerde de görülebilir. Kan testleri tanıya yardım edebilir. Tanı esas olarak karaciğer biyopsisi ile konur. Bu da bir iğne ile lokal anestezi eşliğinde küçük miktarda karaciğer dokusunun alınıp mikroskop ile incelenmesi ile olur. Alkolik hepatit nasıl teşhis edilir? Kadın ve erkek alkolik hepatit için aynı riski mi taşır? Kadınlar alkole bağlı karaciğer hasarı için daha fazla risk taşır. Aynı kiloda olan bir erkek ve bayan eşit miktarda alkol aldıklarında bile, bayanın kan alkol miktarı genelde daha fazladır."
doc_0365,doc_0365_parent_001,doc_0365_parent_001_child_004,Alkol,https://www.memorial.com.tr/saglik-rehberi/alkol,271,4,0,False,"['Kadın ve erkek alkolik hepatit için aynı riski mi taşır?', 'Tüm alkolikler de alkolik hepatit ve sonuçta siroz olur mu?', 'Tüm alkolikler de alkolik hepatit ve sonuçta siroz olur mu?', 'Alkolik hepatit yağlı karaciğerden farklı mıdır?']","Aynı kiloda olan bir erkek ve bayan eşit miktarda alkol aldıklarında bile, bayanın kan alkol miktarı genelde daha fazladır. Kadınlarda erkeklere göre daha fazla vücut yağı ve daha az vücut suyu vardır ve dolayısıyla kadınların vücudu alkolden farklı biçimde etkilenebilir. Kadın ve erkek alkolik hepatit için aynı riski mi taşır? Tüm alkolikler de alkolik hepatit ve sonuçta siroz olur mu? Hayır. Bazı alkolikler alkolizm tablosunun çoğu fiziksel ve psikolojik bulgularını gösterip ciddi etkilenseler de, ilerleyici karaciğer hasarı oluşmaz. Alkoliklerin % 10-25’inde zamanla alkolik siroz gelişir. Tüm alkolikler de alkolik hepatit ve sonuçta siroz olur mu? Alkolik hepatit yağlı karaciğerden farklı mıdır? Evet. Eğer herhangi bir kişi birkaç gün içinde aşırı miktarda alkol alırsa, karaciğer hücreleri yağ damlacıkları ve su ile şişer. Bu durum “yağlı karaciğer” olarak adlandırılır. Diyabet, obezite, bazı ilaçlar ve ciddi protein eksikliği de bu tabloya neden olabilir. Alkole bağlı oluşan yağlı karaciğer, alkol bırakıldığında iyileşir."
doc_0365,doc_0365_parent_002,doc_0365_parent_002_child_001,Alkol,https://www.memorial.com.tr/saglik-rehberi/alkol,312,8,0,False,"['Alkolik hepatit her zaman siroz yapar mı ?', 'Alkolik hepatit tehlikeli midir?', 'Alkolik hepatit tehlikeli midir?', 'Alkolik hepatit nasıl önlenir?', 'Alkolik hepatit nasıl önlenir?', 'Siroz alkolik hepatitten farklı mıdır?', 'Siroz alkolik hepatitten farklı mıdır?', 'Neler siroz yapar?']","Alkolik hepatit her zaman siroz yapar mı ? Alkolik hepatit tehlikeli midir? Evet. Eğer özellikle hastada öncesinde karaciğer hastalığı varsa ölümcül olabilir. çok miktarda alkol alımına bağlı besinsel eksiklikleri olanlarda, başka rahatsızlıklar da görülebilir. Bu tür problemler ve komplikasyonlar genelde tüm vücut sistemlerini etkileyebilir. Alkolik sirozu erkenden tanımak ve tedavi etmek önemlidir, böylece hayatı tehdit eden sonuçlar kontrol edilebilir. Alkolik hepatit tehlikeli midir? Alkolik hepatit nasıl önlenir? En iyi tedavi alkol alımını bırakmaktır. İlaçlar, iyi beslenme ve dinlenme de diğer tedaviler arasındadır. Hastaya kaçınılması gereken bazı ilaçlar ve kimyasallar hakkında bilgi verilir. Karaciğerin makul oranda iyileşme ve yenilenme kabiliyeti olduğundan dolayı, eğer kişi tamamen alkol almayı durdurursa alkolik hepatitli hastanın klinik gidişinde anlamlı bir umut oluşur. Alkolik hepatit nasıl önlenir? Siroz alkolik hepatitten farklı mıdır? Evet. Hepatit, karaciğer dokusunun iltihabıdır. Sirozda, normal karaciğer hücreleri hasara uğrar ve skar dokusu ile yer değiştirir. Bu gelişim karaciğerin birçok yaşamsal önemli işlevlerini engeller. Siroz alkolik hepatitten farklı mıdır? Neler siroz yapar? Sirozun birçok nedeni vardır."
doc_0365,doc_0365_parent_002,doc_0365_parent_002_child_002,Alkol,https://www.memorial.com.tr/saglik-rehberi/alkol,256,3,0,False,"['Neler siroz yapar?', 'Alkolikler de karaciğer nakli yapılmalı mıdır?', 'Alkolikler de karaciğer nakli yapılmalı mıdır?']","Sirozun birçok nedeni vardır. Uzun süre alkol alımı bunlardan birisidir. Kronik hepatitler diğer önemli bir sebeptir. çocuklarda en sık görülen nedenler safra kanallarının hasarı ile oluşan bilyer atrezi ve neonatal hepatittir. Bu hastalıkları olan çocuklarda genelde karaciğer nakli yapılır. Karaciğer nakli gereken yetişkin hastaların çoğunda primer bilyer siroz hastalığı vardır. Bu hastalığa neyin yol açtığını henüz bilmesek de, herhangi bir şekilde alkol tüketimi ile ilişkili değildir. Demir ve bakır metabolizması ile ilgili kalıtımsal bozuklular ve uzun süre toksinlere maruz kalma ile de siroz oluşabilir. Neler siroz yapar? Alkolikler de karaciğer nakli yapılmalı mıdır? Bazı tıbbi merkezler alkoliklerin önemli bir kısmının yeniden alkol almaya başlayacağına inandıkları için, bu hasta grubuna karaciğer nakli yapmazlar. Diğer merkezler de operasyondan 6 ay öncesinde ve sonrasında alkol alınmamasını, eğitim programına katılınmasını ve gözlemi şart koşarlar. Alkolikler de karaciğer nakli yapılmalı mıdır?"
doc_0367,doc_0367_parent_001,doc_0367_parent_001_child_001,Emilim Bozukluğu Nedir? Belirtileri Nelerdir?,https://www.memorial.com.tr/hastaliklar/emilim-bozuklugu-nedir-belirtileri-nelerdir,299,8,6,False,"['Emilim bozukluğu (malabsorbsiyon) nedir?', 'Emilim bozukluğu neden olur?', 'Emilim bozukluğu kimlerde görülür?', 'Emilim bozukluğunun belirtileri nedir?', 'Emilim bozukluğu (malabsorbsiyon) testleri nelerdir?', 'Emilim bozukluğunun tedavisi var mı?', 'Emilim bozukluğu nasıl düzelir?', 'Emilim bozukluğu (malabsorbsiyon) hakkında sık sorulan sorular Emilim bozukluğu (malabsorbsiyon) nedir?']","Gıdaların içeriğindeki maddelerden birine karşı sindirim sisteminin verdiği reaksiyon veya bazı hastalıklara bağlı olarak ortaya çıkan iltihap nedeniyle gelişen malabsorbsiyon, sindirim sisteminin düzenli çalışmasını engelliyor. Emilim bozukluğu olarak bilinen malabsorbsiyon sendromu, bağırsakların besin bileşenlerini yeterince sindirememesine ya da emilmemesine neden oluyor. Malabsorbsiyon nedeniyle sindirimin bozulması ise daha birçok sorunu da beraberinde getiriyor. Memorial Kayseri Hastanesi Gastroenteroloji Bölümü’nden Doç. Dr. Mustafa Kaplan, emilim bozukluğu ile ilgili bilgi verdi. - Emilim bozukluğu (malabsorbsiyon) nedir? - Emilim bozukluğu neden olur? Emilim bozukluğu kimlerde görülür? - Emilim bozukluğunun belirtileri nedir? - Emilim bozukluğu (malabsorbsiyon) testleri nelerdir? - Emilim bozukluğunun tedavisi var mı? Emilim bozukluğu nasıl düzelir? - Emilim bozukluğu (malabsorbsiyon) hakkında sık sorulan sorular Emilim bozukluğu (malabsorbsiyon) nedir? Malabsorbsiyon sendromu, alınan besinlerin vücutta etkili bir şekilde emilmesini engelleyen bir sindirim bozukluğudur. Bu bozukluk nedeniyle besin maddelerinin sindirimi ve emilimi tam olarak gerçekleşmez."
doc_0367,doc_0367_parent_001,doc_0367_parent_001_child_002,Emilim Bozukluğu Nedir? Belirtileri Nelerdir?,https://www.memorial.com.tr/hastaliklar/emilim-bozuklugu-nedir-belirtileri-nelerdir,319,3,1,False,"['Emilim bozukluğu neden olur?', 'Emilim bozukluğu kimlerde görülür?', 'Emilim bozukluğunun belirtileri nedir?']","Bu bozukluk nedeniyle besin maddelerinin sindirimi ve emilimi tam olarak gerçekleşmez. İnce bağırsakta besinlerin, vitaminlerin ve eser elementlerin emiliminin bozulması sonucu ortaya çıkmaktadır. Birçok nedeni olan malabsorbsiyon sendromunda emiliminin çoğunun gerçekleştiği ince bağırsağın zarı yani mukozası zarar görür. Malabsorbsiyon, hazımsızlığa ve hatta yetersiz beslenmeye yol açabilmektedir. Yemek yedikten sonraki süreçte vücudun vitamin ve minerallerden fayda sağlaması beklenir. Ancak malabsorpsiyon sendromu varsa, sindirim sürecinin sonunda yenilen besinlerden fayda elde edilmez. Emilim bozukluğu neden olur? Emilim bozukluğu kimlerde görülür? Birçok hastalık malabsorbsiyon sendromuna yani emilim bozukluğuna neden olabilmektedir. - Çölyak hastalarında. - Crohn hastalığı gibi iltihabi barsak hastalıklarında. - Radyoterapi yani ışın tedavisine bağlı ortaya çıkan bağırsak hastalıklarında. - Whipple hastalığı sonucunda. - Kistik fibrozis durumunda. - Pankreas travması veya alkole bağlı pankreas yetmezliğinde. - Parazit ya da bağırsak kurdu enfeksiyonlarında. Emilim bozukluğunun belirtileri nedir? Malabsorpsiyon sendromu, hazımsızlığın yanı sıra birçok semptom ve şikayetle kendini belli etmektedir. - Karın ağrısı. - Karın bölgesinde şişkinlik ve aşırı gaz oluşumu."
doc_0367,doc_0367_parent_002,doc_0367_parent_002_child_003,Emilim Bozukluğu Nedir? Belirtileri Nelerdir?,https://www.memorial.com.tr/hastaliklar/emilim-bozuklugu-nedir-belirtileri-nelerdir,259,3,0,False,"['Emilim bozukluğu hangi hastalıklara neden olur?', 'Emilim bozukluğu çocuklarda görülür mü?', 'Emilim bozukluğuna ne iyi gelir?']","İshal nedeniyle besinler vücuttan çok kısa sürede dışkıyla atılmaktadır. Kısa vadede malabsorpsiyon nedeniyle belirli yiyeceklerin sindirilememesinden dolayı gastrointestinal rahatsızlıklara yani çoğunlukla ishal, gaz, şişkinliğe neden olacaktır. Zamanla, vücutta emilemeyen besinlerin eksikliği birçok soruna yol açacaktır. Makrobesinlerin (protein, yağlar veya karbonhidratlar) herhangi birinin eksikliği, kas kaybı ve bağışıklık sisteminin çökmesine sebep olur. Mikro besinleri (vitaminler ve mineraller) yeterli düzeyde alamamak ise göz, kemik, cilt ve saçları olumsuz etkilemektedir. Emilim bozukluğu hangi hastalıklara neden olur? Emilim bozukluğu sıklıkla kısa bağırsak sendromu, enflamatuar bağırsak hastalığı ve pankreas yetmezliği gibi birçok soruna neden olabilmektedir. Emilim bozukluğu çocuklarda görülür mü? Emilim bozukluğu her yaştan ve cinsiyetten insanda ortaya çıkabilen önemli bir sağlık sorunudur. Emilim bozukluğuna ne iyi gelir? Emilim bozukluğunun nedeni belirlendikten sonra bağırsak dostu besinler tüketmek iyi gelecektir."
doc_0368,doc_0368_parent_001,doc_0368_parent_001_child_002,Bebek Aknesi (Sivilcesi) Nedir? Nasıl Tedavi Edilir?,https://www.memorial.com.tr/saglik-rehberi/bebek-aknesi-sivilcesi-nedir-nasil-tedavi-edilir,309,4,0,False,"['Bebek aknesi yenidoğan aknesi belirtileri nelerdir?', 'Yenidoğan bebek aknesi neden olur?', 'Bebek aknesi/ yenidoğan aknesi teşhisi nasıl konur?', 'Bebek aknesi/ yenidoğan aknesi tedavi süreci nasıl olur?']","Bebek aknesi yenidoğan aknesi belirtileri nelerdir? Yeni doğan bebeğin yüzünde, genellikle yanaklarında, burnunda, göz kapaklarında, çenesinde ve/veya alnında küçük sivilcelerle akneler belirti verir. Bu, yeni doğan sivilcesi olarak da adlandırılan bebek sivilcesi olabilir. Yeni doğanlarda sık görülür ve 10 bebekten 3'ünde görülür. Yenidoğan bebek aknesi neden olur? Tam olarak sebebi bilinmese de anne ve bebek hormonlarından kaynaklı olduğu söylenebilir. Bebek aknesi/ yenidoğan aknesi teşhisi nasıl konur? Bebek aknesi genellikle görüldüğünde teşhis edilebilir. Test gerekmez. Bebek aknesi/ yenidoğan aknesi tedavi süreci nasıl olur? Bebek aknesi genellikle kendiliğinden geçer. Bu durumlarda tıbbi tedaviye gerek yoktur. Bebeğin sivilceleri çok daha uzun süre devam ederse, hekimler ilaçlı bir krem ​​veya başka bir tedavi önerebilir. Ancak doktora danışmadan herhangi bir ürün denenmemelidir. Bebek aknesi tedavisi için hekimler evde yapılabilecek uygulamalar önerebilirler. Bu uygulamaların aşamaları şöyle özetlenebilir: Bebeğin yüzü her gün ılık suyla yıkanmalıdır. Bir gün sadece su bir gün nemlendiricili bir yüz sabunu ile yıkamak ve yıkadıktan sonra cildin nazikçe kurulanması gerekebilir. Akneleri ovalamak tahrişe ya da enfeksiyona sebep olabileceğinden bu tür uygulamalardan kaçınılmalıdır."
doc_0368,doc_0368_parent_001,doc_0368_parent_001_child_003,Bebek Aknesi (Sivilcesi) Nedir? Nasıl Tedavi Edilir?,https://www.memorial.com.tr/saglik-rehberi/bebek-aknesi-sivilcesi-nedir-nasil-tedavi-edilir,316,4,0,False,"['Bebek aknesi hakkında sık sorulan sorular Bebek aknesinde ne zaman doktora başvurulmalı?', 'Bebek aknesi normal mi?', 'Milia nedir, milia nasıl geçer?', 'Anne ve babalar “Yüzdeki milia nasıl geçer?']","Akneleri ovalamak tahrişe ya da enfeksiyona sebep olabileceğinden bu tür uygulamalardan kaçınılmalıdır. Hekime sormadan losyon, merhem ya da yağ kullanılmaması gerekir. Bebeklerin kıyafet, çarşaf ya da örtülerinin bebek ürünleriyle yıkanmasına ve yumuşatıcı kullanılmamasına dikkat edilmelidir. Bebekleri kalın giydirmek ve ortam ısısının fazla olması da ter bezi kanallarında tıkanmaya yol açabildiği için bu konuya da dikkat edilmelidir. Bebek aknesi hakkında sık sorulan sorular Bebek aknesinde ne zaman doktora başvurulmalı? Eğer bebeğin cildinde olağan dışı bir durum varsa ya da düzelme yoksa mutlaka doktorla görüşülmelidir. Ciltte kabarcıklar, soyulmalar, bebekte sinirlilik, ateş, iyi beslenememe durumlarında da mutlaka doktora danışılmalıdır. Bebek aknesi normal mi? Bebek aknesi sıklıkla görülen bir durumdur ama bazı akneler de farklı sorunların habercisi de olabilir. Her kabarcık akne olmayabilir. Milia, egzama , pişik, isilik de olabilir. Bu nedenle hekime mutlaka danışılmalıdır. Milia nedir, milia nasıl geçer? Bebeklerin burun, yanak ve bazen de çenelerinde çıkan düz sarı-beyaz renkte noktacıklardır. Sıcaktan, nemli ortamlardan oluşur. Bebekleri bunun için serin yerlerde tutmak gerekir. Anne ve babalar “Yüzdeki milia nasıl geçer?” sorusunun yanıtını araştırır."
doc_0368,doc_0368_parent_001,doc_0368_parent_001_child_004,Bebek Aknesi (Sivilcesi) Nedir? Nasıl Tedavi Edilir?,https://www.memorial.com.tr/saglik-rehberi/bebek-aknesi-sivilcesi-nedir-nasil-tedavi-edilir,279,4,0,False,"['Anne ve babalar “Yüzdeki milia nasıl geçer?', 'Aileler ayrıca “Milia neden olur?', 'Bebek egzaması nedir?', 'Yeni doğan bebek sivilceleri ne kadar sürer?']","Anne ve babalar “Yüzdeki milia nasıl geçer?” sorusunun yanıtını araştırır. Bu durumda bebekler serin yerde tutulmalı, banyo yaptırılmalıdır. Aileler ayrıca “Milia neden olur?” diye de merak eder. Kalın giydirme ve ortam ısısının fazla olması ter bezi kanallarında tıkanmaya yol açabilir. Ya da yenidoğan bebeklerde deri salgısının birikimiyle milia oluşabilir. Milia tedavisi olarak bebeğin yüzünün her gün yıkanması, nazikçe kurulanması, bebeğin yüzüne dokunmadan önce ellerin temiz olması önemlidir. Miliayı patlatmaya çalışmak onun mikrop kapmasına neden olabilir. Bebeklere yetişkinlere yönelik olan ürünleri kullanmamak gerekir. Bebek egzaması nedir? Cilt, genellikle yanakların çevresinde ve kafa derisinde yamalar halinde kuru, pul pul ve kırmızı görünür. Döküntü daha sonra sıklıkla dirsek kırışıklarına ve dizlerin arkasına yayılır ve patlayan sıvı dolu sivilcelere doğru ilerler. Egzama tedavi edilmezse kabuklanmalara ve sızıntılara yol açabilir. Genellikle kaşıntılıdır. Cilt bütünlüğünün bozulması ile enfeksiyon eşlik edebilir. Yeni doğan bebek sivilceleri ne kadar sürer? Yeni doğan bebek sivilceleri genellikle kısa sürer ve tamamen geçer."
doc_0369,doc_0369_parent_001,doc_0369_parent_001_child_004,Salpenjektomi Nedir? Salpenjektomi Neden Yapılır?,https://www.memorial.com.tr/tedavi-yontemleri/salpenjektomi,271,3,0,False,"['Salpenjektomi Nasıl Yapılır?', 'Salpenjektomi Hakkında Sık Sorulan Sorular Salpenjektomi kanseri önler mi?', 'Salpenjektomi sonrası hamile kalınır mı?']","Kist ve tümörlerin yayılmasını önlemek ve ağrının hafifletilmesi için tüplerin çıkarılması gerekebilir. Salpenjektomi Nasıl Yapılır? Salpenjektomi ameliyatı uygulanırken laparoskopik (minimal invaziv) veya açık cerrahi yöntemlerle yapılır. Bu cerrahi müdahale genel anestezi altında yapılır. Cerrah, fallop tüplerini ameliyat esnasında çıkararak iç kanamaya karşı kan damarlarını kontrolünü sağlar. Ameliyatın tamamlanmasının ardından, iyileşme süreci genellikle 1-2 hafta sürebilir. Bu durum ameliyatın şekli, komplikasyon riski ve iyileşme süresi gibi faktörlere bağlı olarak hastadan hastaya farklılık gösterebilir. Salpenjektomi Hakkında Sık Sorulan Sorular Salpenjektomi kanseri önler mi? Salpenjektomi kanser riskini azaltmaya yardımcı olabilir fakat kanseri tamamen önlediği söylenemez. Özellikle yumurtalık kanseri riskini azaltmak için salpenjektomi tercih edilebilir. Salpenjektomi sonrası hamile kalınır mı? Salpenjektomi sonrası hamile kalmak işlemin tek veya çift taraflı olmasına bağlı olarak değişir. Eğer sadece bir fallop tüpü çıkarıldıysa, doğal yollarla hamile kalmak mümkündür. İki taraflı salpenjektomi yapıldığında ise tüp bebek (IVF) yönteminden yararlanılabilir."
doc_0370,doc_0370_parent_002,doc_0370_parent_002_child_001,Katapleksi Nedir? Katapleksi Belirtileri ve Tedavisi,https://www.memorial.com.tr/saglik-rehberi/katapleksi,291,3,0,False,"['Katapleksi Hakkında Sık Sorulan Sorular Narkolepsi ve katapleksi arasındaki fark nedir?', 'Katalepsi atağı nedir?', 'Katapleksi bir uyku bozukluğu mudur?']","- Uyanıklığın artmasında yardımcı olan artırıcı ilaçlardan yararlanılabilir - Kişinin düzenli uyku alışkanlığı kazanması ve yeterli uyku alması katapleksi açısından önemlidir. - Stresli durumları azaltmak katapleksi ataklarının azalmasına yardımcı olur. Bu noktada meditasyon veya gevşeme teknikleri faydalı olabilir. - Katapleksi kişinin günlük yaşantısını da etkilediğinden psikoterapiden yararlanması gerekebilir. Kataplekside uygulanacak olan tedavi süreci kişinin ihtiyaçlarına göre şekillenmesi gerekir. Doktorun yönlendirmesine bağlı olarak en uygun tedavi şekli uygulanır. Katapleksi Hakkında Sık Sorulan Sorular Narkolepsi ve katapleksi arasındaki fark nedir? Narkolepsi, kişinin gün içerisinde ani uyku ataklarının geçirmesine neden olan ve uyuya kalma durumu olarak bilinir. Katapleksi ise narkolepsinin bir belirtisi olarak ortaya çıkarak güçlü duygular karşısında kasların kontrol kaybına neden olmasıdır. Katalepsi atağı nedir? Katapleksi atağı, aniden gelişen duygulara bağlı olarak kasların boşalması durumu olarak bilinir. Bu ataklar bir anda ortaya çıkarak bazen saniyeler bazen de dakikalarca sürebilir. Katapleksi bir uyku bozukluğu mudur? Katapleksi, uyku bozukluğu problemi olan narkolepsinin bir belirtisi olarak kendini gösterir. Duygulara bağlı olarak görülen nörolojik bir problemdir."
doc_0373,doc_0373_parent_001,doc_0373_parent_001_child_001,Fazla Vitamin Kullanımı Hastalık Nedeni,https://www.memorial.com.tr/saglik-rehberi/fazla-vitamin-kullanimi-hastalik-nedeni,299,2,2,False,"['Kontrolsüz A vitamini alımı karaciğeri, C vitamini ise mideyi yoruyor - Kimlere ek vitamin desteği verilebilir?', 'Kimler için hangi vitamin uygundur?']","Hastalıklardan korunmak ve sağlıklı kalmak için vitamin ihtiyacını doğal besinlerden almak yerine bilinçsizce ek vitaminler kullanmak hastalıklara davetiye çıkarıyor. Yapılan araştırmalar, yeterli ve dengeli beslenen kişilerin vitamin takviyesine ihtiyacı bulunmadığını gösteriyor. Gereksiz vitamin kullanımı, hastalıklara karşı koruyucu etki göstermediği gibi, organlara da zarar verebiliyor. Memorial Antalya Hastanesi İç Hastalıkları Bölümü Uzmanları, vitamin alımı konusunda dikkat edilmesi gerekenler hakkında bilgi verdi. - Kontrolsüz A vitamini alımı karaciğeri, C vitamini ise mideyi yoruyor - Kimlere ek vitamin desteği verilebilir? - Kimler için hangi vitamin uygundur? - Vitamin kullanımı konusunda dikkat edilmesi gerekenler Kontrolsüz A vitamini alımı karaciğeri, C vitamini ise mideyi yoruyor Doğru bir beslenme programı ve besin çeşitliliği ile vücudun günlük vitamin ihtiyacı karşılanabilmektedir. Vitaminlerin çoğu bitkisel ve hayvansal besinlerde bulunmaktadır. Bunun için doğal yollarla sebze ve meyve ağırlıklı ve dengeli bir beslenme tercih edilmelidir. Mevsimine göre uygun miktarlarda tüketilen taze meyve ve sebzeler en zengin vitamin ve mineral kaynaklarıdır. Ancak kişinin vitamin eksikliği varsa, isteğine bağlı olarak değil doktor kontrolünde ek vitaminleri alması gerekmektedir. Çünkü bilinçsizce tüketilen A vitamini karaciğer bozukluğuna; C vitamini, böbrek taşına ve mide rahatsızlıklarına yol açabilmektedir."
doc_0375,doc_0375_parent_002,doc_0375_parent_002_child_002,İç Kanama Nedir? İç Kanama Belirtileri Nelerdir?,https://www.memorial.com.tr/saglik-rehberi/ic-kanama-belirtileri,319,2,2,False,"['Rift vadisi ateşi - Sarıhumma İç Kanama Belirtileri Nelerdir?', 'Terli ve ıslak cilt - Hiç idrara çıkamamak - Bilinç kaybı - Kan kusmak - Göz, burun ya da kulaktan kan sızması - Organ yetmezliği - Nöbet ve koma İç Kanama Kaç Saatte Belli Olur?']","- Rift vadisi ateşi - Sarıhumma İç Kanama Belirtileri Nelerdir? İç kanama durumunda, kanama yaşanan bölgede şiddetli ağrı, karında şişkinlik, bulantı, kusma, dışkıda, kusmukta veya idrarda kan, kan kaybına nedeniyle cilt renginde solgunluk, terleme, nefes darlığı ve bilinç kaybı gibi belirtiler görülür. İç kanama belirtileri şunlardır: - İç kanamanın olduğu yerde ağrı - Kanama bölgesinde morarma - Göğüs boşluğu, karın boşluğu ve kaslarda ağrı - Kanamanın yansıması olarak kusmukta, dışkıda, idrarda veya vajinada kanama - Nefes darlığı - Kan kaybına bağlı ciltte solgunluk - Baş dönmesi - Görme sorunları ya da çift görme - Bilinç kaybı - Halsizlik ve yorgunluk - Düşük kan basıncı - Hafıza kaybı - Mide bulantısı ve karın ağrısı Çok şiddetli iç kanama durumlarında şu belirtiler görülebilir: - Hızlı nabız - Düşük kan basıncı - Terli ve ıslak cilt - Hiç idrara çıkamamak - Bilinç kaybı - Kan kusmak - Göz, burun ya da kulaktan kan sızması - Organ yetmezliği - Nöbet ve koma İç Kanama Kaç Saatte Belli Olur? İç kanama hızlı müdahale gerektiren bir durumdur. Bu yüzden kanama yaşandığında ortaya çıkan belirtileri dikkate alarak duruma müdahale edilmesi gerekir."
doc_0376,doc_0376_parent_001,doc_0376_parent_001_child_001,Fotona SP Dynamis nedir?,https://www.memorial.com.tr/teknolojiler/fotona-sp-dynamis-nedir,300,4,4,False,"['Fotona SP Dynamis Hangi Durumlarda Kullanılmaktadır?', 'Fotona SP Dynamis Teknolojisinin Avantajları Nelerdir?', 'Fotona SP Dynamis Nasıl Uygulanmaktadır?', 'Fotona SP Dynamis Hakkında Sık Sorulan Sorular Fotona SP Dynamis Hangi Durumlarda Kullanılmaktadır?']","Lazer teknolojileri tıbbın birçok alanında geniş yer bulmaktadır. Estetik uygulamalar bu alanların başında gelir. Cilt gençleştirme, leke ve yara izi tedavileri, çeşitli cilt hastalıkları ve epilasyon uygulamalarında lazer teknolojileri uzun yıllardır kullanılmaktadır. Fotona SP Dynamis lazer sistemi estetik uygulamalar için geliştirilmiştir. Memorial Şişli Hastanesi Dermatoloji Bölümü Uzmanları Fotona SP Dynamis teknolojisi hakkında bilgi verdi. - Fotona SP Dynamis Hangi Durumlarda Kullanılmaktadır? - Fotona SP Dynamis Teknolojisinin Avantajları Nelerdir? - Fotona SP Dynamis Nasıl Uygulanmaktadır? - Fotona SP Dynamis Hakkında Sık Sorulan Sorular Fotona SP Dynamis Hangi Durumlarda Kullanılmaktadır? Fotona SP Dynamis lazerin kozmetik dermatolojide kullanıldığı alanlar şunlardır; - Fraksiyonel cilt yenileme ve gençleştirme - 4 boyutlu yüz gençleştirme - Akne ve akne izi tedavisi - Yara izi tedavisi - Göz kapağı estetiği - Cilt sıkılaştırma - Keloid tedavisi - İyi huylu cilt lezyonları - Rosacea tedavisi - Leke tedavisi - Kılcal damar tedavileri (Damar beni ve Hemanjiyom) - Gebelik çatlakları - Ablatif ve non-ablatif cilt yenileme - Tırnak mantarı - Lazer lipoliz - Aşırı terleme tedavisi - Epilasyon - Genital estetik"
doc_0377,doc_0377_parent_001,doc_0377_parent_001_child_002,Bilinçsiz Spor Kalbi Vuruyor,https://www.memorial.com.tr/saglik-rehberi/bilincsiz-spor-kalbi-vuruyor,309,4,0,False,"['Peki bu kişi sporcu kimliğine rağmen, lisans alırken geçtiği onca sağlık kontrolüne rağmen nasıl olup da bir kalp hastalığı nedeni ile kaybedilmektedir?', 'şekilde ölümle karşılaşırken kendilerini; sahillere, sahalara, spor salonlarına atan, kimisi ruhen kimisi bedenen genç bireyler aslında sonu bilinmez maceralara mı atılmaktadırlar?', 'avmaya uğradığı kalplerini zorlamaya, zedelenmiş kalp kapaklarını daha fazla mesai yaptırmaya hazırlanan hastaları egzersiz yapmaya davet eden hekimler gerekli önlemleri almıyor mu?', 'Sporcuları Öncelikle Hangi Kalp Hastalıkları Tehdit Etmektedir?']","Kişi Önce Kendi Bedenini Tanımalı Bir spor müsabakasında ya da antrenmanda, kimi zaman amatör kimi zaman da profesyonel bir sporcu sahada hayatını kaybedebilmektedir. Bu tür olaylarda genellikle ölüm sebebi biraz da genelleme yapılarak ‘kalp krizi’ olarak bildirilmektedir. Oysaki tanıyanlar, o kişinin daha önce bir hastalığı olmadığını anlatırlar. Peki bu kişi sporcu kimliğine rağmen, lisans alırken geçtiği onca sağlık kontrolüne rağmen nasıl olup da bir kalp hastalığı nedeni ile kaybedilmektedir? Sağlıklı vücuda sahip insanlar trajik bir şekilde ölümle karşılaşırken kendilerini; sahillere, sahalara, spor salonlarına atan, kimisi ruhen kimisi bedenen genç bireyler aslında sonu bilinmez maceralara mı atılmaktadırlar? Ya kalp krizlerinin, hipertansiyonun travmaya uğradığı kalplerini zorlamaya, zedelenmiş kalp kapaklarını daha fazla mesai yaptırmaya hazırlanan hastaları egzersiz yapmaya davet eden hekimler gerekli önlemleri almıyor mu? Elbette hayır. Kişinin, direksiyona geçmeden önce aracını tanımak ve aksayan noktalarını kontrol ettirerek, onu nasıl kullanması gerektiği konusunda eğitim alması şartsa, vücudunu da aynı şekilde tanıması gerekmektedir. Sporcuları Öncelikle Hangi Kalp Hastalıkları Tehdit Etmektedir? Egzersiz sırasında vücudun toplam oksijen ihtiyacı dinlenme durumundakinin 12 katına çıkar. Bu talebi, dakikada pompaladığı kanı 42 litreye kadar artırabilen kalp karşılar."
doc_0378,doc_0378_parent_002,doc_0378_parent_002_child_004,Ashwagandha Nedir? Ashwagandha Ne İşe Yarar?,https://www.memorial.com.tr/saglik-rehberi/ashwagandha-nedir,191,4,0,False,"['Ashwagandha bitkisini kimler kullanmamalıdır?', 'Ashwagandha uyku yapar mı?', 'Ashwagandha neye iyi gelir?', 'Ashwagandha bitkisi Türkiye’de yetişir mi?']","Anavatanı Hindistan olarak kabul edilir, Afrika bölgesinde de yetişebilir. Ashwagandha bitkisini kimler kullanmamalıdır? Ashwagandha takviyesinin hamile kişiler tarafından kullanılması önerilmez. Ashwagandha uyku yapar mı? Ashwagandha’nın uyku kalitesini artırabileceği konusunda çalışmalar söz konusudur. Ashwagandha neye iyi gelir? Güçlü bir adaptojen olan ashwagandha vücudun strese karşı direncini artırmasıya öne çıkar. Aynı zamanda ashwagandha, hücre aracılı bağışıklığı iyileştirerek vücudun hastalıklara karşı savunmasını iyileştirir ve direncini artırır. Ayrıca ashwagandha serbest radikallerin neden olduğu hücresel hasara karşı vücudu korumaya yardımcı olan güçlü antioksidan özelliklere de sahiptir. Ashwagandha bitkisi Türkiye’de yetişir mi? Ashwagandha bitkisi Türkiye’de yetişmez ancak talep edildiğinde satın alınabilecek platformlar mevcuttur."
doc_0378,doc_0378_parent_003,doc_0378_parent_003_child_001,Ashwagandha Nedir? Ashwagandha Ne İşe Yarar?,https://www.memorial.com.tr/saglik-rehberi/ashwagandha-nedir,219,4,0,False,"['Ashwagandha erkeklerde ne işe yarar?', 'Ashwagandha strese iyi gelir mi?', 'Ashwagandha her gün kullanılır mı?', 'Ashwagandha ne zaman alınır?']","Ashwagandha erkeklerde ne işe yarar? Ashwagandha bitkisi erkeklerde testosteron seviyelerini artırabilir, kas kütlesini ve gücünü iyileştirebilir, ereksiyon fonksiyonunu ve libidoyu artırabilmekle birlikte erkeklerde sperm kalitesini destekleyebilir ancak tüm bu potansiyel faydalar için daha fazla araştırmaya ihtiyaç vardır. Ashwagandha strese iyi gelir mi? Adaptojen bir madde içeren ashwagandha bitkisinin strese iyi geldiği ve kaygı seviyelerini azalttığı değerlendirilir. Ashwagandha her gün kullanılır mı? Ashawagandha bitkisi, potansiyel faydalarıyla öne çıkan bir bitki olmasına rağmen güvenliği henüz bilimsel anlamda tamamen kanıtlanmış bir bitki olmadığı için günlük tüketim konusunda doktorlarla istişare edilmesi önemlidir. Ashwagandha ne zaman alınır? Ashwagandha bitkisinin tüketimi için standart bir zaman dilimi yoktur. Bazı çalışmalarda akşam yemeğinden sonra alınan ashwagandha diğer bilimsel çalışmalarda ise günde iki kez şeklinde öngürülmüştür. Günün farklı saatlerinde almayı deneyip sizin için en doğru etkinin nasıl gerçekleştiğinin görülmesi sağlanabilir."
doc_0382,doc_0382_parent_001,doc_0382_parent_001_child_004,Kardiyojenik Şok Nedir? Kardiyojenik Şok Tedavisi,https://www.memorial.com.tr/saglik-rehberi/kardiyojenik-sok,298,3,0,False,"['Kardiyojenik Şok Tedavisi Nasıl Olur?', 'Kardiyojenik Şok Hakkında Sık Sorulan Sorular Kardiyojenik şok nasıl önlenir?', 'Kardiyojenik şok ve septik şok arasındaki fark nedir?']","- Kardiyak kateterizasyon: Kalbin her atışta pompaladığı kan miktarını kontrol etmek için bir kateter adı verilen uzun, ince bir tüpün artere yerleştirilmesidir. - Tam kan sayımı: Kandaki oksijen seviyesini kontrol etmek ve böbreklerin, kalbin ve karaciğer gibi önemli organlardaki hasarı kontrol etmek için uygulanabilir. Kardiyojenik Şok Tedavisi Nasıl Olur? Kardiyojenik şok, yaşamı tehdit eden ve acil müdahale gerektiren bir durumdur. Tedavinin en önemli kısmı hasarı önlemek için ana organlara kan ve oksijen akışını iyileştirmek olacaktır. Bu durum bazen ilaçlarla bu sağlanabilirken daha ciddi vakalarda ise kalbin çalışmasına yardımcı olacak destek cihazlarına ihtiyaç duyulabilir. Kalp kasının güç üretmesi sonucu kasılmasına bağlı olarak kişiye vazopressörler veya inotropik ilaçlar verilebilir. Kardiyojenik Şok Hakkında Sık Sorulan Sorular Kardiyojenik şok nasıl önlenir? Kardiyojenik şok, düzenli kalp kontrollerinin yanında sağlıklı kilonun korunmasını içeren ve sağlıklı beslenmeyi barındıran yaşam biçimiyle önlenebilir. Bunun yanında düzenli olarak egzersiz yapmak da büyük önem taşır. Kardiyojenik şok ve septik şok arasındaki fark nedir? Her ikisi de şok biçimi de organların ve dokuların ihtiyaç duyduğu oksijeni vücuda alamazlar."
doc_0384,doc_0384_parent_001,doc_0384_parent_001_child_001,10 soruda hamilelikte koronavirüs ile ilgili merak edilenler,https://www.memorial.com.tr/saglik-rehberi/10-soruda-hamilelikte-koronavirus-ile-ilgili-merak-edilenler,289,3,0,False,"['“Covid-19 virüsü anne karnındaki bebeğe geçer mi ya da doğum şeklini etkiler mi gibi?', 'Gebelik koronavirüse yakalanma riskini artırır mı?', '2-Hamilelik koronavirüsün daha şiddetli geçirilmesine neden olur mu?']","Hamilelik döneminde bağışıklık sisteminin baskılanması ve fizyolojik değişiklikler, anne adaylarını enfeksiyonlara karşı daha yatkın hale getiriyor. Tüm dünyayı etkileyen koronavirüs ise hem hamilelerin hem de yeni doğum yapan annelerin endişelerini artırıyor. “Covid-19 virüsü anne karnındaki bebeğe geçer mi ya da doğum şeklini etkiler mi gibi?” birçok soruya yanıt arayan anne adayları bu süreçte daha fazla stres altına girebiliyor. Memorial Ankara Hastanesi Kadın Hastalıkları ve Doğum Bölümü’nden Op. Dr. Figen Beşyaprak, hamilelikte Covid-19 virüsü ve etkileri ile ilgili en çok merak edilen 10 sorunun yanıtını verdi. Gebelik koronavirüse yakalanma riskini artırır mı? Gebelikte bağışıklık sisteminin bir miktar baskılanması, solunum mukozasında ödem bulunması, özellikle ileri gebelik haftalarında akciğer kapasitesinin azalması ve oksijen tüketiminin fazla olması nedeni ile anne adayları solunum yolu enfeksiyonlarına daha yatkın hale gelmektedir. Ancak yapılan araştırmalarda gebelerde Covid-19 enfeksiyonu için artmış bir duyarlılık yer almamaktadır. 2-Hamilelik koronavirüsün daha şiddetli geçirilmesine neden olur mu? Gebelik, kadınları viral ve bakteriyel enfeksiyonun solunum komplikasyonlarına yatkın hale getiren fizyolojik bir durum olmaktadır."
doc_0384,doc_0384_parent_001,doc_0384_parent_001_child_003,10 soruda hamilelikte koronavirüs ile ilgili merak edilenler,https://www.memorial.com.tr/saglik-rehberi/10-soruda-hamilelikte-koronavirus-ile-ilgili-merak-edilenler,314,3,0,False,"['4-Koronavirüs geçiren annenin antikorları bebeğe geçer mi?', '5-Anne adayları hastalık sürecinde vitamin ve mineral takviyesi almalı mı?', '6-Koronavirüs doğum şeklini etkiler mi?']","Bu oran anne karnında bebeğe geçen diğer enfeksiyonlar ile benzer oranlara sahip bulunmuştur. 4-Koronavirüs geçiren annenin antikorları bebeğe geçer mi? Annede oluşan IGM bebeğe plasenta yoluyla geçmemektedir. Bebeklerden alınan örneklerde antikorlarının pozitif olduğu görülmüştür. Yüzde 3.2 olan bu oran bebeğe geçen enfeksiyon durumunda bebeğin kendi ürettiği antikorlar olmaktadır. 5-Anne adayları hastalık sürecinde vitamin ve mineral takviyesi almalı mı? Koronavirüs ile mücadelenin en önemli silahlarından biri güçlü bir bağışıklık sistemidir. Bu nedenle anne adaylarının pandemi süresince hem kendi hem de bebeklerinin sağlığı için beslenmelerine özen göstererek, bağışıklık sistemlerini güçlü tutmaları gerekmektedir. Bununla birlikte C ve D vitamini başta olmak üzere normal süreçte verilen vitamin takviyelerini almaları tavsiye edilmektedir. 6-Koronavirüs doğum şeklini etkiler mi? Doğumun doğal yollardan ya da sezaryen ile yapılması, gebeliğin mevcut seyrine, anne adayının ve bebeğin sağlık durumuna göre kararlaştırılmaktadır. Yapılan sınırlı araştırmalar ışığında koronavirüsün doğum şekli ile bağlantısının olmadığı söylenebilmektedir. Dolayısıyla koronavirüse yakalanan gebelerin doğum şekli, önceden planlandığı şekilde gerçekleştirilebilir. Anne ve bebeğin genel sağlık durumu yerindeyse vajinal doğum tercih edilebilmektedir. Doğumdan sonra eve ziyaretçi kabul edilmemesi sosyal izolasyon kurallarının uygulanmaya devam edilmesi, anne ve bebek sağlığı açısından son derece önem taşımaktadır."
doc_0392,doc_0392_parent_001,doc_0392_parent_001_child_001,Enginarın Faydaları Nelerdir?,https://www.memorial.com.tr/saglik-rehberi/enginarin-faydalari-nelerdir,318,4,3,False,"['Enginarın Besin Değeri Nedir?', 'Enginarın Faydaları Nelerdir?', 'Enginar ile İlgili Sık Sorulan Sorular Enginarın Besin Değeri Nedir?', 'Enginarın Faydaları Nelerdir?']","Enginar, sebze olarak bilinse de enginarın yediğiniz kısmı aslında bir çiçeğin açmadan önceki tomurcuğudur. Çiçek açtıktan sonra enginar tek, mor bir çiçek şekline dönüşür. Bu bitki Akdeniz kökenlidir ve potansiyel tıbbi özellikleri sebebiyle yüzyıllardır kullanılmaktadır. Enginar antioksidan ve lif kaynağı bir besin olarak, sindirim sistemini destekler, kan basıncını dengeler, karaciğer sağlığını korur, kanser ve kalp hastalıklarının gelişme riskini azaltır. Bilişsel işlevi ve hafızayı iyileştirir. - Enginarın Besin Değeri Nedir? - Enginarın Faydaları Nelerdir? - Enginar ile İlgili Sık Sorulan Sorular Enginarın Besin Değeri Nedir? Enginar, zengin lif, vitamin ve mineral kaynağıdır. Doymuş yağ açısından düşüktür. Aynı zamanda C vitamini, tiami, folat, B6 Vitamini , B12, A, E, D ve K vitamini içermektedir. Kalsiyum, demir, çinko, sodyum, manganez, fosfor ve çinko gibi mineraller de sağlayabilir. Enginarın Faydaları Nelerdir? Enginarın, yüksek antioksidan seviyeleri nedeniyle sağlık açısında birçok faydası bulunmaktadır. Kolesterolü düşüren, karaciğeri koruyan, mide bulantısı ve kusmayı, spazmları ve gaz giderir. Sindirim sisteminin düzgün çalışmasını sağlayan ve kabızlık ve ishal gibi sorunları giderir."
doc_0393,doc_0393_parent_001,doc_0393_parent_001_child_003,"Guillain-Barre Sendromu (GBS) Nedir? Belirtileri, Nedenleri ve Tedavisi",https://www.memorial.com.tr/hastaliklar/guillain-barre-sendromu-nedir,305,2,2,False,"['HIV ya da AIDS - Influenza - Zika virüsü - Aşı Guillain-Barre Sendromunun Belirtileri Nelerdir?', 'Kalp ritim bozuklukları - Solunum sıkıntısı - Fasial paralizi (yüz felci) Guillain-Barre Sendromunun Risk Faktörleri Nelerdir?']","- HIV ya da AIDS - Influenza - Zika virüsü - Aşı Guillain-Barre Sendromunun Belirtileri Nelerdir? Guillain-Barre Sendromu ayaklardan başlayarak bacaklara ve vücudun üst kısımlarına yayılım gösteren karıncalanma, güçsüzlük ve duyusal bozukluk belirtisi ile ortaya çıkar. Yorgunluk, yutma güçlüğü, nefes almada zorluk, ciddi kas güçsüzlüğü semptomlarda görülebilmektedir. Hastalığın belirtileri günler içinde ve yaklaşık 4 haftaya kadar ilerleyici seyir gösterebilir. Guillain-Barre Sendromu belirtileri şunlardır: - Bacaklardan başlayarak vücudun üst kısmına yayılan, simetrik kas güçsüzlüğü - Ellerde ve bacaklarda karıncalanma, iğne batma ve uyuşukluk hissi - Yürüme güçlüğü - Konuşma bozukluğu - Yutma güçlüğü - İdrar yapmada ya da tutmada güçlük yaşama - Hiptansiyon ya da hipertansiyon. - Kalp ritim bozuklukları - Solunum sıkıntısı - Fasial paralizi (yüz felci) Guillain-Barre Sendromunun Risk Faktörleri Nelerdir? Guillain-Barre Sendromu hastalarının %90 kadarında hastalığın 1-3 hafta öncesinde geçirilmiş bir üst solunum yolu enfeksiyonu ya da gastrointestinal sistem enfeksiyonu söz konusudur."
doc_0394,doc_0394_parent_002,doc_0394_parent_002_child_001,Hipervolemi Nedir? Hipervolemi Belirtileri Nelerdir?,https://www.memorial.com.tr/saglik-rehberi/hipervolemi-nedir,283,3,1,False,"['ilaç kullanımı - Beslenme düzeninde tüketilen tuz miktarının azaltılmalı - Çok su içiliyorsa sıvı miktarını dengelemek Hipervolemi Hakkında Sık Sorulan Sorular Hipervolemi ne demek?', 'Hipervolemi nasıl anlaşılır?', 'Hipervolemi ödem yapar mı?']","Hipervolemi Tedavisi öncelikli olarak fazla sıvının vücuttan atılması amaçlanır. Bunun dışında vücuttaki sıvının azaltılması için diüretik ilaçların kullanımı, tüketilen tuz miktarının azaltılması, çok su içiliyorsa sıvı miktarını dengelemek de tedavi yöntemleri arasındadır. Ancak hipervolemiye yol açan farklı hastalıklar mevcutsa tedavi bu hastalıkları iyileştirmeye yönelik olacaktır. Hipervolemi için şu tedavi yöntemlerine başvurulabilir: - Fazla sıvının vücuttan atılması - Diüretik ilaç kullanımı - Beslenme düzeninde tüketilen tuz miktarının azaltılmalı - Çok su içiliyorsa sıvı miktarını dengelemek Hipervolemi Hakkında Sık Sorulan Sorular Hipervolemi ne demek? Hipervolemi, vücutta dolaşan kan ve sıvı hacminin normalden fazla olması durumudur. Bu durum, genellikle sıvı fazlalığı nedeniyle ortaya çıkar ve dolaşım sistemi üzerinde ek bir yük oluşturabilir. Bu durum aynı zamanda sıvı yüklenmesi şeklinde de ifade edilebilir. Hipervolemi nasıl anlaşılır? Hipervolemi genellikle vücuttaki şişliklerin artması ve düzensiz kilo artışıyla kendini gösterir. Ayrıca karında asit ve mide şişkinliği de belirtiler arasında sayılabilir. Hipervolemi ödem yapar mı? Hipervoleminin meydana getirdiği yaygın etkilerden biri ödemdir."
doc_0395,doc_0395_parent_002,doc_0395_parent_002_child_003,Wolf Parkinson White Sendromu Nedir? Belirtileri Nelerdir?,https://www.memorial.com.tr/hastaliklar/wolf-parkinson-white-sendromu,148,3,0,False,"['Wolf Parkinson White Sendromu ciddi sağlık sorunlarına yol açar mı?', 'Wolf Parkinson White Sendromu genetik midir?', 'Wolf Parkinson White Sendromu olan bir kişi spor yapabilir mi?']","Bu da kalp ritmini bozarak normal fonksiyonların yerine getirilmesini engeller. Wolf Parkinson White Sendromu ciddi sağlık sorunlarına yol açar mı? Tedavi edilmediği takdirde Wolf Parkinson White Sendromu tıpkı Ramsay hunt sendromu gibi ciddi sağlık sorunlarına yol açabilir. Wolf Parkinson White Sendromu genetik midir? WPW sendromu, genetik bir yatkınlıkla ilişkili olabilir. Ailede bu hastalık öyküsü olan kişilerde risk daha yüksek olabilir. Wolf Parkinson White Sendromu olan bir kişi spor yapabilir mi? Wolf Parkinson White sendromu ve spor arasında ilişki en çok merak edilen konulardır. Rahatsızlığa sahip olan kişiler doktor gözetiminde spor yapabilirler."
doc_0396,doc_0396_parent_001,doc_0396_parent_001_child_001,Mate çayı faydaları nelerdir?,https://www.memorial.com.tr/saglik-rehberi/mate-cayi-faydalari-nelerdir,308,3,3,False,"['Mate çayı nedir?', 'Mate çayı besin değeri - Mate çayı faydaları - Mate çayının yan etkileri nelerdir?', 'Mate çayı nasıl tüketilir?']","Mate çayı, mate bitkisinin yaprak ve dallarından elde edilen özellikle Güney Amerika’daki insanlar tarafından yüzyıllardır tercih edilen bir bitki çayı olarak bilinir. Yeşil çaya benzer, güçlü bir tadı vardır. Sinir sistemini uyararak, vücuttaki enerjinin yükselmesinde etkilidir. Aynı zamanda tükenmişlik, depresyon ve baş ağrısı gibi durumlarda da tercih edilmektedir. Kendine özgü tadıyla bilinen mate çayı, sağlığa etki eden vitamin amino asit ve polifenol açısından zengin bir gıdadır. - Mate çayı nedir? - Mate çayı besin değeri - Mate çayı faydaları - Mate çayının yan etkileri nelerdir? - Mate çayı nasıl tüketilir? Mate çayı besin değeri Mate çayı, vitamin, mineral, amino asit, çeşitli antioksidan ve polifenoller içermektedir. Ayrıca mate çayında uyarıcı görevi gören kafein de yer alır. Bir fincan mate çayı şu besin değerlerini içermektedir: - Kalori: 15 - Protein: 0,5 gr - Yağ: 0 gr - Karbonhidratlar: 3 gr - Lif: 0 gr - Şeker: 0.0 gr Mate çayı aynı zamanda içeriğinde antioksidan, magnezyum, C vitamini ve çinko barındırır. Mate çayı faydaları Mate çayı içeriğinde birçok besin maddesi içermektedir. Sağlığa faydaları bulunan mate çayının faydaları şu şekilde sıralanabilir: Zihinsel odaklanmayı sağlar, enerjiyi artırır 85 mg kafein içeren mate çayı, enerjiyi artırarak yorgunluğu azaltabilir."
doc_0397,doc_0397_parent_001,doc_0397_parent_001_child_004,Diz Kireçlenmesi Nedir? Kireçlenmeye Ne İyi Gelir?,https://www.memorial.com.tr/hastaliklar/diz-kireclenmesine-ne-iyi-gelir,308,2,2,False,"['reçlenmesinin ilerlediği durumlarda uzman doktor şu işlemleri de önerebilmektedir: - Artroplasti (protez cerrahisi) - Artroskopi - Yüksek tibial osteotomi Kireçlenmeye Ne İyi Gelir?', 'ci tabanlıklar ekleyin - Isı ya da buz uygulayın - Fizik tedavi egzersizleri yapın - Enjekte edilebilir stereoidler - Kantaron yağı sürün Diz Kireçlenmesi için Egzersizler Nelerdir?']","- Ağrıyı hafifleten merhemler veya kremler - Kortizon iğnesi olan kortikosteroidler - COX-2 inhibitörleri Bunların yanında diz kireçlenmesinin ilerlediği durumlarda uzman doktor şu işlemleri de önerebilmektedir: - Artroplasti (protez cerrahisi) - Artroskopi - Yüksek tibial osteotomi Kireçlenmeye Ne İyi Gelir? Kireçlenme şikayetlerinde, kilo yönetimi, başta kolesterol, yağ ve sodyum içeren gıdaları sınırlayan beslenme alışkanlığı edinmek, fizik tedavi, yürüyüş ve egzersiz yapmak, ağrıyı azaltmak için zencefil, zerdeçal ve yeşil çay tüketmek, sıcak veya soğuk kompres yapmak kireçlenmeye iyi gelir. Ayrıca PRP tedavisi ve hyaluronik asit enjeksiyonları da kireçlenme şikayetlerinde tercih edilebilir. Diz kireçlenmesine iyi gelebilecek yöntemler şunlardır: - Sağlıklı kiloya erişerek o kiloyu koruyun - Düşük aktiviteli egzersizleri tercih edin - Ayakkabılara şok emici tabanlıklar ekleyin - Isı ya da buz uygulayın - Fizik tedavi egzersizleri yapın - Enjekte edilebilir stereoidler - Kantaron yağı sürün Diz Kireçlenmesi için Egzersizler Nelerdir? Diz kireçlenmesine karşı uygulayabileceğiniz egzersizler, dizdeki ağrıların azalmasını sağlar ve dizleri güçlendirerek diz kireçlenmesine iyi gelir."
doc_0397,doc_0397_parent_002,doc_0397_parent_002_child_002,Diz Kireçlenmesi Nedir? Kireçlenmeye Ne İyi Gelir?,https://www.memorial.com.tr/hastaliklar/diz-kireclenmesine-ne-iyi-gelir,296,4,0,False,"['Yürüyüş yapmak kireçlenmeye iyi gelir mi?', 'Kantaron yağı dizdeki kireçlenmeye iyi gelir mi?', 'Kuyruk yağı diz kireçlenmesine nasıl iyi gelir?', 'Diz kireçlenmesine evde ne iyi gelir?']","Yürüyüş yapmak kireçlenmeye iyi gelir mi? Hareketsiz kalmak ve egzersiz yapmamak diz kireçlenmesine neden olabilir. Bu yüzden hafif yürüyüşler yapmak erken yaşta diz kireçlenmesini de önleyerek iyi gelecektir. Kantaron yağı dizdeki kireçlenmeye iyi gelir mi? Kantaron yağı, kıkırdak sentezine destek olarak zarar gören eklemin iyileşmesine yardımcı olur. Kuyruk yağı diz kireçlenmesine nasıl iyi gelir? Kuyruk yağı, içerisindeki D vitamininden dolayı kemik yapısına iyi gelerek diz kireçlenmesinin yarattığı ağrının azalmasını sağlar. Diz kireçlenmesine evde ne iyi gelir? Eklem kireçlenmesi karşı evde aloe vera cilt yüzeyine sürülebilir, zencefil, zerdeçal ve yeşil çay tüketilerek iltihaplanmanın yarattığı ağrı azaltılabilir. Bunların yanında sıcak ve soğuk kompres yapmak, masaj uygulamak diz kireçlenmesine evde iyi gelen yöntemler arasında yer alır. Kireçlenmesi olan hastalar için öneriler şu şekildedir: - Hastaların ideal kilolarına inmesi, ekleme binen yükleri azalttığından hem hastalığın ilerlemesini azaltır hem de uygulanan tedavi yöntemlerinin etkinliğini ve süresini arttırır. - Eklem kireçlenmesinden korunmak için eklemleri zorlayıcı egzersizlerden kaçınmak gerekir."
doc_0398,doc_0398_parent_001,doc_0398_parent_001_child_002,Nasıl Kilo Alınır? Sağlıklı Bir Şekilde Kilo Almanın Yolları Nelerdir?,https://www.memorial.com.tr/saglik-rehberi/nasil-kilo-alinir,311,3,0,False,"['Çocuklarda nasıl kilo alınır?', 'Hamilelikte nasıl kilo alınır?', 'Kimlerin Kilo Alması Gerekir?']","Çocuklarda nasıl kilo alınır? Çocuklarda da kilo alma durumu aynıdır ancak yeterli ve dengeli enerji alımı sağlandığında çocuk gelişme çağında olduğu için boyu da uzayacak ve aynı zamanda kilo almış olacaktır. Bunun yanında çocuklara kurutulmuş meyve, süt, yoğurt , patates, peynirli sandviç gibi ara öğün atıştırmalıkları hazırlanabilir. Böylelikle çocukların sağlıklı bir şekilde kilo vermesine destek olunur. Hamilelikte nasıl kilo alınır? Hamilelikte kilo alımı kaçınılmazdır. Normal kilodaki kadınlar gebelik boyunca toplam 11 ila 16 kilo alımı idealdir. Birinci üç aylık döneminde çok fazla kilo alınmasına gerek yoktur. 1 - 1,5 kg alımı normaldir. Ekstra kalori alımı gerekli değildir. 2’inci ve 3’üncü üç aylık dönemlerde ise haftada 0,5 kg alımı normaldir. Bu da kişinin günlük ekstradan yaklaşık 300 kalori ek alması demektir. Kimlerin Kilo Alması Gerekir? İlk olarak kişi ideal kilosunun ne olduğunu bilmelidir. İdeal kilo; cinsiyet, yaş, boy gibi birçok faktöre göre değişmektedir. Beden kütle indeksi (BKI), vücut ağırlığının boyun metre cinsindeki uzunluğunun karesine bölünerek belirlenir. Beden kütle indeksi (BKI) 18,5 - 25 arasında olan kişiler normal olarak değerlendirilir. Beden kütle indeksi 18,5 ve altında olan kişiler ise zayıf olarak değerlendirilir ve kilo almaya gereksinimleri vardır. Ayrıca yaşlılarda kilo verme eğilimi oluşabilir."
doc_0398,doc_0398_parent_002,doc_0398_parent_002_child_003,Nasıl Kilo Alınır? Sağlıklı Bir Şekilde Kilo Almanın Yolları Nelerdir?,https://www.memorial.com.tr/saglik-rehberi/nasil-kilo-alinir,298,3,0,False,"['Bölgesel olarak kilo almak mümkün mü?', 'Kadın veya erkek nasıl kilo almalı?', 'Spor yaparak nasıl kilo alınır?']","İftardan birkaç saat sonrasına ara öğün eklenmelidir. Bölgesel olarak kilo almak mümkün mü? Bölgesel olarak kilo almak mümkün değildir. Vücut genel olarak kilo alır veya verir. Kilo alınan veya verilen bölgeler belirli bir şekilde şekillenmez. Vücudun şekli ve kilo dağılımı genetik faktörler ve hormonlar tarafından etkilenir. Bacak, kol, meme ya da kalça gibi belirli bir bölgede kilo almak veya vermek için yapılabilecek şey, genel olarak kilo almak veya vermektir. Bununla birlikte belirli bir bölgede vücut kompozisyonunu değiştirmek için egzersiz ve diyet programları önerilir. Örneğin, belirgin kalça ve bacaklar için özel egzersizler yapılabilmektedir. Kadın veya erkek nasıl kilo almalı? Kilo almak için en önemli faktör vücuda alınan enerji yani kalori miktarıdır. Aldığınız enerji yaktığınızdan fazla ise sonuç olarak kilo alırsınız. Ancak alınan kalori miktarı ile birlikte kilo almak için bunlara da dikkat etmelisiniz: Besin değeri yüksek yiyecekler yemelisiniz. Egzersiz yapmalı ve öğün sayınızı artırmalısınız. Spor yaparak nasıl kilo alınır? Spor yaparken, enerji harcaması da artar. Doğal olarak almamız gereken kaloriyi de buna göre doğru oranlarda artırmamız gerekir. Spor yaparken kilo almak için şunları yapabilirsiniz: Düzenli ve yeterli miktarda beslenmek, vücut ağırlığını artırmak için önemlidir. Günde en az 3 öğün yemeği tüketin."
doc_0400,doc_0400_parent_001,doc_0400_parent_001_child_001,Sağlık ve Mutluluğun Yolu Aşktan Geçiyor,https://www.memorial.com.tr/saglik-rehberi/saglik-ve-mutlulugun-yolu-asktan-geciyor,315,4,2,False,"['Aşkın psikolojik etkileri olduğu kadar fizyolojik etkileri de bulunuyor - Aşk nasıl oluşur?', 'Bütün bunlar olurken ve yaşanırken; insan vücudunun kumanda merkezi olan beyinde, sinir sisteminde neler olmaktadır?', 'Aşkı oluşumunda rol oynayan sinir sistemi yapıları nelerdir?', 'de sıklıkla kullandığı, uğruna avare olup, varından yoğundan vazgeçebildiği; dünyayı titreten hükümdarları bile ‘Bir gözleri ahuya esir eden’ evrensel fenomen: Aşk Aşk nasıl oluşur?']","Memorial Hastanesi Nöroloji Bölümü Uzmanları, “Aşkın nörolojik kimyası”nı anlattı. - Aşkın psikolojik etkileri olduğu kadar fizyolojik etkileri de bulunuyor - Aşk nasıl oluşur? - Bütün bunlar olurken ve yaşanırken; insan vücudunun kumanda merkezi olan beyinde, sinir sisteminde neler olmaktadır? Aşkı oluşumunda rol oynayan sinir sistemi yapıları nelerdir? - Aşk, stres ve gerginliği alıyor - Aşk ölçülebiliyor - Uykusuzluk ve iştah kaybı aşk belirtisi Aşkın psikolojik etkileri olduğu kadar fizyolojik etkileri de bulunuyor Aşkı yaşam felsefesi ya da tarzı olarak gören bir toplumun fertleriyiz. Hemen herkesin; günlük hayatında, mırıldandığı şarkılarda, sohbetlerinde sıklıkla kullandığı, uğruna avare olup, varından yoğundan vazgeçebildiği; dünyayı titreten hükümdarları bile ‘Bir gözleri ahuya esir eden’ evrensel fenomen: Aşk Aşk nasıl oluşur? Önce bir hayranlık hissi gelişir. Birlikte olmak, görmek, büyük bir haz vermeye başlar. Hayranlık duyulan kişiye karşı ümitler yeşerir. Yavaş aşk oluşmaktadır artık. Daha sonra kristalleştirme denilen bir dönem başlar. Yani dünyadaki tüm güzelliklerin ve iyiliklerin sevilen kişide bulunması. Her şey ve her fikir onu hatırlatır. Sevilen kişi sevenin gözünde yüceldikçe yücelir. Şüphe evresi bundan sonra gelir."
doc_0400,doc_0400_parent_001,doc_0400_parent_001_child_002,Sağlık ve Mutluluğun Yolu Aşktan Geçiyor,https://www.memorial.com.tr/saglik-rehberi/saglik-ve-mutlulugun-yolu-asktan-geciyor,303,3,0,False,"['Acaba beni sevmiyor mu?', 'Bütün bunlar olurken ve yaşanırken; insan vücudunun kumanda merkezi olan beyinde, sinir sisteminde neler olmaktadır?', 'Aşkı oluşumunda rol oynayan sinir sistemi yapıları nelerdir?']","Şüphe evresi bundan sonra gelir. Hayranlık yerini endişelere bırakır. Acaba beni sevmiyor mu? Gerçekleşmeyen ümitler kuşkularla yer değiştirir. En sonunda 2. kez kristalleştirme dönemi gelir. Sevgilide yeni cazibeler keşfedilir. Onsuz yaşanamayacağı düşünülür. Bütün bunlar olurken ve yaşanırken; insan vücudunun kumanda merkezi olan beyinde, sinir sisteminde neler olmaktadır? Aşkı oluşumunda rol oynayan sinir sistemi yapıları nelerdir? Yoğun romantik aşk; tüm kültürlerde görülebilen, evrensel bir fenomen olarak kabul edilmektedir. Romantik aşk, özellikle erken dönemlerde kendine özgü psikolojik ve fizyolojik özellikleri ve davranışları birlikte getirmektedir. Bunlar; coşku ve mutluluk, seçilmiş kişiye odaklanan yoğun dikkat, yine seçilen kişi hakkında şüpheli düşünceler veya duygusal olarak ona aşırı bağımlılık, tutku ve aşırı enerji olarak özetlenebilir. Bunlar, bilim adamları tarafından tanımlanabilmekte ve ölçülebilmektedir. Aşk, stres ve gerginliği alıyor Aşk, oldukça karışık nörobiyolojik bir olay olarak tanımlanmaktadır. Beyin içerisinde; güven, inanç, haz duyma ve ödüllendirme fonksiyonları etkinleşmektedir. Bu fonksiyonlar; oksitosin, vazopressin, dopamin ve serotonin isimli maddeler aracılığı ile gerçekleşmektedir. Gebelik ve süt verme dönemlerinde farklı etkileri olan oksitosin, duyguları değiştirebilmektedir."
doc_0402,doc_0402_parent_001,doc_0402_parent_001_child_001,Robotik cerrahi ile kalp ameliyatı hangi hastalıklarda kullanılır?,https://www.memorial.com.tr/tedavi-yontemleri/robotik-cerrahi-ile-kalp-ameliyati-hangi-hastaliklarda-kullanilir,320,3,0,False,"['Robotik cerrahi ile kalp ameliyatı nedir?', 'Robotik cerrahi ile kalp ameliyatı hangi hastalıklarda kullanılır?', 'Robotik cerrahi kalp ameliyatı nasıl yapılır?']","Klasik ameliyat yöntemlerine alternatif olarak geliştirilen ve tıp dünyasında cerrahinin ulaştığı en ileri teknoloji olan Da Vinci Robotik Cerrahi ya da diğer adıyla robot teknolojisi kalp ameliyatlarında kullanılabiliyor. Bypass, kalp kapağı değişimi, kalp deliğini kapatma gibi ameliyatlarda başarıyla uygulanan robotik cerrahi hastanın iyileşme hızını ve konforunu artırarak önemli avantajlar sağlıyor. Robotik cerrahi ile kalp ameliyatı nedir? da Vinci Robotik Cerrahi ya da diğer adıyla robot teknolojisi, sağlık alanında ulaşılan en ileri teknoloji olarak kabul edilir. Kalp ameliyatlarında robot teknolojisi kullanıldığında minimal invaziv yöntemle yapılan kesilerden çok daha küçük kesiler yapılır. Minimal invaziv yöntemle göğüs boşluğu 6-7 cm açılırken, robot ile 3-4 cm’lik bir kesiden ameliyatlar gerçekleştirilir. Robotik cerrahi ile kalp ameliyatı hangi hastalıklarda kullanılır? Robotik bypass, koroner arter Bypass cerrahisi, konjenital kalp ameliyatları, aritmi ameliyatları, kalp kapak ameliyatları, kalp deliği ameliyatı ve kalp içi tümörlerin çıkarılmasında kullanılır. Robotik cerrahi kalp ameliyatı nasıl yapılır? da Vinci Robotunda; bir konsol, konsolun 3 boyutlu ekranı ve tıpkı bilgisayar oyunlarındaki gibi joystickler bulunur. Bunların yanında hastanın vücudunun ameliyat edilecek bölgesinde 3 ya da 4 kol yer alır. Bu kollar konsoldan joysticklerle yönetilerek ameliyat gerçekleştirilir. İşlemler çok küçük kesilerden hatta koroner arter baypass ameliyatı gibi ameliyatlarda hiç kesi uygulanmadan yapılabilmektedir."
doc_0402,doc_0402_parent_002,doc_0402_parent_002_child_002,Robotik cerrahi ile kalp ameliyatı hangi hastalıklarda kullanılır?,https://www.memorial.com.tr/tedavi-yontemleri/robotik-cerrahi-ile-kalp-ameliyati-hangi-hastaliklarda-kullanilir,296,3,0,False,"['Robotik cerrahi ile kalp ameliyatı ağrılı mıdır?', 'Robotik cerrahi ile kalp ameliyatı güvenli midir?', 'Robotik cerrahi ile kalp ameliyatı için yaş sınırı var mı?']","Robotik cerrahideki iyi görüntü sayesinde damar dikimleri çok daha temiz ve net bir şekilde yapılabilmektedir. İnsan gözünün gördüğünden çok daha net bir görüntü sağlanmaktadır. Robotik cerrahi ile kalp ameliyatı ağrılı mıdır? Sternum adı verilen iman tahtası kemiğinin kesilmesinde yaşanan gibi bir ağrı söz konusu olmasa da basit ağrı kesicilerle giderilebilecek derecede ağrılar yaşanabilmektedir. Robotik cerrahi ile kalp ameliyatı güvenli midir? Robotik cerrahi tıpkı küçük kesi yönteminde olduğu gibi cerrahlar açısından öğrenim süresi uzun olan bir yöntemdir. Yani cerrahın robotik cerrahiyi kullanabilmesi için bunun eğitimini alması ayrıca belli bir tecrübeye, cerrahi olgunluğa ve beceriye sahip olması gerekmektedir. Cerrah klasik ameliyatlara çok alışkın olsa bile robot uygulayabilmesi için özel eğitim alması gerekmektedir. Bu anlamda ehil ellerde ve donanımlı merkezlerde yapıldığı takdirde güvenli bir yöntemdir. Robotik cerrahi ile kalp ameliyatı için yaş sınırı var mı? Belli bir yaş sınırı olmamakla birlikte ileri yaşlarda eşlik eden hastalıkların getirdiği ilave risk faktörlerinin olup olmadığına bakılmaktadır. İleri yaşın getirdiği böbrek, solunum problemi gibi sorunlar yoksa robotik cerrahi için üst yaş sınırı yoktur. Alt sınırda ise belli yaş ve kilo ağırlığına ulaşana kadar küçük çocuklar ve bebekler için uygun değildir. 20-25 kg ve 8-10 yaş üstü çocuklar sınır kabul edilmektedir."
doc_0403,doc_0403_parent_002,doc_0403_parent_002_child_002,Paget Hastalığı Nedir? Paget Hastalığı Belirtileri Nelerdir?,https://www.memorial.com.tr/hastaliklar/paget-hastaligi,319,6,0,False,"['Paget Hastalığı ile İlgili Sık Sorulan Sorular Paget hastalığı kırıklara neden olur mu?', 'Paget hastalığının bitkisel tedavisi var mıdır?', 'Paget hastalığının radyolojik bulguları nasıldır?', 'Görüntülemelerde nasıl gözükür?', 'Paget hastalığına hangi bölüm bakar?', 'Paget hastalığı kanser mi?']","Etkilenen kemiklere göre farklı egzersizler tavsiye edilebilmektedir - Memede görülen paget hastalığı durumlarında cerrahi tedavi yöntemleri kullanılabilir. Hastalığın yayılma oranına göre ise mastektomi dediğimiz, memenin tamamının alınması uygulanabilir. Paget Hastalığı ile İlgili Sık Sorulan Sorular Paget hastalığı kırıklara neden olur mu? Kemiğin paget hastalığında kemiğin kırılganlığı artabilmektedir. İlerleyen durumlarda kırıklar yaşanabilmektedir. Paget hastalığının bitkisel tedavisi var mıdır? Yapılan bilimsel çalışmalarda paget hastalığının bitkisel ya da doğal bir tedavisi olduğu yönünde bir kanıt bulunmamıştır. Paget hastalığının radyolojik bulguları nasıldır? Görüntülemelerde nasıl gözükür? Paget hastalığının teşhisinde genellikle röntgen kullanılmaktadır. Nadir olarak Manyetik Rezonans (MR) görüntülemesi de kullanılabilir. Hem röntgen hem de MR görüntülemesinde kemikler benekli ve yoğunlaşmış olarak görülmektedir. Kemiklerdeki kırıklar ya da kalınlaşma da görüntülemelerde fark edilmektedir. Röntgen görüntülemesinde kemiklerin daha camsı bir görüntüsü vardır. Kafatası kemiklerinde ise kendine has zımba deliğine benzer bir görüntü elde edilmektedir. Paget hastalığına hangi bölüm bakar? Paget hastalığının tedavisi ile Fizik Tedavi ve Rehabilitasyon , Ortopedi ve Travmatoloji Bölümler ilgilenmektedir. Bazı durumlarda Hematoloji doktorları ile birlikte hastalığın takibi sürdürülmektedir. Paget hastalığı kanser mi? Paget hastalığı kanser değildir."
doc_0403,doc_0403_parent_002,doc_0403_parent_002_child_003,Paget Hastalığı Nedir? Paget Hastalığı Belirtileri Nelerdir?,https://www.memorial.com.tr/hastaliklar/paget-hastaligi,297,4,0,False,"['Paget hastalığı kanser mi?', 'Paget hastalığında cerrahi tedavi ne zaman gerekir?', 'Paget hastalığı kemiklerden başka sorunlara yol açar mı?', 'Paget hastalığı olanların evde dikkat etmesi gerekenler nelerdir?']","Paget hastalığı kanser mi? Paget hastalığı kanser değildir. Ancak birden fazla kemiği tutan formları nadir de olsa kansere dönüşebilmektedir. Paget hastalığında cerrahi tedavi ne zaman gerekir? Paget hastalığı neticesinde yaşanan bası çok belirginse cerrahi tedavi tercih edilebilmektedir. Kafatasını tutan formlarında işitme kaybı yaşanıyorsa, kırık gelişmişse cerrahi tedaviler tercih edilmektedir. O bacak gibi şekil bozukluklarının geliştiği durumlarda da cerrahi tedaviler etkili olabilmektedir. Paget hastalığı kemiklerden başka sorunlara yol açar mı? Paget hastalığı vücutta kalsiyum başta olmak üzere elektrolit dengesini bozmaktadır. Kemiklerle ilgili ikincil yapılarda etkilendiği için farklı sorunlar yaşanabilir. Kramplar, kasılmalar, karaciğer fonksiyonlarında bozulmalar olabilir. Bunların yanı sıra nadir de olsa; nörolojik problemler, kalp yetmezliği ve kanser gibi sorunlar görülebilmektedir. Paget hastalığı olanların evde dikkat etmesi gerekenler nelerdir? Kemiklerin kırılganlığı arttığı için evde ayakların takılabileceği dengeyi bozabilecek yükseltiler düşük sehpalar, kilimler, kapı eşiklerinin modifiye edilmesi gerekmektedir. Hastaların kırıklara neden olabilecek travmalardan korunmaları önemlidir. Sağlıklı bir yaşam için önemli olan beslenme ve düzenli egzersiz paget hastaları için de dikkat edilmesi gereken konuların arasındadır."
doc_0407,doc_0407_parent_002,doc_0407_parent_002_child_003,Teknoloji Bağımlılığı Nedir? Nedenleri ve Tedavisi,https://www.memorial.com.tr/saglik-rehberi/teknoloji-bagimliligi-nedir-nedenleri-ve-tedavisi,312,3,1,False,"['Teknoloji Bağımlılığı Hakkında Sık Sorulan Sorular Teknoloji bağımlılığı gündelik yaşantıyı nasıl etkiler?', 'Teknoloji bağımlılığı bir hastalık mıdır?', 'Teknoloji bağımlılığı ne gibi hastalıklara yol açar?']","- Yazılım programlarında bulunan ebeveyn kontrolü ve güvenli arama sistemlerin araştırın ve uygulayın. Teknoloji Bağımlılığı Hakkında Sık Sorulan Sorular Teknoloji bağımlılığı gündelik yaşantıyı nasıl etkiler? Bazı bireylerin teknoloji bağımlılığı gerçek yaşamda sosyal açıdan garip bir duruma dönüşebilir. Teknoloji bağımlılığının gündelik hayata başlıca olumsuz etkileri şunlardır: - Çevrimiçi olmanın takıntı haline gelmesi diğer insanlara ayrılan zamanı azaltır ve sosyal ilişkileri olumsuz etkiler. - İnternette aşırı zaman geçirmek aynı zamanda iş hayatında da performans düşüşü yaşanmasına yol açabilir. - İnternet bağımlılığı bireylerin ruhsal ve fiziksel sağlığını olumsuz etkiler. - Beslenme alışkanlıklarını olumsuz etkiler. - Uyku düzeni bozulur. - Bireyin refah düzeyi üzerinde olumsuz etkiye yol açar. - İnternet oyunları, çevrimiçi sohbet odaları ya da online kumar sitelerinde çok para harcanabilir. Teknoloji bağımlılığı bir hastalık mıdır? Bireyin internet kullanımını kesmek ya da azaltmak konusunda başarısız olması halinde internet bağımlılığı bozukluğu yaşadığı düşünülür ve bu durum psikolojik bir hastalık olarak da değerlendirilebilir. Teknoloji bağımlılığı ne gibi hastalıklara yol açar? Teknoloji bağımlılığı vücut ağrıları, karpal tünel sendromu , görme problemleri, düzensiz kilo alıp verme gibi fiziksel rahatsızlıkların yanı sıra depresyon, sosyal izolasyon, saldırganlık ve ruh hali değişimleri yaşanmasına da sebep olabilir."
doc_0408,doc_0408_parent_002,doc_0408_parent_002_child_001,Amiloidoz nedir? Amiloidoz Belirtileri ve Tedavisi,https://www.memorial.com.tr/hastaliklar/amiloidoz-nedir,242,3,1,False,"['klı ve dengeli beslenmek - Yeterli su miktarda su tüketmek - Tütün ürünleri ve alkolden uzak durmak Amiloidoz Hastalığı Hakkında Sık Sorulan Sorular Amiloidoz en çok nerede birikir?', 'Amiloidoz için hangi doktora gidilir?', 'Amiloidoz iyileşir mi?']","Organ nakli: Amiloidoz Hastaları için Öneriler Amiloidoz semptomlarının azalması ve yaşam kalitesini artırmak için çeşitli yöntemlerden yararlanmak mümkündür. Amiloidoz hastaları için öneriler şöyle sıralanır: - Düzenli olarak egzersiz yapmak - Vücuda yeterli miktarda tuz almak - Sağlıklı ve dengeli beslenmek - Yeterli su miktarda su tüketmek - Tütün ürünleri ve alkolden uzak durmak Amiloidoz Hastalığı Hakkında Sık Sorulan Sorular Amiloidoz en çok nerede birikir? Amiloid proteini en çok böbrekler ve kalpte tutulum gerçekleştirir bu da hafif zincirlerden kaynaklı olarak ortaya çıkar. Amiloidoz için hangi doktora gidilir? Amiloidoz hastalığının teşhisi için İç Hastalıkları (Dahiliye) doktoruna gidilmesi gerekir. Amiloidoz iyileşir mi? Vücuda yayılma eğilimi gösteren amiloidozun tedavisi henüz bulunamamıştır. Başka bir hastalığa bağlı olarak gelişen amiloidoz türünde ise, neden olan hastalığın teşhisinin ardından düzelme gösterebilir."
doc_0412,doc_0412_parent_001,doc_0412_parent_001_child_001,Küçük Yaşta Göz Muayenesi Neden Önemli?,https://www.memorial.com.tr/saglik-rehberi/kucuk-yasta-goz-muayenesi-neden-onemli,319,5,3,False,"['Küçük yaşta göz muayenesinin önemi nedir?', 'Çocuklarda en sık rastlanan göz problemleri nelerdir?', 'Çocuklar için uygulanan tedavi yöntemleri nelerdir?', 'Küçük yaşta göz muayenesinin önemi nedir?', 'Çocuklarda en sık rastlanan göz problemleri nelerdir?']","Tüm çocukların 4 yaşına gelmeden önce herhangi bir sorun olmasa da mutlaka bir göz doktoru tarafından muayene edilmiş olmaları gerekir. - Küçük yaşta göz muayenesinin önemi nedir? - Çocuklarda en sık rastlanan göz problemleri nelerdir? - Çocuklar için uygulanan tedavi yöntemleri nelerdir? Memorial Ataşehir Tıp Merkezi Göz Hastalıkları Bölümü Uzmanları, çocuklarda sık olarak rastlanan göz problemleri ve tedavi yöntemleri konusunda bilgi verdi. Küçük yaşta göz muayenesinin önemi nedir? Bebekler doğduklarında ancak belirli oranlarda görebilir. Gözlerini kullandıkça görme potansiyelleri artar. İlk 9 yaş içinde görme sistemi tam olarak gelişir ve daha sonra belirgin bir değişiklik olmaz. Tüm çocukların 4 yaşına gelmeden önce herhangi bir sorun olmasa da mutlaka bir göz doktoru tarafından muayene edilmiş olmaları gerekir. Okul çağına gelmiş çocukların okula başlamadan önce muayene edilmeleri, çok geç kalınmadan göz problemini tespit edebilmek ve de okulda göz problemlerine bağlı öğrenme güçlüğünü önlemek açısından çok önemlidir. Çocuklarda en sık rastlanan göz problemleri nelerdir? Çocuklarda en çok görülen göz bozuklukları düzeltilmemiş kırma kusurları ve şaşılıktır. Kayan gözün görmeyi öğrenebilmesi için şaşılığın çocukken ve en erken yaşta gözlükle veya ameliyatla tedavi edilmesi gereklidir. Şaşılık düzeltilse bile tembellik için kapatma tedavisi uygulanmalıdır. 9- 10 yaşına kadar tedavi edilmeyen, görme bozuklukları sonucu gelişen tembelliğin ileri yaşlarda tedavisi mümkün olmamaktadır."
doc_0413,doc_0413_parent_002,doc_0413_parent_002_child_004,Distoni Nedir? Distoni Belirtileri ve Tedavisi,https://www.memorial.com.tr/hastaliklar/distoni-nedir-tedavisi-nasil-yapilir,266,5,0,False,"['Distoni bitkisel tedavisi olan bir hastalık mı?', 'Distoni kimlerde görülür?', 'Distoni önlenebilir mi?', 'Distoni yaşa göre sınıflandırılır mı?', 'Distoni için hangi doktora gidilmelidir?']","Transkraniyal manyetik stimülasyon ise beyindeki sinir hücrelerini uyarmak için manyetik alanların kullanıldığı noninvaziv bir yöntemdir. Şimdiye kadar sadece küçük kontrollü çalışmalarda fokal el veya servikal distoni üzerinde çalışılmıştır. Ek araştırmalara ihtiyaç duyulmaktadır. Distoni bitkisel tedavisi olan bir hastalık mı? Tüm hastalıklarda olduğu gibi distoni de bitkisel yöntemlerle tedavi edilebilir bir hastalık değildir. Bu tür uygulamalar doktora danışmadan kullanılmamalıdır. Distoni kimlerde görülür? Tüm ırk ve etnik kökenlerden erkek, kadın ve çocuklarda distoni ortaya çıkabilir. Amerika Birleşik Devletleri'nde yaklaşık 250.000 kişi distoniye sahiptir. Distonisi olan kişilerin yaklaşık üçte biri çocuktur. Distoni, esansiyel tremor ve Parkinson hastalığından sonra en yaygın üçüncü hareket bozukluğudur. Distoni önlenebilir mi? Primer distoni vakalarının çoğunun nedeni bilinmediği için önlenemez. Distoni yaşa göre sınıflandırılır mı? Çocukluk döneminde 0 ila 12 yaş arasında, ergenlik döneminde 13-20 yaş arasında, erken ve geç erişkin dönemde başlayabilir. Distoni için hangi doktora gidilmelidir? Distoni nörolojik bir hastalıktır, bu nedenle Nöroloji Bölümü'ne başvurmak gerekmektedir."
doc_0417,doc_0417_parent_002,doc_0417_parent_002_child_001,PFAPA Sendromu Nedir? PFAPA Sendromu Tedavisi,https://www.memorial.com.tr/hastaliklar/pfapa-sendromu,209,3,1,False,"['i şunları içerir: - Kısa bir steroid kürü - Simetidin veya kolşisin gibi ilaçlar - Bademcik ameliyatı H2: PFAPA Sendromu Hakkında Sık Sorulan Sorular PFAPA sendromu nasıl anlaşılır?', 'PFAPA kaç yaşında geçer?', 'PFAPA sendromu tehlikeli mi?']","Bununla birlikte kortizon ve kolşisin gibi ilaçlar da atakların önlenmesi konusunda faydalanılan tedavi yöntemlerindendir. Bademcik ameliyatı da PFAPA sendromunun cerrahi tedavi seçenekleri arasında yer alır. PFAPA sendromu tedavisi şunları içerir: - Kısa bir steroid kürü - Simetidin veya kolşisin gibi ilaçlar - Bademcik ameliyatı H2: PFAPA Sendromu Hakkında Sık Sorulan Sorular PFAPA sendromu nasıl anlaşılır? PFAPA sendromu genellikle 38 derecenin üstünde kendisini gösteren tekrarlayan yüksek ateş ataklarıyla anlaşılabilir. PFAPA kaç yaşında geçer? Genellikle 2-5 yaş aralığında görülen PFAPA sendromu 10 yaşından itibaren etkilerini azaltır. PFAPA sendromu tehlikeli mi? PFAPA sendromu, belirtilerini gösterdiği andan itibaren doktor kontrolünde tedavi edilirse tehlikeli bir durum oluşturmaz ancak genel olarak da uzun vadede tehlikeli bir hastalık değildir."
doc_0418,doc_0418_parent_001,doc_0418_parent_001_child_004,Ayak Bileği Ağrısı Neden Olur? Ayak Bileği Ağrısına Ne İyi Gelir?,https://www.memorial.com.tr/saglik-rehberi/ayak-bilegi-agrisi-neden-olur,313,3,0,False,"['Gece ya da Dinlenirken Ortaya Çıkan Ayak Bileği Ağrısı Neden Olur?', 'Yürürken Ayak Bileği Ağrısı Neden Olur?', 'Ayak Bileği Ağrısına Ne İyi Gelir?']","Enfeksiyonlar Vücutta meydana gelen enfeksiyonlar diğer nedenler kadar olmasa da ayak bileği ağrısına yol açabilir. Gece ya da Dinlenirken Ortaya Çıkan Ayak Bileği Ağrısı Neden Olur? Geceleri oluşan ayak ağrılarının yaygın nedenleri arasında hareketsizlik, ayağın ters basılması ve uyurken yapılan ters bir hareket, kasların aşırı zorlanması, uygun olmayan ayakkabı veya sert yüzeye basılması, susuzluk, besin eksikliği, aşırı alkol alımı, gebelik, periferik arter hastalığı ve kullanılan ilaçlar yer alır. Yürürken Ayak Bileği Ağrısı Neden Olur? Yürürken meydana gelen ayak ağrısının en yaygın nedenleri yürüyüş sırasındaki burkulmalar ve yanlış ayakkabı seçimidir. Bu ayakkabı seçimi genelde yüksek topuklu veya dar olur. Bunların yanı sıra ayak bileğindeki enfeksiyonun yürüyüş sırasında tetiklenmesi, yürürken yapılan ters bir hareket de yürüyüş sırasında ayak bileği ağrısına yol açabilir. Ayak Bileği Ağrısına Ne İyi Gelir? Ayak bileği ağrısı için öncelikle ayak bileğine binen ağırlığı hafifletmek için ayağı dinlendirmek, ağrı olan bölgeye günde birkaç kez 15-20 dakika süreyle buz kompresi uygulamak, bandajla sararak sıkıştırma uygulamak, ayağı yüksek bir yerde tutmak ve reçetesiz ağrı kesici ilaçları da ayak bileği ağrısına iyi gelir. Ayak bileği ağrısına iyi gelen yöntemler şu şekildedir: - Dinlenmek"
doc_0418,doc_0418_parent_002,doc_0418_parent_002_child_001,Ayak Bileği Ağrısı Neden Olur? Ayak Bileği Ağrısına Ne İyi Gelir?,https://www.memorial.com.tr/saglik-rehberi/ayak-bilegi-agrisi-neden-olur,204,4,1,False,"['tedavi uygulamaları - Eklem aspirasyonu - Kırık veya yırtık varsa ayak bileği ameliyatı Ayak Bileği Ağrısı Hakkında Sık Sorulan Sorular Sabah uyanınca ayak bileği ağrısı neden olur?', 'Stres ayak bileği ağrısı yapar mı?', 'Ayak bileği ağrısı bacağa vurur mu?', 'Ayak bileği ağrısı için hangi doktora gidilir?']","Kronik ayak bileği ağrısı varsa doktor kontrolünde aşağıdaki yöntemler denenebilir: - Reçeteli ağrı kesici ilaçlar - Fizik tedavi uygulamaları - Eklem aspirasyonu - Kırık veya yırtık varsa ayak bileği ameliyatı Ayak Bileği Ağrısı Hakkında Sık Sorulan Sorular Sabah uyanınca ayak bileği ağrısı neden olur? Sabah uyanınca zaman zaman ayak bileği ağrısı meydana gelebilir. Gece yapılan ters hareketler, bileğin üzerine yapılan baskı ve topuk dikeni bu ağrıya yol açabilir. Stres ayak bileği ağrısı yapar mı? Yoğun stres bazı durumlarda vücutta hastalıktan bağımsız olacak şekilde ayak bileğinde ağrı ortaya çıkarabilir. Ayak bileği ağrısı bacağa vurur mu? Ayak bileği ağrılarının hem baldır hem de bacaklara vurma potansiyeli söz konusudur. Ayak bileği ağrısı için hangi doktora gidilir? Ayak bileği ağrınız varsa ortopedi ve travmatoloji bölümü doktorlarından randevu alabilirsiniz."
doc_0419,doc_0419_parent_002,doc_0419_parent_002_child_003,Kuşkonmaz Faydaları Nelerdir? Kuşkonmaz Ne İşe Yarar?,https://www.memorial.com.tr/saglik-rehberi/kuskonmazin-faydalari-nelerdir,282,3,0,False,"['Kuşkonmazın Zararları Nelerdir?', 'Kuşkonmaz Hakkında Sık Sorulan Sorular Kuşkonmaz ne işe yarar?', 'Kuşkonmaz zayıflamaya yardımcı olur mu?']","Kuşkonmazın Zararları Nelerdir? K vitamini bakımından zengin bir besin olan kuşkonmaz kan sulandırıcı ilaç kullanan kişilerin dikkatli tüketmesi gereken besinlerdendir. Tansiyon düşürücü ilaç kullananlar, kuşkonmazın tansiyon düşürme etkisi ile birleştiğinde kan basıncı seviyelerinde ciddi bir düşüşe neden olabilir ve sağlık sorunlarına yol açabilir. Ayrıca idrar sökücü özelliği olan kuşkonmaz bu tür diüretik ilaç alan kişiler için ilacın etkisini artırarak sağlığı olumsuz etkileyebilir. Kuşkonmaz Hakkında Sık Sorulan Sorular Kuşkonmaz ne işe yarar? Kuşkonmaz A, C, E ve K vitaminleri açısından zengindir. Bunların dışında antioksidan, lif ve potasyum kaynağı olan kuşkonmaz kalp krizi başta olmak üzere kalp hastalıkları riskini azaltır, bağışıklığı güçlendirir, hamilelik sürecinde bebeğin gelişimine destek olur, zayıflamaya yardım eder ve vücudu serbest radikallerden korur. Kuşkonmaz zayıflamaya yardımcı olur mu? Kuşkonmaz içinde bulunan bileşiklerle kilo kaybını destekleyici özeliktedir. Büyük oranda sudan oluşan ve lif içeriği zengin olan kuşkonmaz düşük kalorisiyle kilo vermek isteyenlerin tercih edebileceği sağlıklı bir besindir. Kilo verme sürecinde en çok karşılanan ödem sorununa ödem atıcı özelliği ile de çözüm olacaktır."
doc_0420,doc_0420_parent_001,doc_0420_parent_001_child_001,Prostat Hastalıklarında Patolojinin Yeri,https://www.memorial.com.tr/saglik-rehberi/prostat-hastaliklarinda-patolojinin-yeri,320,4,4,False,"['Prostat Hastalıklarında Patolojinin Yeri - Prostat Hastalığı Hangi Sıklıkta Görünür?', 'Prostat Hastalığı Tedavisinde Patolojinin Yeri Nedir?', 'Prostat Kanseri Nasıl Tespit Edilir?', 'Prostat Kanserinin Tedavisi Esnasında Patolojinin Yeri Nedir?']","Prostat kanseri; erkeklerde, dünya genelinde en sık ikinci, gelişmiş ülkelerde ise en sık görülen kanserdir. 50 yaş üstü erkek popülasyonda hayatı boyunca prostat kanseri görülme oranı %10’dur ve bu oran Amerika'da %40 olarak saptanmıştır. Kansere bağlı yaşam kaybı sıralamasında da prostat kanseri, en sık 5’inci sebep olarak göze çarpmaktadır. Prostat kanserinde kesin tanının konulması ve tedavinin belirlenmesinde, patoloji çok önemli bir yere sahiptir. Memorial Patoloji’den Doç. Dr. Murat Oktay, prostat hastalıkları ve kanserlerinde, patolojinin yeri ve önemi hakkında bilgi verdi. - Prostat Hastalıklarında Patolojinin Yeri - Prostat Hastalığı Hangi Sıklıkta Görünür? - Prostat Hastalığı Tedavisinde Patolojinin Yeri Nedir? - Prostat Kanseri Nasıl Tespit Edilir? - Prostat Kanserinin Tedavisi Esnasında Patolojinin Yeri Nedir? Prostat, erkeklerde idrar yolları ve üreme sisteminin bir parçası olup, mesanenin altında yer alan, ceviz büyüklüğünde bir organdır. Görevi spermleri içinde barındıran meni sıvısının oluşumuna katkıda bulunmaktır. Prostat hastalıkları ileri yaş erkeklerde önemli sağlık sorunlarının başında gelir. Prostat hastalıkları kabaca üç grupta sınıflandırılabilir: - Prostat iltihabı (Prostatit) - İyi huylu prostat büyümesi (BPH=Benign Prostat Hiperplazisi) - Prostat kanseri"
doc_0420,doc_0420_parent_001,doc_0420_parent_001_child_002,Prostat Hastalıklarında Patolojinin Yeri,https://www.memorial.com.tr/saglik-rehberi/prostat-hastaliklarinda-patolojinin-yeri,313,3,1,False,"['İyi huylu prostat büyümesi (BPH=Benign Prostat Hiperplazisi) - Prostat kanseri Prostat Hastalığı Hangi Sıklıkta Görünür?', 'Prostat Hastalığı Tedavisinde Patolojinin Yeri Nedir?', 'Prostat Kanseri Nasıl Tespit Edilir?']","- İyi huylu prostat büyümesi (BPH=Benign Prostat Hiperplazisi) - Prostat kanseri Prostat Hastalığı Hangi Sıklıkta Görünür? İyi huylu prostat büyümesi, 40 yaşından sonra yaşla birlikte görülme sıklığında artış gösteren ve 60 yaşında toplumdaki erkeklerin yaklaşık %50’sini etkileyen, erkeklerde en sık ortaya çıkan iyi huylu tümördür. Prostat Hastalığı Tedavisinde Patolojinin Yeri Nedir? Prostat hastalıklarında, tedavileri birbirinden farklı olan bu üç grup hastalığın tanısının doğru konulup uygun tedavilerin uygulanması için; muayene, laboratuvar ve görüntüleme testlerinin yanı sıra özellikle kanser hastalığının kesin tanısında patoloji en önemli yere sahiptir. Prostat hastalıkları bulguları olan hastalarda, muayene, laboratuvar ve radyolojik testler uygulandıktan sonra, kanser şüphesi gözlendiğinde, kesin tanının konabilmesi ve tedavinin planlanabilmesi için patolojik inceleme yapılmak üzere biyopsi alınır. Prostat biyopsisi yapıldığında, alınan örnekler, patoloji uzmanı tarafından mikroskop altında incelenir. Patolog, alınan her numune için teşhis koyarak yazdığı Patoloji Raporu’nu ilgili uzman doktora gönderir. Prostat Kanseri Nasıl Tespit Edilir? Bütün prostat kanserlerinde ana tanısal ölçü bazal hücre tabakasının varlığı veya yokluğudur. Hematoksilen eozin boyamalar ile bu değerlendirmenin net yapılamadığı durumlarda immunohistokimyasal yöntemlere başvurulmaktadır."
doc_0423,doc_0423_parent_001,doc_0423_parent_001_child_001,Ani Bebek Ölümü Sendromu Nedir? Neden Olur?,https://www.memorial.com.tr/saglik-rehberi/ani-bebek-olumu-sendromu,299,5,4,False,"['Ani Bebek Ölümü Sendromu Nedir?', 'Ani Bebek Ölümü Sendromu Neden Olur?', 'Ani Bebek Ölümü Sendromunu Önlemenin Yolları Nelerdir?', 'Ani Bebek Ölümü Sendromu Hakkında Sık Sorulan Sorular Ani Bebek Ölümü Sendromu Nedir?', 'Ani Bebek Ölümü Sendromu Neden Olur?']","Ani bebek ölümü sendromu, bir bebeğin bazı faktörlere bağlı olarak aniden ölmesi durumudur. Genellikle bir yaş öncesindeki çocuklarda görülen bu durum uyku esnasında gelişebilir. Bazı durumlarda beşik ölümü olarak da adlandırılan bu durum, bebeğin nefes alma ya da uykudan uyanmayı kontrol eden bölgedeki problemden de kaynaklanıyor olabilir. Bu sendroma yönelik olarak önlem almanın en önemli yolu bebeği sırt üstü yatırmaktır. Erkek bebeklerde kız bebeklere oranla daha yaygın olarak görülebilir. - Ani Bebek Ölümü Sendromu Nedir? - Ani Bebek Ölümü Sendromu Neden Olur? - Ani Bebek Ölümü Sendromunu Önlemenin Yolları Nelerdir? - Ani Bebek Ölümü Sendromu Hakkında Sık Sorulan Sorular Ani Bebek Ölümü Sendromu Nedir? Ani bebek ölümü sendromu, bir yaşından küçük bebeklerin genellikle uyku esnasında açıklanamayan şekilde ölümüdür. Bebeğin ölüm sebebi detaylı otopsinin ardından ortaya çıkarılabilir. Bu durum uyku sırasında gerçekleştiğinden ölüm nedeni açıklanamaz bir şekilde de meydana gelebilir. Ani bebek ölümü sendromuna karşı çeşitli risk faktörleri bulunur ve bunlara yönelik olarak önleme stratejileri yer alır. Ani Bebek Ölümü Sendromu Neden Olur? Ani bebek ölümü sendromu, bebeğin gelişim aşamasındayken çevresel strese, genetik yatkınlıklara ya da bağışıklık sistemine bağlı olarak gelişen bir durumdur."
doc_0428,doc_0428_parent_002,doc_0428_parent_002_child_001,Diplopi (Çift Görme) Nedir? Diplopi Neden Olur?,https://www.memorial.com.tr/saglik-rehberi/diplopi-nedir,209,5,1,False,"['Diyabet söz konusuysa ilaç veya insülin tedavisi Diplopi (Çift Görme) Hakkında Sık Sorulan Sorular Diplopi ne demek?', 'Diplopi çeşitleri nelerdir?', 'Diplopi tehlikeli mi?', 'Diplopi geçer mi?', 'Çift görme için hangi doktora gidilir?']","- Diyabet söz konusuysa ilaç veya insülin tedavisi Diplopi (Çift Görme) Hakkında Sık Sorulan Sorular Diplopi ne demek? Aynı zamanda çift görme olan diplomi, tek bir parça olan nesneyi iki tane görmesidir. Diplopi çeşitleri nelerdir? Tek gözde meydana gelen diplopi monoküler diplopi, her iki gözde de yaşanan diplopi binoküler diplopidir. Diplopi tehlikeli mi? Baş ağrısı, baş dönmesi ve denge kaybı gibi belirtiler gösteren diplopi, genellikle kısa süre içinde kendiliğinden geçer ancak diplopi durumu devam ediyorsa ciddiye alınmalı ve doktora başvurulmalıdır. Diplopi geçer mi? Diplopi çoğunlukla kısa süre içinde geçer ancak şiddetine bağlı olarak göz doktoruna ihtiyaç duyulabilir. Çift görme için hangi doktora gidilir? Çift görme durumundan muzdarip olan kişiler göz doktoru veya nöroloji bölümü doktorlarından randevu alabilir."
doc_0429,doc_0429_parent_002,doc_0429_parent_002_child_002,Hünnap Nedir? Hünnap Faydaları Nelerdir?,https://www.memorial.com.tr/saglik-rehberi/hunnap-nedir-hunnap-faydalari-nelerdir,307,3,0,False,"['Hünnap Neye İyi Gelir?', 'Hünnabın Yan Etkileri ve Zararları Var mı?', 'Hünnap Nasıl Tüketilir?']","Cilt tahrişlerini giderir Özellikle hünnap suyu ve özü; sedef hastalığı, egzama ve sivilce dahil olmak üzere birtakım cilt tahrişlerini ve iltihaplarını tedavi etmek için topikal olarak kullanılarak fayda sağlar. Kanın temizlenmesini sağlar Hünnap meyvesinin içeriğinde yer alan saponinler ve alkaloidler, kanın temizlenmesi ve zararlı toksinlerin vücuttan uzaklaştırılmasına yardım eder. Hünnap Neye İyi Gelir? Hünnap meyvesi, bağışıklığı güçlendirir, kanser hücrelerinin büyümesini önleyebilir. Yapılan bir araştırmada antioksidan özelliklere sahip hünnap meyvesindeki polisakkaritlerin serbest radikalleri önleyebileceği ve zararlı hücreleri nötralize ederek iltihabı azaltabileceği ortaya çıkmıştır. Hünnabın Yan Etkileri ve Zararları Var mı? Her şeyin fazlasının zarar olduğu gerçeğini düşündüğümüzde hünnap meyvesini fazla tüketmek de vücutta bazı yan etkiler ve reaksiyonlara sebebiyet verebilir. Çok fazla hünnap tüketmek düşük tansiyona neden olabileceği gibi mide bulantısı ve şişkinlik, kan şekerinde değişimler, ciltte kaşıntı veya alerjik reaksiyon gibi durumlar ortaya çıkarabilir. Hünnap Nasıl Tüketilir? Hünnap bitkisi kuru, çiğ veya meyve olarak tüketilebileceği gibi kuru hünnaptan çay yapılıp içilmesi de mümkündür."
doc_0429,doc_0429_parent_002,doc_0429_parent_002_child_003,Hünnap Nedir? Hünnap Faydaları Nelerdir?,https://www.memorial.com.tr/saglik-rehberi/hunnap-nedir-hunnap-faydalari-nelerdir,308,5,0,False,"['Hünnap Nasıl Tüketilir?', 'Hünnap Hakkında Sık Sorulan Sorular Hünnap nerede yetişir?', 'Hamileyken hünnap yenir mi?', 'Taze hünnap faydaları nelerdir?', 'Hünnap meyvesi kilo aldırır mı?']","Hünnap Nasıl Tüketilir? Hünnap bitkisi kuru, çiğ veya meyve olarak tüketilebileceği gibi kuru hünnaptan çay yapılıp içilmesi de mümkündür. Ayrıca hünnap sirkesi suyu, hünnap meyvesi suyu da hünnabın kullanım formları arasında yer alır. Hünnap Hakkında Sık Sorulan Sorular Hünnap nerede yetişir? Başta Çin olmak üzere Güney Asya’ya özgü bir bitki olan hünnap, Türkiye’de daha çok Batı ve Güney Anadolu’da yetiştirilir. Hamileyken hünnap yenir mi? Hünnap meyvesini hamile olanlar ya da emzirme dönemindeki anneler tüketmeden önce mutlaka doktora danışmaları gerekmektedir. Aksi takdirde hünnap, kişilerde alerjik reaksiyonlara neden olabilir. Taze hünnap faydaları nelerdir? Taze hünnapta yüksek oranda antioksidan mevcuttur. Bu özelliği ile taze hünnap bağışıklığı güçlendirir, kan basıncını düzenler, kalp hastalıkları riskini düşürür, sindirim sağlığını düzenleyerek kabızlığa iyi gelir, kilo vermeyi kolaylaştırır, uyku kalitesini artırır ve stres seviyesini azaltır. Hünnap meyvesi kilo aldırır mı? Hünnap meyvesi düşük kalorili olması ve lif içeriği sayesinde tüketildiğinde tokluk hissi vererek kilo kaybını destekleyip kilo aldırmaz. Çünkü kilo alımında önemli rol oynayan glikoz seviyelerini düşürmeye yardımcı olur."
doc_0429,doc_0429_parent_002,doc_0429_parent_002_child_004,Hünnap Nedir? Hünnap Faydaları Nelerdir?,https://www.memorial.com.tr/saglik-rehberi/hunnap-nedir-hunnap-faydalari-nelerdir,236,4,0,False,"['Hünnap meyvesi günde kaç tane yenmeli?', 'Hünnap yüksek tansiyona iyi gelir mi?', 'Hünnap aç karnına yenir mi?', 'Hünnap yemenin faydaları nelerdir?']","Çünkü kilo alımında önemli rol oynayan glikoz seviyelerini düşürmeye yardımcı olur. Hünnap meyvesi günde kaç tane yenmeli? Fazlasının vücutta reaksiyon vermemesi adına meyvenin büyüklüğüne göre günde en az 1 en fazla 3 adet hünnap meyvesi yenmesi önerilir. Hünnap yüksek tansiyona iyi gelir mi? Aynı zamanda kemik gücünü artırmada önemli rol oynayan kalsiyum, fosfor ve demir yüklü olan hünnap osteoporoz ve diğer kemik hastalıklarına karşı korur. Hünnap bunların yanında kan basıncını düzenler ve kaygıyı yatıştırmada etkilidir. Hünnap aç karnına yenir mi? Hünnapın faydalarını görmek için aç karnına tüketilmesi tavsiye edilir. Hünnap yemenin faydaları nelerdir? Vitamin, mineral ve antioksidan kaynağı olan hünnap meyvesinin kalorisi düşüktür, antioksidan açısından zengindir ve lif kaynağıdır. Uyku kalitesini artırır, sindirim sistemini destekler, potansiyel bağışıklık sistemini güçlendirir. Tip 2 diyabet ve kalp hastalığı gibi kronik hastalık riskini azaltır."
doc_0432,doc_0432_parent_001,doc_0432_parent_001_child_001,Kirazın Faydaları Nelerdir? Kiraz Hangi Hastalıklara İyi Gelir?,https://www.memorial.com.tr/saglik-rehberi/kirazin-faydalari-nelerdir,307,4,4,False,"['Kirazın Besin Değeri Nedir?', 'Kirazın Faydaları Nelerdir?', 'Kirazın Zararları Var mı?', 'Kirazın Faydaları Hakkında Sık Sorulan Sorular Kirazın Besin Değeri Nedir?']","Yaz mevsiminin sevilen meyveleri arasında yer alan ve besleyici bir besin olan kiraz, sağlık açısından birçok potansiyel fayda barındırır. Kirazın en temel faydaları arasında vücuttaki iltihaplanmayı azaltması, kalp sağlığını koruması, kilo kaybını desteklemesi ve uyku kalitesini artırması yer alır. Kan basıncını düşürüp kan şekerini ve kolesterolü kontrol etmeye yarayan kirazın aynı zamanda glisemik endeksi de düşüktür. - Kirazın Besin Değeri Nedir? - Kirazın Faydaları Nelerdir? - Kirazın Zararları Var mı? - Kirazın Faydaları Hakkında Sık Sorulan Sorular Kirazın Besin Değeri Nedir? Kiraz, çeşitli renk ve tatlarda bulunan küçük çekirdekli meyveler olarak bilinir. Renkleri sarıdan başlayarak koyu kırmızıya kadar değişebilir. Bütün çeşitleri lif , vitamin ve mineral açısından oldukça besleyicidir. 154 gr tatlı kirazda yaklaşık olarak şu besin değerleri bulunur: - Kalori: 97 - Protein: 2 gr - Karbonhidrat: 25 gr - Lif: 3 gr - C Vitamini: günlük değerin (GD) %18'i - Potasyum: GD'nin %10'u - Bakır: GD'nin %5'i - Manganez: GD'nin %5'i Kirazın içerdiği C vitamini bağışıklık sistemini ve cilt sağlığını koruma açısından önemlidir."
doc_0432,doc_0432_parent_002,doc_0432_parent_002_child_001,Kirazın Faydaları Nelerdir? Kiraz Hangi Hastalıklara İyi Gelir?,https://www.memorial.com.tr/saglik-rehberi/kirazin-faydalari-nelerdir,279,4,0,False,"['Kirazın Faydaları Hakkında Sık Sorulan Sorular Kiraz hangi hastalıklara iyi gelir?', 'Gece kiraz yenir mi?', 'Kiraz alerjisi nasıl olur?', 'Kiraz çekirdeği yutulursa ne olur?']","Özellikle irritabl bağırsak sendromuna yatkın olan kişilerde ishal ve mide ağrısı gibi etkilere neden olabilir. Bazı kişilerin kiraz alerjisi olabilir. Bu durumda mutlaka tüketmeden önce uzman doktora danışarak alerji testi yaptırmanız önerilir. Kirazın Faydaları Hakkında Sık Sorulan Sorular Kiraz hangi hastalıklara iyi gelir? Kiraz öncelikle potansiyel kalp hastalıkları riskini azaltmasıyla bilinir. Bunun yanı sıra gut hastalığına iyi gelen kiraz diyabet hastaları için de güvenli bir meyvedir. Aynı zamanda kan şekerini düzenleyerek kolesterolü de düşürür. Gece kiraz yenir mi? Melatonin üretimine destek olmasıyla bilinen kiraz gece yatmadan önce tüketilirse kaliteli uykuya katkı sağlayabilir. Kiraz alerjisi nasıl olur? Kiraz tükettikten sonra mide bulantısı , karın krampları, baş dönmesi, ağızda karıncalanma hissi, nefes almada zorluk veya dudak, dil veya boğazda şişme gibi belirtiler ortaya çıkıyorsa alerjiniz olabilir. Kiraz çekirdeği yutulursa ne olur? Kiraz zehirli değildir fakat çekirdeklerinde bulunan hidrojen, siyanüre dönüşen amigdalin içerir. Bu durumda çekirdekleri yutma durumunda tehlikeli olabilir."
doc_0435,doc_0435_parent_001,doc_0435_parent_001_child_001,Migrene Ne İyi Gelir? Migren Nasıl Geçer?,https://www.memorial.com.tr/saglik-rehberi/migrene-ne-iyi-gelir,310,2,2,False,"['Migrene Ne İyi Gelir?', 'Migren Ağrısını Geçirmek için Kullanabilecek Öneriler - Migrene Ne İyi Gelir ile İlgili Sık Sorulan Sorular Migrene Ne İyi Gelir?']","Migren, baş ağrısı şeklinde görülen ve nörolojik bir durumdur. Ses, ışık, ağır kokular, az ya da çok uyumak, stres ve bazı yiyeceklerin tüketimi ile tetiklenen migren semptomları çoğu zaman yönetilebilmekte ve uygulanacak yöntemlerle rahatlama sağlanabilmektedir. Migren ataklarında, kafa derisine masaj yapmak, soğuk kompres uygulamak, düzenli uyku alışkanlığı edinmek, karanlık ve sessiz bir odada dinlenmek, esansiyel yağlar koklamak, stresi yönetmek, az kafein almak ve zencefil çayı içmek migrenin etkilerini hafifletebilmektedir. Daha şiddetli ağrılarda doktorun reçete edeceği ilaçlarda rahatlama sağlamaktadır. - Migrene Ne İyi Gelir? - Migren Ağrısını Geçirmek için Kullanabilecek Öneriler - Migrene Ne İyi Gelir ile İlgili Sık Sorulan Sorular Migrene Ne İyi Gelir? Migren atağı tuttuğunda, sessiz ve karanlık bir odada dinlenmek, uyumak, soğuk ya da sıcak kompres uygulamak, lavanta gibi uçucu yağlardan yararlanmak, stres yönetimi yapmak, ıhlamur, papatya ya da zencefil çayı içmek migrene iyi gelir. Migreni tetikleyen faktörlerden uzak durulmalı, doktorun reçete edeceği migren ilaçları kullanılmalıdır. Migrene iyi gelen yöntemler şunlardır: - Sessiz ve ışıksız bir ortamda dinlenmek"
doc_0435,doc_0435_parent_002,doc_0435_parent_002_child_003,Migrene Ne İyi Gelir? Migren Nasıl Geçer?,https://www.memorial.com.tr/saglik-rehberi/migrene-ne-iyi-gelir,303,3,0,False,"['Migrene Ne İyi Gelir ile İlgili Sık Sorulan Sorular Migren ağrısı nasıl geçer?', 'Hamilelikte migrene ne iyi gelir?', 'Strese bağlı migrene ne iyi gelir?']","İçerisinde bol miktarda su bulunan karpuz, migren ağrılarına karşı tüketilebilir . Brokoli ve ıspanağı beslenmenize ekleyin Östrojen seviyelerindeki değişiklik ya da bozukluk migren ağrılarına neden olabilir. Brokoli bu seviyenin dengelenmesine destek olarak migrene karşı tüketilebilir. Migreni olan kişilerin beyindeki magnezyum düzeyleri düşük olduğundan birçok kişi magnezyum takviyesi olarak ağrıya karşı önlem alabilir. Ispanak içerisindeki magnezyum sayesinde migren ağrılarına karşı kullanılır. Migrene Ne İyi Gelir ile İlgili Sık Sorulan Sorular Migren ağrısı nasıl geçer? Migren atağı yaşandığında ışık ve sesten uzaklaşmak, başa ve boyuna sıcak veya soğuk kompres uygulamak, masaj yapmak, kafein migreni tetiklemiyorsa kafein almak, doktor onaylı parasetamol, aspirin veya ibuprofen gibi ilaçlar migren ağrılarını hafifletmeye yardımcı olur. Hamilelikte migrene ne iyi gelir? Hamilelik sürecinde olan anne adayları migren ataklarına karşı bol sıvı tüketebilir, açık havada hafif tempolu yürüyüşler yapabilir. Bunun yanında karın bölgesini sıcak tutmak ve ışıksız bir odada dinlenmek de hamilelikte migrene iyi gelen yöntemler arasında yer alır. Strese bağlı migrene ne iyi gelir? Stresin neden olduğu migrene karşı sakin kalmak önemlidir. Stres yönetimi yaparak migren ağrısına karşı önlem alınabilir."
doc_0437,doc_0437_parent_001,doc_0437_parent_001_child_004,"Kemoterapi Nedir? Nasıl Uygulanır, Kemoterapi Yan Etkileri Nelerdir?",https://www.memorial.com.tr/tedavi-yontemleri/kemoterapi,264,3,0,False,"['En Ağır Kemoterapi Hangisi?', 'Kemoterapi nasıl ve nerede uygulanır?', 'Kemoterapi Yan Etkileri Nelerdir?']","Bunlar; karın boşluğu, akciğer zarı içi ve mesane içi olarak örneklendirilebilir. En Ağır Kemoterapi Hangisi? En ağır ve etkisi yüksek kemoterapi, kanserin ileri evrelerinde uygulanan yüksek dozda kemoterapi ilaçları ve gerekli görüldüğünde kemik iliği naklidir. Bu yöntemler kanserli hücreler için ciddi tehdit oluşturur ancak hastada da yan etkilere sebep olabilir. Kemoterapi nasıl ve nerede uygulanır? Kemoterapi tedavisi, mutlaka tam donanımlı bir onkoloji merkezinde ve tıbbi onkoloji uzmanı kontrolünde yapılmalıdır. Doktorun izni ve bilgisi olmadan kesinlikle herhangi bir hastanede veya evde alınmamalı, kemoterapi uygulama tecrübesi olmayan sağlık personeli tarafından uygulanmamalıdır. Kemoterapide kullanılan ilaçlar; damar yoluyla ve ağızdan hap şeklinde uygulanabilir. Kemoterapi Yan Etkileri Nelerdir? Kemoterapi tedavisi gören hastalarda yaygın olarak ortaya çıkan kemoterapi yan etkileri mide bulantısı, kusma, halsizlik, saç dökülmesi, ağız yaraları, vücutta kanamalar, ishal, iştah kaybı ve ateştir. Kemoterapide görülen yaygın yan etkiler şu şekildedir: - Mide bulantısı ve kusma"
doc_0437,doc_0437_parent_004,doc_0437_parent_004_child_002,"Kemoterapi Nedir? Nasıl Uygulanır, Kemoterapi Yan Etkileri Nelerdir?",https://www.memorial.com.tr/tedavi-yontemleri/kemoterapi,279,3,0,False,"['Kemoterapi seansı ne kadar sürer?', 'Kemoterapi sırasında başka ilaç kullanılır mı?', 'Kemoterapi günlük yaşantıyı nasıl etkiler?']","Bu nedenle kemoterapi seanslarının zamanlaması konusunda doktor önerisi doğrultusunda ilerlenmelidir. Kemoterapi seansı ne kadar sürer? Kemoterapi, sağlıklı hücreleri de etkileyebilen bir tedavi olduğu için uygun şartlarda ve ortamda, uzman kişiler tarafından, dikkat ve titizlikle uygulanmalıdır. Seansın süresi, kullanılan ilaç veya ilaçların kombine olarak verilme durumu, bir ya da birden çok ilacın uygulanması gibi ihtimallere bağlı olarak değişmekte, birkaç dakika ile birkaç gün arasında değişen vakitler gerektirmektedir. Kemoterapi sırasında başka ilaç kullanılır mı? Kronik hastalıkları nedeniyle bazı ilaçlar kullanma zorunluluğu olan kişilerin; kalp, tansiyon, şeker, ağır kesiciler ya da antibiyotik gibi ilaçları kemoterapi sırasında kullanmalarında bir sakınca bulunmamaktadır. Ancak bu ilaçların alımı konusunda, hastanın doktoruyla görüşmesi ve görüşleri doğrultusunda hareket etmesi önemlidir. Kemoterapi günlük yaşantıyı nasıl etkiler? Kemoterapi ilaçlarına bağlı yan etkiler, genellikle tüm ilaçlar ile birlikte görülmektedir. Ancak her hasta bu yan etkileri yaşamayabilir. Bazı hasta grupları, tedavi sürecinde ilaçların etkilerinden kaynaklanan genel sağlık durumunu değişikliklerini yaşamadan süreci tamamlamaktadır. Kemoterapinin yan etkilerinin kontrol altına alınabilmesi için hasta ile doktor ve hemşire işbirliği gereklidir."
doc_0437,doc_0437_parent_005,doc_0437_parent_005_child_004,"Kemoterapi Nedir? Nasıl Uygulanır, Kemoterapi Yan Etkileri Nelerdir?",https://www.memorial.com.tr/tedavi-yontemleri/kemoterapi,309,3,1,False,"['Kemoterapinin cilt ve tırnaklara etkisi nedir?', 'Cilt problemlerine karşı alınabilecek önlemler nelerdir?', 'Tamamlayıcı ve alternatif tıp tekniklerinin kanser tedavisindeki yeri nedir?']","Kadınların kemoterapi aldıkları sırada ve sonrasında, kadın doğum muayenelerini aksatmamaları da önemlidir. Doğum sonrasında kanser tespit edilen kişilerin de kemoterapi esnasında bebeğini emzirmesi söz konusu değildir. Kemoterapinin cilt ve tırnaklara etkisi nedir? Kemoterapi sürecinde ciltte; ender de olsa kızarma, kaşınma, soyulma, kuruluk ve sivilce gibi önemli olmayan sorunlar görülebilir. Cilt ve tırnakların renginde değişiklikler olabilir. Tırnaklar kolay kırılabilir ve üzerlerinde çizgilenmeler oluşabilir. Kemoterapi verilen damarlarda oluşan renk koyulaşması önemli değildir. Tedavi tamamlandıktan 1-2 ay sonra bu görünüm de kaybolacaktır. Cilt problemlerine karşı alınabilecek önlemler nelerdir? - Cildinizde aşırı kararma olabileceği için kemoterapi alırken aşırı güneşlenmeyin. - Sivilce oluşursa cildinizi temiz ve kuru tutun. - Ciltte kuruma oluyorsa sıcak ve uzun banyo yerine, kısa ve ılık banyolar tercih edin. - Banyo sonrası nemlendirici krem ve losyonlar kullanın. - Tırnaklarınızı korumak için gerektiğinde eldiven kullanın. Tamamlayıcı ve alternatif tıp tekniklerinin kanser tedavisindeki yeri nedir? Alternatif ya da tamamlayıcı tıp uygulayıcılarının en önemli söylemi modern ilaçların sentetik olduğu, hastalara faydadan çok zarar verdiği, buna karşın doğal ürünlerin daha güvenli ve hastaya şifa sunduğu şeklindedir."
doc_0438,doc_0438_parent_001,doc_0438_parent_001_child_001,Zahter Nedir? Zahter Faydaları Nelerdir?,https://www.memorial.com.tr/saglik-rehberi/zahterin-faydalari-nelerdir,317,8,7,False,"['Zahter Nedir?', 'Zahter Ne İşe Yarar?', 'Zahter Neye İyi Gelir?', 'Zahterin Faydaları Nelerdir?', 'Zahter Nasıl Kullanılır?', 'Zahterin Yan Etkisi Var mıdır?', 'Zararları Nelerdir?', 'Zahter Hakkında Sıkça Sorulan Sorular Zahter Nedir?']","'Zaatar' olarak bilinen 'Zahter' bitkisinin kurutulmuş formu bitki çayı ve baharat çeşidi olarak kullanımı oldukça yaygındır. Geleneksel tıpta birçok biyolojik etkilerinden dolayı sıkça tercih edilmektedir. Kekik türevi olarak adlandırılan bitkinin içerdiği uçucu yağlar nedeniyle gıda aroması, soslar, likör, parfümeri sektöründe de hammadde üretimi dikkat çeker. - Zahter Nedir? - Zahter Ne İşe Yarar? - Zahter Neye İyi Gelir? - Zahterin Faydaları Nelerdir? - Zahter Nasıl Kullanılır? - Zahterin Yan Etkisi Var mıdır? Zararları Nelerdir? - Zahter Hakkında Sıkça Sorulan Sorular Zahter Nedir? Zahter, ballıbabagiller (Lamiaceae) familyasının Tymbra spicata türüne ait olan, Filistin ve Cezayir başta olmak üzere orta doğuda yetiştirilen halk arasında kara kekik olarak ifade edilen şifalı bir bitkidir. Yörelere göre zatar, zater, zağter, güyegi otu, sahter, sağter, sa'ter ve karabaş kekik olarak da isimlendirilir. Dünya üzerinde 3200 türü bulunurken Türkiye'de 400'e türü bulunur. Akdeniz ve Ege Bölgesinde endemik türleri yer alır, tropikal bölgelerde ya da ılıman alanlarda verimli gelişim gösterir. Bununla birlikte, Türkiye'nin hemen hemen her bölgesinde yetişmeye elverişlidir."
doc_0438,doc_0438_parent_001,doc_0438_parent_001_child_004,Zahter Nedir? Zahter Faydaları Nelerdir?,https://www.memorial.com.tr/saglik-rehberi/zahterin-faydalari-nelerdir,280,3,1,False,"['Zahter Nasıl Kullanılır?', 'Zahter Nasıl Tüketilir?', 'Zahter Çayı Nasıl Yapılır?']","- Cilt üzerinde detoks özelliği sergileyerek sivilce, cilt problemleri, cilt kusurları ve lekelerin oluşmasında önleyici olarak destekler. - Bitkinin yağ formunun harici kullanımlarda saç foliküllerini besleyerek saç dökülmesinin önüne geçilmesinde yardımcıdır. Zahter Nasıl Kullanılır? Zahter bitkisinin kozmetik sektöründe destilasyon yöntemi ile uçucu bileşenler saflaştırılarak ağrı kesici krem olarak tercih edilebilir. Gıda olarak aromatik zenginliği ile baharat olarak gıdayı lezzetlendirmek amacıyla kullanılabilir. Zahter tozu ara sıcak ya da ara soğuk menülerde salatalarda sıkça tercih edilir. Baharat zenginliği ile içecekleri tatlandırmak usulü kullanılabilir. Zahter Nasıl Tüketilir? Zahter bitkisinin yağı ya da ekstrakt haline getirilerek hammadde ürüne dönüştürülebilir. Bu durumdan hareketle, bitki özünü tozu, tableti, kapsülü, sıvı formu, çayı ve aroması kullanılabilir. Zahter Çayı Nasıl Yapılır? Bir tatlı kaşığı kurutulmuş bitkinin otunu kaynatma haznesine ilave edilir. Kaynatılan suyun 6-7 dakika kadar çayın demlenmesi sağlanır. Bardağa koyulmadan önce süzgeçten geçirilir, ilk su boşatılır ve bir sonraki su bardağa koyulur."
doc_0438,doc_0438_parent_002,doc_0438_parent_002_child_001,Zahter Nedir? Zahter Faydaları Nelerdir?,https://www.memorial.com.tr/saglik-rehberi/zahterin-faydalari-nelerdir,231,3,1,False,"['Zahter Hakkında Sıkça Sorulan Sorular Zahter nasıl yenir?', 'Zahter ne kadar tüketilmeli?', 'Zahter çayını kimler kullanmamalı?']","Bitkinin baharatı ve zenginleştirilmiş özütü sıklıkla kullanırken günlük kullanım dozu aşıldığında bazı yan etkiler oluşturabilir. Güçlü bir baharat özelliği göstermesi nedeniyle günlük tüketimlerine dikkat edilmesi önerilir. Kişiden kişiye değişebilecek bazı negatif etkiler aşağıdaki gibi olabilir: - Guatr hastaları kullanımında doktora danışması tavsiye edilir. - Hamile ve emziren annelere kullanımı tavsiye edilmemektedir. - Alerjik etkilere, ciddi kronik hastalıklara ve düzenli ilaç kullanımına sahip kişiler doktoruna danışılması tavsiye edilir. - Aşırı tüketildiğinde ateş yükselmesi, ishal ve sindirim problemlerine neden olabilir. Zahter Hakkında Sıkça Sorulan Sorular Zahter nasıl yenir? Aromatik ve tatlandırıcı etkisi ile baharat olarak yemeklerde, kahvaltılarda kurutulmuş formu tüketilebilir. Zahter ne kadar tüketilmeli? Günlük kullanım dozları ortalama olarak 1 tatlı kaşığı ölçekte tercih edilmesi önerilir. Zahter çayını kimler kullanmamalı? Hamile ve emziren anneler, kanser tedavisi gören kişilere kullanımı önerilmez."
doc_0439,doc_0439_parent_001,doc_0439_parent_001_child_002,Rahim İltihabı,https://www.memorial.com.tr/saglik-rehberi/rahim-iltihabi,291,2,2,False,"['Rahim iltihabı nedenleri nelerdir?', 'Tüberküloz Rahim iltihabı teşhisi nasıl yapılır?']","- Ağrılı, sık veya zor idrara çıkma bazen rahim iltihabı belirtisi olabilmektedir. - Nadir de olsa kabızlık, karında şişkinlik gibi şikayetler rahim iltihabı belirtisi olabilir. Rahim iltihabı nedenleri nelerdir? Rahim iltihabı veya rahim zarının iltihaplanması yani endometrit farklı nedenlerle ortaya çıkabilir. Serviks yani rahmin vajinaya bağlanan boyun şeklindeki kısım bakterilere karşı genellikle rahmi korumaktadır. Ancak bazı durumlarda bakteriler serviksi aşarak rahim iltihabına neden olabilmektedir. Rahim iltihabı nedenleri şu şekilde sıralanmaktadır. - Cinsel yolla bulaşan halk arasında bel soğukluğu olarak bilinen Gonore bakterisinin yol açtığı enfeksiyon rahim iltihabının nedenleri arasında en sık görülenidir. - Cinsel yolla bulaşan bir başka enfeksiyon olan Klimidya enfeksiyonu da rahim iltihabı nedenleri arasındadır. - Rahim iltihabı nedeni daha çok cinsel yolla bulaşan hastalıklar olmakla beraber bazen düşük, kürtaj, adet dönemi gibi durumlar rahim ağzını oluşturan normal bariyerin bozulması da rahim iltihabı nedeni olabilmektedir. - Nadir olarak rahim içi cerrahi veya rahim içinin görüntülenmesi için kullanılan cihazlarda rahim iltihabı nedeni olabilir. - Tüberküloz Rahim iltihabı teşhisi nasıl yapılır?"
doc_0439,doc_0439_parent_001,doc_0439_parent_001_child_003,Rahim İltihabı,https://www.memorial.com.tr/saglik-rehberi/rahim-iltihabi,303,3,2,False,"['Tüberküloz Rahim iltihabı teşhisi nasıl yapılır?', 'Kan ve idrar testleri - Ultrason Rahim iltihabı tedavisi nasıl yapılır?', 'Rahim iltihabi hakkında sık sorulan sorular Rahim İltihabı Bitkisel Tedavisi Var mıdır?']",- Tüberküloz Rahim iltihabı teşhisi nasıl yapılır? Kadın hastalıkları ve doğum uzmanı bir doktorun yapacağı muayene ile birlikte rahim iltihabı teşhisi için bazı tetkikler gerekebilmektedir. - Smear testi - Kolposkopi - Cinsel yolla bulaşan hastalıkların varlığını belirlemek için rahim ağzından örnekler anılarak laboratuvarda incelenebilir. - Kan ve idrar testleri - Ultrason Rahim iltihabı tedavisi nasıl yapılır? Rahim iltihabı veya rahim zarının iltihaplanmasıyla ortaya çıkan endometrit tedavisi ilaçtır. Kadın hastalıkları ve doğum doktorunun muayenesi ve teşhisinin ardından hastanın durumuna uygun görülen antibiyotik tedavisi kullanılır. Hastanın durumuna göre rahim iltihabının tedavisinde bir veya birden fazla ilaç kullanılabilir. Hastanın ilaç kullanımından birkaç gün sonra kendisini iyi hissetmesi durumunda bile antibiyotik tedavisi yarım bırakılmamalıdır. Bazı durumlarda hastanın partnerinin de tedavi edilmesi gerekebilir. Hastanın partnerinin herhangi bir şikayeti olmasa bile tedavi olması gerekebilmektedir. Rahim iltihabı tedavisi devam ettiği sürece cinsel ilişkiden uzak durulmalıdır. Hamile veya ilaç tedavisine rağmen durumunda düzelmeye görülmeyen hastaların hastanede yatırılmaları gerekebilir. Rahim iltihabi hakkında sık sorulan sorular Rahim İltihabı Bitkisel Tedavisi Var mıdır? Rahim iltihabının tedavisi antibiyotik ve ilaç tedavisidir.
doc_0439,doc_0439_parent_002,doc_0439_parent_002_child_001,Rahim İltihabı,https://www.memorial.com.tr/saglik-rehberi/rahim-iltihabi,317,4,1,False,"['Rahim İltihabı Adet Düzensizliği Yapar mı?', 'Rahim İltihabı Ameliyatı Var mıdır?', 'Rahim İltihabı Bacak Ağrısı Yapar mı?', 'Rahim İltihabı İdrar Tahlilinde Çıkar mı?']","- Halk arasında dış gebelik olarak bilinen ektopik gebelik riski artabilir. - Kronik pelvik ağrı - Yumurtalık apsesi - Kan dolaşım enfeksiyon septisemi ve septik şoka neden olabilir. Rahim İltihabı Adet Düzensizliği Yapar mı? Adet düzensizliği ve adet gecikmesi birçok nedeni bulunmaktadır. Rahim iltihabı, endometrit veya Endometriozis gibi rahatsızlıklar adet düzensizliğine neden olabilmektedir. Rahim İltihabı Ameliyatı Var mıdır? Rahim iltihabının genel olarak tedavisi ilaç ve antibiyotiktir . Rahim iltihabında ameliyat şu durumlarda yapılabilir; . - İltihabın bulunduğu apsenin patlama ihtimali varsa cerrahi işlemle apse boşaltılabilir. - Doğumdan veya düşükten sonra rahimde kalan doku nedeniyle rahim iltihabı gerçekleşmişse ameliyat tercih edilebilir. Rahim İltihabı Bacak Ağrısı Yapar mı? Rahim iltihabının belirtileri arasında pelvik ağrı ilk sıralarda bulunmaktadır. Bazı durumlarda karın alt bölgesinde yaşanan ağrı yayılarak bacaklarda da görülebilmektedir. Rahim İltihabı İdrar Tahlilinde Çıkar mı? Rahim iltihabı teşhisinde kadın hastalıkları ve doğum uzmanı doktorun muayenesi önemlidir. Muayeneye ek olarak teşhisi netleştirmek için tetkikler istenebilir. Tam kan ve idrar tahlili de rahim iltihabı teşhisinde kullanılan tetkiklerin arasındadır."
doc_0439,doc_0439_parent_002,doc_0439_parent_002_child_002,Rahim İltihabı,https://www.memorial.com.tr/saglik-rehberi/rahim-iltihabi,318,8,0,False,"['Rahim iltihabı Böbrek Ağrısı Yapar mı?', 'Rahim İltihabı Cinsel İsteksizlik Yapar mı?', 'Rahim İltihabı Düşüğe Neden olur mu?', 'Rahim Filminde İltihap Belli Olur mu?', 'Rahim İltihabı Kendiliğinden Geçer mi?', 'Rahim İltihabı Kasık Ağrısı Yapar mı?', 'Rahim İltihabı Kısırlık Yapar mı?', 'Rahim İltihabı Koku Yapar mı?']",Tam kan ve idrar tahlili de rahim iltihabı teşhisinde kullanılan tetkiklerin arasındadır. Rahim iltihabı Böbrek Ağrısı Yapar mı? Rahim iltihabında enfeksiyon karın zarına yayılmışsa hastalarda böbrek ağrısı yaşanabilmektedir. Rahim İltihabı Cinsel İsteksizlik Yapar mı? Rahim iltihabının yapışıklık yaptığı durumlarda ağrı yaşanabilmektedir. Yaşanan ağrı da cinsel isteksizliğe yol açabilmektedir. Rahim İltihabı Düşüğe Neden olur mu? Rahim iltihabı rahim içinde yapışıklık yapmış ise düşüğe sebep olabilir. Rahim Filminde İltihap Belli Olur mu? Rahim filmi iltihap var iken çekilmez. İltihabı yayabilir. İltihabın yapmış olduğu sekel rahim filminde gözükebilir. Rahim İltihabı Kendiliğinden Geçer mi? Rahim iltihabı hafif düzeyde ise kendiliğinden geçebilmektedir. Ancak ileri düzeydeki iltihap için tedavi şarttır. Tedavi edilmez ise sepsis gelişebilir. Rahim İltihabı Kasık Ağrısı Yapar mı? Rahim iltihabı makata doğru vuran kasık ağrısı yapabilir. Rahim İltihabı Kısırlık Yapar mı? Rahim iltihabı rahim içini ve tüpleri etkilemiş ise kısırlığa sebep olabilir. Rahim İltihabı Koku Yapar mı? Rahim iltihabı vajinal akıntı ile birlikte ise koku olabilmektedir.
doc_0439,doc_0439_parent_002,doc_0439_parent_002_child_003,Rahim İltihabı,https://www.memorial.com.tr/saglik-rehberi/rahim-iltihabi,147,5,0,False,"['Rahim İltihabı Koku Yapar mı?', 'Rahim İltihabı Muayenesi Nasıl Yapılır?', 'Rahim İltihabı Ultrasonda Belli olur mu?', 'Rahim İltihabı Sivilce Yapar mı?', 'Rahim İltihabı Kanama Yapar mı?']",Rahim İltihabı Koku Yapar mı? Rahim iltihabı vajinal akıntı ile birlikte ise koku olabilmektedir. Rahim İltihabı Muayenesi Nasıl Yapılır? Rahim iltihabının muayenesi jinekolojik muayene şeklinde olmaktadır. Rahim İltihabı Ultrasonda Belli olur mu? İltihap seviyesinde ise ultrason yardımcı olmamaktadır. Ancak apse gelişmiş ise yardımcı olabilir. Rahim İltihabı Sivilce Yapar mı? Rahim iltihabı sivilceye neden olmamaktadır. Rahim İltihabı Kanama Yapar mı? Rahim iltihabı; - Adet düzensizliği - Adet azlığı - Aşırı kanamaya sebep olabilir.
doc_0444,doc_0444_parent_002,doc_0444_parent_002_child_004,Bel Ağrısı Neden Olur? Bel Ağrısına Ne İyi Gelir?,https://www.memorial.com.tr/saglik-rehberi/bel-agrisi,292,5,0,False,"['Bel Ağrısı Hakkında Sıkça Sorulan Sorular Ani bel ağrısı neden olur?', 'Bel ağrısı ne zaman tehlikeli?', 'Bel ağrısına hangi bölüm bakar?', 'Bel ağrısı nasıl geçer?', 'Bel ağrısında oturmak mı uzanmak mı iyi gelir?']","Bu tedavilerin işe yaramadığı veya daha şiddetli bel ağrısı vakalarında cerrahi bir operasyon da gerekebilir. Kortizon enjeksiyonları, radyofrekans ablasyonu ve deri altına implante edilen cihazlara başvurulacağı gibi özellikle bel fıtığı gibi durumların neden olduğu bel ağrısı sorunlarında ameliyat söz konusu olabilir. Bel Ağrısı Hakkında Sıkça Sorulan Sorular Ani bel ağrısı neden olur? Aşırı kilo, hareketsiz yaşam, sigara tüketimi, ağır kaldırma ve sporcu yaralanmalarıyla birlikte uzun süre aynı pozisyonda oturmak da ani bel ağrısı geliştirebilir. Bel ağrısı ne zaman tehlikeli? Doğal yöntemler uygulanarak iyileşen bel ağrıları 2-3 gün şiddetli bir şekilde sürüyorsa doktora danışmanız tavsiye edilir. Bel ağrısına hangi bölüm bakar? Bel ağrısı için beyin ve sinir cerrahisi (nöroşirürji) bölümü doktorlarından randevu alabilirsiniz. Ayrıca fizik tedavi ve ortopedi bölümü doktorlarına da bel ağrısı şikayetleri için başvurulabilir. Bel ağrısı nasıl geçer? Kasları hareket ettirmek için egzersiz yapmak, bel ağrısına neden olan duruş pozisyonlarından kaçınmak, soğuk kompres uygulamak, masaj yapmak ve yüksek topuklu ayakkabı kullanmaktan kaçınmak bel ağrısıni geçirmek için uygulanabilecek yöntemler arasındadır. Bel ağrısında oturmak mı uzanmak mı iyi gelir? Bel ağrısı yaşandığında ağrıyı azaltmak için uzanmak daha iyi bir tercihtir."
doc_0445,doc_0445_parent_001,doc_0445_parent_001_child_001,Dışkıda gizli kan testi nedir? Ne için yapılır?,https://www.memorial.com.tr/tani-ve-testler/diskida-gizli-kan-testi-nedir-ne-icin-yapilir,315,6,5,False,"['Mustafa Kaplan - Dışkıda gizli kan testi nedir?', 'Dışkıda kan testi ne için yapılır?', 'Dışkıda kan testi hangi durumda pozitif çıkar?', 'Dışkıda kan testi her zaman doğru çıkar mı?', 'Dışkıda kan testi konusunda nelere dikkat edilmeli?', 'Dışkıda gizli kan testi nedir?']","Sindirim sistemini etkileyen bazı kanser türleri ile bazı sindirim sistemi sorunları dışkıdaki gizli kan ile kendini belli ediyor. Kolon ve rektum kanseri olarak bilinen kolorektal kanserler ile yemek borusu, mide ve ince bağırsak kaynaklı kanamaları belirlemek için kullanılan dışkıda gizli kan testi, hayati önem taşıyor. Özellikle nedeni bulunamayan demir eksikliğine bağlı kansızlığı olanlarda da dışkıda kan testi tarama amacıyla kullanılıyor. Memorial Kayseri Hastanesi Gastroenteroloji Bölümü’nden Doç. Dr. Mustafa Kaplan , dışkıda gizili kan testi ile ilgili bilgi verdi. Memorial Kayseri Hastanesi Gastroenteroloji Bölümü’nden Doç. Dr. Mustafa Kaplan - Dışkıda gizli kan testi nedir? - Dışkıda kan testi ne için yapılır? - Dışkıda kan testi hangi durumda pozitif çıkar? - Dışkıda kan testi her zaman doğru çıkar mı? - Dışkıda kan testi konusunda nelere dikkat edilmeli? Dışkıda gizli kan testi nedir? Dışkıda gizli kan testi yani gaitada gizli kan testi (GGK), dışkıdaki kanın varlığını belirlemek için kullanılmaktadır. Gizli kan, dışkılama yapıldıktan sonra tuvalette veya tuvalet kağıdında çıplak gözle görülmeyen dışkıda bulunan kan anlamına gelmektedir. Dışkıdaki kan, sindirim sisteminde muhtemelen gizli bir kanama olduğuna işaret eder. Bu test kalın bağırsak yani ‘kolorektal’ kanserinin bir belirtisi olabilir."
doc_0446,doc_0446_parent_001,doc_0446_parent_001_child_004,Radikülopati Nedir? Radikülopati Belirtileri Nelerdir?,https://www.memorial.com.tr/saglik-rehberi/radikulopati-nedir,314,3,0,False,"['Elektromiyografi (EMG): Radikülopati Nasıl Tedavi Edilir?', 'Radikülopati Hakkında Sık Sorulan Sorular Radikülopatiyi nasıl önlenir?', 'Radikülopati ne kadar sürer?']","Bu, bir sinirin olması gerektiği gibi çalışıp çalışmadığını belirlenmesini sağlar. Elektromiyografi (EMG): Radikülopati Nasıl Tedavi Edilir? Radikülopati tedavisi, radikülopatinin türüne göre farklılık gösterir. Teşhisin konulmasının ardından belirtilerin şiddeti de göz önünde bulundurularak tedavi yöntemleri uygulanabilir. Bazı kişilerde semptomlar birkaç gün veya hafta içinde kendiliğinden düzelebilir. Bu noktada tedaviye ihtiyaç duyulmaz. Tedaviye ihtiyaç duyulduğu durumda şu yöntemler uygulanır: Soğuk ya da sıcak uygulaması Uzman doktor, şişliğin azalmasını sağlamak veya gergin kasları gevşetmek için sırta soğuk ya da sıcak uygulama yapılabilir. Fizik tedavi Egzersiz ve esneme hareketleriyle beraber omurga etrafındaki baskı hafifletilmeye çalışılır. Genel duruşu iyileştirmek ve semptomlarında azalmasına yardımcı olmak için fizik tedaviden yararlanılır. Radikülopati Hakkında Sık Sorulan Sorular Radikülopatiyi nasıl önlenir? Radikülopati, travma, yaralanma ya da düşme nedeniyle oluştuğunda engellenemez. Fakat omurga sağlığını korumak ve doğru duruşu sağlamak için önlemler alınabilir. Radikülopati ne kadar sürer? Radikülopatinin süresi oluştuğu nedene ve tipine bağlı olarak farklılık gösterir. Kişinin durumu ilerlememiş ise birkaç hafta içinde kendiliğinden iyileşebilir. Şiddetli semptomlar olduğu durumda tedavi süresi uzayabilir."
doc_0447,doc_0447_parent_001,doc_0447_parent_001_child_002,Reye Sendromu Nedir?,https://www.memorial.com.tr/hastaliklar/reye-sendromu-nedir,307,3,0,False,"['Reye sendromu tanısı nasıl konulur?', 'diğer ayırıcı tanılara yönelik aşağıdaki yöntemlerden de yararlanılabilir: • Beyin BT veya MR görüntülemesi • Lomber ponksiyon • Karaciğer biyopsisi Reye sendromu tedavisi nasıldır?', 'Reye sendromu hakkında sıkça sorulan sorular Reye sendromu nedenleri nelerdir?']","Karaciğerde büyüme ve yağlanma, karaciğer enzimlerinde ve amonyak düzeylerinde yükselme, sarılığın genelde eşlik etmediği karaciğer yetersizliği görülür. Ayrıca kalp ve böbrek yetmezliği de tabloya eşlik edebilmektedir. Reye sendromu tanısı nasıl konulur? Reye sendromunun tanısında özel bir test yoktur. Genelde iyi bir hastalık öyküsü ve klinik muayenenin ardından şüphe edildiği durumlarda kan ve idrar tahlilleri yapılmaktadır. Ek olarak, diğer ayırıcı tanılara yönelik aşağıdaki yöntemlerden de yararlanılabilir: • Beyin BT veya MR görüntülemesi • Lomber ponksiyon • Karaciğer biyopsisi Reye sendromu tedavisi nasıldır? Reye sendromunun özel bir tedavisi bulunmamaktadır. Oluşan bulgulara yönelik destek tedavisi uygulanmaktadır ve hastalığın ağırlık durumuna göre yoğun bakım izlemi gerekebilmektedir. Beyin ödemine bağlı artmış kafaiçi basınç ölümcül olabilen ciddi komplikasyonlardan biridir. Reye sendromu hakkında sıkça sorulan sorular Reye sendromu nedenleri nelerdir? Bilinen en sık nedeni viral üst solunum yolu enfeksiyonları sırasında, özellikle de influenza gribi ve suçiçeği hastalığı sırasında, aspirin kullanımıdır. Bunun dışında ise bildirilen spesifik bir neden bulunamamıştır. Altta yatan bazı doğumsal metabolik hastalıklarda Reye sendromuna yakalanma riski artmıştır veya Reye benzeri sendromlar görülebilmektedir."
doc_0447,doc_0447_parent_001,doc_0447_parent_001_child_003,Reye Sendromu Nedir?,https://www.memorial.com.tr/hastaliklar/reye-sendromu-nedir,212,3,0,False,"['Reye sendromundan korunmak için neler yapılmalıdır?', 'Reye sendromu kaç yaşında görülür?', 'Reye sendromunda aspirin kullanımı nasıl olmalıdır?']","Altta yatan bazı doğumsal metabolik hastalıklarda Reye sendromuna yakalanma riski artmıştır veya Reye benzeri sendromlar görülebilmektedir. Reye sendromundan korunmak için neler yapılmalıdır? Reye sendromunun önlenmesi açısından yapılabilecek en önemli şey özellikle üst solunum yolu enfeksiyonu geçirmekte olan çocuklarda aspirin kullanımından kaçınmaktır. Çeşitli hastalıklar nedeniyle düzenli aspirin kullanması gereken hastalarda ise, özellikle suçiçeği ve influenza gribi için aşılama çok önemlidir. Reye sendromu riski artmış doğumsal metabolik hastalık tanısı olan çocukların ise aspirin kullanımından özellikle kaçınması önemlidir. Reye sendromu kaç yaşında görülür? Erişkinlerde dahi çok nadir görülebilmekle beraber en sık 4-12 yaşlar arasında çocukluk çağında görülür. Reye sendromunda aspirin kullanımı nasıl olmalıdır? Reye sendromunun önlenmesi dikkat edilmesi gereken en önemli nokta, özellikle üst solunum yolu enfeksiyonu geçirmekte olan çocuklarda aspirin kullanımından kaçınmaktır."
doc_0453,doc_0453_parent_002,doc_0453_parent_002_child_002,Gebelik Zehirlenmesi (Preeklampsi) Nedir? Belirtileri ve Nedenleri,https://www.memorial.com.tr/saglik-rehberi/gebelik-zehirlenmesi-preeklampsi,313,3,0,False,"['Gebelik zehirlenmesi nasıl anlaşılır?', 'Gebelik Zehirlenmesi (Preeklampsi) komplikasyonları nelerdir?', 'Gebelik zehirlenmesi dekolman riskini artırır mı?']","Gebelik zehirlenmesi (preeklampsi), yüksek tansiyon ile karakterize olan ciddi bir hamilelik komplikasyonu olarak tanımlanır. Gebelik zehirlenmesi nasıl anlaşılır? Şiddetli baş ağrısı, bulanık görme, mide bulantısı, kusma, el, ayak ve yüzde şişlik, tansiyonda yükselme, nefes darlığı, bilinç kaybı, sağ üst karın ağrısı ve vajinal kanama gebelik zehirlenmesinin belirtileridir. Bu belirtiler varsa doktora görünülmesi gerekmektedir. Gebelik Zehirlenmesi (Preeklampsi) komplikasyonları nelerdir? Gebelik zehirlenmesi plasentaya giden kan akımında azalma nedeniyle bebeğe yeterli oksijen ve besin ulaşamadığı için gelişme-büyüme geriliğine sebep olabilir. Preeklampsinin asıl tedavisi doğumdur. Bu nedenle gebelik haftası annenin ve bebeğin belirtileri değerlendirildikten sonra doğumun erken dönemde (37 haftadan önce) yaptırılması gerekebilir. Bu durumda prematüriteye bağlı olarak bebekte solunum, beslenme zorlukları, görme-işitme problemleri, doğum sonrası gelişme gerilikleri, serebral palsi gibi durumların oluşma riski artar. Gebelik zehirlenmesi dekolman riskini artırır mı? Preeklamptik gebelerde plasentanın rahim duvarından erken ayrılması anlamına gelen dekolman riski artmaktadır. Bu durum aşırı kanama ile anne ve bebek hayatını tehlikeye sokabilir."
doc_0453,doc_0453_parent_002,doc_0453_parent_002_child_003,Gebelik Zehirlenmesi (Preeklampsi) Nedir? Belirtileri ve Nedenleri,https://www.memorial.com.tr/saglik-rehberi/gebelik-zehirlenmesi-preeklampsi,258,3,0,False,"['Gebelik zehirlenmesinde HELLP sendromu gelişir mi?', 'Gebelik zehirlenmesinde nöbet veya koma tehlikesi var mı?', 'Gebelik zehirlenmesinde doğum sonrası dönemde nelere dikkat edilmelidir?']","Bu durum aşırı kanama ile anne ve bebek hayatını tehlikeye sokabilir. Gebelik zehirlenmesinde HELLP sendromu gelişir mi? Annede kırmızı kan hücrelerinin yıkımı, karaciğer enzimlerinin yükselmesi ve kan pulcuklarının düşüşü ile seyreden anne ve bebek hayatını tehlikeye sokabilecek HELLP sendromu gelişebilir. Gebelik zehirlenmesinde nöbet veya koma tehlikesi var mı? Annede doğum öncesi dönemde, doğum sırasında veya sonrasında eklampsi olarak adlandırılan nöbet veya koma durumu gelişebilir. Preeklampsinin ağırlığına göre değişen düzeylerde annede böbrek, karaciğer, akciğer, kalp, göz hasarı; inme veya beyin hasarı oluşabilir. Gebeliğinde preeklampsi gelişen gebelerin ilerleyen dönemde kalp-damar hastalığı riski de artabilir. Gebelik zehirlenmesinde doğum sonrası dönemde nelere dikkat edilmelidir? Doğum sonrası dönemde de anne kan basıncı takip edilmelidir. Baş ağrısı, görme bozuklukları (bulanık görme), epigastrik bölgede( karın üst orta bölgesi) şiddetli ağrı, bulantı-kusma gibi preeklampsi belirtileri açısından tetikte olunmalıdır."
doc_0456,doc_0456_parent_001,doc_0456_parent_001_child_004,Diş Eti Çekilmesi (Periodontitis) Belirtileri Nelerdir? Diş Eti Çekilmesine Ne İyi Gelir?,https://www.memorial.com.tr/hastaliklar/dis-eti-cekilmesi-nedir-dis-eti-cekilmesi-tedavisi,300,3,0,False,"['Diş Eti Çekilmesinin (Periodontitis) Tanısı Nasıl Konulur?', 'Diş Eti Çekilmesi Tedavisi İçin Hangi Doktora Gidilmelidir?', 'Diş Eti Çekilmesinin Tedavisi Nasıl Yapılır?']","- Kalp ilaçları, antidepresan ve doğum kontrol hapları gibi ilaçların kullanılması - Hamilelik ve menopoz gibi hormonal değişiklikler diş eti çekilmesine (periodontitis) neden olur. Diş Eti Çekilmesinin (Periodontitis) Tanısı Nasıl Konulur? Periodontoloji tedavisi, yani diş eti hastalıklarının tedavisinde en önemli unsur öncelikle doğru tanı konulmasına bağlıdır. Bu amaçla hastadan alınan ön bilgi (anamnez), klinik muayene ve radyografik değerlendirmelerden faydalanılır. Diş Eti Çekilmesi Tedavisi İçin Hangi Doktora Gidilmelidir? Diş etlerinizde gözle görülür bir şekilde çekilme fark ederseniz ya da diş sizlaması sorununuz varsa Periodontoloji Bölümü uzmanlarına gidebilirsiniz. Diş eti çekilmesinde erken tanı, tedavi sürecinin hızlı ilerlemesini sağlar. Diş Eti Çekilmesinin Tedavisi Nasıl Yapılır? Diş eti hastalıklarının oluşum nedenini, hastalığın ilerleyiş şeklini ve oluşabilecek sonuçları bilen bir hasta, diş eti hastalığının tedavisi aşamalarında daha bilinçli davranarak, sağlanacak başarıda oldukça etkili olacaktır. Hastalığın tedavisinde hekim hasta işbirliği çok önemlidir. Bakteri plağın zararlarını ve nasıl temizleneceğini bilen hastalarda tedavi başarısı çok daha yüksek olacaktır. Tedavide öncelikle dişlerin çevresindeki tüm diş taşları özel aletlerle ve ultrasonik cihazlarla temizlenir ve diş yüzeylerine parlatma (polisaj) işlemi yapılır."
doc_0456,doc_0456_parent_002,doc_0456_parent_002_child_004,Diş Eti Çekilmesi (Periodontitis) Belirtileri Nelerdir? Diş Eti Çekilmesine Ne İyi Gelir?,https://www.memorial.com.tr/hastaliklar/dis-eti-cekilmesi-nedir-dis-eti-cekilmesi-tedavisi,279,4,0,False,"['Diş Eti Çekilmesi ile İlgili Sık Sorulan Sorular Diş eti çekilmesinin diğer diş hastalıkları ile ilişkisi nedir?', 'Diş eti çekilmesi hangi vitamin eksikliğinden olur?', 'Diş eti çekilmesi ameliyatı nasıl yapılır?', 'Diş eti iltihabı nasıl geçer?']","Bunlarında yanında çene kemiği kaybı da gelişebilmektedir. Aynı zamanda diş eti çekilmesine neden olan bakteriler, dolaşım sistemine dahil olarak vücudun diğer alanlarını etkileyebilir. Diş eti çekilmesi tedavi edilmediği durumlarda ise dişteki dokular ve kemik ciddi oranda zarar görebilir. Bununla beraber diş kaybı gerçekleşebilmektedir. Diş Eti Çekilmesi ile İlgili Sık Sorulan Sorular Diş eti çekilmesinin diğer diş hastalıkları ile ilişkisi nedir? Diyabet gibi sistematik hastalıklar, genetik yatkınlık, yaşlılık, hormonal değişimler, stres, diş sıkma/gıcırdatma diş eti çekilmesinin risk faktörleri arasında yer almaktadır. Diş eti çekilmesi hangi vitamin eksikliğinden olur? Vücutta C vitamini eksikliği durumunda diş eti çekilmesi görülebilir. Diş eti çekilmesi ameliyatı nasıl yapılır? Diş eti çekilmesi ameliyatı flep ameliyatı olarak da bilinir ve ameliyat diş etlerinde küçük kesikler oluşturularak temizlenmesiyle meydana gelir. Diş etlerinde yer alan bakterilerin temizlenmesinin ardından kesikler dikilir. Diş eti iltihabı nasıl geçer? Diş eti iltihabının tedavisi derecesine göre detertraj, subgingival küretaj ve gerekirse ileri periodontal tedavi uygulamaları ve ilaç kullanımı ile yapılmaktadır."
doc_0456,doc_0456_parent_003,doc_0456_parent_003_child_001,Diş Eti Çekilmesi (Periodontitis) Belirtileri Nelerdir? Diş Eti Çekilmesine Ne İyi Gelir?,https://www.memorial.com.tr/hastaliklar/dis-eti-cekilmesi-nedir-dis-eti-cekilmesi-tedavisi,280,5,0,False,"['Diş eti beyazlaması neyin işaretidir?', 'Diş eti tedavisi ne kadar sürer?', 'Diş etlerini güçlendirmek için neler yapılabilir?', 'Diş taşı kendiliğinden düşer mi?', 'Bebeklerde diş eti morarmasının sebebi nedir?']","Tedavisi yapılmadığı takdirde ağız içinde bulunan kemikte yıkıma sebep olur ve bu durum periodontitis olarak adlandırılır. Gingivitis, diş eti tedavisi ile kısa sürede iyileşirken, periodontitis hastalarında kaybedilen dokular her zaman geri kazanılamayabilir. Bu hastalıkların önlenmesi; günlük olarak yapılan doğru ve etkin diş bakımı ile düzenli diş eti kontrolleri ile mümkündür. Diş eti beyazlaması neyin işaretidir? Dişeti beyazlaması sağlıksız diş etinin belirtisidir. Dişetinde çekilmeler ve gingivitis ya da ağız içi lezyonların belirtisi olabilir. Diş eti tedavisi ne kadar sürer? Dişeti tedavisinin süresi hastalığın ilerleme durumuna göre değişkenlik gösterir. Bu süre genellikle 1 ay ile 1 yıl arasında değişebilir. Diş etlerini güçlendirmek için neler yapılabilir? Dişetlerini güçlendirmek için ağız hijyeni çok iyi olmalıdır. Düzenli beslenme ve sağlıklı gıdaların tüketimi de her zaman önemlidir. Diş taşı kendiliğinden düşer mi? Diş taşı çok fazla biriktiyse kırılıp parçalanabilir. Bebeklerde diş eti morarmasının sebebi nedir? Bebeklerde diş çıkmasında zorluk varsa diş eti morarması görülebilir. Masajla diş eti rahatlatılır, eğer uzun sürerse ufak bir kesi ile bölge temizlenir."
doc_0457,doc_0457_parent_002,doc_0457_parent_002_child_001,Tetik Parmak Nedir? Tetik Parmak Egzersizleri ve Tedavisi,https://www.memorial.com.tr/hastaliklar/tetik-parmak-nedir,261,3,0,False,"['tritle mücadele edenler - Sürekli parmakları zorlayan tekrar hareketleri yapanlar (çiftçi, müzisyen) Tetik Parmak Hakkında Sık Sorulan Sorular Tetik parmak evde nasıl tedavi edilir?', 'Tetik parmak tehlikeli mi?', 'Tetik parmak ilerler mi?']","Tetik parmak riski daha yüksek olan kişiler şöyle sıralanabilir: Bazı kişilerde tetik parmak görülme riski daha yüksek olarak kabul edilir. Tetik parmak riski daha yüksek olan kişiler şöyle sıralanabilir: - 45 yaş üstü kadınlar - Şeker hastası olanlar - Hipotiroid hastaları - Romatoid artritle mücadele edenler - Sürekli parmakları zorlayan tekrar hareketleri yapanlar (çiftçi, müzisyen) Tetik Parmak Hakkında Sık Sorulan Sorular Tetik parmak evde nasıl tedavi edilir? Tetik parmağı evde tedavi etmek için önerilen yöntemler arasında dinlenmek, buz kompresi, splint uygulaması ve ve tetik parmak egzersizleri gösterilir. Tetik parmak tehlikeli mi? Tetik parmak genellikle kendiliğinden geçmesi ile bilinen ancak bazı vakalarında tıbbi müdahaleye ihtiyaç duyabilen bir sorundur. Genellikle herhangi bir tehlike unsuru taşımaz. Tetik parmak ilerler mi? Büyük bir tehlike içermeyen tetik parmak, daha şiddetli vakalarında tedavi edilmezse günlük hayatı olumsuz etkileyek hareket kısıtılılığına sebebiyet verebilir. Özetlemek gerekirse tetik parmağın etkilendiği parmağı çok sağlıklı bir şekilde hareket ettiremeyebilirsiniz."
doc_0458,doc_0458_parent_002,doc_0458_parent_002_child_001,VDRL Testi Nedir? VDRL Negatif ve Pozitif Ne Anlama Gelir?,https://www.memorial.com.tr/tani-ve-testler/vdrl-nedir,311,4,1,False,"['VDRL Testinin Riskleri Var mı?', 'şişlik, hassasiyet - İlgili damar bölgesinde morarma - Baş ağrısı veya baş dönmesi - Halsizlik - Nadir de olsa enfeksiyon VDRL Testi Hakkında Sık Sorulan Sorular VDRL RPR ne demek?', 'VDRL’nin açılımı nedir?', 'VDRL pozitif çıkarsa ne olur?']","VDRL Testinin Riskleri Var mı? VDRL testi rutin bir kan testidir ve genel olarak güvenli bir prosedür kabul edilir. Ancak rutin kan testlerinde ortaya çıkabilecek bazı yan etkileri barındırabilir. Ancak bunlar endişe edilecek etkiler değildir. VDRL testinde ortaya çıkabilecek olası yan etki veya riskler şöyledir: - Kan alınan bölgede şişlik, hassasiyet - İlgili damar bölgesinde morarma - Baş ağrısı veya baş dönmesi - Halsizlik - Nadir de olsa enfeksiyon VDRL Testi Hakkında Sık Sorulan Sorular VDRL RPR ne demek? VDRL (Venereal Disease Research Laboratory) ve RPR (Rapid Plasma Reagin) testleri, sifiliz (frengi) enfeksiyonunu taramak ve izlemek için kullanılan non-treponemal serolojik testlerdir. Her iki test de vücudun, sifiliz bakterisi Treponema pallidum ile enfekte olduğunda ürettiği antikorları tespit eder. VDRL’nin açılımı nedir? VDRL, Venereal Disease Research Laboratory’nin kısaltılmasıdır ve vücudun frengi hastalığına karşı ürettiği antikorları belirler. Testin pozitif çıkması, kişinin frengi hastası olduğunu anlamına gelebilir. VDRL pozitif çıkarsa ne olur? VDRL testinin pozitif çıkması, kişinin frengi hastası olduğu anlamını taşıyabilir veya hastalığın daha önceden geçirilmiş olmasını ifade edebilir."
doc_0460,doc_0460_parent_001,doc_0460_parent_001_child_001,Çarpık diş (çarpık diş) nedir? Nasıl düzelir?,https://www.memorial.com.tr/hastaliklar/carpik-dis-carpik-dis-nedir-nasil-duzelir,313,3,1,False,"['Çarpık diş nasıl düzeltilir?', 'Çarpık diş (yamuk diş) ile ilgili sık sorulan sorular Çarpık diş nedir?', 'Çarpık dişin nedenleri nelerdir?']","Çarpık dişlere sahip olmak estetik bir sorun gibi görünmekle birlikte, aslında çeşitli sağlık problemlerine neden olabiliyor. Bunlar arasında çene ekleminde yaşanan rahatsızlıklar ve diş sağlığında ortaya çıkan sorunlar bulunuyor. Çarpık diş sebepleri arasında genetik geçiş en önemli faktör olsa da, erken dönemde yapılan takip, tedavi ve önlemlerle bu durumun ortaya çıkması asgari düzeye indirilebiliyor. Diş çapraşıklığı çeşitli ortodontik tedavilerle, ortodontik tedavinin yapılmadığı durumlarda ise çeşitli dişeti tedavileri, dolgular ve protetik işlemlerle düzelebiliyor. Memorial Ankara Hastanesi Ağız ve Diş Sağlığı Bölümü’nden Dr. Dt. Nergiz Altuğ, çarpık diş (yamuk diş) ve tedavi yöntemleri ile ilgili bilgi verdi. Çarpık diş nasıl düzeltilir? - Çarpık diş (yamuk diş) ile ilgili sık sorulan sorular Çarpık diş nedir? Çene kemikleri üzerinde yerleşmesi gereken diş dizisinin çeşitli nedenlerle olması gerekenden farklı dizilimine çarpık diş (yamuk diş) denilmektedir. Çarpık dişin nedenleri nelerdir? Çarpık diş oluşumunun sebepleri arasında birçok faktör yer almaktadır. Bu nedenler şu şekilde sıralanabilir: Çene boyutu: Geçmişte yenilen yiyecekler sert ve işlenmemiş olduğu için daha fazla çiğneme ve daha güçlü bir çene yapısı gerektirirdi. Günümüzde ise birçok insanın tükettiği yumuşak ve işlenmiş gıdalar ise daha az çiğneme gerektirmektedir."
doc_0460,doc_0460_parent_002,doc_0460_parent_002_child_001,Çarpık diş (çarpık diş) nedir? Nasıl düzelir?,https://www.memorial.com.tr/hastaliklar/carpik-dis-carpik-dis-nedir-nasil-duzelir,305,3,0,False,"['Diş çarpıklığı nasıl teşhis edilir?', 'Çarpık diş tedavisi nasıl uygulanır?', 'Çarpık diş nasıl düzeltilir?']","Diş çarpıklığı nasıl teşhis edilir? Dişlerdeki yamukluğun tespit edilebilmesi için ortodontist, öncelikle fiziksel muayene gerçekleştirir. Bununa birlikte ne tür bir tedavinin gerekli olduğunu belirlemek için Röntgen çekimi isteyip, yüzün fotoğraflarını çekebilir. Ayrıca gerekli ölçüleri alır. Röntgen ile dişlerin ve diş köklerinin konumu ile diş etlerinde henüz çıkmamış dişler olup olmadığı belirlenir. Özel sefalometrik veya panoramik röntgenler dişlerin çenelerle ve çenelerin kafa ile ilişkisini gösterir. Çarpık diş tedavisi nasıl uygulanır? Çarpık diş nasıl düzeltilir? Çarpık diş, çeşitli ortodontik tedavilerle, ortodontik tedavinin yapılmadığı durumlarda ise çeşitli dişeti tedavileri, dolgular ve protetik işlemlerle düzeltilebilir. Özellikle diş teli tedavisi dişlerin ve diş etlerinin onları tutacak kadar güçlü olması koşuluyla, her yaştan hasta için uygun bir seçenektir. Çarpık diş tedavileri aşağıdaki şekilde sıralanmaktadır: Metal diş telleri: Bu tedavi yönteminde sabit metal braketler, bantlar ve esnek tel ile dişlere tutturulur. Bu yöntem karmaşık diş çarpıklığı olanlar için iyi bir seçenek olmaktadır. Metal diş telleri: Seramik diş telleri: Bu tedavi yönteminde seramik braketler ve bunları birbirine bağlayan ark telleri şeffaf veya diş renginde olduğu için metal braketler kadar göze çarpmamaktadır."
doc_0460,doc_0460_parent_002,doc_0460_parent_002_child_004,Çarpık diş (çarpık diş) nedir? Nasıl düzelir?,https://www.memorial.com.tr/hastaliklar/carpik-dis-carpik-dis-nedir-nasil-duzelir,284,6,0,False,"['Özgüven eksikliği: Çarpık diş kaç ayda düzelir?', 'Çarpık diş kimlerde daha çok görülür?', 'Çarpık diş oluşmaması için nelere dikkat edilmelidir?', 'Diş çarpıklığı genetik midir?', 'Kaç yaşından sonra diş teli takılır?', 'Diş çarpıklığının yoksulluk ve yeterli beslenememe ile ilişkisi var mıdır?']","-Özgüven eksikliği: Çarpık diş kaç ayda düzelir? Uygulanacak tedavinin şekli, hastanın yaşı ve bu sürece uyumu süreyi belirler. Çarpık diş kimlerde daha çok görülür? Çarpık dişler günümüz toplumunda çocuk / yaşlı ayrımı olmaksızın herkeste görülebilir. Çarpık diş oluşmaması için nelere dikkat edilmelidir? Dişlerin çarpık olup olmamasına en çok etki eden faktör genetik olsa da, çapraşık dişleri önlemek için alınabilecek bazı önlemler bulunmaktadır. Öncelikle diş hekiminin yapacağı düzenli kontroller ve ağız hijyeninin sağlanması çarpık diş oluşumunun önüne geçmede önem taşımaktadır. Bununla birlikte süt dişlerini kaybeden ve yetişkin dişleri büyüyen çocukların başparmaklarını emmesinin önüne geçmek, konuşma ve çiğnemenin düzgün bir şekilde ilerlemesini sağlamak bu önlemler arasında yer almaktadır. Diş çarpıklığı genetik midir? Diş çapraşıklığının oluşumunda genetik büyük bir etkendir. Kaç yaşından sonra diş teli takılır? 8 yaşından itibaren düzenli kontrollerinin yapılması gerekir. Her vaka için tedavi yaşı farklı olmaktadır. Diş çarpıklığının yoksulluk ve yeterli beslenememe ile ilişkisi var mıdır? Zamanından önce düşen ve yerleri korunamayan süt dişleri nedeniyle daimi dişlerde çarpıklıklar oluşabilir."
doc_0460,doc_0460_parent_002,doc_0460_parent_002_child_005,Çarpık diş (çarpık diş) nedir? Nasıl düzelir?,https://www.memorial.com.tr/hastaliklar/carpik-dis-carpik-dis-nedir-nasil-duzelir,99,3,0,False,"['Diş çarpıklığının yoksulluk ve yeterli beslenememe ile ilişkisi var mıdır?', 'Çarpık dişler kişiler üzerinde hangi kaygıları yaratır?', 'Yetişkinlik döneminde çarpık diş neden olur?']",Diş çarpıklığının yoksulluk ve yeterli beslenememe ile ilişkisi var mıdır? Zamanından önce düşen ve yerleri korunamayan süt dişleri nedeniyle daimi dişlerde çarpıklıklar oluşabilir. Çarpık dişler kişiler üzerinde hangi kaygıları yaratır? Çarpık dişler sebebiyle hastaların yaşadığı en büyük kaygı özgüven eksikliği olmaktadır. Yetişkinlik döneminde çarpık diş neden olur? Çapraşıklığın görüldüğü özel bir dönem yoktur.
doc_0460,doc_0460_parent_003,doc_0460_parent_003_child_001,Çarpık diş (çarpık diş) nedir? Nasıl düzelir?,https://www.memorial.com.tr/hastaliklar/carpik-dis-carpik-dis-nedir-nasil-duzelir,278,6,0,False,"['Çarpık dişler telsiz düzelir mi?', 'Çarpık diş için hangi bölüme gidilmelidir?', 'Çarpık diş kaplama ne kadar süre kullanılabilir?', 'Diş telleri acıtır mı?', 'Tırnak yemek çarpık dişlere neden olur mu?', 'Yetişkinlere diş teli takılabilir mi?']","Daimi dişlerin çıkmaya başladığı dönemde çapraşıklık başlıyorsa, yaş ilerledikçe çapraşıklıkta da artış olacaktır. Çarpık dişler telsiz düzelir mi? Şeffaf plaklar denilen apareylerle de ortodontik tedaviler yapılabilmektedir. Çarpık diş için hangi bölüme gidilmelidir? Bu dişlerin tedavisi için öncelikle ortodonti uzmanlarının muayenesi önerilir. Çarpık diş kaplama ne kadar süre kullanılabilir? Diş hekim dişlere protez yapmaya karar verdiyse, kişinin protezini kullanma süresi için yapılan protez materyali, kişinin alışkanlıkları ve en önemlisi de ağız hijyeni belirleyici olacaktır. Diş telleri acıtır mı? Dişlere tel takmanın hastaya bir zararı bulunmamaktadır. Bununla birlikte tellere ayar yapılmasını takip eden birkaç gün boyunca baskı sebebiyle rahatsızlık hissedilebilir. Ancak bu sürecin geçici olduğu bilinmelidir. Tırnak yemek çarpık dişlere neden olur mu? Stres, can sıkıntısı, heyecan veya alışkanlıklar tırnak yeme sebepleri arasında yer alır. Tırnak yemenin dişlerde kalıcı hasara, diş minesinin aşınmasına ve çarpık dişlere sebep olabileceği bilinmelidir. Yetişkinlere diş teli takılabilir mi? Diş telleri sadece gençler ve çocuklar için değildir, yetişkinlerde bu tedaviyi yaptırabilmektedir."
doc_0461,doc_0461_parent_001,doc_0461_parent_001_child_003,Fibrokistik Meme Nedir? Belirtileri Nelerdir?,https://www.memorial.com.tr/saglik-rehberi/fibrokistik-meme,314,3,0,False,"['Fibrokistik memede kaşıntı neden olur?', 'Fibrokistik memede ağrı neden olur?', 'Fibrokistik Meme Belirtileri Nelerdir?']","Akıntının göğüsü sıkmadan doğal olarak gelmesi beklenir. Tek bir göğüste oluşabileceği gibi iki göğüste de görülebilir, birçok kadın bu durumu iç çamaşırının lekelenmesi ile anlayabilir. Fibrokistik memede kaşıntı neden olur? Süt kanallarının şişmesi ve kitle oluşumuna benzer yapılar oluşturması göğüse baskı yapabilir. Bu durum cildin altında yağ ve cilt dokularını etkileyerek bölgesel kaşıntı semptomlarını tetikleyebilir. Bağ dokularının genişlemesine bağlı göğüs altı bölümde iltihaplanma artarsa fibrokistik memede kaşıntı düzeyinde artış gözlemlenebilir. Fibrokistik memede ağrı neden olur? Göğüste fibrotik değişimlere bağlı görülen başlıca semptom ağrıdır. Normal şartlarda menstrual döneme girmeden kadınlarda göğüslerde ağrı olağandır. Ancak devamlı göğüste ağrı hissediliyorsa fibrokistik meme ağrısı olarak adlandırılabilir. İçi sıvı dolu keselerin göğüs içinde büyümesi fibrokistik memede ağrının en temel nedenidir. Fibrokistik Meme Belirtileri Nelerdir? Fibrokistik meme, kadınlarda bu yapılar oluşmaya başlamış ve büyüme eğilimindeyse göğüs bölümünde hassasiyet, elle muayene yapılırken sert oluşumlar ile ağrı gibi belirtiler görülür. Özellikle cilde yakın fibrotik yapılar hastanın muayenesinde rahatça fark edilebilir, ayrıca bu yapılar yumuşak özelliğe sahip ve kolay hareket etmesi ile tipiktir. Çoğunlukla bu belirtiler iki göğüste de görülür."
doc_0462,doc_0462_parent_001,doc_0462_parent_001_child_001,Durian Meyvesi Nedir? Durian Meyvesi Faydaları Nelerdir?,https://www.memorial.com.tr/saglik-rehberi/durian-meyvesi,307,4,4,False,"['Durian Meyvesi Nedir?', 'Durian Meyvesinin Besin Değeri - Durian Meyvesi Faydaları Nelerdir?', 'Durian Meyvesinin Yan Etkisi Var mı?', 'Durian Meyvesi Hakkında Sık Sorulan Sorular Durian Meyvesi Nedir?']","Güney Asya bölgesine özgü ve diğer adıyla ‘meyvelerin kralı’ olarak bilinen durian meyvesi keskin ve kökü kokusuyla öne çıkan ancak besin değeri yüksek, aynı zamanda tatlı bir meyvedir. Lif, potasyum, C vitamini ve folat gibi hem vitamin hem de mineral açısından zengin bir meyve olan durian meyvesi sindirim sağlığını destekler, kalp sağlığına iyi gelir ve kilo kontrolü yapar. - Durian Meyvesi Nedir? - Durian Meyvesinin Besin Değeri - Durian Meyvesi Faydaları Nelerdir? - Durian Meyvesinin Yan Etkisi Var mı? - Durian Meyvesi Hakkında Sık Sorulan Sorular Durian Meyvesi Nedir? Durian meyvesi, Güney Asya bölgesine özgü, dikenli sert bir dış kabuğa sahip, kötü kokulu ancak tatlı bir tropikal meyvedir. Keskin kokusuyla öne çıkmasına rağmen besin değeriyle dikkat çeken durian meyvesi sağlık açısından birçok fayda barındırır. Durian meyvesi, lif, C vitamini , B vitamini, potasyum ve folat gibi bileşikler açısından zengindir. Bu bağlamda sağlık açısından birçok faydaya sahip bir meyve olan durian meyvesi olası hastalık gelişimine karşı koruma sağlayabilecek güçlü bir antioksidan ve iltihap önleyici yapıdadır. Durian Meyvesinin Besin Değeri Durian meyvesi, diğer birçok meyvenin aksine kalori ve yağ açısından biraz yüksektir."
doc_0462,doc_0462_parent_002,doc_0462_parent_002_child_001,Durian Meyvesi Nedir? Durian Meyvesi Faydaları Nelerdir?,https://www.memorial.com.tr/saglik-rehberi/durian-meyvesi,243,4,0,False,"['Durian Meyvesinin Yan Etkisi Var mı?', 'Durian Meyvesi Hakkında Sık Sorulan Sorular Durian nasıl tüketilir?', 'Durian meyvesi neye iyi gelir?', 'Durian meyvesi Türkiye’de yetişiyor mu?']","Durian Meyvesinin Yan Etkisi Var mı? Genel olarak güvenilir bir meyve kabul edilen durian, yüksek oranda potasyum içerdiği için böbrek hastalarına zarar verebilir ancak bu hastaların daha sağlıklı dönüş için doktoruna danışması gerekir. Ayrıca lif açısından zengin gıdalara alışık olmayan kişiler için de durian meyvesi şişkinlik, gaz ve ishal gibi yan etkiler ortaya çıkarabilir. Durian Meyvesi Hakkında Sık Sorulan Sorular Durian nasıl tüketilir? Durian meyvesi genellikle kabukları soyulup, çekirdekleri çıkarıldıktan sonra çiğ olarak tüketilir. Alternatif olarak da pilav başta olmak üzere farklı yemeklerin içine dahil edilebilir. Ayrıca kremsi yapısı ve tropikal tatlı tadı sayesinde dondurma, smoothie ve kek gibi tatlıların içinde de durian meyvesine rastlanabilir. Durian meyvesi neye iyi gelir? Durian meyvesi sindirim sistemini destekler, kalp sağlığına iyi gelir, kilo kontrolü yapar ve bağışıklığı güçlendirir. Durian meyvesi Türkiye’de yetişiyor mu? Güney Asya’ya özgü bir meyve olan durian, şartlar itibarıyla Türkiye’de yetişmez."
doc_0463,doc_0463_parent_001,doc_0463_parent_001_child_001,Yeşil Biberin Faydaları Nelerdir? Neye İyi Gelir?,https://www.memorial.com.tr/saglik-rehberi/yesil-biberin-faydalari,312,4,4,False,"['Yeşil Biberin Besin Değeri - Yeşil Biberde Bulunan Vitaminler Nelerdir?', 'Yeşil Biberin Faydaları Nelerdir?', 'Yeşil Biber Nasıl Tüketilmelidir?', '46 demir Yeşil Biberde Bulunan Vitaminler Nelerdir?']","Patlıcangiller familyasının Solanaceae cinsinden gelen yeşil biber çiğ, kavrulmuş, közlenmiş ve turşu gibi farklı şekillerde tüketilir. İçerdiği besin unsurlarıyla sağlık açısından birçok faydası olan yeşil biber sindirim, bağışıklık ve hatta göz için bile yararlıdır. Besin değeri de bir hayli zengin olan yeşil biber yüksek miktarda vitamin, mineral ve aminoasit içerir. Özellikle yüksek oranda C vitamini içermesiyle faydalı bir besin olarak kabul edilir. - Yeşil Biberin Besin Değeri - Yeşil Biberde Bulunan Vitaminler Nelerdir? - Yeşil Biberin Faydaları Nelerdir? - Yeşil Biber Nasıl Tüketilmelidir? - Yeşil Biberin Faydaları Hakkında Sık Sorulan Sorular Yeşil Biberin Besin Değeri Yeşil biberin faydaları içerdiği zengin besin değerine bağlıdır. Bu nedenle içerisinde bulunan bileşenlerle vücudu daha sağlıklı tutar. 100 gram yeşil biberin besin değeri aşağıda listelenmiştir: - 27 kcal - 6.32 g karbonhidrat - 1 g protein - 2 mg sodyum - 212 potasyum - 0.9 lif - 11 mg kalsiyum - 0.21 yağ - 200 IU A vitamini - 183.5 C vitamini - 0.46 demir Yeşil Biberde Bulunan Vitaminler Nelerdir? Yeşil biberin faydaları söz konusu olduğunda içerik özelliklerini incelemek gerekir. Bu noktada içinde yer alan vitaminler ve ne işe yaradıkları öncelikli olarak göz önünde bulundurulmalıdır."
doc_0463,doc_0463_parent_002,doc_0463_parent_002_child_001,Yeşil Biberin Faydaları Nelerdir? Neye İyi Gelir?,https://www.memorial.com.tr/saglik-rehberi/yesil-biberin-faydalari,210,3,0,False,"['Yeşil Biberin Faydaları Hakkında Sık Sorulan Sorular Günde en fazla kaç yeşil biber yenilmelidir?', 'Yeşil biber hamilelikte tüketilir mi?', 'Yeşil biber neye iyi gelir?']","Yeşil Biberin Faydaları Hakkında Sık Sorulan Sorular Günde en fazla kaç yeşil biber yenilmelidir? Yeşil biberin günde ne kadar tüketilmesi konusunda tahmini bir öneri yapmak mümkündür. Sağlıklı yetişkin bireylerin birkaç adet genelde iki ile sınırlı olarak yemeleri uygun olabilir. Yalnız günlük kalori ihtiyacı, vücut ağırlığı ve hareketlilik gibi durumlar da dikkate alınmalıdır. Bu nedenle günde kaç adet yeşil biber tüketilmesi gerektiği kişiden kişiye değişir ve beslenme uzmanları tarafından özel tavsiye alınması önemlidir. Yeşil biber hamilelikte tüketilir mi? Hamilelikte yeşil biberin faydaları sayesinde günlük A ve C vitamini ihtiyacı karşılanır ancak acı hali mide sorunlarına neden olabileceğinden tüketilmemelidir. Yeşil biber neye iyi gelir? Yeşil biber vücudun günlük C vitamini ihtiyacını karşılamaya destek olan besinlerden biridir ve bağışıklığı güçlendirir, vücudu enfeksiyonlara karşı korur, göz sağlığını destekler, kan şekerini dengeler ve anemiye karşı doğal bir çözümdür."
doc_0464,doc_0464_parent_004,doc_0464_parent_004_child_002,"Vertigo Nedir? Vertigo Belirtileri, Nedenleri ve Tedavisi",https://www.memorial.com.tr/saglik-rehberi/vertigo-nedir-vertigo-belirtileri-nelerdir-1,306,5,1,False,"['Baş döndüğünde hızlıca oturmak Vertigo ile İlgili Sık Sorulan Sorular Vertigo nedir, niye olur ?', 'Vertigoya ne iyi gelir?', 'Vertigo nasıl bir histir?', 'Vertigo en çabuk nasıl geçer?', 'Vertigo kendiliğinden geçer mi?']","- Baş döndüğünde hızlıca oturmak Vertigo ile İlgili Sık Sorulan Sorular Vertigo nedir, niye olur ? Vertigo nedir, niye olur Vertigo, kişinin kendisinin veya çevresinin döndüğü, sallandığı veya hareket ettiği hissine kapıldığı bir baş dönmesi türüdür. Bu durum sıklıkla denge kaybı ile birlikte görülür. Vertigo hastalığında daha az görülen nedenler arasında beyin damarlarında tıkanıklıklar, multipl skleroz (MS) ve migrenler yer almaktadır. Vertigoya ne iyi gelir? Kişi vertigo yaşanırken psikolojik bir rahatlama yaşamaya odaklanmalıdır. Başınızı sabit tutarak tek bir noktaya odaklanmaya çalışmak, vertigonun yarattığı baş dönmesinin şiddetini azaltabilir. Derin ve sakince nefes vererek de vertigo krizini en sakin şekilde atlatabilirsiniz. Vertigo nasıl bir histir? Denge kristallerinin kayması olarak bilinen vertigo, dış dünyanın sürekli hareket ettiği ve döndüğü hissine kapılmaktır. Bu dönme yukarıdan aşağıya veya sağdan sola doğru gerçekleşebilir. Vertigo en çabuk nasıl geçer? Vertigo tedavisinde çeşitli yöntemler uygulanmaktadır. Tedavi seçenekleri arasında ilaç tedavisi, fizik tedavi ve bazı durumlarda cerrahi müdahaleler bulunmaktadır. En hızlı iyileşme süreci, vertigonun temel nedenine ve uygulanan tedaviye bağlı olarak değişiklik gösterebilir. Vertigo kendiliğinden geçer mi? Vertigo genelde kendiliğinden geçer."
doc_0464,doc_0464_parent_004,doc_0464_parent_004_child_003,"Vertigo Nedir? Vertigo Belirtileri, Nedenleri ve Tedavisi",https://www.memorial.com.tr/saglik-rehberi/vertigo-nedir-vertigo-belirtileri-nelerdir-1,311,4,0,False,"['Vertigo kendiliğinden geçer mi?', 'Vertigo kalıcı bir hastalık mıdır?', 'Vertigoyu tetikleyen şey nedir?', 'Baş dönmesi ve vertigo farkı nedir?']","Vertigo kendiliğinden geçer mi? Vertigo genelde kendiliğinden geçer. Ancak vertigonun yarattığı baş dönmesi çok şiddetliyse ve çok sık aralıklarla tekrar ediyorsa kulak burun boğaz doktoruna görünüp vertigoyu yönetmenizi ve baş dönmesi gibi semptomları hafifletmeye yardımcı tedavi seçenekleri sunmasını sağlamalısınız. Vertigo kalıcı bir hastalık mıdır? Vertigonun kalıcı olarak tedavi edilmesi ve geri gelmesini engellemenin kesin bir yolu yoktur. Tedavi edilebilir ancak tekrar ortaya çıkması ihtimali söz konusudur. Vertigo, nedene bağlı olarak yarı kalıcı veya kalıcı olabilir. Vertigo hastalığı olanlar, ayakta dururken çevrenin etrafında döndüğünü hisseder. Bu sahte dönme hissi özellikle baş hareket ettirildiğinde veya otururken ayağa kalkma ya da yatakta dönme gibi vücut pozisyonu değiştirildiğinde ortaya çıkabilir. Vertigoyu tetikleyen şey nedir? Vertigoyu tetikleyen başlıca faktörler iç kulak sorunlarıdır. Bunlar arasında labirentit, Meniere hastalığı ve vestibüler sinir iltihabı bulunmaktadır. Ayrıca nadiren de olsa beyin damarlarında tıkanıklıklar, multipl skleroz (MS) ve migrenler de vertigoya neden olabilir. Baş dönmesi ve vertigo farkı nedir? Baş dönmesi sık karşılaşılan bir durumdur. Normal bir baş dönmesinde anlık sersemleme, denge kaybı ve hatta bayılma yaşanabilir."
doc_0464,doc_0464_parent_004,doc_0464_parent_004_child_004,"Vertigo Nedir? Vertigo Belirtileri, Nedenleri ve Tedavisi",https://www.memorial.com.tr/saglik-rehberi/vertigo-nedir-vertigo-belirtileri-nelerdir-1,250,3,0,False,"['Vertigo olduğumuzu nasıl anlarız?', 'İç kulak ve vertigo ilişkisi nedir?', 'Vertigo denge kaybı yapar mı?']","Normal bir baş dönmesinde anlık sersemleme, denge kaybı ve hatta bayılma yaşanabilir. Vertigo da ise sanki siz veya çevreniz dönüyormuş gibi hissedersiniz ve normal bir baş dönmesinden çok daha şiddetli olur. Vertigo olduğumuzu nasıl anlarız? Vertigo olduğumuzu anlamak için belirli belirtilere dikkat etmek gerekir. Şiddetli baş dönmesi, mide bulantısı ve denge kaybı vertigonun yaygın belirtileridir. Tanı, fiziksel ve nörolojik muayeneler, denge testleri ve bazen bilgisayarlı tomografi (BT) veya manyetik rezonans görüntüleme (MRG) gibi görüntüleme teknikleri ile konulur. İç kulak ve vertigo ilişkisi nedir? İç kulak bilindiği gibi denge organımızdır. Burada yer alan kanallarda gözle görülemeyecek çok küçük kum tanesi gibi partiküller vardır. Darbe, uzun süreli yolculuklar, geçirilmiş üst solunum yolu enfeksiyonları gibi birçok nedenle bu kristaller yerinden oynayarak denge sistemini uyarırlar. Vertigo denge kaybı yapar mı? Vertigo zaten denge kaybının semptomu olan bir baş dönmesidir."
doc_0464,doc_0464_parent_004,doc_0464_parent_004_child_005,"Vertigo Nedir? Vertigo Belirtileri, Nedenleri ve Tedavisi",https://www.memorial.com.tr/saglik-rehberi/vertigo-nedir-vertigo-belirtileri-nelerdir-1,97,3,0,False,"['Vertigo denge kaybı yapar mı?', 'Vertigo atak süresi nedir?', 'Vertigo nörolojik bir hastalık mıdır?']",Vertigo denge kaybı yapar mı? Vertigo zaten denge kaybının semptomu olan bir baş dönmesidir. Evet vertigo denge kaybı yapar. Vertigo atak süresi nedir? Vertigo atağı genelde bir kaç saniyeden birkaç saate kadar sürebilir. Bu sebebe ve hastalığın şiddetine göre değişir. Vertigo nörolojik bir hastalık mıdır? Santral Vertigo nörolojik bir hastalığın belirtisidir.
doc_0464,doc_0464_parent_005,doc_0464_parent_005_child_001,"Vertigo Nedir? Vertigo Belirtileri, Nedenleri ve Tedavisi",https://www.memorial.com.tr/saglik-rehberi/vertigo-nedir-vertigo-belirtileri-nelerdir-1,310,6,0,False,"['Evde vertigo nasıl geçirilir?', 'Vertigoya hangi bölüm bakar?', 'Vertigo tedavisi var mıdır?', 'Vertigo olanlar yediklerine dikkat etmeli mi?', 'Vertigo baş ağrısı yapar mı?', 'Vertigo üzüntüden olur mu?']","Ancak periferik vertigo kulak hastalığıdır. Evde vertigo nasıl geçirilir? Vertigo belirtileri yaşadığınız zaman yani başınız döndüğü zaman oturmanız, gözleriniz kapatmanız, bir şeyi yerden alırken eğilmek yerine çömelmeniz, uyurken yüksek yastık kullanmanız gerekir. Vertigoya hangi bölüm bakar? Hastalar genellikle baş dönme şikâyetleri ile nöroloji bölümlerine başvurabilmektedir. Vertigonun detaylı incelemesi kulak burun boğaz hekimi tarafından gerçekleştirilir. Vertigo tedavisi var mıdır? Vertigo, altta yatan sebepler belirlendikten sonra çeşitli düzeltme manevraları, ilaçlar ve gerektiği durumlarda yani altta yatan sebebe bağlı olarak cerrahi müdahaleler ile tedavi edilebilmektedir. Vertigo olanlar yediklerine dikkat etmeli mi? Vertigo hastalarının merkezi sinir sistemini uyaran kahve, alkol gibi yiyecek ve içeceklerden uzak durması istenir. Ayrıca bol su tüketimi vertigoyu rahatlatır. Vertigo baş ağrısı yapar mı? Vertigolu hastada stres etkisi, boyun kaslarının kasılması gibi sebeplerle baş ağrısı görülebilir. Ayrıca migrenöz vertigo dediğimiz çok sık rastlanmayan vertigo çeşidinde baş ağrısı ön plandadır. Vertigo üzüntüden olur mu? Kan basıncı düzensizlikleri, diyabet, anksiyete ve üzüntü vertigoyu şiddetlendiren sebeplerdendir. Tek başına neden olmaz."
doc_0464,doc_0464_parent_005,doc_0464_parent_005_child_002,"Vertigo Nedir? Vertigo Belirtileri, Nedenleri ve Tedavisi",https://www.memorial.com.tr/saglik-rehberi/vertigo-nedir-vertigo-belirtileri-nelerdir-1,263,5,0,False,"['Vertigo en çok kimlerde görülür?', 'Vertigo krizlerinde ne yapılmalıdır?', 'Vertigo kalıtsal mıdır?', 'Vertigo nasıl oluşur?', 'Vertigoda mide bulantısı olur mu?']","Tek başına neden olmaz. Vertigo en çok kimlerde görülür? Baş dönmeleri her yaşta görülse de 65 yaş ve üzeri kişilerde daha yaygındır. Vertigo ayrıca hamilelik döneminde ve kulak enfeksiyonu olan hastalara da ortaya çıkabilir. Vertigo krizlerinde ne yapılmalıdır? Vertigoya bağlı olarak baş dönmesi hissettiğinizde öncelikle güvenli bir alana geçin. Oturun, hareket etmeyin, gözlerinizi kapatın ve kendinizi sakinleştirin. Vertigo kalıtsal mıdır? Vertigo kalıtsal bir rahatsızlık değildir. Bazı durumlarda genetik faktörler ya da genetik yatkınlık vertigo riskini artırabilir. Vertigo nasıl oluşur? Vertigo denge sisteminin herhangi bir ayağında gerçekleşen bozulma ile oluşur. Sebep olan hastalığa göre vertigonun oluşma şekli farklıdır. Vertigoda mide bulantısı olur mu? Evet vertigo semptomlarını yaşamaya başladığınızda mide bulantısı da ortaya çıkar. Baş dönmesi dursa bile mide bulantınız bir süre daha devam edebilir ancak baş dönmesinin şiddetine bağlı olarak, baş dönmesi durduktan bir kaç dakika veya bir kaç saat içerisinde mide bulantısı da gitmiş olacaktır."
doc_0466,doc_0466_parent_001,doc_0466_parent_001_child_002,Kalp Ağrısı Neden Olur? Kalp Ağrısı Nasıl Geçer?,https://www.memorial.com.tr/saglik-rehberi/kalp-agrisi-belirtileri-nelerdir,313,3,0,False,"['Kalp Ağrısı Neden Olur?', 'Kalp Ağrısı Kimlerde Görülür?', 'Kalp Ağrısı Belirtileri Nelerdir?']","Kalp damar hastalığına bağlı kalp ağrısı pozisyonla değişmez ancak dinlenmekle de geçer. Kalp Ağrısı Neden Olur? Kalp krizi , kalp zarı iltihabı, kalp kapakçıklarındaki çökmeler, aort damar yırtılmaları kalp kökenli kalp ağrılarının nedenleridir. Kalp dışı kökenli kalp ağrıları da olabilir. Bunlar; boyun fıtığı, sinir sıkışmaları, kemik iskelet ve kaburga sistemi ile ilgili sorunlardan kaynaklanabilir. Ayrıca kaygı, anksiyete ve panik bozukluktan kaynaklanan psikojenik göğüs ağrılarıyla da karşılaşılabilir. Kimi zaman safra kesesi, mide, bağırsak ile ilgili sıkıntılar da kalp ağrısı gibi yansıyabilir. Akciğer dokusunun iltihaplanmasından kaynaklanan zatürre, akciğer dokusu zarının iltihabı plörezi ve akciğer embolisi durumlarında kalp ağrısı gerçekleşebilir. Kalp Ağrısı Kimlerde Görülür? Kalp ağrısı çocukluktan erişkinlik dönemine kadar görülebilecek bir durumdur. Çocukluk çağındaki kalp ağrıları, kas iskelet sisteminde büyüme ağrısı olarak tanımlanırken 40’lı yaşlardan sonraki erişkinlik döneminde kalp ağrısının en büyük nedeni kalp damar hastalıkları olmaktadır. Kalp Ağrısı Belirtileri Nelerdir? Kalp ağrısı olarak genel tanım yapıldığında ağrının ilk belirtisi kişinin günlük yaşantısında bir farklılık hissetmesidir."
doc_0466,doc_0466_parent_002,doc_0466_parent_002_child_003,Kalp Ağrısı Neden Olur? Kalp Ağrısı Nasıl Geçer?,https://www.memorial.com.tr/saglik-rehberi/kalp-agrisi-belirtileri-nelerdir,287,3,0,False,"['Psikolojik kalp ağrısı neden olur?', 'Kadınlarda kalp ağrısı belirtileri farklı mıdır?', 'Strese bağlı kalp ağrısı nasıl geçer?']","Eğer bu ağrı 2 dk’dan uzun sürüyorsa ve dinlenmekle geçip, egzersiz ile artıyorsa mutlaka bir kardiyoloji uzmanına başvurulması gerekir. Psikolojik kalp ağrısı neden olur? Psikolojik kalp ağrısının yaygın nedenleri stres, kilo kaybı ya da alımı, intihar düşüncelerinide içeren depresyon gibi ruh halinde yaşanan sorunlardır. Kadınlarda kalp ağrısı belirtileri farklı mıdır? Genel olarak kalp ağrısı kalp damar hastalığına bağlı ise kadın veya erkekte temel şikayetler aynıdır. Ama kadınlarda bir takım farklılıklar görülebilir. Kadınlarda kalp damar hastalığı olmaz gibi bir inanış vardır. Bu tamamen yanlıştır. Hemen aynı oranda kadınlarda da kalp krizi görülmektedir. Ancak kadınlarda günlük egzersiz kapasitesinde düşme, günlük aktivitelerinde yeni gelişen nefes darlığı, göğüste baskı ve huzursuzluk hissi, basit egzersizler sonucunda aşırı yorulma, uykuya meyil ve sırt ağrısı gibi belirtiler erkeklerden farklı olarak kadınlarda kalp damar hastalığı ve kalp ağrısı şikayetleridir. Erkeklerde genellikle ağrının sol kola yayılması görülürken, kadınlarda her iki kolda da kalp ağrısı olabilir. Strese bağlı kalp ağrısı nasıl geçer? Eğer kişide psikojenik yani strese bağlı bir kalp ağrısından şüpheleniliyorsa ve tüm hayati sebepler araştırılmışsa, altta yatan stresör nedenlerin tedavisi planlanmalıdır."
doc_0466,doc_0466_parent_003,doc_0466_parent_003_child_001,Kalp Ağrısı Neden Olur? Kalp Ağrısı Nasıl Geçer?,https://www.memorial.com.tr/saglik-rehberi/kalp-agrisi-belirtileri-nelerdir,314,3,0,False,"['Çocuklarda kalp ağrısı belirtileri olur mu?', 'Obezite kalp ağrısı yapar mı?', 'Ara ara kalp ağrısı neden olur?']","Hastalar bunu genellikle göğüste fil oturuyormuş olarak bir tanımla belirtirler. Bu şikayetler varsa bir uzmana hemen başvurulmalıdır. Kalp ağrısının süresinin uzaması ve günlük aktiviteyi etkilemesi de dikkate alınması gereken belirtilerdendir. Çocuklarda kalp ağrısı belirtileri olur mu? Çocuklarda kalp ağrısı belirtileri olur ama çocuklardaki kalp ağrısının belirtilerinin çoğunluğu kalp dışı sebeplere bağlıdır. Genellikle idiyopatik denilen nedeni bilinmeyen ve hayati olmayan ağrılardır. Çocuklarda kalp ağrısı bıçak saplanması ve iğne batması gibi tarif edilebilir. Göğüs orta hattında gezici karakterde ağrılardır. Burada önemli olan kas kemik iskelet sistemi veya akciğer dokusu kalp sistemi ile ilgili araştırmalar yapılarak acil bir durum olup olmadığının ortaya konulmasıdır. Obezite kalp ağrısı yapar mı? Obezite kalp ağrısı yapmaz ama kalp ağrısı sebeplerinden olan kalp damar hastalığı için en büyük risk faktörlerinden biridir. Dolaylı olarak ileride kalp ağrısı oluşturması için büyük bir riske sahiptir. Ara ara kalp ağrısı neden olur? Ara ara kalp ağrısının nedenleri, kalp, kaslar, sindirim sistemi veya psikolojik gerekçelerdir. Bunların yaygın olanları asit reflü gibi gastrointestinal sorunlar, panik atak, anjin, kalp zarı ve kalp kapakçığı sorunları ve kalp krizidir. Stres, egzersiz ve bazı ilaçların kullanımı da ara ara kalp ağrısı yaşanmasına neden olabilmektedir."
doc_0467,doc_0467_parent_001,doc_0467_parent_001_child_001,Balık yemenin faydaları nelerdir?,https://www.memorial.com.tr/saglik-rehberi/balik-yemenin-faydalari-nelerdir,307,10,8,False,"['Balık nasıl bir besin kaynağıdır?', 'Balık yemenin faydaları nelerdir?', 'Balıkta hangi besin değerleri var?', 'Balık nasıl tüketilmeli?', 'Balık ne zaman tüketilmeli?', 'Balık yağı yararlı mı?', 'Balık yağını kimler tüketmeli?', 'Balığı gebeler tüketmeli mi?', 'Balığı çocuklar tüketmeli mi?', 'Balık nasıl bir besin kaynağıdır?']","Çocukların ve yetişkinlerin düzenli olarak tüketmesi gereken balık, bağışıklık sistemini koruyor, çocukların zeka gelişimine katkı sağlıyor, kemikleri güçlendiriyor, hücreleri onarıyor ve depresyonun zararlı etkilerini yok ediyor. Sofların vazgeçilmez besini olan balığın faydaları türüne göre değişkenlik gösteriyor. Çok çabuk bozulabilen balığı tüketirken, bazı kurallara uymak gerekiyor. Memorial Kayseri Hastanesi Beslenme ve Diyet Bölümü’nden Dyt. Merve Sır, balığın faydaları hakkında bilgi verdi. - Balık nasıl bir besin kaynağıdır? - Balık yemenin faydaları nelerdir? Balıkta hangi besin değerleri var? - Balık nasıl tüketilmeli? - Balık ne zaman tüketilmeli? - Balık yağı yararlı mı? - Balık yağını kimler tüketmeli? - Balığı gebeler tüketmeli mi? - Balığı çocuklar tüketmeli mi? Balık nasıl bir besin kaynağıdır? Mükemmel bir protein kaynağı olan balığın besin değerleri, türüne göre değişmektedir. Balıkta ortalama 100 gram başına yaklaşık 19,5 gram protein bulunmaktadır. İnsan vücudunun ne kadar proteine ​​​​ihtiyacı olduğu kişiden kişiye değişmektedir. Vücut ağırlığı ve yaş gibi çeşitli faktörlere bağlı olan protein, büyümeden vücudun yeniden inşasına kadar birçok süreçte rol oynamaktadır. Besin proteini, kasların inşa edilmesi ile kemik ve kas kütlesinin sağlıklı kalması için gereklidir."
doc_0468,doc_0468_parent_001,doc_0468_parent_001_child_001,Karaciğerin Metastatik Tümörleri,https://www.memorial.com.tr/saglik-rehberi/karacigerin-metastatik-tumorleri,305,3,0,False,"['Karaciğer metastazı ne demektir ?', 'Karaciğerde metastaz sık bir olay mıdır ?', 'Karaciğer metastazlarının tanısı nasıl konur ?']","Metastaz , kanserin kaynağını aldığı organdan daha uzak bir yere yayılmış olduğunu ifade eder. Bu nedenle kanserin daha ileri bir evrede olduğunu göstermesi açısından kötü bir işaret olarak kabul edilir. Karaciğer metastazı ne demektir ? Vücudun herhangi bir yerindeki kanserin çıktığı yerden (organdan) başka bir yere yayılmasına o kanserin metastaz yapması diyoruz. Bu metastazların karaciğerde gözükmesi ise karaciğer metastazı diye anılır. Karaciğerde metastaz sık bir olay mıdır ? Evet. Karaciğer kanı filtre eden büyük bir organdır. Bu nedenle, kan dolaşımına karışan kanser hücreleri bu organda takılır kalır ve büyümeye devam eder. özellikle sindirim sisteminden (bağırsaklar) gelen kanın ilk önce karaciğerden geçmesi nedeniyle buralara ait kanserlerin karaciğer metastazları sık görülür. Kalın bağırsak, mide, pankreas, safra yolları, ince bağırsak gibi organlara ait kanserlerde karaciğere metastaz sıktır. Ayrıca, meme kanseri, akciğer kanseri ve lenfomalara ait metastazlar da sık görülür. Karaciğer metastazlarının tanısı nasıl konur ? Karaciğerde yaygın metastaz var ise tanı nisbeten kolaydır. Karaciğer büyür ve muayenede ağrılıdır."
doc_0470,doc_0470_parent_002,doc_0470_parent_002_child_001,Kepçe Kulak Ameliyatı (Otoplasti) Nedir? Otoplasti Neden Yapılır?,https://www.memorial.com.tr/tedavi-yontemleri/kepce-kulak-ameliyati-otoplasti,226,4,0,False,"['Kepçe kulak ameliyatı kaç gün ağrır?', 'Otoplasti sonrası kulak eski haline döner mi?', 'Kepçe kulak ameliyatı sonrası kaç gün bandana takılır?', 'Kepçe kulak sonrası dikiş kaç günde erir?']",Ameliyat sonrasında ise ağrı ve şişlik gelişebilir fakat ciddi komplikasyonlar nadir olarak görülür. İyileşme süreci hızlı şekilde gelişir ve kişi günlük hayatına döner. Kepçe kulak ameliyatı kaç gün ağrır? Kepçe kulak ameliyatı sonrasında genellikle oluşan şişlik ve ağrı 2-3 gün arasında sürebilir. Doktorun önerdiği ağrı kesiciler sayesinde bu ağrı kontrol altına alınır. Otoplasti sonrası kulak eski haline döner mi? Otoplasti yani kepçe kulak ameliyatı sonrasında kulak eski haline dönmez. Ameliyatta yapılan müdahale buna yönelik olarak gerçekleşir. Kepçe kulak ameliyatı sonrası kaç gün bandana takılır? Kepçe kulak ameliyatı sonrasında iyileşmesine yardımcı olmak için bandana takılabilir. Bu takılan bandana ortalama 2 hafta süreyle kullanılır. Doktorun önerdiği kadar kullanıma devam edilir. Kepçe kulak sonrası dikiş kaç günde erir? Kepçe kulak ameliyatı sonrasında cerrahi müdahale sonrasından uygulanan dikiş 5 ila 7 gün içerisinde eriyebilir. Bu kişinin yaşına bağlı olarak da farklılık gösterebilir.
doc_0472,doc_0472_parent_001,doc_0472_parent_001_child_004,Kafein Nedir? Kafein Nelerde Bulunur?,https://www.memorial.com.tr/saglik-rehberi/kafein-nedir,256,4,1,False,"['Kafein Hakkında Sıkça Sorulan Sorular Hangi yiyeceklerde kafein vardır?', 'Çikolata - Kavrulmuş fındık - Kola fındığı - Kakao çekirdekleri - Sakız Kaç mg kafein tehlikelidir?', 'Kafein hangi organa zararlıdır?', 'Günde ne kadar kafein alınmalıdır?']",Kafeinsiz Alternatifler Kafein almadan güne zinde başlamanın ve uyanık kalmanın yolları arasında; - Sabah limonlu su içmek - Egzersiz yapmak - Güneş ışığına maruz kalmak - Soğuk bir duş almak yer alır. Çocuklar ve Yaşlılar İçin Kafein Tüketimi Yaşlılarda ve çocuklarda kafein tüketimine dikkat edilmelidir. Çocuklar büyüme çağında oldukları için kafein tüketimi önerilmemektedir. Yaşlılarda kalp sorunları olabildiği için fazla kafein tüketimi kalp çarpıntısı veya solunum yetmezliği gibi sorunlara davetiye çıkarabilir. Kafein Hakkında Sıkça Sorulan Sorular Hangi yiyeceklerde kafein vardır? - Çikolata - Kavrulmuş fındık - Kola fındığı - Kakao çekirdekleri - Sakız Kaç mg kafein tehlikelidir? Günlük 300 mg'ın üzerinde kafein tüketimi tehlikenin kapılarını aralar. Kafein hangi organa zararlıdır? FDA'ya göre günlük 1200 mg kafein tüketimi vücutta toksik etki yaratabilir. Günde ne kadar kafein alınmalıdır? Güncel araştırmalara göre yetişkinler için tüketilmesi gereken kahve miktarının 300 mg'ı geçmemesi gerektiği ifade edilir.
doc_0472,doc_0472_parent_001,doc_0472_parent_001_child_005,Kafein Nedir? Kafein Nelerde Bulunur?,https://www.memorial.com.tr/saglik-rehberi/kafein-nedir,104,3,0,False,"['Günde ne kadar kafein alınmalıdır?', 'Kafein bağımlılık yapar mı?', 'Kafein toleransı nedir?']","Günde ne kadar kafein alınmalıdır? Güncel araştırmalara göre yetişkinler için tüketilmesi gereken kahve miktarının 300 mg'ı geçmemesi gerektiği ifade edilir. Kafein bağımlılık yapar mı? Kafein, beyinde uyarıcı bir etkiye sahip olduğu için fazla tüketildiğinde bağımlılık yapıcı etkisi vardır. Kafein toleransı nedir? Kafein toleransı, sorusuna verilecek en etkili cevaplardan birisi vücudun kafeine alışması ve belli miktarda alınan kafeinin artık yeterli gelmemeye başlamasıdır."
doc_0472,doc_0472_parent_002,doc_0472_parent_002_child_001,Kafein Nedir? Kafein Nelerde Bulunur?,https://www.memorial.com.tr/saglik-rehberi/kafein-nedir,320,6,1,False,"['Kafein hafızayı güçlendirir mi?', 'Kafein çocuklar için zararlı mı?', 'Fazla kafein aldığımız nasıl anlaşılır?', 'Kafein doping sayılır mı?', 'Kafein hapı zararlı mıdır?', 'Çayda kafein var mı?']","Kafein hafızayı güçlendirir mi? Düzenli ve dozunda kafein tüketiminin hafızayı güçlendirdiği kanıtlanmıştır. Kafein tüketimi olan bireylerin yeni bir şeyi öğrenme sürelerinin kısaldığı gözlemlenmiştir. Kafein çocuklar için zararlı mı? Çocuklar büyüme çağında oldukları için kafein tüketimi onları olumsuz etkileyebilir. Çocuklarda fazla kafein tüketimi psikolojik ve fizyolojik sorunlara davetiye çıkarabilir. Fazla kafein aldığımız nasıl anlaşılır? Kafein zehirlenmesi veya fazla kafein tüketimi günlük alınması gereken kafein oranının üstüne çıkılması durumudur. Belirtileri arasında; - Kalp atışlarında hızlanma - Baş ağrısı - Sinirli olma hali ve titreme - Uyuyamamak - Huzursuz hissetme - Gerginlik ve kaygı düzeyinde artma yer alır. Kafein doping sayılır mı? Kafein, hücrelere daha hızlı bir kan akışı ve vücutta daha hızlı enerji üretimi sağladığı için uyarıcı madde olarak kabul edilmiştir. Ancak güncel verilere göre Dünya Doping Federasyonu'un doping listesinde şu anda yer almamaktadır. Kafein hapı zararlı mıdır? Doktor kontrolünün dışına çıkılarak belirli bir dozun üzerinde tüketilen kafein hapları bireye psikolojik ve fizyolojik olarak pek çok zarar verebilir. Psikolojik hastalıkları tetikleyerek depresyon ve anksiyete gibi ciddi rahatsızlıklara sebebiyet verebilir. Çayda kafein var mı? Sıklıkla tüketilen içecekler arasında yer alan çayda kafein vardır."
doc_0472,doc_0472_parent_002,doc_0472_parent_002_child_002,Kafein Nedir? Kafein Nelerde Bulunur?,https://www.memorial.com.tr/saglik-rehberi/kafein-nedir,293,4,1,False,"['Çayda kafein var mı?', 'Kahve içmeden nasıl uyanırım?', 'Kafein ne kadar sürede vücuttan atılır?', 'Ne kadar kafein fazladır?']","Çayda kafein var mı? Sıklıkla tüketilen içecekler arasında yer alan çayda kafein vardır. Klasik bir çay bardağı demleme çayda 40-80 mg kafein bulunur. Kahve içmeden nasıl uyanırım? Gün içerisinde zinde hissetmek, sabahları uyanabilmek için kahve içmek genelde tercih edilenler arasında yer alıyor. Kahve içmeyi sevmeyenler veya kahvenin uyanmak için yeterli bulmayanlar sağlıklı ve doğal yöntemlere başvurulabilir. Bu yöntemlere örnek olarak; - Güneş almak - Duşu soğuk suyla tamamlamak - Sabah ılık su içmek - Portakal suyu tüketmek - Sağlıklı bir kahvaltı yapmak - Egzersiz yapmak - Müzik dinlemek verilebilir. Kafein ne kadar sürede vücuttan atılır? Kafein vücuda alındıktan bir saat sonra en üst seviyeye çıkar. 6 saatin ardından kafeinin yarısı vücuttan atılır. Kafeinin tamamen vücuttan temizlenebilmesi 10 saati bulabilir. Ne kadar kafein fazladır? 1 gram kafein tüketimi baş ağrısı ile birlikte kalp çarpıntısı gibi yan etkilere neden olabilir. 5 gram kafein tüketimi solunum yetmezliğine sebebiyet vererek komaya sürükleyebilir. Günlük 10 gramdan fazla kafein ise ölümcül olabilir. Yetişkinler için güvenli olarak tüketilebilecek kafein miktarının günde 300 mg'ı geçmemesi gerektiği söylenebilir."
doc_0473,doc_0473_parent_002,doc_0473_parent_002_child_002,Kalp Damar Tıkanıklığı Belirtileri Nelerdir?,https://www.memorial.com.tr/saglik-rehberi/kalp-damar-tikanikligi-belirtileri,266,3,0,False,"['Kalp damar tıkanıklığı nasıl önlenir?', 'Anjiyo olmadan kalp damar tıkanıklığı nasıl anlaşılır?', 'Kalp damar tıkanıklığı nasıl açılır?']","Kalp damarlarında tıkanıklık oluşması vücutta bazı fiziksel semptomlara neden olur. Kalp damar tıkanıklığında ortaya çıkan bu belirtiler, göğüs ağrısı ve göğüste sıkışma, nefes darlığı, yorgun ve halsiz hissetme, soğuk terleme, bulantı ve kusma, ödem, ufak eforda dahi nefessiz kalmadır. Kalp damar tıkanıklığı nasıl önlenir? Kalp damar tıkanıklığıyla karşı karşıya kalmak istemiyorsanız sigarayı bırakmalı, sağlıklı beslenmeli, egzersiz yapmalı, kalp kontrollerini ihmal etmemeli ve stresten uzak durmalısınız. Anjiyo olmadan kalp damar tıkanıklığı nasıl anlaşılır? Anjiyoya gerek duyulmadan kalp damar tıkanıklığının anlaşılması için EKG, ekokardiyografi ve Kalp BT taraması gibi görüntüleme yöntemleri işe yarayabilir. Kalp damar tıkanıklığı nasıl açılır? Kalpteki damar tıkanıklığının açılması için tedaviye damar açıcı ilaçlarla başlanır. İlaçların işe yaramadığı senaryoda anjiyoplasti, stent takılması ve gerektiği durumlarda koroner arter bypass greft ameliyatına başvurulabilir."
doc_0478,doc_0478_parent_001,doc_0478_parent_001_child_001,Diz protezi nedir? Diz protezi ameliyatı nasıl yapılır?,https://www.memorial.com.tr/tedavi-yontemleri/diz-protezi-nedir,312,5,4,False,"['Diz protezi nedir?', 'Diz protezi hangi hastalıklarda uygulanır?', 'Diz protezi ameliyatı nasıl yapılır?', 'Diz protezi hakkında sık sorulan sorular Diz protezi nedir?', 'Diz protezi hangi hastalıklarda uygulanır?']","Vücudun neredeyse bütün yükünü çeken dizlerde farklı nedenlere bağlı olarak ağrılar yaşanabiliyor. Dizlerde yaşanan ağrını en sık nedenleri arasında kıkırdak yapıda yaşanan yıpranmalar ve aşınmalar gelmektedir. Halk arasında kireçlenme olarak bilinen kıkırdak yapıdaki aşınma ve yıpranmalarda son çare olarak uygulanan diz protezi tedavisi hastaların günlük fonksiyonlarını ve hayat konforlarını artırabilmektedir. Memorial Şişli Hastanesi Ortopedi ve Travmatoloji Bölümü’nden Prof. Dr. Olcay Güler, diz protezi ve diz protezi ameliyatı hakkında bilgi verdi. - Diz protezi nedir? - Diz protezi hangi hastalıklarda uygulanır? - Diz protezi ameliyatı nasıl yapılır? - Diz protezi hakkında sık sorulan sorular Diz protezi nedir? Diz protezi, aşınmış ve yıpranmış diz ekleminin özel alaşım metaller ve sıkıştırılmış özel plastik implanttan oluşan özel bir yüzey kaplama tekniğidir. Diz protezi ameliyatında hedef; bozulmuş eklem yüzeyleri arasında teması keserek; ağrı çekmeyen,istediği kadar yol yürüyebilen ve merdiven inip çıkabilen bir eklemi elde etmektir. Diz protezi hangi hastalıklarda uygulanır? Diz protezi ileri eklem aşınması olan hastalarda uygulanmaktadır. Kıkırdak aşınması halk arasında kireçlenme olarak bilinen rahatsızlıktır."
doc_0478,doc_0478_parent_003,doc_0478_parent_003_child_001,Diz protezi nedir? Diz protezi ameliyatı nasıl yapılır?,https://www.memorial.com.tr/tedavi-yontemleri/diz-protezi-nedir,303,3,0,False,"['Diz Protezi Fiyatları Nedir?', 'Diz Protezi Ameliyatı Kaç Saat Sürer?', 'Diz Protezi Ameliyatı Sonrası Nelere Dikkat Edilmelidir?']",Genel olarak kullanılan bu iki tip diz protezinin haricinde daha çok tümör cerrahilerinden sonra çocuklarda kullanılan büyüyebilen yani ayarlanabilen protezler bulunmaktadır. Çocuklar büyüme kemiğinde bulunan tümörler çıkartıldığında büyüme devam ettiği için bilgisayar destekli büyüyebilen ayarlanabilen protezler kullanılır. Çocuğun gelişimi devam ettikçe protezi ayarlanması sağlanır. Diz Protezi Fiyatları Nedir? Diz protezi fiyatları cerrahi işlemde kullanılacak diz protezinin çeşidine göre farklılık gösterebilmektedir. Yapılacak detaylı muayene ve tetkiklerin ardından ameliyatta hangi tip diz protezinin kullanacağı belirlenmelidir. Diz protezi ameliyatını gerçekleştirecek doktorun ve hastanenin fiyat politikasına göre diz protezi ameliyatının fiyatı da değişebilmektedir. Hastanın diz protezi ameliyatından sonra hastanede ne kadar kalacağı gibi faktörler de diz protezi fiyatında farklılıklara neden olabilmektedir. Diz Protezi Ameliyatı Kaç Saat Sürer? Diz protezi ameliyatı 45 dakika ile 1 saat ameliyat sürmektedir. Ancak hastanın ameliyathaneye girmesi çıkması anestezi gibi işlemler de eklendiğinde 2-3 saat süren bir ameliyattır. Diz Protezi Ameliyatı Sonrası Nelere Dikkat Edilmelidir? Farklı tip ve farklı çeşit diz protezleri olmakla birlikte yerleştirilen implantın yani diz protezinin uzun ömürlü olması isteniyorsa ameliyattan sonra uyulması gereken bazı kurallar bulunmaktadır.
doc_0478,doc_0478_parent_003,doc_0478_parent_003_child_003,Diz protezi nedir? Diz protezi ameliyatı nasıl yapılır?,https://www.memorial.com.tr/tedavi-yontemleri/diz-protezi-nedir,289,3,0,False,"['Hastalar diz protezi ameliyatı öncesi “Protez hayatımı kısıtlanacak mı?', 'Darbe, Travma veya Agresif Sporlar Diz Protezine Zarar Verebilir mi?', 'Diz Protezi Ameliyat Sonrası Ağrı Yaşanır mı?']","- Yarım diz protezi ameliyatlarında namaz kılma ya da diğer çömelme harekeleri daha rahat yapılır. Ancak her hasta yarım diz protezi ameliyatı için uygun olmayabilmektedir. - Diz protezi ameliyatı olan hastaların daha sonra diş tedavisi olması durumunda veya farklı cerrahi müdahale olacağı zaman doktorlarına diz protezi tedavisi gördüklerini söylemeleri önemlidir. Hastalar diz protezi ameliyatı öncesi “Protez hayatımı kısıtlanacak mı?” diye düşünebilmektedir. Anacak tam tersi diz protezi hastaların hayatı daha rahat geçirmesi ve sosyal yaşam kalitesini artırmak için yapılan bir işlemdir. Ameliyat sonrası egzersizlerini yapmayan, kilo sorunu yaşayan hastalar sorun yaşayabilmektedir. Darbe, Travma veya Agresif Sporlar Diz Protezine Zarar Verebilir mi? Diz protezi çok dayanıklı bir implattır. Travmaya bağlı olarak protezin zarar görmesi çok düşük bir ihtimaldir. Travma ve agresif sporlarda olabilecek şey protezin bağlı olduğu kemik dokuda kırık veya çatlak olabilir. Bu durumda kırılan kemiğe tedavi yapmak gerekmektedir. Fakat kırık protezin gevşemesine neden oluyorsa çıkartılması ve yerine yenisinin konması gerekebilmektedir. Çok agresif sporlar ameliyat sonrası önerilmemektedir. Diz Protezi Ameliyat Sonrası Ağrı Yaşanır mı? Diz protezi ameliyatı sonrasında ağrı yaşanabilmektedir."
doc_0478,doc_0478_parent_003,doc_0478_parent_003_child_004,Diz protezi nedir? Diz protezi ameliyatı nasıl yapılır?,https://www.memorial.com.tr/tedavi-yontemleri/diz-protezi-nedir,319,3,0,False,"['Diz Protezi Ameliyat Sonrası Ağrı Yaşanır mı?', 'Diz Protezi Bacak Ağrısı Yapar mı?', 'Diz Protezi Ameliyatından Sonra Ağrı Ne Kadar Sürer?']","Diz Protezi Ameliyat Sonrası Ağrı Yaşanır mı? Diz protezi ameliyatı sonrasında ağrı yaşanabilmektedir. Diz protezi ameliyat öncesi ve sonrası uygun dozda ilaçlar( epidural anestezi ya da damardan ağrı kesici ) verilerek yaşanan ağrı minimuma çekilmektedir. Hasta ameliyata hazırlanırken de ameliyat sonrası ağrı için özellikli ilaçlar verilebilmektedir. Yaşanan ağrı hastanın ağrı eşiği ve beklentisiyle de ilgilidir. Her kişinin ağrıya karşı verdiği tepki farklı olduğu için ağrı ciddi sorun olarak görülmemektedir. Diz Protezi Bacak Ağrısı Yapar mı? Diz protezi ameliyatından sonra cerrahiye bağlı diz bölgesinde ağrı yaşanabilmektedir. Ama diz protezine bağlı sorunlar tüm bacakta ağrı olmamaktadır. Bel, kalça eklem sorunlarıgibi farklı rahatsızlıkların bacakta ağrıya neden olabileceği unutulmamalıdır. Ancak diz protezi ameliyatının üzerinden uzun zaman geçtikten sonra olmayan bir diz ağrısı yaşanmaya başladıysa protezle ilgili doktorla görüşmek gerekir. Protezde aşınma, yıpranma, enfeksiyon gibi sorunlar ağrıya neden olabilir. Diz Protezi Ameliyatından Sonra Ağrı Ne Kadar Sürer? Diz protezi ameliyatından sonraki ilk 24 saat sonra diz ağrısı olabilmektedir ve ilaçlar ile minimum düzeye çekilmektedir. Ağrı ameliyattan sonraki günlerde azalmaya başlar. Ameliyattan 2-3 hafta sonra dikişler alındıktan sonra hastalar için çok az ağrılı dönem başlamaktadır.Diz hareketlerinin rahat olduğu dönem 4-6 hafta sonrasında olmaktadır."
doc_0478,doc_0478_parent_005,doc_0478_parent_005_child_001,Diz protezi nedir? Diz protezi ameliyatı nasıl yapılır?,https://www.memorial.com.tr/tedavi-yontemleri/diz-protezi-nedir,320,3,1,False,"['Diz Protezinin Alternatifi Var mıdır?', 'Diz Protezi Malzemesi Nedir?', 'Diz Protezinin Bakımı Var mıdır?']","- Bacağınızı geri çekin ve 5 sn. öyle kalın. - Hareketi tekrarlı yapın. Diz Protezinin Alternatifi Var mıdır? Diz protezinin birebir alternatifi bulunmamaktadır. Ancak diz protezi ameliyatı olmak istemeyen hastalar için alternatif seçenekler sunulabilmektedir. - Fizik tedavi ve rahabilitasyon tedavisi - Eklem içi enjeksiyonlar(Diz içi iğneler):Hyalüronik asit enjeksiyonları, PRP, kortizonlu enjeksiyonlar gibi seçenekler bulunmaktadır. Ancak bu enjeksiyonlar hastalarda belirli ve kısa süreli bir süre rahatlama sağlar. Erken dönem aşınması olan hastalarda bu iğneler rahatlama sağlamaktadır. Bunun geçici bir tedavi yöntemi olduğu bilinmelidir. Ancak bu rahatsızlığın durumuna göre değişmektedir. Ameliyat gereken hastalarda bu tedavilerle ancak kısa süreli rahatlamalar sağlanabilmektedir. Diz Protezi Malzemesi Nedir? Diz protezleri İki metal alaşım ve bir ara sertleştirilmiş plastik olmak üzere üç ana parçadan oluşmaktadır. oluşmakDiz protezlerinin esas kısmı titanyum veya kobalt-krom-molibden metal alaşımından oluşmaktadır. Her iki kemik yüzeye metal alaşım uygulanmaktadır. İki metal arasına ise güçlendirilmiş plastik olan polietilenden ara parça konmaktadır. Diz Protezinin Bakımı Var mıdır? Diz protezinin araç bakımı gibi bir bakım prosedürü yoktur."
doc_0478,doc_0478_parent_005,doc_0478_parent_005_child_003,Diz protezi nedir? Diz protezi ameliyatı nasıl yapılır?,https://www.memorial.com.tr/tedavi-yontemleri/diz-protezi-nedir,312,3,0,False,"['Diz Protezinin Sabitlenmesinde Farklı yöntemler var mıdır?', 'Protez Gevşediğinde Değiştirilmeli midir?', 'Diz Protezinde Enfeksiyon Belirtileri Nelerdir?']",- Bacakta daha önce rahatlıkla yapılabilen kıvırma hareketlerinin yapılamaması dikkat edilmesi gereken belirtiler arasındadır. Ancak yapılan araştırmalarda ameliyattan sonraki ilk 10 yıllık periyodda hastaların ortalama yüzde 3-10 ’luk bir bölümünde protez gevşemesi yaşandığı görülmüştür. Diz Protezinin Sabitlenmesinde Farklı yöntemler var mıdır? Diz protezin kemiğe sabitlenmesinde iki yol bulunmaktadır. - Kemikle protez arasına çimento denilen yapışkan madde yerleştirilir. Bu madde ısındığı zaman sertleşerek taşlaşır. - Diz protezinin kemiğe sabitlenmesinde ikinci yöntem ise çakmak yoluyla sıkıştırarak yapılır. Çakarak sıkıştırma tekniğiyle yapılan sabitleme yöntemin sonuçları hala çok iyi seviyelere ulaşmadığı görülmektedir. Protez Gevşediğinde Değiştirilmeli midir? Protezin gevşediği durumlarda hastada şikayet oluşturuyorsa değiştirilmesi gerekmektedir. Protez gevşemesi yaşandığı zaman tamir söz konusu değildir. Protezin çıkartılıp yenisinin konulması gerekmektedir. Diz Protezinde Enfeksiyon Belirtileri Nelerdir? Diz protezi ameliyatlarında en sık karşılaşılan sorunlardan birisi de enfeksiyondur. Her cerrahi işlemde olduğu gibi protez cerrahisinde de enfeksiyonlar yaşanabilir. Diz protezi ameliyatı enfeksiyon belirtileri şu şekilde sıralanabilir. Ameliyattan kısa süre sonra ortaya çıkan enfeksiyon belirtileri - Hastada olmayan yeni ağrının yaşanması.
doc_0478,doc_0478_parent_006,doc_0478_parent_006_child_001,Diz protezi nedir? Diz protezi ameliyatı nasıl yapılır?,https://www.memorial.com.tr/tedavi-yontemleri/diz-protezi-nedir,314,3,0,False,"['Diz Protezi Ameliyatı Olanlar MR ve BT Çektirebilir mi?', 'Diz Protezi Yerinden Çıkar mı?', 'Diz Protezi Ameliyatı Sonrası Varis Çorabı Kullanılır mı?']","Onlarda seramik protezler kullanılabilir. Ama metal alerjisi olanlar haricinde protezi vücudun kabul etmemesi gibi bir durum yoktur. Genellikle protez enfeksiyonlarını, yanlış olarak protezi vücudun kabul etmemesi olarak değerlendirildiği görülmektedir. Diz protezi ameliyatlarından sonra bağışıklık sistemi baskılayıcı ilaçlar kullanılmamaktadır. Diz Protezi Ameliyatı Olanlar MR ve BT Çektirebilir mi? Diz protezi ameliyatı olanların Manyetik Rezonans (MR) ve Bilgisayarlı Tomografi (BT) çektirip çektiremeyeceği merak konusudur. Son 20 yılda kullanılan diz protezlerinin hepsi MR ve BT gibi radyolojik görüntülemelerin çekilmesine uyumludur. Diz Protezi Yerinden Çıkar mı? İhtimal çok düşük olmakla birlikte diz protezi yerinden çıkabilmektedir. Özelikle geçirilen kazalarla veya diz üzerine düşme ile olabilir. Çoğu çıkma olarak tarif edilen durum aslında iki metal birbirine sürtünmesin diye araya konulan sıkıştırılmış plastiğin aşınmasıdır. Aradaki plastik materyal aşındığında bu kısmın değiştirilmeside mümkündür. Diz Protezi Ameliyatı Sonrası Varis Çorabı Kullanılır mı? Diz protezi ameliyattan sonra pıhtı sorunu yaşanmaması için ameliyattan 3 hafta sonrasına kadar varis çorabı kullanılır. Bununla birlikte kan sulandırıcı ilaçlarda kullanılmaktadır. 3 hafta sonra varis çorabının ve kan sulandırıcı ilaçların kullanmasına gerek olmayabilir."
doc_0478,doc_0478_parent_006,doc_0478_parent_006_child_002,Diz protezi nedir? Diz protezi ameliyatı nasıl yapılır?,https://www.memorial.com.tr/tedavi-yontemleri/diz-protezi-nedir,311,4,0,False,"['Diz Protezi Dikiş Alınması Acılı mıdır?', 'Diz Protezi Ameliyatı Sonrası Dizde Isı Artışı Olur mu?', 'Diz Protezi Ömrü Ne Kadardır?', 'Diz Protezi Kaç Yaşında Takılır?']","3 hafta sonra varis çorabının ve kan sulandırıcı ilaçların kullanmasına gerek olmayabilir. Diz Protezi Dikiş Alınması Acılı mıdır? Diz protezi ameliyatlarında genellikle eriyen dikişler kullanılmaktadır. Bu yüzden dikiş almaya gerek bulunmamaktadır. Nadir de olsa eriyen dikişin kullanılmadığı durumlarda gerekirse lokal anestezik ilaçlar eşliğinde dikişler alınırken hasta her hangi bir acı hissetmemektedir. Diz Protezi Ameliyatı Sonrası Dizde Isı Artışı Olur mu? Diz protezi ameliyatından sonra dizde ısı artışı yaşanabilir. İlk günlerde çok yürüyen efor sarf eden hastalarda da diz bölgesinde ödem olabilir ama bu hafif ısı artışına neden olabilir. Ancak özellikle enfeksiyon gelişen hastalarda, şişlik ve kızarıklıkla birlikte lokal bölgede ısı artışı görülebilir. Dokunduğunda sıcaklık elle hissedilebilir. Bu ısı artışı enfeksiyon işareti olabilir. Diz Protezi Ömrü Ne Kadardır? Diz protezinden çok diz protezinin içindeki sıkıştırılmış özel plastik materyalin bir ömrü bulunmaktadır. Yeni nesil protezlerin ömrü 25 yıla kadar olabilmektedir. Ama burada hastanın protezi nasıl kullandığı ve kurallara uyup uymadığı önemlidir. Diz protezi ameliyatı olanlar; düzenli egzersiz yaparsa ve kilo kontrolünü sağlarsa protezin ömrü çok daha uzun olabilir. Diz Protezi Kaç Yaşında Takılır? Diz protezi yaş sınırı bulunmamaktadır."
doc_0478,doc_0478_parent_006,doc_0478_parent_006_child_003,Diz protezi nedir? Diz protezi ameliyatı nasıl yapılır?,https://www.memorial.com.tr/tedavi-yontemleri/diz-protezi-nedir,315,3,0,False,"['Diz Protezi Kaç Yaşında Takılır?', 'Diz Protezi Ameliyatı Lokal Anestezi İle Yapılabilir mi?', 'Diz Protezi Sonrası Ödem Yaşanır mı?']","Diz Protezi Kaç Yaşında Takılır? Diz protezi yaş sınırı bulunmamaktadır. Diz protezi ameliyatı olacak hastalar için özellikle bir kilo ya da yaş sınırı yoktur. Eskiden belli bir yaşın üzerindeki insanlara protez takılması gibi bir yaklaşım vardı ancak günümüzde protezi yenilemek daha kolay olduğu için bu yaklaşım tartışmalı duruma gelmiştir. Protez cerrahisi aslında bir konfor tedavisidir. Hastanın şikayetleri muayene bulguları, radyolojik görüntülemeler protezi gerektiriyorsa protez uygulanması gerekebilir. Genç yaştaki hastalarda romatizmal hastalıklardan kaynaklı protez ameliyatı gündeme gelmektedir. Anacak her kıkırdak aşınması yaşayan hastaya da protez uygulanmamaktadır. Protez cerrahisi mümkünse en son çare olmalıdır. Diz protezi aslında birçok tedavi yönteminin uygulanıp başarılı olunmadığı durumlarda son çare olarak gündeme gelmektedir. Diz Protezi Ameliyatı Lokal Anestezi İle Yapılabilir mi? Diz protezi ameliyatı lokal anestezi ile yapılmamaktadır. Genel anestezi ya da epidural-spinal(belde uyuşturma) anestezi ile yapılmaktadır. Diz Protezi Sonrası Ödem Yaşanır mı? Diz protezi ameliyatı olanlarda ameliyat bölgesinde ödem ve şişlik olabilmektedir. Şişlik bütün bacakta değil sadece ameliyat bölgesinde meydana gelir. Günler içinde şişlik ve ödem yavaş yavaş geriler. Ameliyattan sonra 3 hafta içinde şişlik ve ödem geçmektedir."
doc_0478,doc_0478_parent_006,doc_0478_parent_006_child_004,Diz protezi nedir? Diz protezi ameliyatı nasıl yapılır?,https://www.memorial.com.tr/tedavi-yontemleri/diz-protezi-nedir,315,3,0,False,"['Diz Protezi Kırılır mı?', 'Diz Protezi Takıldıktan Sonra Hasta Ne Gibi Sorunlar Yaşayabilir?', 'Diz Protezi Yerine Kök Hücre Tedavisi Uygulanabilir mi?']",Ameliyattan sonra 3 hafta içinde şişlik ve ödem geçmektedir. Diz Protezi Kırılır mı? Diz protezi metal alaşım olduğu için kırılması çok zordur. Ancak travma halinde kemiği tuttuğu yerdeki kemik kırılabilir. Zayıf halka protez değil kemiktir. Diz protezini oluşturan metal alaşımın arasındaki baskılanmış plastik kısım kırılmaz ama zamanla aşınabilir. Diz Protezi Takıldıktan Sonra Hasta Ne Gibi Sorunlar Yaşayabilir? Diz protezi ameliyatı olanlarda beklene sorunlar şunlardır - Geçmeyen ağrı. Bu ağrılar enfeksiyon veya gevşemenin habercisi olabilir - Hareket zorluğu - Şişlik - Kızarıklık Bu belirtiler sorunların göstergelidir. Hastaların büyük bir çoğunluğunda bu sorunların hiçbiri görülmemektedir. Diz Protezi Yerine Kök Hücre Tedavisi Uygulanabilir mi? Diz protezi ameliyatı ile kök hücre tedavisi birbirinin alternatifi değildir. Genel anlamda dünyada kabul gören uygulama 60 yaş sonrası hastalara kök hücre tedavisi uygulanmamaktadır. Yeterli sayıda ve kalitede kök hücre elde edilmesi bu yaş grubunda oldukça zordur. Diz protezi gereken hastalarda eklemin birçok bölümü bozuktur. Kök hücre uygulaması daha çok dizin sadece bir kısmında kıkırdak hasarı varsa diğer kısımlar sağlamsa tercih edilmektedir. Kök hücrenin tedavi mantığı ile diz protezinin tedavi mantığı aynı değildir.
doc_0479,doc_0479_parent_005,doc_0479_parent_005_child_004,"Boyun Fıtığı Nedir? Boyun Fıtığı Belirtileri, Nedenleri ve Tedavisi",https://www.memorial.com.tr/hastaliklar/boyun-fitigi-belirtileri-ve-tedavi-yontemleri-nedir,291,4,0,False,"['Boyun fıtığı olduğunu gösteren semptomlar nelerdir?', 'Boyun fıtığı ağrısı nereye vurur?', 'Boyun fıtığı baş ağrısı yapar mı?', 'Boyun fıtığına hangi bölüm bakar?']","Boyun fıtığı olduğunu gösteren semptomlar nelerdir? Boyun fıtığında fıtığın konumu ve büyüklüğüne göre belirtiler ve şiddeti değişiklik gösterebilir. Boyun fıtığının yaygın belirtileri, boyun ağrısı başta olmak üzere omuz, kol ve sırt bölgesinde ağrı, boynu hareket ettirmede zorlanma, kol, el ve parmaklarda uyuşma, öksürme ve hapşırmada kol ve bacaklara doğru yayılan ağrı, yürüme bozukluğuna eşlik eden denge kaybı ve baş dönmesidir. Boyun fıtığı ağrısı nereye vurur? Boyun fıtığında ağrı boyun, baş, sırt ve kollara yayılır. Göğüs bölgesinde de hissedilebilen ağrıya neden olan boyun fıtığı genellikle boyunde tutukluk, kollarda uyuşma ve karıncalanmaya neden olur. Göz önünde hareler uçuşması, bulanık görme, kulakta çınlama ve baş dönmesi ile birlikte dengede bozukluk boyun fıtığının belirtileridir. Boyun fıtığı baş ağrısı yapar mı? Boyun fıtığı olan kişiler, enseden başlayarak göz çevresi ve şakaklara yayılan baş ağrısı yaşayabilirler. Boyun fıtığına hangi bölüm bakar? Boyun fıtığından şikayetçiyseniz fizik tedavi bölümü veya daha şiddetli durumlar için beyin ve sinir cerrahisi bölümünden randevu alabilirsiniz."
doc_0479,doc_0479_parent_005,doc_0479_parent_005_child_005,"Boyun Fıtığı Nedir? Boyun Fıtığı Belirtileri, Nedenleri ve Tedavisi",https://www.memorial.com.tr/hastaliklar/boyun-fitigi-belirtileri-ve-tedavi-yontemleri-nedir,242,5,0,False,"['Boyun fıtığına hangi bölüm bakar?', 'Boyun fıtığı geçer mi?', 'Boyun fıtığı olan biri nasıl yatmalı?', 'Boyun fıtığı baş döndürür mü?', 'Boyun fıtığı nasıl anlaşılır?']","Boyun fıtığına hangi bölüm bakar? Boyun fıtığından şikayetçiyseniz fizik tedavi bölümü veya daha şiddetli durumlar için beyin ve sinir cerrahisi bölümünden randevu alabilirsiniz. Boyun fıtığı geçer mi? Boyun fıtığı; evde uygulanabilecek yöntemlerle genellikle geçer ancak boyun fıtığının etkilendiği bölgelerde özellikle uyuşma veya güç kaybı varsa vakit kaybetmeden doktora başvurmak gerekir. Boyun fıtığı olan biri nasıl yatmalı? Boyun fıtığı olan kişinin en ideal şekilde yatış pozisyonu, sırtüstü ya da yan yatış olmalıdır. Sırtüstü yattığınızda yastığın boyun eğriliğinizi desteklemesine dikkat etmeniz gerekir. Boyun fıtığı baş döndürür mü? Baş ağrısına sebep olan boyun fıtığı, baş dönmesi de yaratabilir. Bunların yanında denge kaybı ve mide bulantısı da eşlik edebilir. Boyun fıtığı nasıl anlaşılır? Boyunda fıtık oluşması durumunda ortaya çıkan boyun fıtığının en yaygın belirtileri, boyun ağrısı, ellerde ve parmaklarda uyuşma ve karıncalanma ve reflekslerde zayıflamadır."
doc_0479,doc_0479_parent_006,doc_0479_parent_006_child_001,"Boyun Fıtığı Nedir? Boyun Fıtığı Belirtileri, Nedenleri ve Tedavisi",https://www.memorial.com.tr/hastaliklar/boyun-fitigi-belirtileri-ve-tedavi-yontemleri-nedir,305,5,1,False,"['İlerlemiş boyun fıtığı belirtileri nelerdir?', 'yun ağrısı - Kolda karıncalanma, uyuşma ve güçsüzlük - Yürüme güçlüğü - Koordinasyon bozukluğu - Mesane ve bağırsak kontrolünün azalması Boyun fıtığı patlaması belirtileri nelerdir?', 'Boyun fıtığı felce neden olur mu?', 'Genç yaşta boyun fıtığı olur mu?', 'Boyun fıtığı tansiyonu yükseltir mi?']","İlerlemiş boyun fıtığı belirtileri nelerdir? İlerlemiş boyun fıtığı, kolda karıncalanma, uyuşma ve güçsüzlük, yürüme ve koordinasyon bozukluğu, mesane veya bağırsak kontrolünün azalması gibi belirtilere neden olur. - Şiddetli boyun ağrısı - Kolda karıncalanma, uyuşma ve güçsüzlük - Yürüme güçlüğü - Koordinasyon bozukluğu - Mesane ve bağırsak kontrolünün azalması Boyun fıtığı patlaması belirtileri nelerdir? Boyun fıtığı patlaması yaşandığında olan bölgede uyuşma, karıncalanma gibi belirtiler ortaya çıkar. Fıtığın yaşandığı bölgeden omuzlara, kollara ve ellere doğru da bu belirtiler yaşanabilir. Boyun fıtığı felce neden olur mu? Çok ilerlemiş olan fıtıklaşmış bir disk felce neden olabilir. Genç yaşta boyun fıtığı olur mu? Hareketsizlik, boynun aşırı zorlanması, yoğun egzersiz, sigara tüketimi ve rahatsız edici yastıklar kullanmak genç yaşta boyun fıtığına yol açabilir. Özellikle günümüzde genç yaşta boyun fıtığı vakalarının arttığı görülür. Boyun fıtığı tansiyonu yükseltir mi? Patolojik boyun fıtığı vakaları olan dejeneratif disklerde sempatik sinir liflerinin uyarılması sempatik uyarıma neden olabilir. Bu da kan basıncının artmasına ve tansiyonun yükselmesine yol açabilir."
doc_0481,doc_0481_parent_001,doc_0481_parent_001_child_001,Şark Çıbanı (Leishmaniasis) Nedir? Belirtileri ve Tedavisi,https://www.memorial.com.tr/saglik-rehberi/sark-cibani-leishmaniasis,319,3,3,False,"['Şark Çıbanı (Leishmaniasis) Nedir?', 'Şark Çıbanı Belirtileri Nelerdir?', ') Tanı ve Tedavileri - Şark Çıbanı İzi ve Evreleri - Şark Çıbanının (leishmaniasis) Önlenmesi Önerileri - Şark Çıbanı Hakkında Sık Sorulan Sorular Şark Çıbanı (Leishmaniasis) Nedir?']","Şark çıbanı, Leishmania parazitinin neden olduğu ve genellikle sıcak iklimlerde görülen ciltte yaralar oluşturan bir hastalıktır. Taşıyıcı sineklerin ısırması ile bulaşır ve tedavi edilmezse ciddi sağlık sorunlarına yol açabilir. Belirtileri arasında ciltte ülserler, ateş ve kilo kaybı yer alır. Erken teşhis ve tedavi, hastalığın yayılmasını önleyebilir. - Şark Çıbanı (Leishmaniasis) Nedir? - Şark Çıbanı Belirtileri Nelerdir? - Şark Çıbanı (Leishmaniasis) Tanı ve Tedavileri - Şark Çıbanı İzi ve Evreleri - Şark Çıbanının (leishmaniasis) Önlenmesi Önerileri - Şark Çıbanı Hakkında Sık Sorulan Sorular Şark Çıbanı (Leishmaniasis) Nedir? Şark çıbanı, tek hücreli Leishmania adlı parazitin neden olduğu bir deri enfeksiyonudur. Leishmania parazitini taşıyan kum sineklerinin ısırması ile oluşan şark çıbanı, ciltte şişliklere neden olur. Bu hastalık tipik olarak tropikal ve subtropikal bölgelerde bulunur ve ısıran tatarcıklardan kaynaklanır. Leishmania paraziti insanları ve diğer hayvanları enfekte edebilir. Doğu bölgesindeki çıban belirtileri tipik olarak kum sineğinin ısırığının olduğu yerde başlar ve bu bölgede kızarıklık, şişlik ve açık yaralar görülür."
doc_0483,doc_0483_parent_001,doc_0483_parent_001_child_001,Yataktan Kalkamıyorsanız ve Gün İçinde Dikkatiniz Dağılıyorsa Dikkat,https://www.memorial.com.tr/saglik-rehberi/yataktan-kalkamiyorsaniz-ve-gun-icinde-dikkatiniz-dagiliyorsa-dikkat,311,2,2,False,"['Neden horladığınızı biliyor musunuz?', 'Horlamayla birlikte nefesiniz de kesilebilir - Bu belirtilere dikkat edin - Tedavi uyku apnesinin derecesine göre değişiyor Neden horladığınızı biliyor musunuz?']","Sabahları yorgun kalkmak, baş ağrısı, sürekli uyku hali, gün içinde konsantrasyon bozukluğu gibi şikayetler horlama ya da uyku apnesi nedeniyle yaşanabiliyor. Kilo vermek, uyku pozisyonunun değiştirilmesi, alkol ve sigaranın bırakılması gibi önlemlerle horlama önlenebiliyor. Ancak yaşanan sorun basit bir horlama değil de nefes kesilmesiyle kendini belli eden uyku apnesi ise, uykuda solunum yollarının açık kalmasını sağlayan ağıziçi aygıtlar, pozitif basınç veren solunum cihazları ya da cerrahi tedaviler uygulanabiliyor. Memorial Ataşehir Hastanesi Göğüs Hastalıkları Bölümü’nden Uz. Dr. Yelda Turgut Çelen, horlama ve uyku apnesi hakkında bilgi verdi. - Neden horladığınızı biliyor musunuz? - Horlamayla birlikte nefesiniz de kesilebilir - Bu belirtilere dikkat edin - Tedavi uyku apnesinin derecesine göre değişiyor Neden horladığınızı biliyor musunuz? Horlama , üst solunum yollarında yaşanan hava yolu darlığında yumuşak damağın hava geçerken titremesi sonucu oluşmaktadır. Horlama bir hastalık değil altta yatan farklı hastalıkların işareti olabilmektedir. Horlamanın birçok nedeni olabilir: - Aşırı kilo horlamaya neden olabilmektedir. - Soluk borusunu, üst solunum yolunu tıkayan, daraltan geçişi azaltan herhangi bir anatomik darlık veya hastalık horlamaya neden olabilir. - Çenede veya üst damakta yaşanan şekil bozuklukları horlamaya zemin hazırlayabilir."
doc_0484,doc_0484_parent_003,doc_0484_parent_003_child_002,Sarımsağın Faydaları Nelerdir? Sarımsak Neye İyi Gelir?,https://www.memorial.com.tr/saglik-rehberi/sarimsak-neye-iyi-gelir-sarimsagin-faydalari-nelerdir,277,3,0,False,"['Sarımsak kokusu için ne yapılmalı?', 'Bir başka iyi saklama seçeneği de sarımsağı kavanoz içerisinde yağda bekletmektir Günlük sarımsak tüketimi ne kadar olmalı?', 'Taze sarımsak mı yoksa kurumuş sarımsak mı daha etkili?']","Sarımsak kokusu için ne yapılmalı? Pek çok insanın kokusu hoş olmayan sarımsağı tükettikten sonra ağız kokusundan rahatsız olmaktadır. Çoğu zaman süt, zencefil, limon suyu ve nane şekeri en azından bir süreliğine sarımsak kokusunu bastırmaktadır. Sarımsak kış aylarında kilerde ya da kapalı balkonlarda, yazın ise buzdolabının sebze bölmesinde serin ve kuru bir ortamda tutulmalıdır. Bir yumru açıldıktan sonra kurumaması için 10 gün içinde tüketilmelidir. Çünkü temel olarak, ne kadar taze ve sulu olursa o kadar iyidir. Bir başka iyi saklama seçeneği de sarımsağı kavanoz içerisinde yağda bekletmektir Günlük sarımsak tüketimi ne kadar olmalı? Hem besin değerleri hem de içeriği açısında günlük sarımsak tüketimi belli bir miktarda olmalıdır. Ek bir hastalığınız varsa kesinlikle bir uzman hekimden görüş alınmalıdır. Sağlıklı bir birey günde 2 diş çiğ sarımsak yenilebilir. Taze sarımsak mı yoksa kurumuş sarımsak mı daha etkili? Taze sarımsağın aktif bileşenleri her zaman diyet takviyelerinde tercih edilmektedir. Sarımsaktaki ana aktif bileşen olan allicin, hızla az ya da kompleks kükürt bileşiklerine dönüşen kararsız bir bileşiktir."
doc_0486,doc_0486_parent_002,doc_0486_parent_002_child_002,NIPT Testi Nedir? NIPT Testi Nasıl Yapılır?,https://www.memorial.com.tr/tani-ve-testler/nipt-testi-nedir-nipt-testi-nasil-yapilir,265,3,0,False,"['NIPT Testi ile ilgili Sık Sorulan Sorular NIPT testi kaç günde çıkar?', 'NIPT testi ne zaman yapılır?', 'NIPT testinde cinsiyet nerede yazar?']","NIPT Testi ile ilgili Sık Sorulan Sorular NIPT testi kaç günde çıkar? Bu analizin sonucu ortalama olarak 7 ile 10 gün arasında çıkabilir. Analiz süreci uygulanan analiz kitlerine ve hastanenin laboratuvar koşullarına bağlı değişkenlik gösterebilir. Analiz için gerekli koşullar sağlanamazsa tekrarlanması doktor tarafından talep edilebilir. NIPT testi ne zaman yapılır? Analizi yapacak kişinin önceki hamileliklerinde kromozom bozukluğuna dayalı süreci varsa uygulanabilir. Ayrıca anne adayının ilk hamileliği 35 yaş üzeri ve düşük riski söz konusu ise tercih edilebilir. Aynı zamanda tüp bebek tedavisi almış anne adayının riskli bir durumu varsa analiz talep edilebilir. Ultrason kontrollerinde bebeğe ait kromozomlarda sayısal bir farklılık görülüyorsa ve yapılan tarama sonuçlarını destekleme adına da uygulanabilir. NIPT testinde cinsiyet nerede yazar? NIPT testi 10. haftada yapılabildiği için erken cinsiyet tayini için de bir alternatiftir. Genetik taramada fetüste X ve Y cinsiyet kromozomlarına bakılarak bebeğin cinsiyeti belirlenebilir. Y kromozomu tespit edilirse erkek, sadece X kromozom görülürse kız olduğu ifade edilebilir. Hem genişletilmiş hem de standart analizinde rahatlıkla eşey kromozomlara bakılabilir."
doc_0489,doc_0489_parent_007,doc_0489_parent_007_child_003,"Tüp Bebek Nedir? Tüp Bebek Tedavisi Nasıl Yapılır, Fiyatları Nedir?",https://www.memorial.com.tr/tedavi-yontemleri/tup-bebek-ivf-nedir-tup-bebek-tedavisi-nasil-olur,311,3,0,False,"['Tüp Bebek (IVF) Tedavisi ile İlgili Sık Sorulan Sorular İnfertilite (kısırlık) nedir?', 'Tüp bebek tedavisi kısaca nasıl anlatılır?', 'Tüp bebek nasıl olur?']","Tüp Bebek Tedavi Fiyatları Tüp bebek fiyatı, tedavi öncesinde yumurta toplama ve embriyo transferi işlemleri yanı sıra tedavi sürecinde yapılan tetkikler, işlemler ve uygulanacak yöntemler nedeniyle değişkenlik gösterecektir. Dolayısı ile tüp bebek fiyatı öğrenebilmek için tüp bebek merkezi ile görüşmeli, tedavi sürecinde ihtiyaç duyulanların neler olduğunun saptanması sağlanmalıdır. Bu formu kullanarak tüp bebek hizmeti ile ilgili bilgi alabilirsiniz. Tüp Bebek (IVF) Tedavisi ile İlgili Sık Sorulan Sorular İnfertilite (kısırlık) nedir? En az 1 yıl herhangi bir korunma yöntemi uygulanmaksızın düzenli cinsel ilişkiye rağmen gebelik elde edilmemesi infertilite yani kısırlık olarak adlandırılmaktadır. Ayrıca yine bu tanım içine bir gebeliğin sonuna kadar gidemediği çiftler de girmektedir. Tüp bebek tedavisi kısaca nasıl anlatılır? Tüp bebek tedavisi sırasında, olgun yumurtalar anne adayının yumurtalıklarından toplanır ve laboratuvarda sperm tarafından döllenir. Daha sonra embriyo adı verilen döllenmiş yumurtalardan bir veya daha fazlasının, bebeklerin geliştiği rahime yerleştirilmesi için bir işlem yapılır. Tüm bu sürece tüp bebek tedavisi adı verilir. Tüp bebek nasıl olur? Tüp bebek tedavisinde, anne adayından alınan verimli yumurtalar ile babadan alınan sperm laboratuvar ortamında döllenir. Döllenmiş yumurtalar yani embriyolar, transfer yöntemiyle anne rahmine yerleştirilir."
doc_0489,doc_0489_parent_008,doc_0489_parent_008_child_002,"Tüp Bebek Nedir? Tüp Bebek Tedavisi Nasıl Yapılır, Fiyatları Nedir?",https://www.memorial.com.tr/tedavi-yontemleri/tup-bebek-ivf-nedir-tup-bebek-tedavisi-nasil-olur,285,3,0,False,"['Klasik tüp bebek ve mikroenjeksiyon tedavisi farkları nelerdir?', 'Kadınların doğurganlığını etkileyen faktörler nelerdir?', 'Tüp bebek tedavisi sonucunda kadınların yumurta rezervi tükenir mi?']","Yine tüp bebek tedavisi sırasında ilaçların etkisiyle rahim içinde belirgin hale gelen poliplerin histeroskopi ile çıkarıldıktan sonra embriyo transferinin gerçekleştirilmesi tüp bebek tedavi başarısını olumlu yönde etkileyecektir. Klasik tüp bebek ve mikroenjeksiyon tedavisi farkları nelerdir? Laboratuvar ortamında sperm hücresi ile yumurta hücresinin bir araya getirilerek döllenmenin gerçekleşmesi işlemine “tüp bebek yöntemi” adı verilmektedir. Mikroenjeksiyon tekniği uygulanırken, baba adayından alınan tek bir sperm hücresi, anne adayından elde edilen yumurta hücresi içerisine mikroskop altında ince bir iğneyle yerleştirilir ve böylece döllenme oluşması sağlanır. Bu nedenle özellikle erkek kaynaklı infertilitede mikroenjeksiyon yöntemi ile döllenme ve gebelik elde etme şansı artmaktadır. Kadınların doğurganlığını etkileyen faktörler nelerdir? Genetik, evlenme ve anne olma yaşının büyümesi, adetlerin düzenli olup olmadığı, cinsel yolla bulaşan hastalıklar, aşırı kilo ve insülin direnci varlığı, sigara-alkol-aşırı kafein tüketimi ve stres doğurganlığı etkileyen faktörler olarak sayılabilir. Tüp bebek tedavisi sonucunda kadınların yumurta rezervi tükenir mi? Hayır, bir kız çocuğu anne karnından belirli bir yumurta rezervi ile doğar."
doc_0489,doc_0489_parent_008,doc_0489_parent_008_child_003,"Tüp Bebek Nedir? Tüp Bebek Tedavisi Nasıl Yapılır, Fiyatları Nedir?",https://www.memorial.com.tr/tedavi-yontemleri/tup-bebek-ivf-nedir-tup-bebek-tedavisi-nasil-olur,291,3,0,False,"['Tüp bebek tedavisi sonucunda kadınların yumurta rezervi tükenir mi?', 'Tüp bebek tedavisi olan kadınlar erken yaşta menopoza girer mi?', 'Gelişen her yumurta döllenir mi?']","Tüp bebek tedavisi sonucunda kadınların yumurta rezervi tükenir mi? Hayır, bir kız çocuğu anne karnından belirli bir yumurta rezervi ile doğar. Ergenlik dönemine kadar bu rezervin bir bölümü kaybedilir, daha sonra buluğ çağından itibaren her ay yumurtalıklar adet başlamadan önceki hafta içinde bir sonraki dönemde büyüyecek yumurtaları seçer ve yola çıkarır. Bunlardan sadece 1 veya 2 tanesi gelişip çatlayarak gebelik oluşumu için uygun zemini hazırlar. Gebelik oluşmaz ise bir sonraki dönemde tekrar aynı döngü başlar. Tüp bebek tedavisinde elde edilen yumurtalar o ay için hazırlanan yumurtalardır, bir sonraki ay tekrar yumurta rezervinden yeni yumurtalar gelişecektir. Tüp bebek tedavisi olan kadınlar erken yaşta menopoza girer mi? Hayır, kadınlar belirli bir yumurta rezervi ile doğar. Tüp bebek tedavisi olan kadınlarda o ay yumurtalıkta bulunan yumurtalar geliştirilerek alınır. Kadın tüp bebek tedavisi olsun veya olmasın genetik olarak belirlenen zamanda menopoza girecektir. Gelişen her yumurta döllenir mi? Hayır, yumurta gelişimi için ilaçlar başlandığında yumurtaları hepsi aynı gelişim hızını göstermez. Ayrıca yumurta toplama ve mikroenjeksiyon sonrasında da döllenme ve bölünme gelişimleri de birbirinin aynı gitmez. Hatta kimisi hiçbir gelişme göstermeyebilir ya da gelişimin herhangi bir aşamasında durabilir."
doc_0489,doc_0489_parent_009,doc_0489_parent_009_child_001,"Tüp Bebek Nedir? Tüp Bebek Tedavisi Nasıl Yapılır, Fiyatları Nedir?",https://www.memorial.com.tr/tedavi-yontemleri/tup-bebek-ivf-nedir-tup-bebek-tedavisi-nasil-olur,299,3,0,False,"['Miyomların varlığı yumurta rezervini azaltır mı?', 'Kullanılan hormon ilaçları kanser riskini artırır mı?', 'Kullanılan hormon ilaçları kilo yapar mı?']","Daha ileri inceleme ise Histeroskopi denilen ve rahim içine optik bir aletle girerek inceleme yapılmasını sağlayan küçük bir operasyondur. Miyomların varlığı yumurta rezervini azaltır mı? Hayır, miyom varlığı yumurta rezervini azaltmaz. Yumurtalıklar ile miyomun bulunduğu yer birbirinden ayrıdır. Miyomlar rahimde bulunur, eğer gebelik isteniyorsa ve miyom var ise uzman bir hekim muayenesi sonrası miyomun gebeliğe engel olup olmayabileceği konusunda hasta bilgilendirilebilir, gerekirse cerrahi müdahale dahil tedavi seçenekleri gündeme getirilir. Kullanılan hormon ilaçları kanser riskini artırır mı? Hayır, tüp bebek tedavisinde kullanılan ilaçların kanser riskini arttırdığına dair bir kanıt yoktur. Bu konuda birçok araştırma yapılmıştır ve bu ilaçlarla yumurtalık, rahim ve meme kanseri arasında direkt bir ilişki gösterilmemiştir. Kullanılan hormon ilaçları kilo yapar mı? Tüp bebek tedavisinde kullanılan ilaçlar vücutta ödem, iştah açılması nedeni ile bir miktar kilo alınmasına neden olabilmektedir. Bu ilaçlar vücutta normal hormonal etkiler oluşturabilecek düzeyde oldukları için, kilo alma ile ilgili yan etkileri görülebilir. Bu ilaçlar, daha sonra verilemeyecek seviyede bir kilo alımına sebep olmamaktadır. Bir de bu dönemin hastaya yüklediği psikolojik durum nedeni ile depresyon benzeri davranışlar ve sonucunda yeme içme alışkanlıklarında değişiklikler ve kilo değişimleri görülebilir."
doc_0489,doc_0489_parent_009,doc_0489_parent_009_child_002,"Tüp Bebek Nedir? Tüp Bebek Tedavisi Nasıl Yapılır, Fiyatları Nedir?",https://www.memorial.com.tr/tedavi-yontemleri/tup-bebek-ivf-nedir-tup-bebek-tedavisi-nasil-olur,289,3,0,False,"['Kullanılan hormon ilaçlarının yan etkisi var mıdır?', 'Tüp bebek tedavisi süresinde saç boyatılabilir mi?', 'İşe ne zaman dönebilirim?']","Bir de bu dönemin hastaya yüklediği psikolojik durum nedeni ile depresyon benzeri davranışlar ve sonucunda yeme içme alışkanlıklarında değişiklikler ve kilo değişimleri görülebilir. Kullanılan hormon ilaçlarının yan etkisi var mıdır? İğnelerin vuruldukları bölgelerde kadınlarda hassasiyet durumuna bağlı olarak; kaşıntı, hafif ağrı, yanma ve tahriş, ayrıca enjeksiyon yerinde çürük benzeri morluk gibi şikayetler olabilir. Tüp bebek tedavisi sırasında göğüslerde hassasiyet, sıcak basması, aşırı duygusallık gibi durumlar ve kasık ağrısı- şişkinlik, kabızlık, sık idrara çıkma da gözlemlenmektedir. Tüp bebek tedavisi süresinde saç boyatılabilir mi? Saç boyaları tehlikeli derecede zehirli değildir, bu nedenle tüp bebek tedavisi sırasında ve hamile iken saçınıza boya uygulanabilir. Boyama işlemi sırasında az miktarda saç boyası cildinize girebilir. Bu küçük bir miktardır, bu nedenle kimyasalın bebeğinizin gelişmekte olan vücudu üzerinde herhangi bir zararlı etkisi yoktur. Gebelikte sadece organik bazlı, amonyak içermeyen saç boyaları tercih edilmelidir. İşe ne zaman dönebilirim? Tüp bebek tedavisi sonrası istirahat önerilmemektedir. Embriyo transferi yapıldıktan sonra ertesi gün işe dönebilirsiniz. İstirahate etmek gebelik oranını artırmamaktadır."
doc_0489,doc_0489_parent_009,doc_0489_parent_009_child_003,"Tüp Bebek Nedir? Tüp Bebek Tedavisi Nasıl Yapılır, Fiyatları Nedir?",https://www.memorial.com.tr/tedavi-yontemleri/tup-bebek-ivf-nedir-tup-bebek-tedavisi-nasil-olur,303,4,0,False,"['Embriyo transferi sonrası ve tedavi sırasında araba ve uçak yolculuğu yapılmasının sakıncası var mıdır?', 'Bir denemede en fazla kaç embriyo transferi yapılabilir?', 'Artan embriyolara ne oluyor?', 'Çiftlerde sorun olmadığı ve gebelik elde edilemediği durumlarda nasıl bir yol izlenir?']","İstirahate etmek gebelik oranını artırmamaktadır. Embriyo transferi sonrası ve tedavi sırasında araba ve uçak yolculuğu yapılmasının sakıncası var mıdır? Hayır, tedaviniz sonrası araç ve uçak yolculuğu yapmanızın bir sakıncası yoktur. Bir denemede en fazla kaç embriyo transferi yapılabilir? Hastalara transfer edilecek embriyo sayıları Sağlık Bakanlığı tarafından çoğul gebelikleri önlemek amaçlı kısıtlanmaktadır. 35 yaş üzeri kadınlarda maksimum 2, 35 yaşın altında 1 transfer yapılması gerekmektedir. 35 yaş altında ilk 2 kez başarısız deneme sonrası da 2 transfere izin verilmektedir. Artan embriyolara ne oluyor? Artan embriyolar çiftlerin onamları alınarak dondurulabilmektedir. Tüp bebek tedavisi sonrası olası negatif sonuç alındığında veya daha sonrasında 2.çocuk istemi olursa dondurulmuş embriyolar çözülerek kullanılabilmektedir. Donmuş embriyoların transferi ile ilk yapılan transfer arasında gebelik oranlarında bir fark yoktur. Çiftlerde sorun olmadığı ve gebelik elde edilemediği durumlarda nasıl bir yol izlenir? Açıklanamayan infertilitede çiftlere ait belirgin bir sebep olmamasına rağmen gebelik oluşmamaktadır. Tüp bebek tedavisinde en yüksek oranda gebelik elde edilen hasta grubudur. Bazen sorunun ne olduğu tedavi sırasında ortaya çıkmaktadır. Kalitesiz yumurta, döllenme problemleri ancak yumurtalar toplanıp mikroenjeksiyon işlemi sırasında ve sonrasında ortaya çıkabilmektedir."
doc_0489,doc_0489_parent_009,doc_0489_parent_009_child_004,"Tüp Bebek Nedir? Tüp Bebek Tedavisi Nasıl Yapılır, Fiyatları Nedir?",https://www.memorial.com.tr/tedavi-yontemleri/tup-bebek-ivf-nedir-tup-bebek-tedavisi-nasil-olur,301,4,0,False,"['Tüp bebek tedavisi uzun sürer mi?', 'Tüp bebek ile gebe kaldıktan sonra düşük riski normal gebeliğe göre daha fazla mıdır?', 'Embriyo transfer sonrası istirahat edilmeli mi?', 'Tüp bebek tedavisi ile cinsiyet seçimi yapılır mı?']","Kalitesiz yumurta, döllenme problemleri ancak yumurtalar toplanıp mikroenjeksiyon işlemi sırasında ve sonrasında ortaya çıkabilmektedir. Tüp bebek tedavisi uzun sürer mi? Adetin 2.veya 3.günü başlanan tedavi yaklaşık 16 - 17 gün sonra bitmektedir. Embriyo transferi sonrası 10-12 gün beklenerek kanda gebelik testi bakılır. Tüp bebek ile gebe kaldıktan sonra düşük riski normal gebeliğe göre daha fazla mıdır? Tüp bebek yöntemi ile gerçekleşen gebelikler artık normal yolla oluşan gebelikler gibi takip edilmektedir. Sadece çoğul gebelik olmuşsa bu durum bir risk olarak düşünülebilir. Bunun dışında genel bir bilgi olarak infertil çiftlerde, toplumun diğer bireyleri ile karşılaştırıldığında genetik anomali görülme riski daha yüksektir. Bu nedenle bu çiftlerin elde edecekleri gebeliklerde genetik problem ve tabii ki düşük riski hangi yolla elde edilmiş olursa olsun göreceli olarak daha yüksek olacaktır. Embriyo transfer sonrası istirahat edilmeli mi? Embriyo transferi sonrası yoğun bir istirahat önerilmez. İstirahat etmenin gebelik oranını artırdığına dair bir kanıt bulunmamaktadır. Embriyo transferi sonrası 20 dakika istirahat edilerek normal günlük işlere dönülebilir. Cinsel ilişki ve yüksek efor gerektiren işlerin yapılmasında kısıtlama getirilmesi uygun olacaktır. Tüp bebek tedavisi ile cinsiyet seçimi yapılır mı? Evet, normalde tüp bebek tedavisi sonrası yapılan genetik inceleme ile cinsiyet seçimi yapılabilir."
doc_0489,doc_0489_parent_010,doc_0489_parent_010_child_002,"Tüp Bebek Nedir? Tüp Bebek Tedavisi Nasıl Yapılır, Fiyatları Nedir?",https://www.memorial.com.tr/tedavi-yontemleri/tup-bebek-ivf-nedir-tup-bebek-tedavisi-nasil-olur,308,3,0,False,"['Gebelik kayıpları ve kürtaj sonraki tüp bebek denemelerinde gebelik şansımı azaltır mı?', 'Tüp bebek tedavisi öncesi istenen testler için belirli bir gün var mıdır?', 'Tüp bebek tedavisinde seçilen protokole göre tedavi süresi değişir mi?']","Ayrıca yine tüp bebek tedavisi öncesi diğer metabolik problemlerin (tiroid, insülin direnci, diyabet…) önceden halledilerek tedaviye başlanması hem başarı şansını, hem de sağlıklı gebelik şansını olumlu yönde etkileyebilir. Gebelik kayıpları ve kürtaj sonraki tüp bebek denemelerinde gebelik şansımı azaltır mı? Gebeliğin kürtaj ile sonlandırılması eğer işlem sırasında ya da sonrasında bir komplikasyon olmadı ise (parça kalması, enfeksiyon, yapışıklık gibi) tekrar gebe kalabilme açısından problem yaratmaz; ancak özellikle erken gebelik kayıplarında bazen yeni bir deneme öncesi çiftin genetik açıdan normal olup olmadığının da araştırılması gerekebilir. Çiftten genetik test istediğinde sonucun 2-3 haftada alınabileceği göz önünde tutulmalıdır. Tüp bebek tedavisi öncesi istenen testler için belirli bir gün var mıdır? Bazı hormon testleri(FSH, LH, östrojen, progesteron gibi) adetin belli günlerinde ( 2.- 3. veya 21.gün) yapılması gerekir. Diğerlerinde ise gün kısıtlaması yoktur. Sadece bazıları için açlık gerekebilir. Tüp bebek tedavisinde seçilen protokole göre tedavi süresi değişir mi? Tüp bebek tedavisinde ilk adım kadını hazırlamaktır. Kadının hazırlığı iki şekilde olabilir; ilki adetin 21. Günü başlayarak yaklaşık 3-3.5 haftada yumurta toplama işlemi yapılan uzun (long) protokol ya da direkt adetin 2-3. günü başlayarak yaklaşık 10-12 günde yumurta toplama işlemi yapılan kısa (antagonist) protokol."
doc_0489,doc_0489_parent_010,doc_0489_parent_010_child_004,"Tüp Bebek Nedir? Tüp Bebek Tedavisi Nasıl Yapılır, Fiyatları Nedir?",https://www.memorial.com.tr/tedavi-yontemleri/tup-bebek-ivf-nedir-tup-bebek-tedavisi-nasil-olur,269,4,0,False,"['Ne yapmalıyım?', 'Ne yapmalıyım?', 'Dondurulmuş embriyo transferi ile taze transfer arasında gebelik oranları açısından bir fark var mı?', 'Erkeklerde morfoloji bozukluğu olması durumunda tedavi planı nasıl yapılmalıdır?']","Adetlerim sancılı ve çocuk sahibi olmak istiyorum. Ne yapmalıyım? Adetlerim sancılı ve çocuk sahibi olmak istiyorum. Ne yapmalıyım? Adet ağrısı özellikle kadınlarda endometriozis adı verilen bir hastalıkla birlikte görülmektedir. Adetleriniz ağrılı ve sancılı ise ve çocuk isteği var ise vakit kaybetmeden bir uzmana görünerek yumurta rezervi açısından ve endometriozis problemi olup olmadığını kontrol ettirmenizi öneririz. Dondurulmuş embriyo transferi ile taze transfer arasında gebelik oranları açısından bir fark var mı? Dondurulmuş embriyo transferi ile taze transfer arasında gebelik oranı açısından bir fark yoktur. Hatta bazı durumlarda dondurma-çözme ile embriyo transferi gebelik elde etme oranlarını olumlu etkileyebilir. Erkeklerde morfoloji bozukluğu olması durumunda tedavi planı nasıl yapılmalıdır? Tüp bebek uygulamalarında belirli bir sayı ve hareketlilikteki spermlerin verimli olarak kullanılabildiği “in vitro fertilizasyon-IVF”, yani seçilmiş hareketli spermlerin yumurta hücreleri ile ayni ortama konduğu ve doğal döllenme sürecine bırakılması tekniğinin kullanıldığı vakalarda yapılan çalışmalar, spermin dölleme başarısı ile sperm şekil bozukluklarının şiddeti arasında bir ilişki olduğunu göstermiştir."
doc_0489,doc_0489_parent_011,doc_0489_parent_011_child_003,"Tüp Bebek Nedir? Tüp Bebek Tedavisi Nasıl Yapılır, Fiyatları Nedir?",https://www.memorial.com.tr/tedavi-yontemleri/tup-bebek-ivf-nedir-tup-bebek-tedavisi-nasil-olur,317,4,0,False,"['İleri yaş tüp bebek tedavisinde yumurta kalitesini artırmak için uygulanan bir yöntem var mı?', 'Embriyo transferi tarihine göre gebelik haftası nasıl hesaplanır?', 'Yumurta toplama ve embriyo transferi sonrası denize ve havuza girebilir miyim?', 'Adet görmeyen kadınlar gebe kalabilir mi?']","Ancak burada ana karar verici hekim olacaktır. İleri yaş tüp bebek tedavisinde yumurta kalitesini artırmak için uygulanan bir yöntem var mı? İleri yaş kadınlarda yumurta rezervi ve kalitenin de azalmasıyla döllenme ve gebelik şansı azalmaktadır. Yumurta kalitesini arttırmak için piyasada satılan bazı vitamin-antioksidan preparatları bulunmakla beraber bunların kaliteyi arttırdığına dair net bir veri bulunmamaktadır. Embriyo transferi tarihine göre gebelik haftası nasıl hesaplanır? Embriyo transferi tarihinden 14 gün geriye gidilir ve son adet tarihi embriyo transferinden 14 gün öncesi olarak belirlenir. Ya da ultrasonografi cihazındaki son adet bölümüne embriyo transfer tarihi yazılır. Sonrasında çıkan gebelik haftasında 2 hafta eklenerek gebelik haftası hesaplanır. Yumurta toplama ve embriyo transferi sonrası denize ve havuza girebilir miyim? Sauna, hamam gibi aşırı sıcak ve nemli mekanlardan uzak durmak, havuza ve denize girmemek, genel olarak önerilir. Adet görmeyen kadınlar gebe kalabilir mi? Menopoz bir süreçtir. Bazen ani ruhsal travmalar, aşırı stres, diyet, fiziksel egzersiz gibi durumlarda adet kesilmeleri görülebilir, bu gibi olaylar menopoz anlamına gelmemektedir. Genellikle 40 yaşından sonra düzensiz adet kanamaları, zaman zaman ateş basması, ruhsal gerginlik gibi bulgular menopoz öncesi dönemini haber verir. Sonra bulgular artarak devam eder."
doc_0489,doc_0489_parent_012,doc_0489_parent_012_child_001,"Tüp Bebek Nedir? Tüp Bebek Tedavisi Nasıl Yapılır, Fiyatları Nedir?",https://www.memorial.com.tr/tedavi-yontemleri/tup-bebek-ivf-nedir-tup-bebek-tedavisi-nasil-olur,278,3,0,False,"['Cerrahi müdahaleler çocuk sahibi olmaya engel midir?', 'Üreme sağlığını nasıl koruyabilirim?', 'Bekarım, yumurtalarımı ve anne olma şansımı saklayabilir miyim?']","Özellikle genç erkek ve kadınlarda kanser teşhisi konulduktan sonra alınacak kemoterapi ve/veya radyoterapi öncesi üreme hücrelerinin saklanması sonraki dönemde anne/baba olmak için alınması gereken birincil önlemdir. Cerrahi müdahaleler çocuk sahibi olmaya engel midir? Üreme sağlığını nasıl koruyabilirim? Kadın ve erkeklerde yapılacak kanser vs. nedeni ile cerrahi müdahaleler öncesinde üreme sağlığını korumak amaçlı yumurta/sperm hücresi dondurmak daha sonraki dönemde anna baba olma şansını saklamamızı sağlar. Ancak kadının cerrahi olarak rahimini de kaybetmesi durumunda sadece ülkemizde halen yasalar ile yasaklanmış olan taşıyıcı annelik yolu ile ancak o kadın kendi çocuğunun sahibi olabilir. Bekarım, yumurtalarımı ve anne olma şansımı saklayabilir miyim? Bekar kadınların yumurtalarını dondurmasına Türkiye’de yasal olarak ÜYTE yönetmelik gereği konulan kurallar çerçevesinde izin verilmiştir. Öncelikli olarak kadının yumurta rezerv kontrolü için mutlaka bir uzmana muayene olması ve AMH (Anti Müllerien Hormon) bakılarak bu 2 veri ile beraber yumurta dondurma işlemi yapılıp yapılmayacağına karar vermek gerekir. Yasal olarak düşük over rezervi olan, ailede erken menopoz hikayesi olan ve daha önce çocuk sahibi olmamış kadınlar yumurtalarını dondurabilirler."
doc_0489,doc_0489_parent_012,doc_0489_parent_012_child_002,"Tüp Bebek Nedir? Tüp Bebek Tedavisi Nasıl Yapılır, Fiyatları Nedir?",https://www.memorial.com.tr/tedavi-yontemleri/tup-bebek-ivf-nedir-tup-bebek-tedavisi-nasil-olur,296,4,0,False,"['Tüp bebek ile ilgili bir merkeze görüşmeye giderken yanınızda neler getirmelisiniz?', 'Rahimde polip, septum (perde), sineşi (yapışıklık) olması gebe kalmaya engel midir?', 'Tüp bebek tedavisinde gebelik oranını azaltır mı?', 'Laparoskopi nedir, ne zaman önerilir?']","Yasal olarak düşük over rezervi olan, ailede erken menopoz hikayesi olan ve daha önce çocuk sahibi olmamış kadınlar yumurtalarını dondurabilirler. Tüp bebek ile ilgili bir merkeze görüşmeye giderken yanınızda neler getirmelisiniz? Tüp bebek ünitelerine ön görüşme için giderken daha önce yapılmış olan tüm tetkik ve takiplerinizi yanınızda götürmeniz hekim değerlendirmesi ve eksik kalan tetkikleri istemeleri açısından oldukça önemlidir. Özellikle var ise rahim filmi, semen analizi, yapılmış hormon testleri var ise bunlar mutlaka gideceğiniz hekim tarafından görülerek değerlendirilmelidir. Rahimde polip, septum (perde), sineşi (yapışıklık) olması gebe kalmaya engel midir? Tüp bebek tedavisinde gebelik oranını azaltır mı? Rahim içinde görülen septum, polip veya yapışıklıklar bulundukları yere göre değerlendirilir. Her polip, her septum benzeri oluşum gebeliğe engel değildir. Rahim içinde göründükleri yer ve büyüklüklerine göre gerekirse yapılacak histereskopi operasyonu ile ilgili doktorunuz size ayrıntılı bilgi verecektir. Laparoskopi nedir, ne zaman önerilir? Laparoskopi, karın içinin gözlenebildiği endoskopik bir ameliyattır. Tüplerle ilgili sıkıntı olan hastalarımızda tüplerdeki hasarı ve problemi ortaya koymada altın standart denilen en iyi yöntemdir. Genellikle adet bitimi sonrası bir hafta içinde ve genel anestezi altında yapılır."
doc_0489,doc_0489_parent_012,doc_0489_parent_012_child_003,"Tüp Bebek Nedir? Tüp Bebek Tedavisi Nasıl Yapılır, Fiyatları Nedir?",https://www.memorial.com.tr/tedavi-yontemleri/tup-bebek-ivf-nedir-tup-bebek-tedavisi-nasil-olur,283,4,0,False,"['Aşılama nedir?', 'Başarı oranı nasıldır?', 'Aşılama tedavisi kimlere önerilir?', 'Aşılama kaç kez denenebilir?']","Genellikle adet bitimi sonrası bir hafta içinde ve genel anestezi altında yapılır. Tüplerle ilgili ciddi problemler varsa, örneğin hidrosalpenks denen ve tüp ya da tüplerin uç kısımdan tıkanıp, içinin sıvı ile dolduğu durumlarda laparoskopi ameliyatı önerilmektedir. Öte yandan laparoskopi yine yumurtalık kistleri, miyom ya da dış gebelik gibi problemlerde de yapılabilir. Aşılama nedir? Başarı oranı nasıldır? Aşılama ya da diğer ismi ile inseminasyon önce ilaçlar(hap ya da iğne) verilerek kadında 1-2 yumurta (folikül) büyümesi sağlanıp, sonrasında da bu yumurtaların çatlamasından hemen önce erkeğin spermlerinin alınıp hazırlanıp, bir kateter ile rahim içine verilmesi esasına dayanır. İnseminasyonun gebelik şansı cinsel ilişki ile yaklaşık aynı olup %15-20 civarındadır. Aşılama tedavisi kimlere önerilir? Aşılama kaç kez denenebilir? İnseminasyonun bir hastaya yapılabilmesi için kadının her iki tüpünün de açık olması, rahimin normal olması ve yıkama işlemi sonrasında erkeğin meni örneğinde en az 5 milyon hareketli sperm olması gerekmektedir. Yani çok düşük sperm sayıları ya da tıkalı tüpler ile inseminasyon yapılamaz."
doc_0489,doc_0489_parent_012,doc_0489_parent_012_child_004,"Tüp Bebek Nedir? Tüp Bebek Tedavisi Nasıl Yapılır, Fiyatları Nedir?",https://www.memorial.com.tr/tedavi-yontemleri/tup-bebek-ivf-nedir-tup-bebek-tedavisi-nasil-olur,320,3,0,False,"['Dış gebelik sonrası tedaviye ne kadar ara verilmelidir?', 'Tüp bebek tedavisi planlanırken kullanılacak ilaç dozu neye göre belirlenmektedir?', 'Tedavi olurken hangi günler izin kullanmalıyım?']","Yani çok düşük sperm sayıları ya da tıkalı tüpler ile inseminasyon yapılamaz. Yöntemlerin denenme sayıları çiftlerin bireysel özelliklerine göre karar verilir (Örneğin yaş, ekonomik durum vs.) Ancak genelde başarı değerlendirmesi için 2 veya 3 kez denemenin yeterli olduğu düşünülebilir. Dış gebelik sonrası tedaviye ne kadar ara verilmelidir? Eğer dış gebelik oluşmuşsa ilk 2 ayda teşhis ve tedavi edildiğini düşünerek, 3 adet sonra gebelik tekrar denenebilir. Dış gebelik sonrası operasyon planlanırsa (laparoskopi) 2 adet sonra yeni tedaviye başlanabilir. Tüp bebek tedavisi planlanırken kullanılacak ilaç dozu neye göre belirlenmektedir? Tedavi olurken hangi günler izin kullanmalıyım? Tüp bebek tedavisinde günümüzde hasta dostu tedaviler söz konusudur. Yani düşük dozlu ve kadının kendi kendine uygulayabileceği, uzun vadeli düşünüldüğünde kadının ya da bebeğinin sağlığına bir zararı olmayan tedaviler uygulanmaktadır. Tedavi sürecinde çalışıyorsa kadının işinden sürekli izin alması gerekmeyecektir. Sadece yumurta toplama ve embriyo transferi günlerinde birer gün izin kullanması gerekir. Ayrıca transfer sonrası da hastanın ilaçlarını düzenli kullanması dışında yapması gereken bir şey olmadığından izin alması gerekmez. Ancak hasta bazen psikolojik olarak kadın özellikle embriyo transferi sonrası dinlenirse şansının daha yüksek olabileceğini düşünebilir. Böyle bir istek karşısında hastanın konforu ve psikolojisi gözetilerek saygı duyulmaktadır."
doc_0495,doc_0495_parent_001,doc_0495_parent_001_child_001,Gömülü Diş Nedir? Tedavisi Nasıl Yapılır?,https://www.memorial.com.tr/saglik-rehberi/gomulu-dis-nedir,298,3,1,False,"['Gömülü diş nedir?', 'Gömülü diş belirtileri nelerdir?', 'Gömülü diş neden olur?']","Çıkma zamanı gelmesine rağmen çene kemiğinin içinde kalan gömülü dişler, diş ve çene kemiğinde şiddetli ağrıya neden olabiliyor. Komşu dişlerin çürümesine de zemin hazırlayan gömülü dişlerin tedavisinde ortodontik yaklaşımlar ön plana çıkıyor. Ortodontik tedavinin mümkün olmadığı durumlarda gömülü diş ameliyat ile çekilebiliyor. Memorial Ataşehir Hastanesi Ağız ve Diş Sağlığı Bölümü’nden Dr. Dt. Ezel Yıldız Elmas, gömülü diş ve gömülü diş tedavisi hakkında bilgi verdi. Gömülü diş nedir? Sürme zamanı geldiği halde yani çıkma zamanı gelmesine rağmen çene kemiği içinde kalıp normal konumunu alamayan dişlere gömülü diş denir. Hastalarda farklılık gösterse de, sıklıkla alt yirmi yaş dişi, üst yirmi yaş dişi ve köpek diş olarak bilinen kanin dişi en çok gömülü kalan dişlerdir. Bununla birlikte diğer dişlerin de gömük kaldığı durumlar yaşanabilmektedir. Gömülü diş belirtileri nelerdir? Gömülü diş belirtileri genel olarak şu şekilde sıralanabilir; - Diş ve diş etinde ağrı - Diş etinde kızarıklık - Gömülü dişin bulunduğu alanda şişlik - Çene ve kulağa vuran ağrı - Lenf bezlerinde şişlik gömülü diş belirtilerindendir. Gömülü diş neden olur? Dişlerin gömülü kalmasını etkileyen birçok faktör vardır."
doc_0495,doc_0495_parent_001,doc_0495_parent_001_child_002,Gömülü Diş Nedir? Tedavisi Nasıl Yapılır?,https://www.memorial.com.tr/saglik-rehberi/gomulu-dis-nedir,319,3,0,False,"['Gömülü diş neden olur?', 'Gömülü diş tedavisi nedir?', 'Gömülü Diş Hakkında Sık Sorulan Sorular Gömülü diş kendiliğinden çıkar mı?']","Gömülü diş neden olur? Dişlerin gömülü kalmasını etkileyen birçok faktör vardır. Gömülü diş nedenleri şu şekilde sıralanabilir; - Genetik faktörlerden dolayı dişler gömülü kalabilmektedir. - Çene darlığından dolayı ağızda yer olmaması gömülü diş nedenleri arasındadır. - Sürme zamanı gelen yani çıkması gereken dişlerin üzerinde yer alan süt dişlerinin tedavi edilmeyen çürüklerinden dolayı altlarında oluşan enfeksiyonun yani iltihap dişin gömülü kalmasına zemin hazırlayabilmektedir. Gömülü diş tedavisi nedir? Hastaların en çok merek ettiği konuların başında gömülü diş çekimi gelmektedir. Gömülü dişler hastanın estetiği ve fonksiyonunu etkileyecek bir bölgede ise mutlaka ortodontik açıdan değerlendirilmeli ve mümkünse ortodontik tedaviyle yerine getirilmelidir. Bu sayede gömülü dişin eksikliğinden kaynaklanan estetik ve fonksiyonel problem ortadan kalkarken, gömülü dişin yaratabileceği olası zararlar da giderilmiş olur. Gömülü diş ortodontik olarak hareket ettirilemeyecek konum ve durumdaysa, alternatif tedaviler düşünülebilir. Bu tedaviler, dişin cerrahi yöntemle çekilmesi yani gömülü dişin çekilmesi ve belirli aralıklarla takip edilmek şartıyla yerinde bırakılması olabilir. Gömülü Diş Hakkında Sık Sorulan Sorular Gömülü diş kendiliğinden çıkar mı? Gömülü dişin kendiliğinden çıkması dişin kemik içindeki konumuna bağlıdır. Bazen kemik içindeki konumuna bağlı olarak gömülü dişler kendiliğinden çıkabilmektedir."
doc_0495,doc_0495_parent_001,doc_0495_parent_001_child_003,Gömülü Diş Nedir? Tedavisi Nasıl Yapılır?,https://www.memorial.com.tr/saglik-rehberi/gomulu-dis-nedir,304,4,0,False,"['Gömülü diş zararları nelerdir?', 'Üst damakta gömülü diş olur mu?', 'Gömülü köpek dişlerinin tedavisi nasıldır?', 'Gömülü diş nasıl çekilir?']","Bazen kemik içindeki konumuna bağlı olarak gömülü dişler kendiliğinden çıkabilmektedir. Gömülü diş zararları nelerdir? Gömülü dişler yandaki dişlere baskı yaparak çene kemiğinde ağrıya sebep olabilir. Bununla birlikte gömülü dişin bulunduğu konumuna bağlı olarak komşu dişlerde çürüklere sebep olabilirler. Üst damakta gömülü diş olur mu? Kaninler yani köpek dişleri bazen gömülü olarak kalabilirler. Bu durumda dişler, diş etinin altında, çene kemiğinin içinde bulunur. Gömülü kalan köpek dişleri ağız boşluğuna ulaşamazlar. Üst çenede gömülü olarak bulunan köpek dişleri (kaninler), çoğunlukla damakta konumlanmıştır ve süt kaninler sıklıkla ağızda bulunurlar. Gömülü köpek dişlerinin tedavisi nasıldır? Gömülü köpek dişlerinin tedavisi için çeşitli seçenekler bulunmaktadır. Gömülü köpek dişi ortodontik hareketler ile sürdürülebilir ya da cerrahi olarak çekilebilir. Gömülü köpek dişinin konumu, hastanın ortodontik tedavi görmek isteyip istememesi, gömülü dişin sürdürülebilmesi için yer olup olmadığı tedavi seyrini belirler. Gömülü diş nasıl çekilir? Hastaların en merak ettiğin soruların başında gömülü diş çekimi gelmektedir. Gömülü dişin bulunduğu bölge lokal anestezi ile uyuşturulur. Ardından dişin üzerindeki kemik dokusu kaldırılıp diş çekilir."
doc_0495,doc_0495_parent_001,doc_0495_parent_001_child_004,Gömülü Diş Nedir? Tedavisi Nasıl Yapılır?,https://www.memorial.com.tr/saglik-rehberi/gomulu-dis-nedir,206,3,0,False,"['Gömülü diş ameliyatı sonrası dikişler ne zaman geçer?', 'Gömülü diş çekilmezse ne olur?', 'Gömülü diş çekimi sonrası nelere dikkat edilmelidir?']","Ardından dişin üzerindeki kemik dokusu kaldırılıp diş çekilir. Gömülü diş ameliyatı sonrası dikişler ne zaman geçer? Gömülü diş çekimden 7-10 gün sonra dikişler alınır. Gömülü dişi çekilen hastanın yaşı, sistemik hastalıkları ve ağız hijyenine bağlı olarak bu süre değişebilir. Gömülü diş çekilmezse ne olur? Gömülü yirmi yaş dişlerinin çekilmemesi durumunda ikinci büyük azı dişlerinde çürük, diş köklerinde erime ve apse oluşumu söz konusu olabilir. İhmal edilen durumlarda çene kemiği içinde kistler oluşarak daimi dişlerin kaybına ve çene kemiğinde kemik erimesine neden olabilirler. Gömülü diş çekimi sonrası nelere dikkat edilmelidir? Gömülü diş çekiminden sonra dikkat edilmesi gerekenler genel olarak şu şekilde sıralanabilir; - Gömülü diş çekimden sonra doktor tarafından çekim yerine konulan steril tampon yarım saat ağızda tutulmalıdır."
doc_0495,doc_0495_parent_002,doc_0495_parent_002_child_001,Gömülü Diş Nedir? Tedavisi Nasıl Yapılır?,https://www.memorial.com.tr/saglik-rehberi/gomulu-dis-nedir,202,3,1,False,"['Gömülü diş ameliyatı ne kadar sürer?', 'Yirmilik gömülü diş çekimi zor mu?', 'Gömülü diş çekimi sonrası ağrı ne kadar sürer?']","- Hasta 24 saat boyunca basınçlı bir şekilde ağzını çalkalayıp tükürmemelidir. - Çok soğuk - sıcak yiyecek ve içecek tüketiminden kaçınılmalıdır. - Gömülü diş çekiminden sonra ılık ve yumuşak yiyecekler tüketilmelidir. - Gömülü diş çekiminden sonra 24 saat boyunca sigara içilmemelidir. - Ağız hijyenine önem verilmelidir. - Doktor tarafından reçete edilen ilaçlar bulunuyorsa düzenli olarak kullanılmalıdır. Gömülü diş ameliyatı ne kadar sürer? Yirmilik gömülü diş çekimi zor mu? Gömülü diş çekim süresi ve zorluğu dişin çene kemiği içindeki konumuna göre değişkenlik göstermektedir. Gömülü diş çekimi sonrası ağrı ne kadar sürer? Gömülü dişler alındıktan sonra operasyon sırasında çevre kemik dokulara baskı oluşturulduğundan dolayı şişlik, ağrı ve morarma olabilir. Doktorun önerilerine uyulduğu takdirde en kısa zamanda ağrı geçecektir."
doc_0497,doc_0497_parent_001,doc_0497_parent_001_child_001,17 aylık bebek gelişimi nasıl olur?,https://www.memorial.com.tr/saglik-rehberi/17-aylik-bebek-gelisimi-nasil-olur,309,5,3,False,"['Bu yaş grubu için uygun oyuncaklar nelerdir?', '17 aylık bebeğin güvenliği için nelere dikkat edilmelidir?', '17 aylık bebekler için kitap seçimi nasıl yapılmalıdır?', '17 aylık bebeklere hangi aşılar uygulanır?', '17 aylık bebeğin boyu, kilosu ve baş çevresi ne kadar olmalıdır?']","17 aylık olan bebeğiniz artık daha dengeli bir şekilde yürümeye başlayabiliyor. Gel, git, götür gibi kelimelerin anlamlarını kavrıyor ve istenilenleri yapmaya başlıyor. Dil gelişimi hızlanıyor ve basit cümleler kurabiliyor. El ve parmak becerileri gelişiyor. Kendi çatalını, kaşığını kullanıp daha çok çocuk yiyecekleri olarak bilinen makarna, köfte gibi yiyecekler ilgisini çekebiliyor. Nesneleri ağzına götürme isteği devam ettiği için küçük boyutlu nesnelerden bebeğinizi uzak tutmanız gerekebiliyor. Memorial Bahçelievler Hastanesi Çocuk Sağlığı ve Hastalıkları ile Çocuk Nefrolojisi Bölümü’nden Prof. Dr. Mahmut Çivilibal ve Çocuk Gelişimi Bölümü’nden Beyza Yalkılıç 17 aylık bebeğin gelişimi ile ilgili bilgi verdi. Bu yaş grubu için uygun oyuncaklar nelerdir? - 17 aylık bebeğin güvenliği için nelere dikkat edilmelidir? - 17 aylık bebekler için kitap seçimi nasıl yapılmalıdır? - 17 aylık bebeklere hangi aşılar uygulanır? 17 aylık bebeğin boyu, kilosu ve baş çevresi ne kadar olmalıdır? Bebeklerin boy, kilo ve baş çevreleri değerlendirilirken, her bebek kendi ülkesinin standart büyüme tabloları ve grafikleri ile değerlendirilmektedir. Türk çocuklarının tablolarına göre; 17 aylık kız bebeklerin ortalama kilosu (50.persentil şeklinde tanımlanır) 10,5 kilogram, boyu ise 80 santimetre (cm), erkek bebeklerin ise ortalama kilosu 11,2 kilogram, boyu 82 cm civarındadır."
doc_0497,doc_0497_parent_001,doc_0497_parent_001_child_004,17 aylık bebek gelişimi nasıl olur?,https://www.memorial.com.tr/saglik-rehberi/17-aylik-bebek-gelisimi-nasil-olur,310,3,0,False,"['17 aylık bebek saat kaçta uyumalı?', '17 aylık bebeğin uyku düzeni ve gece beslenmesi nasıl olmalıdır?', '17 aylık bebeğin beslenmesi nasıl olmalıdır?']","17 aylık bebek saat kaçta uyumalı? Bebekler gündüz uyku durumlarına ve mevsimlere göre uyuma saatleri değişebilmekle birlikte ortalama saat 19.00 civarı gece uykusu başlangıcı olarak düşünülebilmektedir. 17 aylık bebeğin uyku düzeni ve gece beslenmesi nasıl olmalıdır? Bebeğinizin günlük 13-14 saat uyuması gelişimi için önemlidir. Çocuklar bu ayda geceleri 11 saat, gündüzleri ise 2-3 saat uyumalıdır. 17 aylık bebeğin gece beslenmesi de çok sorulan sorular arasındadır. Bebeklerin gece beslenmesi genelde 12. aydan sonra azalmaktadır. Anne sütüne devam edildiği durumlarda bile 12. aydan sonra gece emmezler. Bu da geceleri uykularının bölünmemesine ve rahatça uyumalarına neden olmaktadır. 17 aylık bebek gündüz dengeli ve düzenli beslendiği takdirde geceleri uyanıp acıkmamaktadır. 17 aylık bebeğin beslenmesi nasıl olmalıdır? 1 yaşından itibaren artık bebeğiniz hemen hemen her gıdayı yemeye başlayabilir. Ancak bebeğin hareketliliğinin arttığı 17.ayda sofrada oturma ve düzenli yemek yeme ile ilgili huysuzluk yaşanabilir. Yürümeye başlayan ve hareketliliği artan çocuk yemeğe ilgisini kaybedebilir. Yemek seçmeye başlayabilir. Büyüme hızı önceki aylara oranla daha az olduğu için iştahı dalgalanabilir. 1 yaşına kadar hızla boyu uzayan ve kilo alan çocuğun gelişimi 1 yaşından sonra yavaşlar. Bu da bebeğin yemek seçmesine ve doymayı öğrenmesine neden olur."
doc_0497,doc_0497_parent_002,doc_0497_parent_002_child_001,17 aylık bebek gelişimi nasıl olur?,https://www.memorial.com.tr/saglik-rehberi/17-aylik-bebek-gelisimi-nasil-olur,294,3,0,False,"['17 aylık bebek günde ne kadar su içmeli?', '17 aylık bebeğin konuşma ve dil gelişimi nasıldır?', '“17 aylık bebek neler söyler?']","Süt ve süt ürünleri (yoğurt, kefir), sebzeler (karnabahar, pırasa, taze fasulye, ıspanak), yumurta, bal ve çeşitli meyvelerle bebeğin öğünlerini vitamin açısından zenginleştirilebilir. Ayrıca hala emziren anneler, iki yaşına kadar emzirmeye devam edebilir. 17 aylık bebek günde ne kadar su içmeli? Günlük olarak içilmesi önerilen su miktarı mevsimlere, terleme ve fiziksel aktiviteye göre değişkenlik gösterir. 1-3 yaş arası çocuklar için önerilen günlük su ortalama 600-1000 ml arasıdır. Kabaca 17 aylık bir bebeğin de mümkünse 800 ml içmesi uygun olacaktır. Erkek çocukların gereksinimi kız çocuklarına göre biraz daha fazla olmaktadır. 17 aylık bebeğin konuşma ve dil gelişimi nasıldır? “17 aylık bebek neler söyler?” sorusu ebeveynler tarafından internette sıkça aratılmaktadır. Bebeğiniz bu ayda daha konuşkan ve beceriklidir. Konuşması çoğunlukla anne ve baba için anlamlı bir cümle ifade eder. Çünkü çocuğun konuşma becerisi iki kelimelik cümlelerden ve verebildiği tepkilerden oluşmaktadır. Günlük yaşamında karşılaştığı ve alıştığı nesnelerin isimlerini öğrenip telaffuz edebilir. Git, gel, yap gibi kısa kelimelerle isteklerini anlatabilir. Bu dönemde öğrenmesi çok hızlı olduğu için birçok cisme kendince isim takmaya başlamaktadır."
doc_0497,doc_0497_parent_002,doc_0497_parent_002_child_002,17 aylık bebek gelişimi nasıl olur?,https://www.memorial.com.tr/saglik-rehberi/17-aylik-bebek-gelisimi-nasil-olur,320,3,0,False,"['17 aylık bebek kaç kelime söylemeli?', '17 aylık bebekler hangi oyunları oynayabilir?', 'Bu yaş grubu için uygun oyuncaklar nelerdir?']","Bu dönemde öğrenmesi çok hızlı olduğu için birçok cisme kendince isim takmaya başlamaktadır. 17 aylık bebek kaç kelime söylemeli? Bu dönemde bebeklerin dil gelişimleri değerlendirilirken alıcı dil ve ifade edici dil olarak iki başlık altında incelenmektedir. Alıcı dil becerisi dediğimiz kısımda bebeklerin ebeveynleri tarafından verilen yönergeleri yerine getirmelerini beklemekteyiz. İfade edici dil olarak ise nesneleri adlandırmaları, ortalama 5-20 kelime bilmeleri, özgül olarak anne-baba kelimelerini kullanmaları ve 2-3 vücut kısmını bilmelerini beklemekteyiz. İsteklerini sözcüklerle ifade etmesi beklenir. Her hafta sözcük dağarcığı genişler. 17 aylık bebekler hangi oyunları oynayabilir? Bu yaş grubu için uygun oyuncaklar nelerdir? Bebeğiniz 17. ayda bazı oyuncaklara bağlılık kurmaya başlamaktadır. En sevdiği oyuncağı ile oynamak bebeğinizle keyifli anlar geçirmenizi sağlayacaktır. Oyunu bebeğinizin dünyasına açılan pencere olarak adlandırabiliriz. Oyun ile birlikte dış dünyadan gözlemlediklerini prova ederler. Aynı zamanda da oyun bebeklerimizin öğrenme ortamıdır. Oyun sırasında ilgilendiği nesnelerle ile ilgili kısa, net açıklamalarda bulunmak nesneleri anlamlandırma kısmında yardımcı olacaktır. Oyuncağı ile konuşmak veya oyuncağı konuşturmak, bebeğinizin konuşma gelişimine katkı sağlayabilir. Farklı nesneleri tanıtıp oyun kurmasını öğretebilirsiniz. Hayvan figürlerini tanıtma veya renkli toplardan renkleri tahmin etme gibi oyunlar kurulabilir."
